magic_addr,duel_addr,score,second_best_score,evidence
0x00443b63,0x004b4efc,1.0000,0.1916,twin; mutual; seq=1.00 ngram=1.00; size=1636/1636; calls=25/25; graph=1.00; api=1.00; str=1.00; const=1.00
0x004f5d1a,0x00472b60,1.0000,0.2671,twin; mutual; seq=1.00 ngram=1.00; size=421/421; calls=16/16; graph=1.00; api=1.00; const=1.00
0x00425ee3,0x0044e141,1.0000,0.2793,twin; mutual; seq=1.00 ngram=1.00; size=1004/1004; calls=33/33; graph=1.00; api=1.00; const=1.00
0x004b35b4,0x00444a85,1.0000,0.2831,twin; mutual; seq=1.00 ngram=1.00; size=451/451; calls=27/27; graph=1.00; api=1.00; const=1.00
0x0070d000,0x006c5000,1.0000,0.2872,twin; mutual; seq=1.00 ngram=1.00; size=396/396; calls=2/2; graph=1.00; const=1.00
0x0044724d,0x0046d140,1.0000,0.2894,twin; mutual; seq=1.00 ngram=1.00; size=840/840; calls=0/0; graph=1.00; const=1.00
0x0070d300,0x006c5300,1.0000,0.2919,twin; mutual; seq=1.00 ngram=1.00; size=146/146; calls=6/6; graph=1.00; api=1.00; const=1.00
0x00409b2c,0x0043753a,1.0000,0.2940,twin; mutual; seq=1.00 ngram=1.00; size=327/327; calls=11/11; graph=1.00; api=1.00; const=1.00
0x0046f300,0x00487a10,1.0000,0.2997,twin; mutual; seq=1.00 ngram=1.00; size=721/721; calls=0/0; graph=1.00; const=1.00
0x004b1416,0x004428d2,1.0000,0.3084,twin; mutual; seq=1.00 ngram=1.00; size=452/452; calls=1/1; graph=1.00; api=1.00; const=1.00
0x00495cde,0x00437fb8,1.0000,0.3086,twin; mutual; seq=1.00 ngram=1.00; size=526/526; calls=10/10; graph=1.00; api=1.00; const=1.00
0x0040a33c,0x0049aa4b,1.0000,0.3088,twin; mutual; seq=1.00 ngram=1.00; size=51/51; calls=0/0
0x004acc20,0x0043e0e0,1.0000,0.3098,twin; mutual; seq=1.00 ngram=1.00; size=538/538; calls=15/15; graph=1.00; api=1.00; str=1.00; const=1.00
0x004f5048,0x00471e86,1.0000,0.3124,twin; mutual; seq=1.00 ngram=1.00; size=191/191; calls=9/9; graph=1.00; api=1.00; str=1.00; const=1.00
0x004b53a1,0x00446869,1.0000,0.3125,twin; mutual; seq=1.00 ngram=1.00; size=37/37; calls=0/0
0x004f3955,0x004707a4,1.0000,0.3138,twin; mutual; seq=1.00 ngram=1.00; size=79/79; calls=5/5; graph=1.00; api=1.00; const=1.00
0x0070d392,0x006c5392,1.0000,0.3157,twin; mutual; seq=1.00 ngram=1.00; size=242/242; calls=1/1; graph=1.00; const=1.00
0x00513c50,0x004de220,1.0000,0.3158,twin; mutual; seq=1.00 ngram=1.00; size=31/31; calls=0/0; graph=1.00; const=1.00
0x004b22bd,0x00443784,1.0000,0.3168,twin; mutual; seq=1.00 ngram=1.00; size=698/698; calls=1/1; graph=1.00; api=1.00; const=1.00
0x004f48f1,0x0047173d,1.0000,0.3194,twin; mutual; seq=1.00 ngram=1.00; size=417/417; calls=9/9; graph=1.00; api=1.00; const=1.00
0x004a6eb8,0x00468cb8,1.0000,0.3251,twin; mutual; seq=1.00 ngram=1.00; size=104/104; calls=0/0; const=1.00
0x004f39a4,0x004707f3,1.0000,0.3287,twin; mutual; seq=1.00 ngram=1.00; size=387/387; calls=10/10; graph=1.00; api=1.00; const=1.00
0x004af640,0x00440af9,1.0000,0.3329,twin; mutual; seq=1.00 ngram=1.00; size=293/293; calls=9/9; graph=1.00; api=1.00; const=1.00
0x004efb3b,0x004b29b6,1.0000,0.3345,twin; mutual; seq=1.00 ngram=1.00; size=259/259; calls=8/8; api=1.00; const=1.00
0x004cd6e3,0x00452153,1.0000,0.3351,twin; mutual; seq=1.00 ngram=1.00; size=50/50; calls=1/1; graph=1.00; api=1.00; const=1.00
0x004b58d9,0x00446da2,1.0000,0.3368,twin; mutual; seq=1.00 ngram=1.00; size=64/64; calls=1/1; graph=1.00; api=1.00; const=1.00
0x00473d7e,0x0048c420,1.0000,0.3382,twin; mutual; seq=1.00 ngram=1.00; size=26/26; calls=0/0; graph=1.00
0x0044b26c,0x0043c2dd,1.0000,0.3385,twin; mutual; seq=1.00 ngram=1.00; size=496/496; calls=14/14; graph=1.00; api=1.00; const=1.00
0x004488a0,0x0046e793,1.0000,0.3400,twin; mutual; seq=1.00 ngram=1.00; size=191/191; calls=4/4; graph=1.00; str=1.00; const=1.00
0x0050065d,0x00481890,1.0000,0.3424,twin; mutual; seq=1.00 ngram=1.00; size=1022/1022; calls=41/41; graph=1.00; api=1.00; str=1.00; const=1.00
0x004a75bd,0x004693bd,1.0000,0.3442,twin; mutual; seq=1.00 ngram=1.00; size=147/147; calls=3/3; graph=1.00; const=1.00
0x0046b3e6,0x00485c20,1.0000,0.3492,twin; mutual; seq=1.00 ngram=1.00; size=54/54; calls=0/0; graph=1.00; const=1.00
0x0049c6cb,0x0042043e,1.0000,0.3505,twin; mutual; seq=1.00 ngram=1.00; size=252/252; calls=6/6; graph=1.00; api=1.00; const=1.00
0x0042475a,0x004348b2,1.0000,0.3506,twin; mutual; seq=1.00 ngram=1.00; size=340/340; calls=3/3; graph=1.00; const=1.00
0x004eee4e,0x004b1cc1,1.0000,0.3510,twin; mutual; seq=1.00 ngram=1.00; size=529/529; calls=16/16; graph=1.00; api=1.00; const=1.00
0x0049dcd5,0x00421a54,1.0000,0.3511,twin; mutual; seq=1.00 ngram=1.00; size=213/213; calls=3/3; graph=1.00; api=1.00; const=1.00
0x004bd3e9,0x0042df08,1.0000,0.3538,twin; mutual; seq=1.00 ngram=1.00; size=112/112; calls=2/2; graph=1.00; const=1.00
0x004a2b7e,0x00426901,1.0000,0.3547,twin; mutual; seq=1.00 ngram=1.00; size=592/592; calls=0/0; graph=1.00; const=1.00
0x004f5cbc,0x00472b02,1.0000,0.3568,twin; mutual; seq=1.00 ngram=1.00; size=94/94; calls=0/0; graph=1.00; const=1.00
0x0041db67,0x004af950,1.0000,0.3577,twin; mutual; seq=1.00 ngram=1.00; size=972/972; calls=2/2; graph=1.00; const=1.00
0x004f589e,0x004726e4,1.0000,0.3594,twin; mutual; seq=1.00 ngram=1.00; size=72/72; calls=2/2; graph=1.00; api=1.00; str=1.00; const=1.00
0x00456552,0x0047dd22,1.0000,0.3622,twin; mutual; seq=1.00 ngram=1.00; size=133/133; calls=3/3; graph=1.00; const=1.00
0x00475c8a,0x0048e32b,1.0000,0.3632,twin; mutual; seq=1.00 ngram=1.00; size=218/218; calls=2/2; graph=1.00; const=1.00
0x004d0a42,0x004521e2,1.0000,0.3646,twin; mutual; seq=1.00 ngram=1.00; size=645/645; calls=10/10; graph=1.00; const=1.00
0x00450711,0x004d6362,1.0000,0.3664,twin; mutual; seq=1.00 ngram=1.00; size=302/302; calls=0/0; graph=1.00; const=1.00
0x0041d942,0x004af72b,1.0000,0.3672,twin; mutual; seq=1.00 ngram=1.00; size=33/33; calls=0/0; graph=1.00; const=1.00
0x004f59f7,0x0047283d,1.0000,0.3672,twin; mutual; seq=1.00 ngram=1.00; size=383/383; calls=5/5; graph=1.00; api=1.00; const=1.00
0x004b82ea,0x004497ae,1.0000,0.3690,twin; mutual; seq=1.00 ngram=1.00; size=36/36; calls=1/1; graph=1.00; api=1.00; const=1.00
0x004f5728,0x0047256e,1.0000,0.3730,twin; mutual; seq=1.00 ngram=1.00; size=65/65; calls=2/2; graph=1.00; api=1.00; const=1.00
0x004f3880,0x004706d0,1.0000,0.3748,twin; mutual; seq=1.00 ngram=1.00; size=93/93; calls=2/2; graph=1.00; api=1.00; const=1.00
0x004521a6,0x004d7876,1.0000,0.3776,twin; mutual; seq=1.00 ngram=1.00; size=208/208; calls=2/2; graph=1.00; const=1.00
0x004f4fb8,0x00471df6,1.0000,0.3789,twin; mutual; seq=1.00 ngram=1.00; size=134/134; calls=4/4; graph=1.00; api=1.00; const=1.00
0x00478c08,0x0046f328,1.0000,0.3792,twin; mutual; seq=1.00 ngram=1.00; size=4271/4272; calls=129/129; graph=1.00; api=1.00; const=1.00
0x005017f0,0x00491750,1.0000,0.3795,twin; mutual; seq=1.00 ngram=1.00; size=118/118; calls=0/0; graph=1.00; const=1.00
0x00451291,0x004d695b,1.0000,0.3815,twin; mutual; seq=1.00 ngram=1.00; size=186/186; calls=2/2; graph=1.00; str=1.00; const=1.00
0x004b137d,0x00442839,1.0000,0.3831,twin; mutual; seq=1.00 ngram=1.00; size=137/137; calls=5/5; graph=1.00; api=1.00; const=1.00
0x00496ccf,0x004b921d,1.0000,0.3851,twin; mutual; seq=1.00 ngram=1.00; size=81/81; calls=2/2; graph=1.00
0x00405f97,0x0041ea36,1.0000,0.3866,twin; mutual; seq=1.00 ngram=1.00; size=324/324; calls=0/0; graph=1.00; const=1.00
0x0046c09f,0x00438d5e,1.0000,0.3874,twin; mutual; seq=1.00 ngram=1.00; size=271/271; calls=3/3; graph=1.00; api=1.00; const=1.00
0x004c7be5,0x004769a5,1.0000,0.3876,twin; mutual; seq=1.00 ngram=1.00; size=388/388; calls=4/4; graph=1.00; const=1.00
0x004eed47,0x004b1bba,1.0000,0.3900,twin; mutual; seq=1.00 ngram=1.00; size=263/263; calls=8/8; graph=1.00; api=1.00; const=1.00
0x004dec09,0x00460396,1.0000,0.3930,twin; mutual; seq=1.00 ngram=1.00; size=610/610; calls=10/10; graph=1.00; str=1.00; const=1.00
0x004f5769,0x004725af,1.0000,0.3930,twin; mutual; seq=1.00 ngram=1.00; size=309/309; calls=7/7; graph=1.00; api=1.00; const=1.00
0x00505c74,0x0042a99c,1.0000,0.3933,twin; mutual; seq=1.00 ngram=1.00; size=172/172; calls=0/0; graph=1.00
0x0041d8a6,0x004af68f,1.0000,0.3942,twin; mutual; seq=1.00 ngram=1.00; size=156/156; calls=2/2; graph=1.00; str=1.00; const=1.00
0x00451d90,0x004d7460,1.0000,0.3949,twin; mutual; seq=1.00 ngram=1.00; size=176/176; calls=1/1; graph=1.00; const=1.00
0x0042784d,0x0044fab8,1.0000,0.3956,twin; mutual; seq=1.00 ngram=1.00; size=445/445; calls=15/15; graph=1.00; api=1.00; const=1.00
0x004a7a25,0x00469825,1.0000,0.3964,twin; mutual; seq=1.00 ngram=1.00; size=424/424; calls=4/4; graph=1.00; const=1.00
0x005062b1,0x0042afdb,1.0000,0.3971,twin; mutual; seq=1.00 ngram=1.00; size=220/220; calls=1/1; graph=1.00; const=1.00
0x004c7aa8,0x00476868,1.0000,0.3987,twin; mutual; seq=1.00 ngram=1.00; size=317/317; calls=3/3; graph=1.00; const=1.00
0x00473cc5,0x0048c367,1.0000,0.4003,twin; mutual; seq=1.00 ngram=1.00; size=121/121; calls=0/0; graph=1.00; const=1.00
0x004f823a,0x00402889,1.0000,0.4073,twin; mutual; seq=1.00 ngram=1.00; size=91/91; calls=1/1; graph=1.00
0x00478aa4,0x00486c12,1.0000,0.4074,twin; mutual; seq=1.00 ngram=1.00; size=113/113; calls=0/0; graph=1.00; const=1.00
0x004ccca3,0x00451760,1.0000,0.4077,twin; mutual; seq=1.00 ngram=1.00; size=565/565; calls=3/3; graph=1.00; const=1.00
0x004b544d,0x00446915,1.0000,0.4081,twin; mutual; seq=1.00 ngram=1.00; size=180/180; calls=2/2; api=1.00; str=1.00; const=1.00
0x00423ae1,0x0043d9cf,1.0000,0.4110,twin; mutual; seq=1.00 ngram=1.00; size=118/118; calls=2/2; graph=1.00; api=1.00
0x004e114e,0x004628db,1.0000,0.4127,twin; mutual; seq=1.00 ngram=1.00; size=385/385; calls=6/6; graph=1.00; const=1.00
0x0048225c,0x00498613,1.0000,0.4128,twin; mutual; seq=1.00 ngram=1.00; size=91/91; calls=2/2; graph=1.00; const=1.00
0x00505d20,0x0042aa48,1.0000,0.4129,twin; mutual; seq=1.00 ngram=1.00; size=287/287; calls=1/1; graph=1.00; const=1.00
0x00474266,0x0048c907,1.0000,0.4130,twin; mutual; seq=1.00 ngram=1.00; size=291/291; calls=4/4; graph=1.00; const=1.00
0x004cc33d,0x00450dfd,1.0000,0.4137,twin; mutual; seq=1.00 ngram=1.00; size=135/135; calls=0/0; const=1.00
0x00500cd5,0x00481f02,1.0000,0.4145,twin; mutual; seq=1.00 ngram=1.00; size=418/418; calls=19/19; api=1.00; str=1.00; const=1.00
0x004a0d00,0x00424a81,1.0000,0.4154,twin; mutual; seq=1.00 ngram=1.00; size=663/663; calls=5/5; graph=1.00; api=1.00; const=1.00
0x00472c0c,0x0048b2c9,1.0000,0.4159,twin; mutual; seq=1.00 ngram=1.00; size=508/508; calls=6/6; graph=1.00; const=1.00
0x004a2a5b,0x004267dc,1.0000,0.4167,twin; mutual; seq=1.00 ngram=1.00; size=72/72; calls=2/2; graph=1.00; const=1.00
0x004726c5,0x0048ad82,1.0000,0.4180,twin; mutual; seq=1.00 ngram=1.00; size=510/510; calls=4/4; graph=1.00; const=1.00
0x004485d6,0x0046e4c9,1.0000,0.4190,twin; mutual; seq=1.00 ngram=1.00; size=168/168; calls=1/1; graph=1.00; const=1.00
0x004e6913,0x00468097,1.0000,0.4197,twin; mutual; seq=1.00 ngram=1.00; size=101/101; calls=0/0; graph=1.00; const=1.00
0x004ab45f,0x0043081e,1.0000,0.4209,twin; mutual; seq=1.00 ngram=1.00; size=177/177; calls=0/0; graph=1.00; const=1.00
0x004f5ec4,0x00472d0a,1.0000,0.4227,twin; mutual; seq=1.00 ngram=1.00; size=84/84; calls=2/2; api=1.00; const=1.00
0x00513bd0,0x004ddee0,1.0000,0.4232,twin; mutual; seq=1.00 ngram=1.00; size=47/47; calls=0/0; graph=1.00; const=1.00
0x004b832d,0x004497f1,1.0000,0.4234,twin; mutual; seq=1.00 ngram=1.00; size=234/234; calls=2/2; graph=1.00; api=1.00; const=1.00
0x004f5bf9,0x00472a3f,1.0000,0.4263,twin; mutual; seq=1.00 ngram=1.00; size=190/190; calls=3/3; graph=1.00; api=1.00; const=1.00
0x004b584e,0x00446d17,1.0000,0.4270,twin; mutual; seq=1.00 ngram=1.00; size=139/139; calls=6/6; graph=1.00; api=1.00; const=1.00
0x00473e69,0x0048c50b,1.0000,0.4278,twin; mutual; seq=1.00 ngram=1.00; size=157/157; calls=3/3; graph=1.00; const=1.00
0x004ab214,0x004305d3,1.0000,0.4284,twin; mutual; seq=1.00 ngram=1.00; size=119/119; calls=1/1; graph=1.00; const=1.00
0x0046758c,0x0041a30b,1.0000,0.4295,twin; mutual; seq=1.00 ngram=1.00; size=546/546; calls=8/8; graph=1.00; const=1.00
0x004f6e90,0x004014e0,1.0000,0.4313,twin; mutual; seq=1.00 ngram=1.00; size=701/701; calls=8/8; graph=1.00; const=1.00
0x0044d58f,0x004bb037,1.0000,0.4317,twin; mutual; seq=1.00 ngram=1.00; size=139/139; calls=0/0; const=1.00
0x004677ae,0x0041a52d,1.0000,0.4317,twin; mutual; seq=1.00 ngram=1.00; size=203/203; calls=3/3; graph=1.00; const=1.00
0x005063f6,0x0042b120,1.0000,0.4317,twin; mutual; seq=1.00 ngram=1.00; size=238/238; calls=1/1; graph=1.00; const=1.00
0x0040a305,0x0049aa14,1.0000,0.4323,twin; mutual; seq=1.00 ngram=1.00; size=55/55; calls=0/0; graph=1.00
0x004acb7f,0x00431f41,1.0000,0.4350,twin; mutual; seq=1.00 ngram=1.00; size=155/155; calls=0/0; graph=1.00; const=1.00
0x0046b41c,0x00485c56,1.0000,0.4352,twin; mutual; seq=1.00 ngram=1.00; size=159/159; calls=0/0; const=1.00
0x004a7650,0x00469450,1.0000,0.4375,twin; mutual; seq=1.00 ngram=1.00; size=203/203; calls=0/0; graph=1.00; const=1.00
0x004b574d,0x00446c16,1.0000,0.4383,twin; mutual; seq=1.00 ngram=1.00; size=252/252; calls=6/6; graph=1.00; api=1.00; const=1.00
0x00451cb2,0x004d7382,1.0000,0.4388,twin; mutual; seq=1.00 ngram=1.00; size=222/222; calls=1/1; graph=1.00; const=1.00
0x004df8ba,0x00461047,1.0000,0.4397,twin; mutual; seq=1.00 ngram=1.00; size=612/612; calls=7/7; graph=1.00; const=1.00
0x004f7d11,0x00402360,1.0000,0.4404,twin; mutual; seq=1.00 ngram=1.00; size=477/477; calls=2/2; graph=1.00; str=1.00; const=1.00
0x004cab92,0x00479952,1.0000,0.4410,twin; mutual; seq=1.00 ngram=1.00; size=467/467; calls=0/0; graph=1.00; const=1.00
0x004a289f,0x00426620,1.0000,0.4426,twin; mutual; seq=1.00 ngram=1.00; size=294/294; calls=4/4; graph=1.00; api=1.00; const=1.00
0x00476205,0x0048e8a8,1.0000,0.4435,twin; mutual; seq=1.00 ngram=1.00; size=74/74; calls=2/2; graph=1.00
0x004b6f49,0x00448412,1.0000,0.4454,twin; mutual; seq=1.00 ngram=1.00; size=93/93; calls=0/0; graph=1.00
0x004ddf98,0x0045f72a,1.0000,0.4459,twin; mutual; seq=1.00 ngram=1.00; size=199/199; calls=3/3; graph=1.00; const=1.00
0x0041268a,0x004a44c8,1.0000,0.4460,twin; mutual; seq=1.00 ngram=1.00; size=437/437; calls=7/7; graph=1.00; api=1.00; str=1.00; const=1.00
0x00464b74,0x004178f0,1.0000,0.4468,twin; mutual; seq=1.00 ngram=1.00; size=1108/1108; calls=18/18; graph=1.00; const=1.00
0x0044a7cc,0x0043b83b,1.0000,0.4469,twin; mutual; seq=1.00 ngram=1.00; size=21/21; calls=1/1; graph=1.00; api=1.00
0x004de35e,0x0045faf0,1.0000,0.4479,twin; mutual; seq=1.00 ngram=1.00; size=308/308; calls=2/2; graph=1.00; const=1.00
0x004f3d11,0x00470b60,1.0000,0.4513,twin; mutual; seq=1.00 ngram=1.00; size=280/280; calls=6/6; graph=1.00; api=1.00; const=1.00
0x0043b224,0x004ce02a,1.0000,0.4529,twin; mutual; seq=1.00 ngram=1.00; size=512/512; calls=5/5; graph=1.00; str=1.00; const=1.00
0x004cd72a,0x0045219a,1.0000,0.4557,twin; mutual; seq=1.00 ngram=1.00; size=53/53; calls=1/1; graph=1.00; const=1.00
0x004f2e60,0x00439980,1.0000,0.4591,twin; mutual; seq=1.00 ngram=1.00; size=246/246; calls=4/4; api=1.00; str=1.00; const=1.00
0x00405edf,0x0041e97e,1.0000,0.4593,twin; mutual; seq=1.00 ngram=1.00; size=184/184; calls=0/0; graph=1.00; const=1.00
0x0045268f,0x004d7d5e,1.0000,0.4595,twin; mutual; seq=1.00 ngram=1.00; size=121/121; calls=0/0; graph=1.00; const=1.00
0x004f3b5f,0x004709ae,1.0000,0.4606,twin; mutual; seq=1.00 ngram=1.00; size=104/104; calls=2/2; graph=1.00; api=1.00; const=1.00
0x004b73ce,0x00448897,1.0000,0.4610,twin; mutual; seq=1.00 ngram=1.00; size=227/227; calls=4/4; graph=1.00; api=1.00; const=1.00
0x00450975,0x004d65c6,1.0000,0.4616,twin; mutual; seq=1.00 ngram=1.00; size=39/39; calls=2/2; graph=1.00; api=1.00; const=1.00
0x00452708,0x004d7dd7,1.0000,0.4630,twin; mutual; seq=1.00 ngram=1.00; size=82/82; calls=4/4; graph=1.00; const=1.00
0x00424282,0x00433ed2,1.0000,0.4651,twin; mutual; seq=1.00 ngram=1.00; size=516/516; calls=18/18; graph=1.00; api=1.00; const=1.00
0x004e6bff,0x00468383,1.0000,0.4660,twin; mutual; seq=1.00 ngram=1.00; size=461/461; calls=3/3; graph=1.00; const=1.00
0x0048201a,0x004983d1,1.0000,0.4666,twin; mutual; seq=1.00 ngram=1.00; size=578/578; calls=8/8; api=1.00; const=1.00
0x00481491,0x00497849,1.0000,0.4667,twin; mutual; seq=1.00 ngram=1.00; size=245/245; calls=4/4; graph=1.00; api=1.00; const=1.00
0x0046bc92,0x004864b1,1.0000,0.4681,twin; mutual; seq=1.00 ngram=1.00; size=41/41; calls=1/1; graph=1.00; api=1.00; const=1.00
0x004ca07b,0x00478e3b,1.0000,0.4683,twin; mutual; seq=1.00 ngram=1.00; size=94/94; calls=0/0; graph=1.00; const=1.00
0x004a068a,0x0042440b,1.0000,0.4687,twin; mutual; seq=1.00 ngram=1.00; size=385/385; calls=4/4; graph=1.00; api=1.00; const=1.00
0x0049da83,0x00421802,1.0000,0.4692,twin; mutual; seq=1.00 ngram=1.00; size=398/398; calls=3/3; graph=1.00; api=1.00; const=1.00
0x004b7373,0x0044883c,1.0000,0.4726,twin; mutual; seq=1.00 ngram=1.00; size=91/91; calls=3/3; graph=1.00; api=1.00; const=1.00
0x0046aa75,0x004852b1,1.0000,0.4727,twin; mutual; seq=1.00 ngram=1.00; size=176/176; calls=5/5; graph=1.00; api=1.00; const=1.00
0x00461f3e,0x00414cbc,1.0000,0.4740,twin; mutual; seq=1.00 ngram=1.00; size=389/389; calls=0/0; graph=1.00; const=1.00
0x00403189,0x00491688,1.0000,0.4751,twin; mutual; seq=1.00 ngram=1.00; size=185/185; calls=3/3; graph=1.00; api=1.00; const=1.00
0x0050c854,0x0048794d,1.0000,0.4751,twin; mutual; seq=1.00 ngram=1.00; size=179/179; calls=5/5; graph=1.00; api=1.00; const=1.00
0x0044913a,0x0046f02d,1.0000,0.4768,twin; mutual; seq=1.00 ngram=1.00; size=233/233; calls=0/0; graph=1.00; const=1.00
0x0044a839,0x0043b8a8,1.0000,0.4777,twin; mutual; seq=1.00 ngram=1.00; size=41/41; calls=1/1; graph=1.00; api=1.00; const=1.00
0x004cbcd9,0x00450799,1.0000,0.4778,twin; mutual; seq=1.00 ngram=1.00; size=137/137; calls=0/0; graph=1.00; const=1.00
0x0049e291,0x0042200f,1.0000,0.4790,twin; mutual; seq=1.00 ngram=1.00; size=682/682; calls=3/3; graph=1.00; api=1.00; const=1.00
0x00406a88,0x00492b17,1.0000,0.4799,twin; mutual; seq=1.00 ngram=1.00; size=121/121; calls=4/4; const=1.00
0x004b8dfd,0x0044a2c4,1.0000,0.4811,twin; mutual; seq=1.00 ngram=1.00; size=80/80; calls=0/0; graph=1.00
0x0046bf31,0x00438bf0,1.0000,0.4822,twin; mutual; seq=1.00 ngram=1.00; size=130/130; calls=1/1; graph=1.00; const=1.00
0x0043af93,0x004cdd9b,1.0000,0.4841,twin; mutual; seq=1.00 ngram=1.00; size=212/212; calls=3/3; graph=1.00; const=1.00
0x00472e08,0x0048b4c5,1.0000,0.4841,twin; mutual; seq=1.00 ngram=1.00; size=260/260; calls=1/1; graph=1.00; const=1.00
0x004f48cb,0x00471717,1.0000,0.4858,twin; mutual; seq=1.00 ngram=1.00; size=38/38; calls=2/2; graph=1.00; api=1.00
0x004f570c,0x00472552,1.0000,0.4867,twin; mutual; seq=1.00 ngram=1.00; size=28/28; calls=1/1; graph=1.00; api=1.00
0x0045280c,0x004d7eb0,1.0000,0.4868,twin; mutual; seq=1.00 ngram=1.00; size=27/27; calls=1/1; graph=1.00; const=1.00
0x0044a7e1,0x0043b850,1.0000,0.4888,twin; mutual; seq=1.00 ngram=1.00; size=83/83; calls=1/1; graph=1.00; const=1.00
0x004dff88,0x00461715,1.0000,0.4899,twin; mutual; seq=1.00 ngram=1.00; size=175/175; calls=3/3; graph=1.00; const=1.00
0x0040a240,0x004398fe,1.0000,0.4902,twin; mutual; seq=1.00 ngram=1.00; size=21/21; calls=0/0; graph=1.00
0x004ab35e,0x0043071d,1.0000,0.4902,twin; mutual; seq=1.00 ngram=1.00; size=75/75; calls=0/0; graph=1.00; const=1.00
0x004d79a6,0x00459143,1.0000,0.4908,twin; mutual; seq=1.00 ngram=1.00; size=117/117; calls=1/1; const=1.00
0x0041459d,0x004a63d8,1.0000,0.4912,twin; mutual; seq=1.00 ngram=1.00; size=519/519; calls=2/2; graph=1.00; const=1.00
0x0049c107,0x0041fe7b,1.0000,0.4914,twin; mutual; seq=1.00 ngram=1.00; size=677/677; calls=18/18; graph=1.00
0x004fb573,0x00405bc0,1.0000,0.4917,twin; mutual; seq=1.00 ngram=1.00; size=322/322; calls=5/5; graph=1.00; str=1.00; const=1.00
0x0044929c,0x0046f18f,1.0000,0.4926,twin; mutual; seq=1.00 ngram=1.00; size=164/164; calls=1/1; graph=1.00; const=1.00
0x004cb1d6,0x00479f9f,1.0000,0.4926,twin; mutual; seq=1.00 ngram=1.00; size=237/237; calls=0/0; graph=1.00; const=1.00
0x004d6391,0x00457b2f,1.0000,0.4941,twin; mutual; seq=1.00 ngram=1.00; size=111/111; calls=1/1; graph=1.00; const=1.00
0x004dae76,0x0045c613,1.0000,0.4941,twin; mutual; seq=1.00 ngram=1.00; size=430/430; calls=3/3; graph=1.00; const=1.00
0x004b6f19,0x004483e2,1.0000,0.4953,twin; mutual; seq=1.00 ngram=1.00; size=48/48; calls=0/0; graph=1.00
0x00475bb0,0x0048e251,1.0000,0.4966,twin; mutual; seq=1.00 ngram=1.00; size=177/177; calls=0/0; graph=1.00; const=1.00
0x004ab3a9,0x00430768,1.0000,0.4972,twin; mutual; seq=1.00 ngram=1.00; size=74/74; calls=0/0; graph=1.00; const=1.00
0x004bd5af,0x0042e0cd,1.0000,0.4976,twin; mutual; seq=1.00 ngram=1.00; size=47/47; calls=0/0; graph=1.00
0x004a080b,0x0042458c,1.0000,0.4977,twin; mutual; seq=1.00 ngram=1.00; size=446/446; calls=6/6; graph=1.00; api=1.00; const=1.00
0x004786f3,0x00486861,1.0000,0.4980,twin; mutual; seq=1.00 ngram=1.00; size=112/112; calls=1/1; graph=1.00; const=1.00
0x004bd459,0x0042df78,1.0000,0.5037,twin; mutual; seq=1.00 ngram=1.00; size=151/151; calls=0/0; const=1.00
0x004ef64b,0x004b24c6,1.0000,0.5045,twin; mutual; seq=1.00 ngram=1.00; size=245/245; calls=8/8; graph=1.00; api=1.00; const=1.00
0x004a0f97,0x00424d18,1.0000,0.5068,twin; mutual; seq=1.00 ngram=1.00; size=611/611; calls=6/6; graph=1.00; api=1.00; const=1.00
0x00414875,0x004a66b0,1.0000,0.5070,twin; mutual; seq=1.00 ngram=1.00; size=210/210; calls=2/2; graph=1.00; const=1.00
0x00423919,0x0043d7f6,1.0000,0.5079,twin; mutual; seq=1.00 ngram=1.00; size=39/39; calls=0/0; graph=1.00
0x004bbf8e,0x0042cdb6,1.0000,0.5081,twin; mutual; seq=1.00 ngram=1.00; size=155/155; calls=0/0; graph=1.00; const=1.00
0x0070d484,0x006c5484,1.0000,0.5090,twin; mutual; seq=1.00 ngram=1.00; size=36/36; calls=1/1; graph=1.00
0x0046228f,0x0041500d,1.0000,0.5121,twin; mutual; seq=1.00 ngram=1.00; size=74/74; calls=1/1; const=1.00
0x004b5919,0x00446de2,1.0000,0.5124,twin; mutual; seq=1.00 ngram=1.00; size=78/78; calls=0/0; graph=1.00; const=1.00
0x004c9f3a,0x00478cfa,1.0000,0.5124,twin; mutual; seq=1.00 ngram=1.00; size=78/78; calls=0/0; graph=1.00; const=1.00
0x004bd563,0x0042e081,1.0000,0.5125,twin; mutual; seq=1.00 ngram=1.00; size=71/71; calls=0/0; graph=1.00; const=1.00
0x004f3b2c,0x0047097b,1.0000,0.5135,twin; mutual; seq=1.00 ngram=1.00; size=51/51; calls=2/2; graph=1.00; api=1.00
0x00433232,0x004c6039,1.0000,0.5138,twin; mutual; seq=1.00 ngram=1.00; size=258/258; calls=2/2; const=1.00
0x0045200d,0x004d76dd,1.0000,0.5138,twin; mutual; seq=1.00 ngram=1.00; size=88/88; calls=1/1; graph=1.00; const=1.00
0x004532f1,0x0047aac1,1.0000,0.5139,twin; mutual; seq=1.00 ngram=1.00; size=514/514; calls=5/5; graph=1.00; str=1.00; const=1.00
0x0049e53b,0x004222b9,1.0000,0.5145,twin; mutual; seq=1.00 ngram=1.00; size=129/129; calls=4/4; graph=1.00; api=1.00
0x004d1cc4,0x00453463,1.0000,0.5150,twin; mutual; seq=1.00 ngram=1.00; size=332/332; calls=4/4; graph=1.00; str=1.00; const=1.00
0x00407747,0x00493714,1.0000,0.5158,twin; mutual; seq=1.00 ngram=1.00; size=103/103; calls=0/0; graph=1.00; const=1.00
0x004241ae,0x0043e09c,1.0000,0.5164,twin; mutual; seq=1.00 ngram=1.00; size=58/58; calls=0/0; graph=1.00; const=1.00
0x004b75d8,0x00448aa1,1.0000,0.5167,twin; mutual; seq=1.00 ngram=1.00; size=81/81; calls=2/2; graph=1.00; api=1.00
0x0040a36f,0x0049aa7e,1.0000,0.5168,twin; mutual; seq=1.00 ngram=1.00; size=114/114; calls=0/0; const=1.00
0x00411f98,0x004a3dd6,1.0000,0.5170,twin; mutual; seq=1.00 ngram=1.00; size=435/435; calls=7/7; graph=1.00; str=1.00; const=1.00
0x004f5b76,0x004729bc,1.0000,0.5172,twin; mutual; seq=1.00 ngram=1.00; size=131/131; calls=1/1; graph=1.00; api=1.00; const=1.00
0x004b830e,0x004497d2,1.0000,0.5179,twin; mutual; seq=1.00 ngram=1.00; size=31/31; calls=1/1; graph=1.00; api=1.00
0x004ab28b,0x0043064a,1.0000,0.5186,twin; mutual; seq=1.00 ngram=1.00; size=211/211; calls=0/0; graph=1.00; const=1.00
0x004b20e5,0x004435ad,1.0000,0.5186,twin; mutual; seq=1.00 ngram=1.00; size=148/148; calls=2/2; api=1.00; const=1.00
0x00452827,0x004d7ecb,1.0000,0.5189,twin; mutual; seq=1.00 ngram=1.00; size=141/141; calls=0/0; graph=1.00; const=1.00
0x004d6ad4,0x00458271,1.0000,0.5220,twin; mutual; seq=1.00 ngram=1.00; size=367/367; calls=4/4; graph=1.00; const=1.00
0x004e2b99,0x00464325,1.0000,0.5221,twin; mutual; seq=1.00 ngram=1.00; size=230/230; calls=0/0; graph=1.00; const=1.00
0x0045f4af,0x00412237,1.0000,0.5230,twin; mutual; seq=1.00 ngram=1.00; size=467/467; calls=3/3; graph=1.00; const=1.00
0x00474389,0x0048ca2a,1.0000,0.5237,twin; mutual; seq=1.00 ngram=1.00; size=159/159; calls=0/0; graph=1.00; const=1.00
0x0040a255,0x00439913,1.0000,0.5242,twin; mutual; seq=1.00 ngram=1.00; size=101/101; calls=0/0; const=1.00
0x0040dcca,0x0049b68d,1.0000,0.5245,twin; mutual; seq=1.00 ngram=1.00; size=338/338; calls=7/7; graph=1.00; const=1.00
0x00458c6f,0x0040b9fe,1.0000,0.5246,twin; mutual; seq=1.00 ngram=1.00; size=63/63; calls=0/0; const=1.00
0x004d05e8,0x004a26ac,1.0000,0.5251,twin; mutual; seq=1.00 ngram=1.00; size=26/26; calls=1/1; api=1.00
0x00457baf,0x0040a940,1.0000,0.5253,twin; mutual; seq=1.00 ngram=1.00; size=428/428; calls=0/0; const=1.00
0x004077ae,0x0049377b,1.0000,0.5259,twin; mutual; seq=1.00 ngram=1.00; size=144/144; calls=0/0
0x004e654a,0x00467cce,1.0000,0.5275,twin; mutual; seq=1.00 ngram=1.00; size=151/151; calls=1/1; graph=1.00; const=1.00
0x004b53c6,0x0044688e,1.0000,0.5289,twin; mutual; seq=1.00 ngram=1.00; size=39/39; calls=1/1; api=1.00
0x00405277,0x0041dd17,1.0000,0.5291,twin; mutual; seq=1.00 ngram=1.00; size=249/249; calls=0/0; graph=1.00; const=1.00
0x004a09c9,0x0042474a,1.0000,0.5293,twin; mutual; seq=1.00 ngram=1.00; size=823/823; calls=7/7; graph=1.00; api=1.00; const=1.00
0x0040d901,0x0049b2c1,1.0000,0.5298,twin; mutual; seq=1.00 ngram=1.00; size=72/72; calls=2/2; graph=1.00; const=1.00
0x004d4d1f,0x004564bd,1.0000,0.5298,twin; mutual; seq=1.00 ngram=1.00; size=596/596; calls=1/1; graph=1.00; const=1.00
0x004d80d3,0x00459870,1.0000,0.5312,twin; mutual; seq=1.00 ngram=1.00; size=168/168; calls=2/2; graph=1.00; const=1.00
0x00466f5c,0x00419cde,1.0000,0.5315,twin; mutual; seq=1.00 ngram=1.00; size=320/320; calls=7/7; graph=1.00; const=1.00
0x0046c636,0x004392f3,1.0000,0.5317,twin; mutual; seq=1.00 ngram=1.00; size=165/165; calls=3/3; graph=1.00; const=1.00
0x0047884f,0x004869bd,1.0000,0.5317,twin; mutual; seq=1.00 ngram=1.00; size=135/135; calls=3/3; graph=1.00; const=1.00
0x004e03b5,0x00461b42,1.0000,0.5317,twin; mutual; seq=1.00 ngram=1.00; size=265/265; calls=2/2; graph=1.00; const=1.00
0x004ab525,0x004308e4,1.0000,0.5323,twin; mutual; seq=1.00 ngram=1.00; size=45/45; calls=0/0; graph=1.00
0x0070d245,0x006c5245,1.0000,0.5326,twin; mutual; seq=1.00 ngram=1.00; size=112/112; calls=0/0; graph=1.00; const=1.00
0x0070d2b5,0x006c52b5,1.0000,0.5326,twin; mutual; seq=1.00 ngram=1.00; size=75/75; calls=0/0; graph=1.00; const=1.00
0x004963e7,0x004386c1,1.0000,0.5331,twin; mutual; seq=1.00 ngram=1.00; size=176/176; calls=4/4; graph=1.00; api=1.00; str=1.00; const=1.00
0x0045275a,0x004d7e29,1.0000,0.5348,twin; mutual; seq=1.00 ngram=1.00; size=57/57; calls=3/3; graph=1.00
0x004e1b38,0x004632c5,1.0000,0.5350,twin; mutual; seq=1.00 ngram=1.00; size=340/340; calls=4/4; graph=1.00; str=1.00; const=1.00
0x0046bfc2,0x00438c81,1.0000,0.5366,twin; mutual; seq=1.00 ngram=1.00; size=221/221; calls=5/5; graph=1.00; api=1.00; const=1.00
0x004d7bb5,0x00459352,1.0000,0.5366,twin; mutual; seq=1.00 ngram=1.00; size=171/171; calls=2/2; graph=1.00; str=1.00; const=1.00
0x004b19d0,0x00442e98,1.0000,0.5373,twin; mutual; seq=1.00 ngram=1.00; size=355/355; calls=10/10; graph=1.00; api=1.00; const=1.00
0x00476a80,0x0048f123,1.0000,0.5374,twin; mutual; seq=1.00 ngram=1.00; size=142/142; calls=1/1; graph=1.00; const=1.00
0x004b5de4,0x004472ad,1.0000,0.5377,twin; mutual; seq=1.00 ngram=1.00; size=400/400; calls=3/3; graph=1.00; api=1.00; const=1.00
0x004cbfd0,0x00450a90,1.0000,0.5377,twin; mutual; seq=1.00 ngram=1.00; size=131/131; calls=0/0; const=1.00
0x00433334,0x004c613b,1.0000,0.5379,twin; mutual; seq=1.00 ngram=1.00; size=306/306; calls=0/0; const=1.00
0x00449fbb,0x0043b02a,1.0000,0.5403,twin; mutual; seq=1.00 ngram=1.00; size=366/366; calls=8/8; graph=1.00; api=1.00; const=1.00
0x00478bd5,0x0046f2f5,1.0000,0.5405,twin; mutual; seq=1.00 ngram=1.00; size=51/51; calls=1/1; graph=1.00
0x004f38dd,0x0047072d,1.0000,0.5405,twin; mutual; seq=1.00 ngram=1.00; size=65/65; calls=2/2; graph=1.00; api=1.00
0x004afa46,0x00440eff,1.0000,0.5413,twin; mutual; seq=1.00 ngram=1.00; size=35/35; calls=1/1; graph=1.00; api=1.00; const=1.00
0x0042e80e,0x004c1610,1.0000,0.5417,twin; mutual; seq=1.00 ngram=1.00; size=178/178; calls=0/0; const=1.00
0x004ddefa,0x0045f68c,1.0000,0.5425,twin; mutual; seq=1.00 ngram=1.00; size=81/81; calls=0/0; const=1.00
0x004620c3,0x00414e41,1.0000,0.5430,twin; mutual; seq=1.00 ngram=1.00; size=460/460; calls=3/3; graph=1.00; const=1.00
0x004b0d24,0x004421e2,1.0000,0.5441,twin; mutual; seq=1.00 ngram=1.00; size=237/237; calls=10/10; api=1.00; const=1.00
0x004d788d,0x0045902a,1.0000,0.5445,twin; mutual; seq=1.00 ngram=1.00; size=69/69; calls=0/0; const=1.00
0x004e592c,0x004670b0,1.0000,0.5446,twin; mutual; seq=1.00 ngram=1.00; size=269/269; calls=4/4; graph=1.00; const=1.00
0x004b1b9b,0x00443063,1.0000,0.5462,twin; mutual; seq=1.00 ngram=1.00; size=1344/1344; calls=49/49; graph=1.00; api=1.00; const=1.00
0x004a29c5,0x00426746,1.0000,0.5481,twin; mutual; seq=1.00 ngram=1.00; size=150/150; calls=8/8; graph=1.00; api=1.00; const=1.00
0x004509a1,0x004d65f2,1.0000,0.5493,twin; mutual; seq=1.00 ngram=1.00; size=71/71; calls=1/1; graph=1.00
0x0042a0d6,0x004bced7,1.0000,0.5511,twin; mutual; seq=1.00 ngram=1.00; size=243/243; calls=3/3; const=1.00
0x00474d4a,0x0048d3eb,1.0000,0.5511,twin; mutual; seq=1.00 ngram=1.00; size=51/51; calls=0/0; graph=1.00; const=1.00
0x004cbd67,0x00450827,1.0000,0.5511,twin; mutual; seq=1.00 ngram=1.00; size=61/61; calls=0/0; graph=1.00; const=1.00
0x004f05c5,0x004010e5,1.0000,0.5521,twin; mutual; seq=1.00 ngram=1.00; size=1007/1007; calls=33/33; graph=1.00; api=1.00; const=1.00
0x004cfab2,0x004a1b7a,1.0000,0.5528,twin; mutual; seq=1.00 ngram=1.00; size=125/125; calls=1/1; graph=1.00; const=1.00
0x0046c1b3,0x00438e72,1.0000,0.5537,twin; mutual; seq=1.00 ngram=1.00; size=80/80; calls=1/1; graph=1.00; api=1.00; const=1.00
0x004ab3f3,0x004307b2,1.0000,0.5546,twin; mutual; seq=1.00 ngram=1.00; size=108/108; calls=0/0; graph=1.00; const=1.00
0x00493bea,0x004343f6,1.0000,0.5552,twin; mutual; seq=1.00 ngram=1.00; size=70/70; calls=0/0; const=1.00
0x0045f258,0x00411fe0,1.0000,0.5568,twin; mutual; seq=1.00 ngram=1.00; size=371/371; calls=4/4; const=1.00
0x004b53ed,0x004468b5,1.0000,0.5570,twin; mutual; seq=1.00 ngram=1.00; size=64/64; calls=1/1; api=1.00; const=1.00
0x004ef740,0x004b25bb,1.0000,0.5591,twin; mutual; seq=1.00 ngram=1.00; size=265/265; calls=6/6; graph=1.00; api=1.00; const=1.00
0x004e35e4,0x00464d69,1.0000,0.5605,twin; mutual; seq=1.00 ngram=1.00; size=332/332; calls=3/3; graph=1.00; const=1.00
0x0047643e,0x0048eae1,1.0000,0.5633,twin; mutual; seq=1.00 ngram=1.00; size=68/68; calls=0/0; graph=1.00; const=1.00
0x0045e350,0x004110dc,1.0000,0.5636,twin; mutual; seq=1.00 ngram=1.00; size=34/34; calls=0/0; const=1.00
0x004e3128,0x004648af,1.0000,0.5649,twin; mutual; seq=1.00 ngram=1.00; size=93/93; calls=0/0; const=1.00
0x00464b28,0x004178a4,1.0000,0.5661,twin; mutual; seq=1.00 ngram=1.00; size=38/38; calls=1/1; graph=1.00; const=1.00
0x004e1f0d,0x00463699,1.0000,0.5662,twin; mutual; seq=1.00 ngram=1.00; size=190/190; calls=0/0; const=1.00
0x00447a1a,0x0046d90d,1.0000,0.5668,twin; mutual; seq=1.00 ngram=1.00; size=317/317; calls=3/3; graph=1.00; const=1.00
0x004147a4,0x004a65df,1.0000,0.5674,twin; mutual; seq=1.00 ngram=1.00; size=189/189; calls=0/0; const=1.00
0x004d30ae,0x0045484d,1.0000,0.5694,twin; mutual; seq=1.00 ngram=1.00; size=150/150; calls=1/1; graph=1.00; const=1.00
0x004cbdda,0x0045089a,1.0000,0.5695,twin; mutual; seq=1.00 ngram=1.00; size=54/54; calls=0/0; const=1.00
0x004262cf,0x0044e52d,1.0000,0.5702,twin; mutual; seq=1.00 ngram=1.00; size=585/585; calls=3/3; graph=1.00; api=1.00; const=1.00
0x00427a0a,0x0044fc75,1.0000,0.5702,twin; mutual; seq=1.00 ngram=1.00; size=449/449; calls=3/3; graph=1.00; api=1.00; const=1.00
0x004e0fd0,0x0046275d,1.0000,0.5715,twin; mutual; seq=1.00 ngram=1.00; size=382/382; calls=0/0; const=1.00
0x004b3777,0x00444c48,1.0000,0.5718,twin; mutual; seq=1.00 ngram=1.00; size=193/193; calls=1/1; api=1.00; const=1.00
0x004e538e,0x00466b12,1.0000,0.5725,twin; mutual; seq=1.00 ngram=1.00; size=583/583; calls=3/3; graph=1.00; const=1.00
0x004de100,0x0045f892,1.0000,0.5729,twin; mutual; seq=1.00 ngram=1.00; size=192/192; calls=1/1; const=1.00
0x004728c3,0x0048af80,1.0000,0.5750,twin; mutual; seq=1.00 ngram=1.00; size=66/66; calls=0/0; graph=1.00; const=1.00
0x0046ad4a,0x00485587,1.0000,0.5766,twin; mutual; seq=1.00 ngram=1.00; size=114/114; calls=3/3; graph=1.00; api=1.00; const=1.00
0x004659d9,0x00418755,1.0000,0.5776,twin; mutual; seq=1.00 ngram=1.00; size=64/64; calls=0/0; const=1.00
0x0048c6d0,0x00432860,1.0000,0.5786,twin; mutual; seq=1.00 ngram=1.00; size=80/80; calls=0/0; const=1.00
0x0041df33,0x004afd1c,1.0000,0.5794,twin; mutual; seq=1.00 ngram=1.00; size=37/37; calls=1/1; graph=1.00
0x004cf8b6,0x004a197e,1.0000,0.5825,twin; mutual; seq=1.00 ngram=1.00; size=175/175; calls=3/3; graph=1.00; api=1.00; const=1.00
0x004b784d,0x00448d16,1.0000,0.5829,twin; mutual; seq=1.00 ngram=1.00; size=74/74; calls=1/1; graph=1.00; api=1.00; const=1.00
0x004a7f2a,0x00469d2a,1.0000,0.5854,twin; mutual; seq=1.00 ngram=1.00; size=487/487; calls=7/7; graph=1.00; const=1.00
0x0040a566,0x0049ab7a,1.0000,0.5863,twin; mutual; seq=1.00 ngram=1.00; size=120/120; calls=0/0; const=1.00
0x004bd682,0x0042e1a0,1.0000,0.5881,twin; mutual; seq=1.00 ngram=1.00; size=114/114; calls=0/0; graph=1.00; const=1.00
0x0045a120,0x0040cea5,1.0000,0.5886,twin; mutual; seq=1.00 ngram=1.00; size=306/306; calls=1/1; graph=1.00; const=1.00
0x004bd5e3,0x0042e101,1.0000,0.5895,twin; mutual; seq=1.00 ngram=1.00; size=154/154; calls=0/0; graph=1.00; const=1.00
0x004e0037,0x004617c4,1.0000,0.5895,twin; mutual; seq=1.00 ngram=1.00; size=176/176; calls=0/0; const=1.00
0x00410ef1,0x004a2d31,1.0000,0.5922,twin; mutual; seq=1.00 ngram=1.00; size=622/622; calls=1/1; graph=1.00; const=1.00
0x00413baa,0x004a59e6,1.0000,0.5928,twin; mutual; seq=1.00 ngram=1.00; size=343/343; calls=4/4; graph=1.00; const=1.00
0x0045f682,0x0041240a,1.0000,0.5942,twin; mutual; seq=1.00 ngram=1.00; size=425/425; calls=1/1; graph=1.00; const=1.00
0x0045e071,0x00410dfe,1.0000,0.5947,twin; mutual; seq=1.00 ngram=1.00; size=395/395; calls=1/1; graph=1.00; const=1.00
0x004769c4,0x0048f067,1.0000,0.5949,twin; mutual; seq=1.00 ngram=1.00; size=183/183; calls=0/0; const=1.00
0x0049635c,0x00438636,1.0000,0.5963,twin; mutual; seq=1.00 ngram=1.00; size=134/134; calls=2/2; graph=1.00; const=1.00
0x004d7a1b,0x004591b8,1.0000,0.5970,twin; mutual; seq=1.00 ngram=1.00; size=333/333; calls=5/5; graph=1.00; str=1.00; const=1.00
0x004301b4,0x004c2fbb,1.0000,0.5985,twin; mutual; seq=1.00 ngram=1.00; size=158/158; calls=0/0; const=1.00
0x00412413,0x004a4251,1.0000,0.5997,twin; mutual; seq=1.00 ngram=1.00; size=371/371; calls=2/2; graph=1.00; const=1.00
0x004e474e,0x00465ed2,1.0000,0.6002,twin; mutual; seq=1.00 ngram=1.00; size=185/185; calls=2/2; graph=1.00; const=1.00
0x004b0e11,0x004422cf,1.0000,0.6004,twin; mutual; seq=1.00 ngram=1.00; size=111/111; calls=5/5; graph=1.00; api=1.00
0x004e04be,0x00461c4b,1.0000,0.6013,twin; mutual; seq=1.00 ngram=1.00; size=194/194; calls=2/2; graph=1.00; const=1.00
0x00514030,0x004e6d70,1.0000,0.6022,twin; mutual; seq=1.00 ngram=1.00; size=29/29; calls=1/1; const=1.00
0x00505e3f,0x0042ab67,1.0000,0.6032,twin; mutual; seq=1.00 ngram=1.00; size=104/104; calls=0/0; graph=1.00; const=1.00
0x0050638d,0x0042b0b7,1.0000,0.6032,twin; mutual; seq=1.00 ngram=1.00; size=105/105; calls=0/0; graph=1.00; const=1.00
0x004fd9c0,0x0040800f,1.0000,0.6035,twin; mutual; seq=1.00 ngram=1.00; size=274/274; calls=1/1; graph=1.00; const=1.00
0x004586d8,0x0040b469,1.0000,0.6047,twin; mutual; seq=1.00 ngram=1.00; size=445/445; calls=4/4; graph=1.00; const=1.00
0x00433a9e,0x004c68a5,1.0000,0.6049,twin; mutual; seq=1.00 ngram=1.00; size=229/229; calls=0/0; const=1.00
0x0043c0b2,0x004ceeb6,1.0000,0.6049,twin; mutual; seq=1.00 ngram=1.00; size=194/194; calls=0/0; const=1.00
0x0045245e,0x004d7b2d,1.0000,0.6055,twin; mutual; seq=1.00 ngram=1.00; size=125/125; calls=0/0; graph=1.00; const=1.00
0x00476482,0x0048eb25,1.0000,0.6055,twin; mutual; seq=1.00 ngram=1.00; size=142/142; calls=0/0; graph=1.00; const=1.00
0x004fa423,0x00404a71,1.0000,0.6077,twin; mutual; seq=1.00 ngram=1.00; size=149/149; calls=0/0; graph=1.00; const=1.00
0x0040d64c,0x0049b00c,1.0000,0.6079,twin; mutual; seq=1.00 ngram=1.00; size=223/223; calls=0/0; graph=1.00; const=1.00
0x004523fd,0x004d7acc,1.0000,0.6094,twin; mutual; seq=1.00 ngram=1.00; size=97/97; calls=0/0; graph=1.00; const=1.00
0x004f714d,0x0040179d,1.0000,0.6101,twin; mutual; seq=1.00 ngram=1.00; size=355/355; calls=2/2; graph=1.00; const=1.00
0x00417f38,0x004a9d72,1.0000,0.6137,twin; mutual; seq=1.00 ngram=1.00; size=189/189; calls=5/5; graph=1.00; str=1.00; const=1.00
0x004e268e,0x00463e1a,1.0000,0.6153,twin; mutual; seq=1.00 ngram=1.00; size=435/435; calls=5/5; graph=1.00; str=1.00; const=1.00
0x00465a19,0x00418795,1.0000,0.6164,twin; mutual; seq=1.00 ngram=1.00; size=92/92; calls=0/0; const=1.00
0x004cc3c4,0x00450e84,1.0000,0.6167,twin; mutual; seq=1.00 ngram=1.00; size=52/52; calls=1/1; graph=1.00
0x004d6e79,0x00458616,1.0000,0.6181,twin; mutual; seq=1.00 ngram=1.00; size=492/492; calls=1/1; graph=1.00; const=1.00
0x004cc93d,0x004513fa,1.0000,0.6190,twin; mutual; seq=1.00 ngram=1.00; size=65/65; calls=1/1; graph=1.00
0x00413869,0x004a56a5,1.0000,0.6191,twin; mutual; seq=1.00 ngram=1.00; size=457/457; calls=4/4; graph=1.00; const=1.00
0x00413d8d,0x004a5bc8,1.0000,0.6209,twin; mutual; seq=1.00 ngram=1.00; size=551/551; calls=1/1; graph=1.00; const=1.00
0x004d7724,0x00458ec1,1.0000,0.6209,twin; mutual; seq=1.00 ngram=1.00; size=87/87; calls=0/0; const=1.00
0x004ddf4b,0x0045f6dd,1.0000,0.6209,twin; mutual; seq=1.00 ngram=1.00; size=77/77; calls=0/0; const=1.00
0x004cc3f8,0x00450eb8,1.0000,0.6248,twin; mutual; seq=1.00 ngram=1.00; size=53/53; calls=1/1; graph=1.00
0x0044559e,0x004b693d,1.0000,0.6249,twin; mutual; seq=1.00 ngram=1.00; size=69/69; calls=1/1; graph=1.00; api=1.00; const=1.00
0x0040d59c,0x0049af5c,1.0000,0.6252,twin; mutual; seq=1.00 ngram=1.00; size=176/176; calls=0/0; graph=1.00; const=1.00
0x0040d72b,0x0049b0eb,1.0000,0.6252,twin; mutual; seq=1.00 ngram=1.00; size=190/190; calls=0/0; graph=1.00; const=1.00
0x0042c92f,0x004bf72f,1.0000,0.6270,twin; mutual; seq=1.00 ngram=1.00; size=292/292; calls=0/0; const=1.00
0x00438893,0x004cb69a,1.0000,0.6281,twin; mutual; seq=1.00 ngram=1.00; size=258/258; calls=1/1; graph=1.00; const=1.00
0x004cbb33,0x004505f3,1.0000,0.6305,twin; mutual; seq=1.00 ngram=1.00; size=106/106; calls=2/2; const=1.00
0x004b7072,0x0044853b,1.0000,0.6307,twin; mutual; seq=1.00 ngram=1.00; size=140/140; calls=5/5; graph=1.00; api=1.00; const=1.00
0x00412586,0x004a43c4,1.0000,0.6308,twin; mutual; seq=1.00 ngram=1.00; size=260/260; calls=1/1; graph=1.00; const=1.00
0x004cbf72,0x00450a32,1.0000,0.6308,twin; mutual; seq=1.00 ngram=1.00; size=94/94; calls=0/0; const=1.00
0x004bbd93,0x0042cbbb,1.0000,0.6312,twin; mutual; seq=1.00 ngram=1.00; size=507/507; calls=4/4; graph=1.00; const=1.00
0x004e1e6c,0x004635f8,1.0000,0.6324,twin; mutual; seq=1.00 ngram=1.00; size=161/161; calls=1/1; graph=1.00; const=1.00
0x004b68b3,0x00447d7c,1.0000,0.6329,twin; mutual; seq=1.00 ngram=1.00; size=263/263; calls=4/4; graph=1.00; api=1.00; const=1.00
0x004d3d1d,0x004554bc,1.0000,0.6384,twin; mutual; seq=1.00 ngram=1.00; size=101/101; calls=0/0; const=1.00
0x004d3d82,0x00455521,1.0000,0.6384,twin; mutual; seq=1.00 ngram=1.00; size=125/125; calls=0/0; const=1.00
0x004b5f74,0x0044743d,1.0000,0.6387,twin; mutual; seq=1.00 ngram=1.00; size=175/175; calls=3/3; graph=1.00; api=1.00; const=1.00
0x004d29da,0x00454179,1.0000,0.6397,twin; mutual; seq=1.00 ngram=1.00; size=573/573; calls=3/3; graph=1.00; str=1.00; const=1.00
0x00416059,0x004a7e94,1.0000,0.6409,twin; mutual; seq=1.00 ngram=1.00; size=208/208; calls=4/4; graph=1.00; const=1.00
0x004cd715,0x00452185,1.0000,0.6412,twin; mutual; seq=1.00 ngram=1.00; size=21/21; calls=1/1; graph=1.00
0x00433466,0x004c626d,1.0000,0.6413,twin; mutual; seq=1.00 ngram=1.00; size=438/438; calls=3/3; graph=1.00; const=1.00
0x004b5cbb,0x00447184,1.0000,0.6418,twin; mutual; seq=1.00 ngram=1.00; size=110/110; calls=2/2; graph=1.00; const=1.00
0x00451a82,0x004d714c,1.0000,0.6424,twin; mutual; seq=1.00 ngram=1.00; size=154/154; calls=0/0; graph=1.00; const=1.00
0x00478b20,0x0046f240,1.0000,0.6424,twin; mutual; seq=1.00 ngram=1.00; size=181/181; calls=4/4; graph=1.00; api=1.00; const=1.00
0x00483139,0x004994f8,1.0000,0.6438,twin; mutual; seq=1.00 ngram=1.00; size=688/688; calls=6/6; graph=1.00; api=1.00; const=1.00
0x004ef849,0x004b26c4,1.0000,0.6438,twin; mutual; seq=1.00 ngram=1.00; size=295/295; calls=4/4; graph=1.00; api=1.00; const=1.00
0x004b6023,0x004474ec,1.0000,0.6451,twin; mutual; seq=1.00 ngram=1.00; size=280/280; calls=3/3; graph=1.00; api=1.00; const=1.00
0x004082d1,0x004918f1,1.0000,0.6457,twin; mutual; seq=1.00 ngram=1.00; size=153/153; calls=4/4; graph=1.00; api=1.00
0x004e0c1c,0x004623a9,1.0000,0.6466,twin; mutual; seq=1.00 ngram=1.00; size=580/580; calls=6/6; graph=1.00; str=1.00; const=1.00
0x00449223,0x0046f116,1.0000,0.6486,twin; mutual; seq=1.00 ngram=1.00; size=121/121; calls=0/0; graph=1.00; const=1.00
0x004524db,0x004d7baa,1.0000,0.6486,twin; mutual; seq=1.00 ngram=1.00; size=118/118; calls=0/0; graph=1.00; const=1.00
0x0041b89c,0x004ad687,1.0000,0.6487,twin; mutual; seq=1.00 ngram=1.00; size=158/158; calls=2/2; graph=1.00; const=1.00
0x004db8c9,0x0045d064,1.0000,0.6488,twin; mutual; seq=1.00 ngram=1.00; size=339/339; calls=2/2; graph=1.00; const=1.00
0x004dfe94,0x00461621,1.0000,0.6488,twin; mutual; seq=1.00 ngram=1.00; size=244/244; calls=2/2; graph=1.00; const=1.00
0x004a0392,0x00424114,1.0000,0.6500,twin; mutual; seq=1.00 ngram=1.00; size=212/212; calls=1/1; graph=1.00; api=1.00; const=1.00
0x0043793a,0x004ca742,1.0000,0.6510,twin; mutual; seq=1.00 ngram=1.00; size=387/387; calls=2/2; graph=1.00; str=1.00; const=1.00
0x004daa50,0x0045c1ed,1.0000,0.6521,twin; mutual; seq=1.00 ngram=1.00; size=449/449; calls=4/4; graph=1.00; str=1.00; const=1.00
0x004e65e1,0x00467d65,1.0000,0.6525,twin; mutual; seq=1.00 ngram=1.00; size=210/210; calls=0/0; graph=1.00; const=1.00
0x004fa4b8,0x00404b06,1.0000,0.6525,twin; mutual; seq=1.00 ngram=1.00; size=206/206; calls=0/0; graph=1.00; const=1.00
0x004a2806,0x00426587,1.0000,0.6609,twin; mutual; seq=1.00 ngram=1.00; size=153/153; calls=10/10; api=1.00; const=1.00
0x004cae25,0x00479be5,1.0000,0.6616,twin; mutual; seq=1.00 ngram=1.00; size=34/34; calls=1/1; api=1.00; const=1.00
0x004081b0,0x004917d0,1.0000,0.6625,twin; mutual; seq=1.00 ngram=1.00; size=289/289; calls=6/6; graph=1.00; api=1.00; str=1.00; const=1.00
0x00474939,0x0048cfda,1.0000,0.6629,twin; mutual; seq=1.00 ngram=1.00; size=50/50; calls=1/1; graph=1.00
0x00456158,0x0047d928,1.0000,0.6641,twin; mutual; seq=1.00 ngram=1.00; size=192/192; calls=1/1; graph=1.00; const=1.00
0x004186ac,0x004aa4e6,1.0000,0.6643,twin; mutual; seq=1.00 ngram=1.00; size=126/126; calls=2/2; graph=1.00; const=1.00
0x004f3eaa,0x00470cfa,1.0000,0.6646,twin; mutual; seq=1.00 ngram=1.00; size=379/379; calls=10/10; graph=1.00; api=1.00; const=1.00
0x00423cc3,0x0043dbb1,1.0000,0.6652,twin; mutual; seq=1.00 ngram=1.00; size=48/48; calls=0/0; const=1.00
0x004305f1,0x004c33f8,1.0000,0.6652,twin; mutual; seq=1.00 ngram=1.00; size=283/283; calls=1/1; graph=1.00; const=1.00
0x004b5ab8,0x00446f81,1.0000,0.6655,twin; mutual; seq=1.00 ngram=1.00; size=183/183; calls=3/3; graph=1.00; api=1.00; const=1.00
0x00417919,0x004a9754,1.0000,0.6673,twin; mutual; seq=1.00 ngram=1.00; size=139/139; calls=1/1; graph=1.00; const=1.00
0x00471c32,0x0048a33f,1.0000,0.6682,twin; mutual; seq=1.00 ngram=1.00; size=114/114; calls=0/0; graph=1.00; const=1.00
0x004defc2,0x0046074f,1.0000,0.6691,twin; mutual; seq=1.00 ngram=1.00; size=136/136; calls=1/1; graph=1.00; const=1.00
0x0041cf9f,0x004aed88,1.0000,0.6693,twin; mutual; seq=1.00 ngram=1.00; size=117/117; calls=1/1; graph=1.00; const=1.00
0x004e42ac,0x00465a30,1.0000,0.6700,twin; mutual; seq=1.00 ngram=1.00; size=604/604; calls=3/3; graph=1.00; const=1.00
0x004f3bc7,0x00470a16,1.0000,0.6704,twin; mutual; seq=1.00 ngram=1.00; size=330/330; calls=7/7; graph=1.00; api=1.00; const=1.00
0x004d328c,0x00454a2b,1.0000,0.6706,twin; mutual; seq=1.00 ngram=1.00; size=158/158; calls=1/1; graph=1.00; const=1.00
0x0046bb29,0x00486348,1.0000,0.6707,twin; mutual; seq=1.00 ngram=1.00; size=125/125; calls=2/2; graph=1.00; api=1.00; const=1.00
0x0046c4b5,0x00439172,1.0000,0.6715,twin; mutual; seq=1.00 ngram=1.00; size=150/150; calls=0/0; graph=1.00; const=1.00
0x0047865c,0x004867ca,1.0000,0.6715,twin; mutual; seq=1.00 ngram=1.00; size=151/151; calls=0/0; graph=1.00; const=1.00
0x004a7d05,0x00469b05,1.0000,0.6739,twin; mutual; seq=1.00 ngram=1.00; size=311/311; calls=1/1; graph=1.00; const=1.00
0x004ff5c6,0x00480806,1.0000,0.6742,twin; mutual; seq=1.00 ngram=1.00; size=2001/2001; calls=60/60; graph=1.00; api=1.00; const=1.00
0x004b6da5,0x0044826e,1.0000,0.6784,twin; mutual; seq=1.00 ngram=1.00; size=150/150; calls=3/3; graph=1.00; api=1.00; const=1.00
0x004cbda9,0x00450869,1.0000,0.6797,twin; mutual; seq=1.00 ngram=1.00; size=44/44; calls=0/0; const=1.00
0x004cd1d1,0x00451c8e,1.0000,0.6811,twin; mutual; seq=1.00 ngram=1.00; size=61/61; calls=1/1
0x004e6978,0x004680fc,1.0000,0.6815,twin; mutual; seq=1.00 ngram=1.00; size=52/52; calls=0/0; graph=1.00; const=1.00
0x004b65bf,0x00447a88,1.0000,0.6827,twin; mutual; seq=1.00 ngram=1.00; size=100/100; calls=2/2; graph=1.00; const=1.00
0x004604e2,0x00413269,1.0000,0.6841,twin; mutual; seq=1.00 ngram=1.00; size=258/258; calls=3/3; graph=1.00; const=1.00
0x0050bba0,0x00486c90,1.0000,0.6851,twin; mutual; seq=1.00 ngram=1.00; size=310/310; calls=10/10; graph=1.00; api=1.00; str=1.00; const=1.00
0x004efa20,0x004b289b,1.0000,0.6864,twin; mutual; seq=1.00 ngram=1.00; size=154/154; calls=4/4; graph=1.00; api=1.00; const=1.00
0x004b34fe,0x004449cf,1.0000,0.6872,twin; mutual; seq=1.00 ngram=1.00; size=182/182; calls=6/6; graph=1.00; api=1.00; const=1.00
0x00475c61,0x0048e302,1.0000,0.6892,twin; mutual; seq=1.00 ngram=1.00; size=41/41; calls=0/0; graph=1.00
0x004b650c,0x004479d5,1.0000,0.6936,twin; mutual; seq=1.00 ngram=1.00; size=161/161; calls=3/3; graph=1.00; api=1.00; const=1.00
0x004e0e60,0x004625ed,1.0000,0.6958,twin; mutual; seq=1.00 ngram=1.00; size=368/368; calls=3/3; graph=1.00; const=1.00
0x004ef970,0x004b27eb,1.0000,0.6966,twin; mutual; seq=1.00 ngram=1.00; size=171/171; calls=4/4; graph=1.00; api=1.00; const=1.00
0x00467880,0x004820b0,1.0000,0.6974,twin; mutual; seq=1.00 ngram=1.00; size=287/287; calls=10/10; graph=1.00; api=1.00; str=1.00; const=1.00
0x004e66b3,0x00467e37,1.0000,0.6980,twin; mutual; seq=1.00 ngram=1.00; size=184/184; calls=1/1; graph=1.00; const=1.00
0x0046bc2f,0x0048644e,1.0000,0.6982,twin; mutual; seq=1.00 ngram=1.00; size=99/99; calls=3/3; graph=1.00; api=1.00; const=1.00
0x004cd198,0x00451c55,1.0000,0.7005,twin; mutual; seq=1.00 ngram=1.00; size=57/57; calls=2/2; graph=1.00
0x004e1c8c,0x00463419,1.0000,0.7020,twin; mutual; seq=1.00 ngram=1.00; size=266/266; calls=1/1; graph=1.00; const=1.00
0x004d31a9,0x00454948,1.0000,0.7034,twin; mutual; seq=1.00 ngram=1.00; size=128/128; calls=0/0; const=1.00
0x0046c6e5,0x004393a2,1.0000,0.7046,twin; mutual; seq=1.00 ngram=1.00; size=372/372; calls=1/1; graph=1.00; api=1.00; const=1.00
0x004d6c43,0x004583e0,1.0000,0.7098,twin; mutual; seq=1.00 ngram=1.00; size=319/319; calls=5/5; graph=1.00; const=1.00
0x00474d1e,0x0048d3bf,1.0000,0.7112,twin; mutual; seq=1.00 ngram=1.00; size=44/44; calls=0/0; graph=1.00; const=1.00
0x004ab1ef,0x004305ae,1.0000,0.7112,twin; mutual; seq=1.00 ngram=1.00; size=37/37; calls=0/0; graph=1.00; const=1.00
0x00409052,0x00436a52,1.0000,0.7122,twin; mutual; seq=1.00 ngram=1.00; size=164/164; calls=3/3; graph=1.00; api=1.00; const=1.00
0x004aaaea,0x0042fea9,1.0000,0.7133,twin; mutual; seq=1.00 ngram=1.00; size=631/631; calls=25/25; graph=1.00; const=1.00
0x004e67e1,0x00467f65,1.0000,0.7138,twin; mutual; seq=1.00 ngram=1.00; size=186/186; calls=1/1; graph=1.00; const=1.00
0x004e676b,0x00467eef,1.0000,0.7152,twin; mutual; seq=1.00 ngram=1.00; size=118/118; calls=0/0; graph=1.00; const=1.00
0x004e689b,0x0046801f,1.0000,0.7152,twin; mutual; seq=1.00 ngram=1.00; size=120/120; calls=0/0; graph=1.00; const=1.00
0x004de05f,0x0045f7f1,1.0000,0.7171,twin; mutual; seq=1.00 ngram=1.00; size=84/84; calls=0/0; const=1.00
0x004b613b,0x00447604,1.0000,0.7232,twin; mutual; seq=1.00 ngram=1.00; size=108/108; calls=2/2; graph=1.00; const=1.00
0x004cbc65,0x00450725,1.0000,0.7241,twin; mutual; seq=1.00 ngram=1.00; size=106/106; calls=1/1; const=1.00
0x0041d019,0x004aee02,1.0000,0.7256,twin; mutual; seq=1.00 ngram=1.00; size=402/402; calls=3/3; graph=1.00; const=1.00
0x004d0965,0x004a2a2f,1.0000,0.7279,twin; mutual; seq=1.00 ngram=1.00; size=88/88; calls=3/3; graph=1.00; api=1.00; const=1.00
0x004d09bd,0x004a2a87,1.0000,0.7279,twin; mutual; seq=1.00 ngram=1.00; size=112/112; calls=3/3; graph=1.00; api=1.00; const=1.00
0x004b70fe,0x004485c7,1.0000,0.7292,twin; mutual; seq=1.00 ngram=1.00; size=140/140; calls=4/4; graph=1.00; api=1.00; const=1.00
0x004a7bcd,0x004699cd,1.0000,0.7310,twin; mutual; seq=1.00 ngram=1.00; size=312/312; calls=1/1; graph=1.00; const=1.00
0x004528c0,0x0047a090,1.0000,0.7346,twin; mutual; seq=1.00 ngram=1.00; size=494/494; calls=3/3; graph=1.00; const=1.00
0x00496332,0x0043860c,1.0000,0.7351,twin; mutual; seq=1.00 ngram=1.00; size=37/37; calls=0/0; graph=1.00
0x0046bbab,0x004863ca,1.0000,0.7354,twin; mutual; seq=1.00 ngram=1.00; size=127/127; calls=3/3; graph=1.00; api=1.00; const=1.00
0x00427bcb,0x0044fe36,1.0000,0.7361,twin; mutual; seq=1.00 ngram=1.00; size=619/619; calls=19/19; graph=1.00; api=1.00; const=1.00
0x004cc97e,0x0045143b,1.0000,0.7370,twin; mutual; seq=1.00 ngram=1.00; size=71/71; calls=2/2; graph=1.00
0x004cfd68,0x004a1e30,1.0000,0.7383,twin; mutual; seq=1.00 ngram=1.00; size=229/229; calls=3/3; graph=1.00; api=1.00; const=1.00
0x004b6ba8,0x00448071,1.0000,0.7414,twin; mutual; seq=1.00 ngram=1.00; size=179/179; calls=4/4; graph=1.00; api=1.00; const=1.00
0x004e2101,0x0046388d,1.0000,0.7430,twin; mutual; seq=1.00 ngram=1.00; size=433/433; calls=2/2; graph=1.00; const=1.00
0x004cc1e8,0x00450ca8,1.0000,0.7433,twin; mutual; seq=1.00 ngram=1.00; size=110/110; calls=0/0; str=1.00; const=1.00
0x004d3fa1,0x00455740,1.0000,0.7447,twin; mutual; seq=1.00 ngram=1.00; size=248/248; calls=0/0; const=1.00
0x004d4099,0x00455838,1.0000,0.7447,twin; mutual; seq=1.00 ngram=1.00; size=373/373; calls=0/0; const=1.00
0x004603b5,0x0041313c,1.0000,0.7457,twin; mutual; seq=1.00 ngram=1.00; size=301/301; calls=2/2; graph=1.00; const=1.00
0x004e580d,0x00466f91,1.0000,0.7467,twin; mutual; seq=1.00 ngram=1.00; size=287/287; calls=2/2; graph=1.00; const=1.00
0x0046746c,0x0041a1eb,1.0000,0.7476,twin; mutual; seq=1.00 ngram=1.00; size=288/288; calls=3/3; graph=1.00; const=1.00
0x004ecee0,0x004afd50,1.0000,0.7478,twin; mutual; seq=1.00 ngram=1.00; size=180/180; calls=5/5; graph=1.00; api=1.00; str=1.00; const=1.00
0x004f0597,0x004010b7,1.0000,0.7486,twin; mutual; seq=1.00 ngram=1.00; size=46/46; calls=1/1; graph=1.00; api=1.00
0x00471ca4,0x0048a3b1,1.0000,0.7516,twin; mutual; seq=1.00 ngram=1.00; size=114/114; calls=0/0; const=1.00
0x00474428,0x0048cac9,1.0000,0.7524,twin; mutual; seq=1.00 ngram=1.00; size=182/182; calls=0/0; graph=1.00; const=1.00
0x004744de,0x0048cb7f,1.0000,0.7524,twin; mutual; seq=1.00 ngram=1.00; size=170/170; calls=0/0; graph=1.00; const=1.00
0x004cc814,0x004512d1,1.0000,0.7559,twin; mutual; seq=1.00 ngram=1.00; size=107/107; calls=2/2; graph=1.00
0x0043b6eb,0x004ce4f0,1.0000,0.7571,twin; mutual; seq=1.00 ngram=1.00; size=99/99; calls=2/2; graph=1.00; str=1.00; const=1.00
0x00411753,0x004a3593,1.0000,0.7584,twin; mutual; seq=1.00 ngram=1.00; size=341/341; calls=1/1; graph=1.00; const=1.00
0x004f8672,0x00402cc1,1.0000,0.7598,twin; mutual; seq=1.00 ngram=1.00; size=572/572; calls=4/4; graph=1.00; str=1.00; const=1.00
0x0045f489,0x00412211,1.0000,0.7608,twin; mutual; seq=1.00 ngram=1.00; size=38/38; calls=1/1; graph=1.00
0x00413a32,0x004a586e,1.0000,0.7618,twin; mutual; seq=1.00 ngram=1.00; size=376/376; calls=1/1; graph=1.00; const=1.00
0x00411201,0x004a3041,1.0000,0.7619,twin; mutual; seq=1.00 ngram=1.00; size=269/269; calls=1/1; graph=1.00; const=1.00
0x004a7e3c,0x00469c3c,1.0000,0.7619,twin; mutual; seq=1.00 ngram=1.00; size=238/238; calls=1/1; graph=1.00; const=1.00
0x00415080,0x004a6ebb,1.0000,0.7634,twin; mutual; seq=1.00 ngram=1.00; size=126/126; calls=2/2; graph=1.00; const=1.00
0x004e70ad,0x00468831,1.0000,0.7643,twin; mutual; seq=1.00 ngram=1.00; size=300/300; calls=1/1; graph=1.00; const=1.00
0x00417a57,0x004a9892,1.0000,0.7671,twin; mutual; seq=1.00 ngram=1.00; size=178/178; calls=1/1; graph=1.00; const=1.00
0x00417bb9,0x004a99f4,1.0000,0.7671,twin; mutual; seq=1.00 ngram=1.00; size=221/221; calls=1/1; graph=1.00; const=1.00
0x0050c82b,0x00487924,1.0000,0.7671,twin; mutual; seq=1.00 ngram=1.00; size=41/41; calls=1/1; graph=1.00
0x004150fe,0x004a6f39,1.0000,0.7714,twin; mutual; seq=1.00 ngram=1.00; size=412/412; calls=5/5; graph=1.00; str=1.00; const=1.00
0x004770bc,0x004b6eac,1.0000,0.7764,twin; mutual; seq=1.00 ngram=1.00; size=318/318; calls=9/9; graph=1.00; api=1.00
0x004cb2d0,0x00431fe0,1.0000,0.7786,twin; mutual; seq=1.00 ngram=1.00; size=21/21; calls=0/0; graph=1.00
0x004d2f6c,0x0045470b,1.0000,0.7810,twin; mutual; seq=1.00 ngram=1.00; size=322/322; calls=0/0; graph=1.00; const=1.00
0x0044ba83,0x004b9523,1.0000,0.7817,twin; mutual; seq=1.00 ngram=1.00; size=81/81; calls=2/2; graph=1.00; api=1.00
0x004e69ac,0x00468130,1.0000,0.7822,twin; mutual; seq=1.00 ngram=1.00; size=300/300; calls=1/1; graph=1.00; const=1.00
0x004e6add,0x00468261,1.0000,0.7859,twin; mutual; seq=1.00 ngram=1.00; size=285/285; calls=0/0; graph=1.00; const=1.00
0x00478763,0x004868d1,1.0000,0.7864,twin; mutual; seq=1.00 ngram=1.00; size=236/236; calls=3/3; graph=1.00; api=1.00; const=1.00
0x0042f690,0x004c2495,1.0000,0.7904,twin; mutual; seq=1.00 ngram=1.00; size=249/249; calls=1/1; graph=1.00; const=1.00
0x00432f70,0x004c5d78,1.0000,0.7904,twin; mutual; seq=1.00 ngram=1.00; size=231/231; calls=1/1; graph=1.00; const=1.00
0x004b1974,0x00442e3c,1.0000,0.7935,twin; mutual; seq=1.00 ngram=1.00; size=87/87; calls=1/1; api=1.00; const=1.00
0x004b1b38,0x00443000,1.0000,0.7935,twin; mutual; seq=1.00 ngram=1.00; size=94/94; calls=1/1; api=1.00; const=1.00
0x00401d23,0x00490228,1.0000,0.8000,twin; mutual; seq=1.00 ngram=1.00; size=11/11; calls=0/0; graph=1.00
0x00409cb2,0x004376c0,1.0000,0.8000,twin; mutual; seq=1.00 ngram=1.00; size=74/74; calls=0/0; graph=1.00
0x004280cf,0x0045033a,1.0000,0.8000,twin; mutual; seq=1.00 ngram=1.00; size=19/19; calls=0/0; graph=1.00
0x00452ab3,0x0047a283,1.0000,0.8000,twin; mutual; seq=1.00 ngram=1.00; size=38/38; calls=1/1; graph=1.00
0x00456d36,0x00409ac6,1.0000,0.8000,twin; mutual; seq=1.00 ngram=1.00; size=38/38; calls=1/1; graph=1.00
0x0045e40a,0x00411196,1.0000,0.8000,twin; mutual; seq=1.00 ngram=1.00; size=38/38; calls=1/1; graph=1.00
0x0045f43d,0x004121c5,1.0000,0.8000,twin; mutual; seq=1.00 ngram=1.00; size=38/38; calls=1/1; graph=1.00
0x00474d0e,0x0048d3af,1.0000,0.8000,twin; mutual; seq=1.00 ngram=1.00; size=16/16; calls=1/1; graph=1.00
0x00496d20,0x004b926e,1.0000,0.8000,twin; mutual; seq=1.00 ngram=1.00; size=16/16; calls=1/1; graph=1.00
0x004ab510,0x004308cf,1.0000,0.8000,twin; mutual; seq=1.00 ngram=1.00; size=21/21; calls=0/0; graph=1.00
0x004b1406,0x004428c2,1.0000,0.8000,twin; mutual; seq=1.00 ngram=1.00; size=16/16; calls=0/0; graph=1.00
0x004b542d,0x004468f5,1.0000,0.8000,twin; mutual; seq=1.00 ngram=1.00; size=16/16; calls=0/0; graph=1.00
0x004b543d,0x00446905,1.0000,0.8000,twin; mutual; seq=1.00 ngram=1.00; size=16/16; calls=0/0; graph=1.00
0x004cc87f,0x0045133c,1.0000,0.8000,twin; mutual; seq=1.00 ngram=1.00; size=95/95; calls=2/2; graph=1.00
0x004cc8de,0x0045139b,1.0000,0.8000,twin; mutual; seq=1.00 ngram=1.00; size=95/95; calls=2/2; graph=1.00
0x0050ce18,0x004d95f6,1.0000,0.8000,twin; mutual; seq=1.00 ngram=1.00; size=6/6; calls=1/1; graph=1.00
0x0050ce66,0x004d910a,1.0000,0.8000,twin; mutual; seq=1.00 ngram=1.00; size=6/6; calls=1/1; graph=1.00
0x004e6dcc,0x00468550,1.0000,0.8004,twin; mutual; seq=1.00 ngram=1.00; size=300/300; calls=1/1; graph=1.00; const=1.00
0x004d2d28,0x004544c7,1.0000,0.8018,twin; mutual; seq=1.00 ngram=1.00; size=258/258; calls=0/0; const=1.00
0x00423b57,0x0043da45,1.0000,0.8028,twin; mutual; seq=1.00 ngram=1.00; size=60/60; calls=0/0; graph=1.00; const=1.00
0x004f6060,0x00472ea0,1.0000,0.8051,twin; mutual; seq=1.00 ngram=1.00; size=278/278; calls=0/0; graph=1.00; const=1.00
0x00452f53,0x0047a723,1.0000,0.8062,twin; mutual; seq=1.00 ngram=1.00; size=42/42; calls=1/1; graph=1.00; const=1.00
0x00452ffb,0x0047a7cb,1.0000,0.8062,twin; mutual; seq=1.00 ngram=1.00; size=42/42; calls=1/1; graph=1.00; const=1.00
0x00452fa7,0x0047a777,1.0000,0.8065,twin; mutual; seq=1.00 ngram=1.00; size=42/42; calls=1/1; graph=1.00; const=1.00
0x004ad77b,0x0043ec34,1.0000,0.8085,twin; mutual; seq=1.00 ngram=1.00; size=77/77; calls=3/3; graph=1.00
0x004ae716,0x0043fbce,1.0000,0.8085,twin; mutual; seq=1.00 ngram=1.00; size=99/99; calls=4/4; graph=1.00
0x004f5f20,0x00472d60,1.0000,0.8086,twin; mutual; seq=1.00 ngram=1.00; size=305/305; calls=0/0; graph=1.00; const=1.00
0x00416cda,0x004a8b15,1.0000,0.8088,twin; mutual; seq=1.00 ngram=1.00; size=92/92; calls=2/2; graph=1.00; const=1.00
0x004f8295,0x004028e4,1.0000,0.8088,twin; mutual; seq=1.00 ngram=1.00; size=140/140; calls=3/3; graph=1.00; const=1.00
0x00418c59,0x004aaa93,1.0000,0.8095,twin; mutual; seq=1.00 ngram=1.00; size=209/209; calls=0/0; graph=1.00; const=1.00
0x00423bf4,0x0043dae2,1.0000,0.8095,twin; mutual; seq=1.00 ngram=1.00; size=69/69; calls=0/0; graph=1.00; const=1.00
0x00423c82,0x0043db70,1.0000,0.8095,twin; mutual; seq=1.00 ngram=1.00; size=65/65; calls=0/0; graph=1.00; const=1.00
0x00452ad9,0x0047a2a9,1.0000,0.8095,twin; mutual; seq=1.00 ngram=1.00; size=38/38; calls=1/1; graph=1.00; const=1.00
0x00452aff,0x0047a2cf,1.0000,0.8095,twin; mutual; seq=1.00 ngram=1.00; size=38/38; calls=1/1; graph=1.00; const=1.00
0x00452b25,0x0047a2f5,1.0000,0.8095,twin; mutual; seq=1.00 ngram=1.00; size=38/38; calls=1/1; graph=1.00; const=1.00
0x00452b4b,0x0047a31b,1.0000,0.8095,twin; mutual; seq=1.00 ngram=1.00; size=38/38; calls=1/1; graph=1.00; const=1.00
0x00456d10,0x00409aa0,1.0000,0.8095,twin; mutual; seq=1.00 ngram=1.00; size=38/38; calls=1/1; graph=1.00; const=1.00
0x00456d5c,0x00409aec,1.0000,0.8095,twin; mutual; seq=1.00 ngram=1.00; size=38/38; calls=1/1; graph=1.00; const=1.00
0x00456d82,0x00409b12,1.0000,0.8095,twin; mutual; seq=1.00 ngram=1.00; size=38/38; calls=1/1; graph=1.00; const=1.00
0x00456da8,0x00409b38,1.0000,0.8095,twin; mutual; seq=1.00 ngram=1.00; size=38/38; calls=1/1; graph=1.00; const=1.00
0x0045e372,0x004110fe,1.0000,0.8095,twin; mutual; seq=1.00 ngram=1.00; size=38/38; calls=1/1; graph=1.00; const=1.00
0x0045e398,0x00411124,1.0000,0.8095,twin; mutual; seq=1.00 ngram=1.00; size=38/38; calls=1/1; graph=1.00; const=1.00
0x0045e3be,0x0041114a,1.0000,0.8095,twin; mutual; seq=1.00 ngram=1.00; size=38/38; calls=1/1; graph=1.00; const=1.00
0x0045e3e4,0x00411170,1.0000,0.8095,twin; mutual; seq=1.00 ngram=1.00; size=38/38; calls=1/1; graph=1.00; const=1.00
0x0045f3cb,0x00412153,1.0000,0.8095,twin; mutual; seq=1.00 ngram=1.00; size=38/38; calls=1/1; graph=1.00; const=1.00
0x0045f3f1,0x00412179,1.0000,0.8095,twin; mutual; seq=1.00 ngram=1.00; size=38/38; calls=1/1; graph=1.00; const=1.00
0x0045f417,0x0041219f,1.0000,0.8095,twin; mutual; seq=1.00 ngram=1.00; size=38/38; calls=1/1; graph=1.00; const=1.00
0x0045f463,0x004121eb,1.0000,0.8095,twin; mutual; seq=1.00 ngram=1.00; size=38/38; calls=1/1; graph=1.00; const=1.00
0x00464b4e,0x004178ca,1.0000,0.8095,twin; mutual; seq=1.00 ngram=1.00; size=38/38; calls=1/1; graph=1.00; const=1.00
0x004b75a4,0x00448a6d,1.0000,0.8095,twin; mutual; seq=1.00 ngram=1.00; size=52/52; calls=2/2; graph=1.00; api=1.00
0x004b7629,0x00448af2,1.0000,0.8095,twin; mutual; seq=1.00 ngram=1.00; size=52/52; calls=2/2; graph=1.00; api=1.00
0x004b6623,0x00447aec,1.0000,0.8111,twin; mutual; seq=1.00 ngram=1.00; size=115/115; calls=2/2; graph=1.00; const=1.00
0x00452e81,0x0047a651,1.0000,0.8119,twin; mutual; seq=1.00 ngram=1.00; size=42/42; calls=1/1; graph=1.00; const=1.00
0x00452ed5,0x0047a6a5,1.0000,0.8119,twin; mutual; seq=1.00 ngram=1.00; size=42/42; calls=1/1; graph=1.00; const=1.00
0x00452f29,0x0047a6f9,1.0000,0.8119,twin; mutual; seq=1.00 ngram=1.00; size=42/42; calls=1/1; graph=1.00; const=1.00
0x004e7300,0x00468a84,1.0000,0.8120,twin; mutual; seq=1.00 ngram=1.00; size=142/142; calls=2/2; graph=1.00; const=1.00
0x0043c250,0x004cf054,1.0000,0.8163,twin; mutual; seq=1.00 ngram=1.00; size=55/55; calls=2/2; graph=1.00; const=1.00
0x00452eab,0x0047a67b,1.0000,0.8166,twin; mutual; seq=1.00 ngram=1.00; size=42/42; calls=1/1; graph=1.00; const=1.00
0x00452eff,0x0047a6cf,1.0000,0.8166,twin; mutual; seq=1.00 ngram=1.00; size=42/42; calls=1/1; graph=1.00; const=1.00
0x0046c54b,0x00439208,1.0000,0.8168,twin; mutual; seq=1.00 ngram=1.00; size=235/235; calls=3/3; graph=1.00; api=1.00; const=1.00
0x0041872f,0x004aa569,1.0000,0.8173,twin; mutual; seq=1.00 ngram=1.00; size=86/86; calls=1/1; graph=1.00; const=1.00
0x0043b1d7,0x004cdfdd,1.0000,0.8173,twin; mutual; seq=1.00 ngram=1.00; size=77/77; calls=1/1; graph=1.00; const=1.00
0x00409c73,0x00437681,1.0000,0.8182,twin; mutual; seq=1.00 ngram=1.00; size=63/63; calls=1/1; graph=1.00; api=1.00; const=1.00
0x0047d3cf,0x0049a93a,1.0000,0.8182,twin; mutual; seq=1.00 ngram=1.00; size=63/63; calls=1/1; graph=1.00; api=1.00; const=1.00
0x0043c1ab,0x004cefaf,1.0000,0.8185,twin; mutual; seq=1.00 ngram=1.00; size=55/55; calls=2/2; graph=1.00; const=1.00
0x00452f7d,0x0047a74d,1.0000,0.8187,twin; mutual; seq=1.00 ngram=1.00; size=42/42; calls=1/1; graph=1.00; const=1.00
0x00452fd1,0x0047a7a1,1.0000,0.8187,twin; mutual; seq=1.00 ngram=1.00; size=42/42; calls=1/1; graph=1.00; const=1.00
0x0043c219,0x004cf01d,1.0000,0.8211,twin; mutual; seq=1.00 ngram=1.00; size=55/55; calls=2/2; graph=1.00; const=1.00
0x0047d85c,0x00493c0c,1.0000,0.8224,twin; mutual; seq=1.00 ngram=1.00; size=548/548; calls=15/15; graph=1.00; api=1.00
0x004cda01,0x0049fac1,1.0000,0.8224,twin; mutual; seq=1.00 ngram=1.00; size=334/334; calls=9/9; graph=1.00; api=1.00
0x0044b9c0,0x004b9460,1.0000,0.8238,twin; mutual; seq=1.00 ngram=1.00; size=195/195; calls=5/5; graph=1.00; api=1.00; const=1.00
0x004f04e0,0x00401000,1.0000,0.8238,twin; mutual; seq=1.00 ngram=1.00; size=183/183; calls=5/5; graph=1.00; api=1.00; const=1.00
0x0043c174,0x004cef78,1.0000,0.8246,twin; mutual; seq=1.00 ngram=1.00; size=55/55; calls=2/2; graph=1.00
0x0043c1e2,0x004cefe6,1.0000,0.8246,twin; mutual; seq=1.00 ngram=1.00; size=55/55; calls=2/2; graph=1.00; const=1.00
0x00499720,0x0041a600,1.0000,0.8254,twin; mutual; seq=1.00 ngram=1.00; size=152/152; calls=4/4; graph=1.00; api=1.00; const=1.00
0x004b74b1,0x0044897a,1.0000,0.8268,twin; mutual; seq=1.00 ngram=1.00; size=73/73; calls=2/2; graph=1.00; api=1.00
0x0041d9d2,0x004af7bb,1.0000,0.8292,twin; mutual; seq=1.00 ngram=1.00; size=106/106; calls=0/0; graph=1.00; const=1.00
0x004efaba,0x004b2935,1.0000,0.8319,twin; mutual; seq=1.00 ngram=1.00; size=129/129; calls=3/3; graph=1.00; api=1.00; const=1.00
0x0043bb94,0x004ce998,1.0000,0.8320,twin; mutual; seq=1.00 ngram=1.00; size=98/98; calls=2/2; graph=1.00; str=1.00; const=1.00
0x0041d963,0x004af74c,1.0000,0.8324,twin; mutual; seq=1.00 ngram=1.00; size=106/106; calls=0/0; graph=1.00; const=1.00
0x004cc49a,0x00450f5a,1.0000,0.8334,twin; mutual; seq=1.00 ngram=1.00; size=71/71; calls=1/1; graph=1.00
0x00479d16,0x00470437,1.0000,0.8356,twin; mutual; seq=1.00 ngram=1.00; size=150/150; calls=3/3; graph=1.00; api=1.00; const=1.00
0x00479dac,0x004704cd,1.0000,0.8356,twin; mutual; seq=1.00 ngram=1.00; size=147/147; calls=3/3; graph=1.00; api=1.00; const=1.00
0x00456dce,0x00409b5e,1.0000,0.8370,twin; mutual; seq=1.00 ngram=1.00; size=347/347; calls=2/2; graph=1.00; const=1.00
0x004611f4,0x00413f72,1.0000,0.8370,twin; mutual; seq=1.00 ngram=1.00; size=412/412; calls=2/2; graph=1.00; const=1.00
0x004cbb04,0x004505c4,1.0000,0.8372,twin; mutual; seq=1.00 ngram=1.00; size=47/47; calls=0/0; graph=1.00; const=1.00
0x00442010,0x004b3360,1.0000,0.8396,twin; mutual; seq=1.00 ngram=1.00; size=145/145; calls=4/4; graph=1.00; api=1.00; const=1.00
0x004cbad0,0x00450590,1.0000,0.8418,twin; mutual; seq=1.00 ngram=1.00; size=52/52; calls=0/0; const=1.00
0x00423bc7,0x0043dab5,1.0000,0.8544,twin; mutual; seq=1.00 ngram=1.00; size=45/45; calls=0/0; graph=1.00; const=1.00
0x0042bee5,0x004bece5,1.0000,0.8559,twin; mutual; seq=1.00 ngram=1.00; size=96/96; calls=2/2; graph=1.00; str=1.00; const=1.00
0x0042bf45,0x004bed45,1.0000,0.8559,twin; mutual; seq=1.00 ngram=1.00; size=96/96; calls=2/2; graph=1.00; str=1.00; const=1.00
0x004179a4,0x004a97df,1.0000,0.8578,twin; mutual; seq=1.00 ngram=1.00; size=179/179; calls=4/4; graph=1.00; const=1.00
0x00417b09,0x004a9944,1.0000,0.8578,twin; mutual; seq=1.00 ngram=1.00; size=176/176; calls=4/4; graph=1.00; const=1.00
0x004b5c4b,0x00447114,1.0000,0.8586,twin; mutual; seq=1.00 ngram=1.00; size=112/112; calls=3/3; graph=1.00; api=1.00; const=1.00
0x004d3144,0x004548e3,1.0000,0.8671,twin; mutual; seq=1.00 ngram=1.00; size=101/101; calls=1/1; graph=1.00; const=1.00
0x004d3229,0x004549c8,1.0000,0.8671,twin; mutual; seq=1.00 ngram=1.00; size=99/99; calls=1/1; graph=1.00; const=1.00
0x004b6356,0x0044781f,1.0000,0.8701,twin; mutual; seq=1.00 ngram=1.00; size=110/110; calls=3/3; graph=1.00; api=1.00; const=1.00
0x004a8fd8,0x0046add8,1.0000,0.8739,twin; mutual; seq=1.00 ngram=1.00; size=351/351; calls=1/1; graph=1.00; const=1.00
0x004e34e4,0x00464c69,1.0000,0.8748,twin; mutual; seq=1.00 ngram=1.00; size=127/127; calls=2/2; graph=1.00; const=1.00
0x004e3563,0x00464ce8,1.0000,0.8748,twin; mutual; seq=1.00 ngram=1.00; size=129/129; calls=2/2; graph=1.00; const=1.00
0x004d78d2,0x0045906f,1.0000,0.8751,twin; mutual; seq=1.00 ngram=1.00; size=212/212; calls=1/1; graph=1.00; const=1.00
0x0043bc58,0x004cea5c,1.0000,0.8755,twin; mutual; seq=1.00 ngram=1.00; size=98/98; calls=2/2; graph=1.00; str=1.00; const=1.00
0x004e191d,0x004630aa,1.0000,0.8759,twin; mutual; seq=1.00 ngram=1.00; size=270/270; calls=2/2; graph=1.00; const=1.00
0x004e1a2b,0x004631b8,1.0000,0.8759,twin; mutual; seq=1.00 ngram=1.00; size=269/269; calls=2/2; graph=1.00; const=1.00
0x00414d99,0x004a6bd4,1.0000,0.8766,twin; mutual; seq=1.00 ngram=1.00; size=448/448; calls=3/3; graph=1.00; str=1.00; const=1.00
0x004ff17f,0x004097cf,1.0000,0.8766,twin; mutual; seq=1.00 ngram=1.00; size=492/492; calls=3/3; graph=1.00; str=1.00; const=1.00
0x0043bbf6,0x004ce9fa,1.0000,0.8780,twin; mutual; seq=1.00 ngram=1.00; size=98/98; calls=2/2; graph=1.00; str=1.00; const=1.00
0x004cc2cc,0x00450d1b,1.0000,0.8793,twin; mutual; seq=1.00 ngram=1.00; size=108/108; calls=0/0; const=1.00
0x004d6d82,0x0045851f,1.0000,0.8796,twin; mutual; seq=1.00 ngram=1.00; size=247/247; calls=1/1; graph=1.00; const=1.00
0x004d777b,0x00458f18,1.0000,0.8796,twin; mutual; seq=1.00 ngram=1.00; size=274/274; calls=1/1; graph=1.00; const=1.00
0x004b756f,0x00448a38,1.0000,0.8798,twin; mutual; seq=1.00 ngram=1.00; size=53/53; calls=2/2; graph=1.00; api=1.00
0x0043ba6e,0x004ce873,1.0000,0.8836,twin; mutual; seq=1.00 ngram=1.00; size=98/98; calls=2/2; graph=1.00; str=1.00; const=1.00
0x0043bad0,0x004ce8d5,1.0000,0.8836,twin; mutual; seq=1.00 ngram=1.00; size=98/98; calls=2/2; graph=1.00; str=1.00; const=1.00
0x00414f59,0x004a6d94,1.0000,0.8856,twin; mutual; seq=1.00 ngram=1.00; size=295/295; calls=2/2; graph=1.00; const=1.00
0x004ff36b,0x004099bb,1.0000,0.8856,twin; mutual; seq=1.00 ngram=1.00; size=228/228; calls=2/2; graph=1.00; const=1.00
0x0041df60,0x0042b2a0,1.0000,0.8862,twin; mutual; seq=1.00 ngram=1.00; size=132/132; calls=2/2; graph=1.00; api=1.00; const=1.00
0x00501ad0,0x0044bd60,1.0000,0.8862,twin; mutual; seq=1.00 ngram=1.00; size=132/132; calls=2/2; graph=1.00; api=1.00; const=1.00
0x004b5967,0x00446e30,1.0000,0.8907,twin; mutual; seq=1.00 ngram=1.00; size=114/114; calls=3/3; graph=1.00; api=1.00; const=1.00
0x004b6e3b,0x00448304,1.0000,0.8909,twin; mutual; seq=1.00 ngram=1.00; size=112/112; calls=3/3; graph=1.00; api=1.00; const=1.00
0x004e701f,0x004687a3,1.0000,0.8914,twin; mutual; seq=1.00 ngram=1.00; size=142/142; calls=2/2; graph=1.00; const=1.00
0x00456218,0x0047d9e8,1.0000,0.8933,twin; mutual; seq=1.00 ngram=1.00; size=477/477; calls=3/3; graph=1.00; const=1.00
0x00423ed6,0x0043ddc4,1.0000,0.8937,twin; mutual; seq=1.00 ngram=1.00; size=58/58; calls=0/0; const=1.00
0x004240ec,0x0043dfda,1.0000,0.8937,twin; mutual; seq=1.00 ngram=1.00; size=55/55; calls=0/0; const=1.00
0x00423b93,0x0043da81,1.0000,0.8980,twin; mutual; seq=1.00 ngram=1.00; size=52/52; calls=0/0; graph=1.00; const=1.00
0x004cc7c5,0x00451282,1.0000,0.9003,twin; mutual; seq=1.00 ngram=1.00; size=79/79; calls=2/2
0x00401c91,0x00490196,1.0000,0.9023,twin; mutual; seq=1.00 ngram=1.00; size=146/146; calls=3/3; graph=1.00; api=1.00; const=1.00
0x004241f0,0x00433e40,1.0000,0.9023,twin; mutual; seq=1.00 ngram=1.00; size=146/146; calls=3/3; graph=1.00; api=1.00; const=1.00
0x0043361c,0x004c6423,1.0000,0.9023,twin; mutual; seq=1.00 ngram=1.00; size=220/220; calls=1/1; const=1.00
0x00433b83,0x004c698a,1.0000,0.9023,twin; mutual; seq=1.00 ngram=1.00; size=223/223; calls=1/1; const=1.00
0x00439d8b,0x004ccb93,1.0000,0.9032,twin; mutual; seq=1.00 ngram=1.00; size=123/123; calls=3/3; graph=1.00; str=1.00; const=1.00
0x0043b74e,0x004ce553,1.0000,0.9032,twin; mutual; seq=1.00 ngram=1.00; size=123/123; calls=3/3; graph=1.00; str=1.00; const=1.00
0x004af5e3,0x00440a9c,1.0000,0.9048,twin; mutual; seq=1.00 ngram=1.00; size=93/93; calls=4/4; graph=1.00; api=1.00
0x004b2260,0x00443727,1.0000,0.9048,twin; mutual; seq=1.00 ngram=1.00; size=93/93; calls=4/4; graph=1.00; api=1.00
0x004b4274,0x0044573a,1.0000,0.9048,twin; mutual; seq=1.00 ngram=1.00; size=93/93; calls=4/4; graph=1.00; api=1.00
0x004b765d,0x00448b26,1.0000,0.9048,twin; mutual; seq=1.00 ngram=1.00; size=73/73; calls=2/2; graph=1.00; api=1.00
0x004b8da0,0x0044a267,1.0000,0.9048,twin; mutual; seq=1.00 ngram=1.00; size=93/93; calls=4/4; graph=1.00; api=1.00
0x004ffe82,0x004810c1,1.0000,0.9048,twin; mutual; seq=1.00 ngram=1.00; size=93/93; calls=4/4; graph=1.00; api=1.00
0x004b682f,0x00447cf8,1.0000,0.9062,twin; mutual; seq=1.00 ngram=1.00; size=132/132; calls=3/3; graph=1.00; api=1.00; const=1.00
0x00457979,0x0040a70a,1.0000,0.9091,twin; mutual; seq=1.00 ngram=1.00; size=566/566; calls=1/1; graph=1.00; const=1.00
0x004b5b6f,0x00447038,1.0000,0.9091,twin; mutual; seq=1.00 ngram=1.00; size=110/110; calls=3/3; graph=1.00; api=1.00; const=1.00
0x004b63c4,0x0044788d,1.0000,0.9091,twin; mutual; seq=1.00 ngram=1.00; size=110/110; calls=3/3; graph=1.00; api=1.00; const=1.00
0x0042baae,0x004be8ae,1.0000,0.9093,twin; mutual; seq=1.00 ngram=1.00; size=64/64; calls=0/0; const=1.00
0x0042baee,0x004be8ee,1.0000,0.9093,twin; mutual; seq=1.00 ngram=1.00; size=64/64; calls=0/0; const=1.00
0x004de0b3,0x0045f845,1.0000,0.9122,twin; mutual; seq=1.00 ngram=1.00; size=77/77; calls=1/1; graph=1.00; const=1.00
0x004cc053,0x00450b13,1.0000,0.9156,twin; mutual; seq=1.00 ngram=1.00; size=111/111; calls=0/0; const=1.00
0x004cc25b,0x00450d8c,1.0000,0.9156,twin; mutual; seq=1.00 ngram=1.00; size=108/108; calls=0/0; const=1.00
0x004cd14f,0x00451c0c,1.0000,0.9213,twin; mutual; seq=1.00 ngram=1.00; size=73/73; calls=2/2
0x0045d842,0x004105cf,1.0000,0.9215,twin; mutual; seq=1.00 ngram=1.00; size=77/77; calls=1/1; graph=1.00; const=1.00
0x0045e1fc,0x00410f89,1.0000,0.9251,twin; mutual; seq=1.00 ngram=1.00; size=169/169; calls=0/0; const=1.00
0x004563fa,0x0047dbca,1.0000,0.9274,twin; mutual; seq=1.00 ngram=1.00; size=339/339; calls=4/4; graph=1.00; const=1.00
0x004565d7,0x0047dda7,1.0000,0.9274,twin; mutual; seq=1.00 ngram=1.00; size=339/339; calls=4/4; graph=1.00; const=1.00
0x0045d88f,0x0041061c,1.0000,0.9299,twin; mutual; seq=1.00 ngram=1.00; size=77/77; calls=1/1; graph=1.00; const=1.00
0x004d7b68,0x00459305,1.0000,0.9299,twin; mutual; seq=1.00 ngram=1.00; size=77/77; calls=1/1; graph=1.00; const=1.00
0x004cc455,0x00450f15,1.0000,0.9334,twin; mutual; seq=1.00 ngram=1.00; size=69/69; calls=1/1; graph=1.00
0x004b6d35,0x004481fe,1.0000,0.9355,twin; mutual; seq=1.00 ngram=1.00; size=112/112; calls=3/3; graph=1.00; api=1.00; const=1.00
0x004249a8,0x0044cbf8,1.0000,0.9429,twin; mutual; seq=1.00 ngram=1.00; size=118/118; calls=3/3; graph=1.00; api=1.00
0x0046458f,0x00417308,1.0000,0.9436,twin; mutual; seq=1.00 ngram=1.00; size=404/404; calls=0/0; const=1.00
0x00464fcd,0x00417d49,1.0000,0.9436,twin; mutual; seq=1.00 ngram=1.00; size=408/408; calls=0/0; const=1.00
0x004b59d9,0x00446ea2,1.0000,0.9545,twin; mutual; seq=1.00 ngram=1.00; size=109/109; calls=3/3; graph=1.00; api=1.00; const=1.00
0x0044e844,0x00485cf5,1.0000,0.9588,twin; mutual; seq=1.00 ngram=1.00; size=32/32; calls=1/1
0x004d2e2a,0x004545c9,1.0000,0.9647,twin; mutual; seq=1.00 ngram=1.00; size=322/322; calls=0/0; const=1.00
0x004fdd4b,0x0040839a,1.0000,0.9649,twin; mutual; seq=1.00 ngram=1.00; size=237/237; calls=3/3; graph=1.00; const=1.00
0x004fdf72,0x004085c1,1.0000,0.9649,twin; mutual; seq=1.00 ngram=1.00; size=237/237; calls=3/3; graph=1.00; const=1.00
0x004aad61,0x00430120,1.0000,0.9650,twin; mutual; seq=1.00 ngram=1.00; size=583/583; calls=22/22; graph=1.00; const=1.00
0x004aafa8,0x00430367,1.0000,0.9650,twin; mutual; seq=1.00 ngram=1.00; size=583/583; calls=22/22; graph=1.00; const=1.00
0x004e71de,0x00468962,1.0000,0.9668,twin; mutual; seq=1.00 ngram=1.00; size=285/285; calls=0/0; const=1.00
0x004d374d,0x00454eec,1.0000,0.9670,twin; mutual; seq=1.00 ngram=1.00; size=528/528; calls=1/1; graph=1.00; const=1.00
0x004f88ae,0x00402efd,1.0000,0.9695,twin; mutual; seq=1.00 ngram=1.00; size=237/237; calls=3/3; graph=1.00; const=1.00
0x004f9510,0x00403b5f,1.0000,0.9695,twin; mutual; seq=1.00 ngram=1.00; size=237/237; calls=3/3; graph=1.00; const=1.00
0x004e6efd,0x00468681,1.0000,0.9708,twin; mutual; seq=1.00 ngram=1.00; size=285/285; calls=0/0; const=1.00
0x004f95fd,0x00403c4c,1.0000,0.9761,twin; mutual; seq=1.00 ngram=1.00; size=314/314; calls=4/4; graph=1.00; const=1.00
0x004fde38,0x00408487,1.0000,0.9761,twin; mutual; seq=1.00 ngram=1.00; size=314/314; calls=4/4; graph=1.00; const=1.00
0x00477d73,0x004b7b63,0.9999,0.2636,twin; mutual; seq=1.00 ngram=1.00; size=1008/1009; calls=38/38; graph=1.00; api=1.00; const=1.00
0x004b7de8,0x004492ad,0.9999,0.3792,twin; mutual; seq=1.00 ngram=1.00; size=1277/1276; calls=46/46; graph=1.00; api=1.00; str=1.00; const=1.00
0x00501b54,0x0044bde4,0.9999,0.4894,twin; mutual; seq=1.00 ngram=1.00; size=1002/1003; calls=24/24; graph=1.00; api=1.00; str=1.00; const=1.00
0x004a69c8,0x004b8899,0.9998,0.2485,twin; mutual; seq=1.00 ngram=1.00; size=845/846; calls=3/3; graph=1.00; api=1.00; const=1.00
0x004f41e7,0x00471035,0.9998,0.3631,twin; mutual; seq=1.00 ngram=1.00; size=795/794; calls=16/16; graph=1.00; api=1.00; const=1.00
0x004ace3a,0x0043e2fa,0.9998,0.4471,twin; mutual; seq=1.00 ngram=1.00; size=2167/2163; calls=74/74; graph=1.00; api=1.00; str=1.00; const=1.00
0x004a0466,0x004241e8,0.9998,0.5102,twin; mutual; seq=1.00 ngram=1.00; size=548/547; calls=19/19; graph=1.00; api=1.00; const=1.00
0x004455e3,0x004b6982,0.9998,0.6100,twin; mutual; seq=1.00 ngram=1.00; size=704/705; calls=23/23; graph=1.00; api=1.00; str=1.00; const=1.00
0x00452276,0x004d7946,0.9997,0.3601,twin; mutual; seq=1.00 ngram=1.00; size=391/390; calls=5/5; graph=1.00; api=1.00; const=1.00
0x004a023a,0x00423fbd,0.9996,0.4579,twin; mutual; seq=1.00 ngram=1.00; size=344/343; calls=17/17; graph=1.00; api=1.00; const=1.00
0x0043001d,0x004c2e23,0.9996,0.4770,twin; mutual; seq=1.00 ngram=1.00; size=407/408; calls=1/1; graph=1.00; const=1.00
0x004a00d1,0x00423e55,0.9996,0.5743,twin; mutual; seq=1.00 ngram=1.00; size=361/360; calls=17/17; graph=1.00; api=1.00; const=1.00
0x004788e0,0x00486a4e,0.9996,0.7043,twin; mutual; seq=1.00 ngram=1.00; size=374/373; calls=1/1; graph=1.00; api=1.00; const=1.00
0x0040d949,0x0049b309,0.9995,0.2421,twin; mutual; seq=1.00 ngram=1.00; size=892/895; calls=0/0; graph=1.00; const=1.00
0x004ef05f,0x004b1ed2,0.9995,0.3344,twin; mutual; seq=1.00 ngram=1.00; size=252/253; calls=1/1; graph=1.00; api=1.00; const=1.00
0x004088d0,0x00491ef3,0.9995,0.3435,twin; mutual; seq=1.00 ngram=1.00; size=1068/1064; calls=24/24; graph=1.00; api=1.00; const=1.00
0x004966a0,0x004b8bf0,0.9995,0.3866,twin; mutual; seq=1.00 ngram=1.00; size=304/303; calls=1/1; graph=1.00; const=1.00
0x0046ba19,0x00486239,0.9995,0.4392,twin; mutual; seq=1.00 ngram=1.00; size=272/271; calls=14/14; graph=1.00; api=1.00; str=1.00; const=1.00
0x004f40e6,0x00470f35,0.9995,0.5692,twin; mutual; seq=1.00 ngram=1.00; size=257/256; calls=9/9; graph=1.00; api=1.00; str=1.00; const=1.00
0x0047c640,0x00499ba0,0.9995,0.8133,twin; mutual; seq=1.00 ngram=1.00; size=244/243; calls=7/7; graph=1.00; api=1.00; str=1.00; const=1.00
0x004f5107,0x00471f45,0.9994,0.4641,twin; mutual; seq=1.00 ngram=1.00; size=974/978; calls=49/49; graph=1.00; api=1.00; const=1.00
0x0041dfe4,0x0042b324,0.9994,0.5017,twin; mutual; seq=1.00 ngram=1.00; size=874/878; calls=32/32; graph=1.00; api=1.00; const=1.00
0x004af4fd,0x004409b7,0.9994,0.8223,twin; mutual; seq=1.00 ngram=1.00; size=230/229; calls=8/8; graph=1.00; api=1.00; str=1.00; const=1.00
0x004b2183,0x0044364b,0.9994,0.8225,twin; mutual; seq=1.00 ngram=1.00; size=221/220; calls=8/8; graph=1.00; api=1.00; str=1.00; const=1.00
0x004b4197,0x0044565e,0.9994,0.8225,twin; mutual; seq=1.00 ngram=1.00; size=221/220; calls=8/8; graph=1.00; api=1.00; str=1.00; const=1.00
0x004b8cc3,0x0044a18b,0.9994,0.8291,twin; mutual; seq=1.00 ngram=1.00; size=221/220; calls=8/8; graph=1.00; api=1.00; str=1.00; const=1.00
0x004ffd9c,0x00480fdc,0.9994,0.9220,twin; mutual; seq=1.00 ngram=1.00; size=230/229; calls=8/8; graph=1.00; api=1.00; str=1.00; const=1.00
0x004a62a0,0x004b8160,0.9993,0.4465,twin; mutual; seq=1.00 ngram=1.00; size=208/209; calls=1/1; graph=1.00; api=1.00; const=1.00
0x004f4025,0x00470e75,0.9993,0.5701,twin; mutual; seq=1.00 ngram=1.00; size=193/192; calls=6/6; graph=1.00; api=1.00; str=1.00; const=1.00
0x0046799f,0x004821cf,0.9993,0.6497,twin; mutual; seq=1.00 ngram=1.00; size=201/202; calls=4/4; graph=1.00; api=1.00; const=1.00
0x0042f789,0x004c258e,0.9993,0.6651,twin; mutual; seq=1.00 ngram=1.00; size=242/243; calls=0/0; const=1.00
0x004ae8a3,0x0043fd5b,0.9993,0.6731,twin; mutual; seq=1.00 ngram=1.00; size=242/241; calls=5/5; api=1.00; str=1.00; const=1.00
0x004ef15b,0x004b1fcf,0.9992,0.2808,twin; mutual; seq=1.00 ngram=1.00; size=1264/1271; calls=8/8; graph=1.00; api=1.00; const=1.00
0x00423980,0x0043d870,0.9992,0.3126,twin; mutual; seq=1.00 ngram=1.00; size=353/351; calls=8/8; graph=1.00; api=1.00; const=1.00
0x004b7d38,0x004491fe,0.9992,0.3262,twin; mutual; seq=1.00 ngram=1.00; size=176/175; calls=7/7; graph=1.00; api=1.00; const=1.00
0x00478163,0x004b7f54,0.9992,0.3916,twin; mutual; seq=1.00 ngram=1.00; size=172/173; calls=7/7; graph=1.00; api=1.00; const=1.00
0x004fe901,0x00408f50,0.9992,0.6225,twin; mutual; seq=1.00 ngram=1.00; size=181/182; calls=3/3; graph=1.00; const=1.00
0x004bbb99,0x0042c9be,0.9992,0.8178,twin; mutual; seq=1.00 ngram=1.00; size=506/509; calls=3/3; graph=1.00; const=1.00
0x004ba6b6,0x0044bb84,0.9991,0.3594,twin; mutual; seq=1.00 ngram=1.00; size=472/475; calls=5/5; graph=1.00; api=1.00; const=1.00
0x004f4548,0x00471395,0.9991,0.4413,twin; mutual; seq=1.00 ngram=1.00; size=146/145; calls=5/5; graph=1.00; api=1.00; str=1.00; const=1.00
0x00496497,0x00438771,0.9990,0.3430,twin; mutual; seq=1.00 ngram=1.00; size=484/487; calls=13/13; api=1.00; str=1.00; const=1.00
0x00423833,0x0043d713,0.9990,0.4246,twin; mutual; seq=1.00 ngram=1.00; size=135/134; calls=4/4; graph=1.00; api=1.00; str=1.00
0x004f54d5,0x00472317,0.9990,0.4860,twin; mutual; seq=1.00 ngram=1.00; size=567/571; calls=16/16; graph=1.00; api=1.00; const=1.00
0x004f3e29,0x00470c78,0.9990,0.4996,twin; mutual; seq=1.00 ngram=1.00; size=129/130; calls=2/2; graph=1.00; api=1.00; const=1.00
0x004bb9f3,0x0042c815,0.9990,0.8173,twin; mutual; seq=1.00 ngram=1.00; size=422/425; calls=3/3; graph=1.00; const=1.00
0x00479e3f,0x00470560,0.9989,0.4627,twin; mutual; seq=1.00 ngram=1.00; size=362/365; calls=9/9; graph=1.00; api=1.00; const=1.00
0x004cb04d,0x00479e13,0.9989,0.7267,twin; mutual; seq=1.00 ngram=1.00; size=393/396; calls=2/2; graph=1.00; const=1.00
0x0047820f,0x004b8001,0.9988,0.2973,twin; mutual; seq=1.00 ngram=1.00; size=347/350; calls=12/12; graph=1.00; api=1.00; const=1.00
0x00493c3a,0x00434446,0.9988,0.3613,twin; mutual; seq=1.00 ngram=1.00; size=124/123; calls=2/2; graph=1.00; const=1.00
0x0048e1bf,0x00433d45,0.9988,0.5212,twin; mutual; seq=1.00 ngram=1.00; size=239/237; calls=8/8; graph=1.00; const=1.00
0x004a2aa3,0x00426824,0.9988,0.6512,twin; mutual; seq=1.00 ngram=1.00; size=219/221; calls=1/1; graph=1.00; api=1.00; const=1.00
0x0044d61a,0x004bb0c2,0.9986,0.3757,twin; mutual; seq=1.00 ngram=1.00; size=93/92; calls=3/3; graph=1.00; api=1.00; str=1.00; const=1.00
0x00500a5b,0x00481c8e,0.9985,0.4095,twin; mutual; seq=1.00 ngram=1.00; size=634/628; calls=14/14; api=1.00; str=1.00; const=1.00
0x004a2dce,0x00426b51,0.9984,0.3656,twin; mutual; seq=1.00 ngram=1.00; size=270/267; calls=3/3; graph=1.00; const=1.00
0x00443b0c,0x004b4ea6,0.9984,0.3811,twin; mutual; seq=1.00 ngram=1.00; size=87/86; calls=5/5; graph=1.00; api=1.00; const=1.00
0x00401d2e,0x00490233,0.9984,0.4178,twin; mutual; seq=1.00 ngram=1.00; size=306/309; calls=6/6; api=1.00; const=1.00
0x004cae47,0x00479c07,0.9984,0.7288,twin; mutual; seq=1.00 ngram=1.00; size=518/524; calls=2/2; graph=1.00; const=1.00
0x004b15df,0x00442a9b,0.9982,0.4542,twin; mutual; seq=1.00 ngram=1.00; size=912/924; calls=30/30; graph=1.00; api=1.00; const=1.00
0x0048e122,0x00433caa,0.9982,0.5550,twin; mutual; seq=1.00 ngram=1.00; size=157/155; calls=8/8; graph=1.00; const=1.00
0x00496eaf,0x004b93c4,0.9982,0.5585,twin; mutual; seq=1.00 ngram=1.00; size=83/84; calls=4/4; graph=1.00
0x004b32d1,0x004447aa,0.9981,0.5998,twin; mutual; seq=1.00 ngram=1.00; size=557/549; calls=22/22; graph=1.00; api=1.00; str=1.00; const=1.00
0x0040a2c0,0x0049a9d0,0.9980,0.3780,twin; mutual; seq=1.00 ngram=1.00; size=69/68; calls=2/2; graph=1.00; api=1.00; const=1.00
0x00451b1c,0x004d71e6,0.9979,0.3741,twin; mutual; seq=1.00 ngram=1.00; size=406/412; calls=0/0; graph=1.00; const=1.00
0x004f6db9,0x0043d0f9,0.9979,0.3745,twin; mutual; seq=1.00 ngram=1.00; size=205/202; calls=3/3; graph=1.00; const=1.00
0x004063b8,0x00492693,0.9979,0.4517,twin; mutual; seq=1.00 ngram=1.00; size=320/315; calls=6/6; graph=1.00; str=1.00; const=1.00
0x0040a1ff,0x004398be,0.9978,0.3529,twin; mutual; seq=1.00 ngram=1.00; size=65/64; calls=2/2; graph=1.00; const=1.00
0x0040659f,0x00492872,0.9978,0.6042,twin; mutual; seq=1.00 ngram=1.00; size=226/223; calls=3/3; str=1.00; const=1.00
0x004ad6c5,0x0043eb81,0.9978,0.9029,twin; mutual; seq=1.00 ngram=1.00; size=182/179; calls=6/6; graph=1.00; str=1.00; const=1.00
0x004ae632,0x0043faee,0.9976,0.8991,twin; mutual; seq=1.00 ngram=1.00; size=228/224; calls=8/8; graph=1.00; str=1.00; const=1.00
0x00493cb6,0x004344c1,0.9975,0.3374,twin; mutual; seq=1.00 ngram=1.00; size=172/169; calls=4/4; graph=1.00; const=1.00
0x004f391e,0x0047076e,0.9975,0.3541,twin; mutual; seq=1.00 ngram=1.00; size=55/54; calls=2/2; graph=1.00; api=1.00; const=1.00
0x004071ce,0x004931aa,0.9975,0.4896,twin; mutual; seq=1.00 ngram=1.00; size=589/578; calls=13/13; graph=1.00; str=1.00; const=1.00
0x004238ba,0x0043d799,0.9973,0.6498,twin; mutual; seq=1.00 ngram=1.00; size=52/51; calls=1/1; graph=1.00; const=1.00
0x00423940,0x0043d81d,0.9971,0.5532,twin; mutual; seq=1.00 ngram=1.00; size=60/59; calls=1/1; const=1.00
0x004064f8,0x004927ce,0.9970,0.6081,twin; mutual; seq=1.00 ngram=1.00; size=167/164; calls=3/3; str=1.00; const=1.00
0x0040a1d2,0x00439892,0.9968,0.4647,twin; mutual; seq=1.00 ngram=1.00; size=45/44; calls=1/1; graph=1.00; const=1.00
0x0046b4db,0x00485d15,0.9967,0.3620,twin; mutual; seq=1.00 ngram=1.00; size=940/917; calls=23/23; graph=1.00; str=1.00; const=1.00
0x004238ee,0x0043d7cc,0.9965,0.6031,twin; mutual; seq=1.00 ngram=1.00; size=43/42; calls=1/1; graph=1.00
0x0046ab25,0x00485361,0.9957,0.4146,twin; mutual; seq=0.99 ngram=0.99; size=549/550; calls=5/5; graph=1.00; api=1.00; const=1.00
0x00406b01,0x00492b90,0.9950,0.8454,twin; mutual; seq=1.00 ngram=1.00; size=75/73; calls=2/2
0x004f1e50,0x0047ee63,0.9935,0.3296,twin; mutual; seq=1.00 ngram=1.00; size=110/105; calls=1/1; graph=1.00; const=1.00
0x004c7d69,0x00476b29,0.9928,0.2228,twin; mutual; seq=0.99 ngram=0.97; size=2276/2276; calls=0/0; graph=1.00; const=1.00
0x0047da80,0x00493e30,0.9928,0.4534,twin; mutual; seq=0.99 ngram=0.98; size=14661/14669; calls=251/251; graph=1.00; api=1.00; str=1.00; const=1.00
0x004ca714,0x004794d4,0.9926,0.5930,twin; mutual; seq=0.98 ngram=1.00; size=1150/1150; calls=5/5; graph=1.00; const=1.00
0x004b553f,0x00446a07,0.9922,0.3118,twin; mutual; seq=0.99 ngram=0.97; size=526/527; calls=16/16; graph=1.00; api=1.00; const=1.00
0x004afa69,0x00440f22,0.9922,0.3871,twin; mutual; seq=0.99 ngram=0.97; size=445/445; calls=7/7; graph=1.00; api=1.00; str=1.00; const=1.00
0x004b257c,0x00443a43,0.9921,0.4432,twin; mutual; seq=1.00 ngram=1.00; size=3363/3381; calls=150/151; graph=1.00; api=1.00; str=1.00; const=1.00
0x004b42dc,0x004457a2,0.9919,0.2463,twin; mutual; seq=0.97 ngram=1.00; size=1891/1891; calls=22/22; graph=1.00; api=1.00; const=1.00
0x004ecfe5,0x004afe55,0.9918,0.4115,twin; mutual; seq=0.99 ngram=0.98; size=7254/7257; calls=199/199; graph=1.00; api=1.00; str=1.00; const=0.99
0x004cd3eb,0x00451e58,0.9914,0.2734,twin; mutual; seq=1.00 ngram=0.96; size=592/592; calls=0/0; graph=1.00; const=1.00
0x00433057,0x004c5e5f,0.9913,0.3932,twin; mutual; seq=0.99 ngram=0.97; size=475/474; calls=4/4; graph=1.00; const=1.00
0x00453025,0x0047a7f5,0.9907,0.4078,twin; mutual; seq=0.97 ngram=1.00; size=716/716; calls=12/12; graph=1.00; const=1.00
0x004a2401,0x00426181,0.9885,0.3485,twin; mutual; seq=0.96 ngram=1.00; size=759/760; calls=13/13; graph=1.00; api=1.00; const=1.00
0x004cc50a,0x00450fca,0.9884,0.6467,twin; mutual; seq=0.98 ngram=0.98; size=99/99; calls=2/2; graph=1.00
0x004afc26,0x004410df,0.9882,0.4034,twin; mutual; seq=0.99 ngram=1.00; size=4316/4321; calls=114/115; graph=1.00; api=1.00; str=1.00; const=1.00
0x004e55d5,0x00466d59,0.9881,0.5749,twin; mutual; seq=1.00 ngram=1.00; size=568/568; calls=3/4; graph=1.00; const=1.00
0x004c4210,0x00472fc0,0.9876,0.3048,twin; mutual; seq=0.98 ngram=0.97; size=2676/2674; calls=27/27; graph=1.00; const=1.00
0x004a7814,0x00469614,0.9872,0.5726,twin; mutual; seq=1.00 ngram=1.00; size=529/529; calls=7/8; graph=1.00; const=1.00
0x004a1e09,0x00425b87,0.9866,0.3503,twin; mutual; seq=0.99 ngram=1.00; size=1528/1530; calls=36/36; graph=0.95; api=1.00; str=1.00; const=1.00
0x004b4a3f,0x00445f05,0.9865,0.2688,twin; mutual; seq=0.98 ngram=0.95; size=2402/2404; calls=84/84; graph=1.00; api=1.00; str=1.00; const=1.00
0x004df678,0x00460e05,0.9863,0.6715,twin; mutual; seq=0.99 ngram=0.93; size=578/578; calls=4/4; graph=1.00; str=1.00; const=1.00
0x00416d36,0x004a8b71,0.9861,0.8409,twin; mutual; seq=1.00 ngram=0.93; size=484/484; calls=9/9; graph=1.00; str=1.00; const=1.00
0x004da482,0x0045bc1f,0.9859,0.7640,twin; mutual; seq=0.98 ngram=0.96; size=982/982; calls=13/13; graph=1.00; str=1.00; const=1.00
0x0049dc11,0x00421990,0.9857,0.4611,twin; mutual; seq=0.99 ngram=0.94; size=196/196; calls=3/3; graph=1.00; api=1.00; const=1.00
0x00415517,0x004a7352,0.9857,0.6905,twin; mutual; seq=1.00 ngram=0.93; size=434/434; calls=6/6; graph=1.00; str=1.00; const=1.00
0x00457747,0x0040a4d6,0.9855,0.9193,twin; mutual; seq=0.99 ngram=0.95; size=562/564; calls=1/1; graph=1.00; const=1.00
0x00463cd1,0x00416a4b,0.9852,0.8104,twin; mutual; seq=0.99 ngram=0.93; size=543/543; calls=7/7; graph=1.00; str=1.00; const=1.00
0x004df314,0x00460aa1,0.9848,0.7640,twin; mutual; seq=0.98 ngram=0.96; size=868/868; calls=9/9; graph=1.00; str=1.00; const=1.00
0x004ffedf,0x0048111e,0.9845,0.2774,twin; mutual; seq=0.98 ngram=0.94; size=1918/1906; calls=28/28; graph=1.00; api=1.00; str=1.00; const=1.00
0x00412246,0x004a4084,0.9841,0.5570,twin; mutual; seq=1.00 ngram=1.00; size=461/461; calls=2/3; graph=1.00; const=1.00
0x004f7eee,0x0040253d,0.9841,0.7121,twin; mutual; seq=1.00 ngram=1.00; size=323/323; calls=5/6; graph=1.00; const=1.00
0x004ae995,0x0043fe4c,0.9836,0.5016,twin; mutual; seq=0.97 ngram=0.96; size=2915/2918; calls=88/88; graph=1.00; api=1.00; str=1.00; const=1.00
0x00406b4c,0x00492bd9,0.9834,0.3972,twin; mutual; seq=0.97 ngram=0.97; size=1315/1297; calls=22/22; graph=1.00; str=1.00; const=1.00
0x004e3e46,0x004655ca,0.9830,0.7792,twin; mutual; seq=0.98 ngram=0.95; size=766/766; calls=7/7; graph=1.00; str=1.00; const=1.00
0x004dc6c7,0x0045de60,0.9829,0.8270,twin; mutual; seq=0.98 ngram=0.95; size=806/806; calls=7/7; graph=1.00; str=1.00; const=1.00
0x004dfb23,0x004612b0,0.9828,0.4278,twin; mutual; seq=1.00 ngram=0.91; size=529/529; calls=2/2; graph=1.00; const=1.00
0x00496230,0x0043850a,0.9827,0.5714,twin; mutual; seq=1.00 ngram=1.00; size=258/258; calls=19/19; graph=0.91; str=1.00
0x004d7c60,0x004593fd,0.9826,0.4981,twin; mutual; seq=0.99 ngram=0.92; size=560/560; calls=4/4; graph=1.00; const=1.00
0x00462a0a,0x00415788,0.9826,0.7792,twin; mutual; seq=0.98 ngram=0.95; size=788/788; calls=7/7; graph=1.00; str=1.00; const=1.00
0x004e32f3,0x00464a78,0.9825,0.3742,twin; mutual; seq=0.99 ngram=0.93; size=497/497; calls=7/7; graph=1.00; str=1.00; const=1.00
0x004dbfdb,0x0045d774,0.9821,0.6110,twin; mutual; seq=1.00 ngram=0.91; size=746/746; calls=3/3; graph=1.00; const=1.00
0x004b3847,0x00444d18,0.9820,0.5403,twin; mutual; seq=0.98 ngram=0.97; size=2379/2369; calls=70/71; graph=1.00; api=1.00; str=1.00; const=0.98
0x0044a135,0x0043b1a4,0.9820,0.5607,twin; mutual; seq=0.97 ngram=0.96; size=705/705; calls=22/22; graph=1.00; api=1.00; const=1.00
0x0043b067,0x004cde6f,0.9818,0.4806,twin; mutual; seq=0.98 ngram=0.94; size=368/366; calls=9/9; graph=1.00; const=1.00
0x004316cc,0x004c44d3,0.9816,0.5941,twin; mutual; seq=0.94 ngram=1.00; size=756/756; calls=6/6; graph=1.00; const=1.00
0x004f6b33,0x0043ce77,0.9815,0.2929,twin; mutual; seq=0.98 ngram=0.94; size=597/594; calls=14/14; graph=1.00; api=1.00; const=1.00
0x00470ea3,0x004895b4,0.9813,0.3388,twin; mutual; seq=0.99 ngram=0.91; size=408/408; calls=4/4; graph=1.00; const=1.00
0x004dd632,0x0045edca,0.9813,0.7164,twin; mutual; seq=0.97 ngram=0.96; size=861/861; calls=3/3; graph=1.00; str=1.00; const=1.00
0x004b76a6,0x00448b6f,0.9812,0.3358,twin; mutual; seq=0.97 ngram=0.95; size=423/423; calls=5/5; graph=1.00; const=1.00
0x004d6706,0x00457ea3,0.9812,0.6651,twin; mutual; seq=0.99 ngram=0.92; size=313/313; calls=6/6; graph=1.00; const=1.00
0x004dce51,0x0045e5ea,0.9804,0.7480,twin; mutual; seq=0.96 ngram=0.97; size=1258/1258; calls=14/14; graph=1.00; str=1.00; const=1.00
0x004ff450,0x00480690,0.9798,0.2657,twin; mutual; seq=1.00 ngram=1.00; size=374/374; calls=20/20; graph=0.89; api=1.00; const=1.00
0x0045a252,0x0040cfd7,0.9795,0.4054,twin; mutual; seq=1.00 ngram=1.00; size=472/472; calls=4/5; graph=1.00; str=1.00; const=1.00
0x0050bd27,0x00486e17,0.9795,0.5104,twin; mutual; seq=0.96 ngram=0.96; size=2798/2807; calls=64/64; graph=1.00; api=1.00; str=1.00; const=1.00
0x00473179,0x0048b81a,0.9790,0.2866,twin; mutual; seq=0.94 ngram=1.00; size=2823/2824; calls=10/10; graph=1.00; const=1.00
0x004a6370,0x004b8231,0.9789,0.3313,twin; mutual; seq=0.97 ngram=0.95; size=1581/1597; calls=49/49; graph=1.00; api=1.00; const=1.00
0x0045e2a5,0x00411032,0.9789,0.9061,twin; mutual; seq=0.98 ngram=0.95; size=171/170; calls=0/0; const=1.00
0x004f8031,0x00402680,0.9785,0.7178,twin; mutual; seq=1.00 ngram=1.00; size=521/521; calls=5/7; graph=1.00; const=1.00
0x0047624f,0x0048e8f2,0.9782,0.3358,twin; mutual; seq=0.99 ngram=0.91; size=495/495; calls=1/1; graph=1.00; const=1.00
0x004b7897,0x00448d60,0.9782,0.5013,twin; mutual; seq=0.97 ngram=0.93; size=1180/1177; calls=43/43; graph=1.00; api=1.00; str=1.00; const=1.00
0x00481586,0x0049793e,0.9780,0.2951,twin; mutual; seq=0.97 ngram=0.93; size=2708/2707; calls=58/58; graph=1.00; api=1.00; str=1.00; const=1.00
0x0045134b,0x004d6a15,0.9778,0.2927,twin; mutual; seq=0.93 ngram=1.00; size=1837/1837; calls=2/2; graph=1.00; const=1.00
0x004b0e80,0x0044233e,0.9775,0.4752,twin; mutual; seq=0.98 ngram=0.97; size=1026/1024; calls=31/32; graph=1.00; api=1.00; const=1.00
0x0049608e,0x00438368,0.9773,0.5714,twin; mutual; seq=1.00 ngram=1.00; size=418/418; calls=24/24; graph=0.88; api=1.00; str=1.00
0x004dac11,0x0045c3ae,0.9773,0.6284,twin; mutual; seq=1.00 ngram=1.00; size=613/613; calls=3/4; graph=1.00; str=1.00; const=1.00
0x004fd3cf,0x00407a1e,0.9773,0.8583,twin; mutual; seq=1.00 ngram=1.00; size=533/533; calls=3/4; graph=1.00; str=1.00; const=1.00
0x004232f0,0x0043d1d0,0.9772,0.3353,twin; mutual; seq=0.94 ngram=0.99; size=555/559; calls=10/10; graph=1.00; api=1.00; const=1.00
0x0041214b,0x004a3f89,0.9762,0.6239,twin; mutual; seq=1.00 ngram=1.00; size=251/251; calls=1/2; graph=1.00; const=1.00
0x004767ee,0x0048ee91,0.9761,0.4992,twin; mutual; seq=0.99 ngram=0.90; size=470/470; calls=0/0; graph=1.00; const=1.00
0x00460a22,0x004137a7,0.9761,0.6881,twin; mutual; seq=0.99 ngram=0.90; size=472/470; calls=5/5; graph=1.00; const=1.00
0x004af765,0x00440c1e,0.9756,0.3112,twin; mutual; seq=0.96 ngram=0.94; size=737/737; calls=24/24; graph=1.00; api=1.00; const=1.00
0x00446d52,0x0046cc45,0.9756,0.3926,twin; mutual; seq=0.93 ngram=1.00; size=1260/1260; calls=5/5; graph=1.00; const=1.00
0x004f3579,0x0043a094,0.9755,0.3223,twin; mutual; seq=0.99 ngram=0.92; size=775/775; calls=1/1; graph=1.00; const=0.87
0x004e00e7,0x00461874,0.9755,0.4514,twin; mutual; seq=0.92 ngram=1.00; size=718/718; calls=3/3; graph=1.00; str=1.00; const=1.00
0x004ca0d9,0x00478e99,0.9755,0.5639,twin; mutual; seq=0.95 ngram=0.95; size=1595/1595; calls=7/7; graph=1.00; const=1.00
0x004997e6,0x0041a6c6,0.9754,0.4056,twin; mutual; seq=0.96 ngram=0.96; size=4913/4921; calls=122/125; graph=1.00; api=1.00; str=1.00; const=1.00
0x004771fa,0x004b6fea,0.9752,0.3604,twin; mutual; seq=0.95 ngram=0.94; size=2920/2920; calls=99/99; graph=1.00; api=1.00; str=1.00; const=1.00
0x0045d028,0x0040fdb5,0.9752,0.5619,twin; mutual; seq=0.99 ngram=0.88; size=456/457; calls=1/1; graph=1.00; const=1.00
0x004dc2ca,0x0045da63,0.9748,0.7249,twin; mutual; seq=0.94 ngram=0.96; size=1021/1021; calls=8/8; graph=1.00; str=1.00; const=1.00
0x004167ac,0x004a85e7,0.9747,0.8043,twin; mutual; seq=0.95 ngram=0.94; size=702/702; calls=8/8; graph=1.00; str=1.00; const=1.00
0x004dfd39,0x004614c6,0.9747,0.8427,twin; mutual; seq=0.99 ngram=0.88; size=347/347; calls=5/5; graph=1.00; str=1.00; const=1.00
0x0042351b,0x0043d3ff,0.9736,0.2755,twin; mutual; seq=0.96 ngram=0.93; size=792/788; calls=15/15; graph=1.00; str=1.00; const=1.00
0x0043faf7,0x004d28f2,0.9732,0.4701,twin; mutual; seq=0.98 ngram=0.89; size=639/639; calls=4/4; graph=1.00; str=1.00; const=0.97
0x004abff4,0x004313b9,0.9728,0.3933,twin; mutual; seq=0.92 ngram=1.00; size=2380/2380; calls=9/9; graph=1.00; const=1.00
0x0049ebf6,0x0042297a,0.9728,0.4195,twin; mutual; seq=1.00 ngram=1.00; size=435/435; calls=9/9; graph=0.86; const=1.00
0x004a99a0,0x0042ed60,0.9727,0.3640,twin; mutual; seq=0.92 ngram=1.00; size=3718/3718; calls=17/17; graph=1.00; const=1.00
0x0046c203,0x00438ec2,0.9727,0.7710,twin; mutual; seq=0.95 ngram=0.93; size=685/683; calls=15/15; graph=1.00; api=1.00; str=1.00; const=1.00
0x004833e9,0x004997a8,0.9725,0.5085,twin; mutual; seq=0.98 ngram=0.88; size=417/417; calls=6/6; graph=1.00; api=1.00; const=1.00
0x00416a6a,0x004a88a5,0.9725,0.7461,twin; mutual; seq=0.94 ngram=0.95; size=624/624; calls=9/9; graph=1.00; str=1.00; const=1.00
0x0049dfb1,0x00421d30,0.9722,0.2824,twin; mutual; seq=0.97 ngram=0.89; size=736/735; calls=19/19; graph=1.00; api=1.00; str=1.00; const=1.00
0x004cffda,0x004a20a2,0.9722,0.3768,twin; mutual; seq=0.95 ngram=0.93; size=1550/1546; calls=32/32; graph=1.00; api=1.00; const=1.00
0x0041d1ab,0x004aef94,0.9719,0.8744,twin; mutual; seq=0.95 ngram=0.93; size=614/614; calls=8/8; graph=1.00; str=1.00; const=1.00
0x004d94e1,0x0045ac7e,0.9714,0.8286,twin; mutual; seq=0.91 ngram=1.00; size=1564/1564; calls=7/7; graph=1.00; const=1.00
0x00415df8,0x004a7c33,0.9714,0.8744,twin; mutual; seq=0.95 ngram=0.93; size=609/609; calls=8/8; graph=1.00; str=1.00; const=1.00
0x0046695e,0x004196df,0.9713,0.5881,twin; mutual; seq=0.98 ngram=0.87; size=349/349; calls=6/6; graph=1.00; str=1.00; const=1.00
0x004de1c0,0x0045f952,0.9712,0.5792,twin; mutual; seq=0.98 ngram=0.87; size=414/414; calls=4/4; graph=1.00; str=1.00; const=1.00
0x004da858,0x0045bff5,0.9712,0.6157,twin; mutual; seq=0.99 ngram=0.86; size=504/504; calls=5/5; graph=1.00; str=1.00; const=1.00
0x00424b1f,0x0044cd6f,0.9712,0.6358,twin; mutual; seq=0.94 ngram=0.95; size=4956/4970; calls=100/100; graph=1.00; api=1.00; str=1.00; const=1.00
0x0041652b,0x004a8366,0.9712,0.7526,twin; mutual; seq=0.94 ngram=0.94; size=641/641; calls=8/8; graph=1.00; str=1.00; const=1.00
0x004156c9,0x004a7504,0.9710,0.8136,twin; mutual; seq=0.94 ngram=0.94; size=599/599; calls=7/7; graph=1.00; str=1.00; const=1.00
0x00416129,0x004a7f64,0.9710,0.8624,twin; mutual; seq=0.99 ngram=0.87; size=249/249; calls=3/3; graph=1.00; const=1.00
0x004dc9ed,0x0045e186,0.9703,0.7315,twin; mutual; seq=0.95 ngram=0.93; size=1124/1124; calls=11/11; graph=1.00; str=1.00; const=1.00
0x0046bcc0,0x00438980,0.9702,0.6670,twin; mutual; seq=0.95 ngram=0.92; size=620/619; calls=14/14; graph=1.00; api=1.00; str=1.00; const=1.00
0x004475a4,0x0046d497,0.9701,0.3012,twin; mutual; seq=0.91 ngram=1.00; size=1142/1142; calls=14/14; graph=1.00; str=1.00; const=1.00
0x00478370,0x004864e0,0.9701,0.7743,twin; mutual; seq=0.95 ngram=0.91; size=743/741; calls=16/16; graph=1.00; api=1.00; str=1.00; const=1.00
0x004267c5,0x0044ea23,0.9700,0.6648,twin; mutual; seq=0.94 ngram=0.94; size=4210/4223; calls=89/89; graph=1.00; api=1.00; str=1.00; const=1.00
0x004fe67f,0x00408cce,0.9694,0.5832,twin; mutual; seq=0.99 ngram=0.92; size=642/642; calls=6/7; graph=1.00; str=1.00; const=1.00
0x004cdb4f,0x0049fc0f,0.9690,0.4605,twin; mutual; seq=0.98 ngram=0.98; size=7402/7410; calls=182/182; graph=0.89; api=1.00; str=1.00; const=1.00
0x0045b156,0x0040dedd,0.9689,0.4942,twin; mutual; seq=0.90 ngram=1.00; size=940/940; calls=8/8; graph=1.00; str=1.00; const=1.00
0x00424500,0x00434660,0.9688,0.3383,twin; mutual; seq=0.96 ngram=0.92; size=597/589; calls=16/16; graph=1.00; const=1.00
0x0041a245,0x004ac030,0.9685,0.6542,twin; mutual; seq=1.00 ngram=0.93; size=636/636; calls=2/3; graph=1.00; const=1.00
0x00417c96,0x004a9ad1,0.9684,0.8013,twin; mutual; seq=0.96 ngram=0.90; size=674/673; calls=10/10; graph=1.00; str=1.00; const=1.00
0x00506029,0x0042ad51,0.9683,0.3948,twin; mutual; seq=1.00 ngram=1.00; size=207/207; calls=2/3; graph=1.00; const=1.00
0x004543d3,0x0047bba3,0.9683,0.5552,twin; mutual; seq=1.00 ngram=1.00; size=495/495; calls=2/3; graph=1.00; const=1.00
0x004090f6,0x00436af6,0.9680,0.4957,twin; mutual; seq=0.95 ngram=0.91; size=1750/1760; calls=46/46; graph=1.00; api=1.00; str=1.00; const=1.00
0x004b9284,0x0044a744,0.9679,0.4832,twin; mutual; seq=0.92 ngram=0.95; size=5153/5167; calls=120/120; graph=1.00; api=1.00; str=1.00; const=1.00
0x00441a42,0x004d483e,0.9675,0.2931,twin; mutual; seq=0.90 ngram=1.00; size=1480/1481; calls=3/3; graph=1.00; const=1.00
0x00418254,0x004aa08e,0.9674,0.7441,twin; mutual; seq=0.92 ngram=0.96; size=653/653; calls=9/9; graph=1.00; str=1.00; const=1.00
0x0045e430,0x004111bc,0.9672,0.3693,twin; mutual; seq=0.93 ngram=0.94; size=1569/1568; calls=22/22; graph=1.00; str=1.00; const=1.00
0x00475d64,0x0048e405,0.9670,0.2822,twin; mutual; seq=0.95 ngram=0.92; size=1185/1187; calls=7/7; graph=1.00; const=1.00
0x0044a862,0x0043b8d1,0.9670,0.4477,twin; mutual; seq=0.94 ngram=0.92; size=2560/2562; calls=78/78; graph=1.00; api=1.00; str=1.00; const=1.00
0x004e2841,0x00463fcd,0.9669,0.3730,twin; mutual; seq=0.90 ngram=1.00; size=856/856; calls=10/10; graph=1.00; str=1.00; const=1.00
0x00414947,0x004a6782,0.9665,0.4381,twin; mutual; seq=0.99 ngram=0.90; size=378/378; calls=3/4; graph=1.00; str=1.00; const=1.00
0x004b8421,0x004498e5,0.9660,0.5416,twin; mutual; seq=0.96 ngram=0.90; size=2205/2209; calls=65/65; graph=1.00; api=1.00; str=1.00; const=0.89
0x00482dd6,0x0049918f,0.9657,0.9245,twin; mutual; seq=0.94 ngram=0.91; size=855/861; calls=22/22; graph=1.00; api=1.00; str=1.00; const=1.00
0x004d0602,0x004a26c6,0.9657,0.9245,twin; mutual; seq=0.94 ngram=0.91; size=855/861; calls=22/22; graph=1.00; api=1.00; str=1.00; const=1.00
0x0050ec20,0x0047f750,0.9656,0.4658,twin; mutual; seq=1.00 ngram=1.00; size=104/131; calls=5/5; api=1.00; const=1.00
0x004f9bbd,0x0040420c,0.9656,0.7901,twin; mutual; seq=0.93 ngram=0.94; size=679/679; calls=8/8; graph=1.00; str=1.00; const=1.00
0x0042e8c0,0x004c16c2,0.9655,0.7248,twin; mutual; seq=0.92 ngram=0.95; size=933/935; calls=7/7; graph=1.00; str=1.00; const=1.00
0x004c5fc9,0x00474d83,0.9654,0.3365,twin; mutual; seq=0.91 ngram=0.98; size=6879/6885; calls=29/29; graph=1.00; const=1.00
0x00459d0a,0x0040ca8f,0.9653,0.4184,twin; mutual; seq=0.92 ngram=0.95; size=1041/1041; calls=10/10; graph=1.00; str=1.00; const=1.00
0x00471d16,0x0048a423,0.9652,0.3505,twin; mutual; seq=1.00 ngram=1.00; size=722/722; calls=8/8; graph=0.80; api=1.00; str=1.00; const=1.00
0x004f7869,0x00401eb9,0.9652,0.5469,twin; mutual; seq=1.00 ngram=1.00; size=529/529; calls=10/10; graph=0.80; api=1.00; str=1.00; const=1.00
0x004537b0,0x0047af80,0.9650,0.6329,twin; mutual; seq=0.90 ngram=0.97; size=1200/1200; calls=6/6; graph=1.00; api=1.00; str=1.00; const=1.00
0x0045a42a,0x0040d1af,0.9647,0.4170,twin; mutual; seq=0.99 ngram=0.83; size=331/331; calls=3/3; graph=1.00; const=1.00
0x0042db29,0x004c0929,0.9646,0.5438,twin; mutual; seq=0.98 ngram=0.85; size=502/502; calls=5/5; graph=1.00; const=0.97
0x004bc72e,0x0042d247,0.9639,0.3226,twin; mutual; seq=0.93 ngram=0.93; size=2311/2317; calls=28/28; graph=1.00; const=1.00
0x0043ac68,0x004cda70,0.9634,0.6607,twin; mutual; seq=0.92 ngram=0.95; size=811/811; calls=8/8; graph=1.00; str=1.00; const=1.00
0x004dee6b,0x004605f8,0.9633,0.4320,twin; mutual; seq=0.98 ngram=0.83; size=343/343; calls=7/7; graph=1.00; str=1.00; const=1.00
0x004e3b55,0x004652d9,0.9633,0.7739,twin; mutual; seq=0.95 ngram=0.88; size=753/753; calls=9/9; graph=1.00; str=1.00; const=1.00
0x0043b7c9,0x004ce5ce,0.9632,0.6753,twin; mutual; seq=0.92 ngram=0.94; size=677/677; calls=5/5; graph=1.00; const=1.00
0x0044bad4,0x004b9574,0.9623,0.4780,twin; mutual; seq=0.94 ngram=0.92; size=5255/5262; calls=141/144; graph=1.00; api=1.00; str=1.00; const=1.00
0x004fef61,0x004095b1,0.9620,0.7406,twin; mutual; seq=0.92 ngram=0.94; size=542/542; calls=7/7; graph=1.00; str=1.00; const=1.00
0x004fdad2,0x00408121,0.9619,0.6786,twin; mutual; seq=1.00 ngram=1.00; size=334/334; calls=2/2; graph=0.80; const=1.00
0x00437ac2,0x004ca8ca,0.9619,0.9118,twin; mutual; seq=0.91 ngram=0.95; size=820/820; calls=7/7; graph=1.00; str=1.00; const=1.00
0x0049e5bc,0x0042233a,0.9618,0.2284,twin; mutual; seq=0.98 ngram=0.96; size=1594/1600; calls=23/24; graph=1.00; api=1.00; const=1.00
0x004e0580,0x00461d0d,0.9618,0.5719,twin; mutual; seq=0.98 ngram=0.83; size=565/565; calls=2/2; graph=1.00; const=0.97
0x0041b1ae,0x004acf99,0.9618,0.8951,twin; mutual; seq=0.92 ngram=0.94; size=1250/1250; calls=14/14; graph=1.00; str=1.00; const=1.00
0x00419d5e,0x004abb49,0.9617,0.8951,twin; mutual; seq=0.92 ngram=0.94; size=1250/1250; calls=14/14; graph=1.00; str=1.00; const=1.00
0x00466d29,0x00419aab,0.9616,0.5081,twin; mutual; seq=0.97 ngram=0.86; size=563/563; calls=14/13; graph=1.00; str=1.00; const=1.00
0x004df04a,0x004607d7,0.9616,0.6219,twin; mutual; seq=0.98 ngram=0.82; size=450/450; calls=8/8; graph=1.00; str=1.00; const=1.00
0x0045a825,0x0040d5a8,0.9614,0.5923,twin; mutual; seq=0.97 ngram=0.84; size=474/478; calls=9/9; graph=1.00; str=1.00; const=1.00
0x004336f8,0x004c64ff,0.9611,0.4769,twin; mutual; seq=0.88 ngram=1.00; size=934/934; calls=5/5; graph=1.00; str=1.00; const=1.00
0x004822b7,0x0049866e,0.9610,0.4409,twin; mutual; seq=0.92 ngram=0.91; size=2732/2734; calls=82/82; graph=1.00; api=1.00; str=1.00; const=1.00
0x004b9120,0x0044a5e0,0.9609,0.8334,twin; mutual; seq=0.96 ngram=0.84; size=238/238; calls=8/8; graph=1.00; api=1.00; str=1.00; const=1.00
0x004248b0,0x0044cb00,0.9596,0.7951,twin; mutual; seq=0.96 ngram=0.83; size=248/248; calls=8/8; graph=1.00; api=1.00; str=1.00; const=1.00
0x00472a0a,0x0048b0c7,0.9595,0.4290,twin; mutual; seq=0.97 ngram=0.84; size=391/391; calls=3/3; graph=1.00; const=1.00
0x00493b2c,0x0043433a,0.9595,0.4937,twin; mutual; seq=0.99 ngram=0.86; size=190/188; calls=2/2; const=1.00
0x0041529a,0x004a70d5,0.9591,0.7172,twin; mutual; seq=0.91 ngram=0.94; size=637/637; calls=8/8; graph=1.00; str=1.00; const=1.00
0x00495829,0x00437b05,0.9589,0.4989,twin; mutual; seq=1.00 ngram=1.00; size=136/135; calls=9/9; graph=0.80
0x0042ed9f,0x004c1ba3,0.9586,0.6407,twin; mutual; seq=0.89 ngram=0.97; size=1369/1370; calls=9/9; graph=1.00; str=1.00; const=1.00
0x004184e1,0x004aa31b,0.9586,0.8409,twin; mutual; seq=1.00 ngram=0.92; size=459/459; calls=8/8; graph=0.86; str=1.00; const=1.00
0x004e2fe8,0x00464774,0.9583,0.5770,twin; mutual; seq=0.95 ngram=0.88; size=320/315; calls=2/2; graph=1.00; const=1.00
0x004f1e20,0x0047ee28,0.9581,0.4661,twin; mutual; seq=1.00 ngram=1.00; size=45/59; calls=0/0; const=1.00
0x00466abb,0x0041983c,0.9581,0.5223,twin; mutual; seq=0.91 ngram=0.94; size=617/618; calls=6/6; graph=1.00; const=1.00
0x00403250,0x0041bcf0,0.9578,0.3471,twin; mutual; seq=0.91 ngram=0.94; size=955/955; calls=0/0; graph=1.00; const=1.00
0x00413d01,0x004a5b3d,0.9576,0.5045,twin; mutual; seq=0.98 ngram=0.82; size=140/139; calls=1/1; graph=1.00; const=1.00
0x004ad7c8,0x0043ec81,0.9575,0.4842,twin; mutual; seq=0.92 ngram=0.91; size=3680/3683; calls=134/135; graph=1.00; api=1.00; str=1.00; const=1.00
0x00495410,0x004367d4,0.9571,0.4309,twin; mutual; seq=1.00 ngram=1.00; size=25/35; calls=1/1; graph=1.00
0x004d7e90,0x0045962d,0.9569,0.4031,twin; mutual; seq=0.97 ngram=0.82; size=579/579; calls=2/2; graph=1.00; const=1.00
0x004617ad,0x0041452b,0.9566,0.7994,twin; mutual; seq=0.89 ngram=0.96; size=1012/1012; calls=9/9; graph=1.00; str=1.00; const=1.00
0x00466541,0x004192c0,0.9566,0.8094,twin; mutual; seq=0.91 ngram=0.92; size=1053/1055; calls=10/10; graph=1.00; str=1.00; const=1.00
0x004458b0,0x0046b7a0,0.9563,0.3324,twin; mutual; seq=0.90 ngram=0.95; size=4135/4139; calls=38/39; graph=1.00; str=1.00; const=1.00
0x0046736a,0x0041a0ec,0.9561,0.5114,twin; mutual; seq=0.96 ngram=0.89; size=258/255; calls=0/0; const=1.00
0x00453fdb,0x0047b7ab,0.9560,0.5056,twin; mutual; seq=0.93 ngram=0.88; size=1016/1016; calls=16/16; graph=1.00; str=1.00; const=1.00
0x004a11fa,0x00424f7b,0.9558,0.6004,twin; mutual; seq=0.96 ngram=0.82; size=445/445; calls=20/20; graph=1.00; api=1.00; const=1.00
0x004f45da,0x00471426,0.9557,0.2699,twin; mutual; seq=0.90 ngram=0.91; size=753/753; calls=10/10; graph=1.00; api=1.00; str=1.00; const=1.00
0x00417ff5,0x004a9e2f,0.9557,0.7130,twin; mutual; seq=0.89 ngram=0.94; size=607/607; calls=9/9; graph=1.00; str=1.00; const=1.00
0x0045672f,0x0047deff,0.9551,0.5262,twin; mutual; seq=0.88 ngram=0.96; size=1364/1366; calls=13/13; graph=1.00; str=1.00; const=1.00
0x004a8d46,0x0046ab46,0.9547,0.5221,twin; mutual; seq=1.00 ngram=1.00; size=658/658; calls=9/10; graph=0.80; api=1.00; str=1.00; const=1.00
0x00401e65,0x0049036d,0.9546,0.8338,twin; mutual; seq=0.96 ngram=0.81; size=219/219; calls=6/6; graph=1.00; api=1.00; str=1.00; const=1.00
0x004d9f7e,0x0045b71b,0.9542,0.7299,twin; mutual; seq=0.94 ngram=0.97; size=1284/1284; calls=12/12; graph=0.88; str=1.00; const=1.00
0x0042f87b,0x004c2681,0.9540,0.6353,twin; mutual; seq=0.87 ngram=0.97; size=1562/1562; calls=9/9; graph=1.00; str=1.00; const=1.00
0x0047496b,0x0048d00c,0.9539,0.2769,twin; mutual; seq=0.89 ngram=0.95; size=788/788; calls=24/24; graph=1.00; const=1.00
0x00427e36,0x004500a1,0.9539,0.3884,twin; mutual; seq=0.91 ngram=0.91; size=563/563; calls=16/16; graph=1.00; str=1.00; const=1.00
0x00410cc0,0x004a2b00,0.9538,0.4679,twin; mutual; seq=0.95 ngram=0.84; size=561/561; calls=2/2; graph=1.00; const=1.00
0x0044f1de,0x004d4e3e,0.9535,0.2573,twin; mutual; seq=0.96 ngram=0.90; size=5427/5412; calls=75/73; graph=0.95; api=1.00; str=1.00; const=0.95
0x0049d843,0x004215c2,0.9535,0.3955,twin; mutual; seq=1.00 ngram=0.93; size=576/576; calls=9/9; graph=0.83; const=1.00
0x004fd844,0x00407e93,0.9534,0.6275,twin; mutual; seq=0.99 ngram=0.88; size=380/380; calls=4/3; graph=1.00; str=1.00; const=1.00
0x004a13b7,0x00425138,0.9532,0.7350,twin; mutual; seq=0.97 ngram=0.84; size=424/424; calls=17/17; api=1.00; const=1.00
0x00454702,0x0047bed2,0.9531,0.5124,twin; mutual; seq=0.92 ngram=0.89; size=739/739; calls=12/12; graph=1.00; str=1.00; const=1.00
0x0048e0a1,0x00433c39,0.9530,0.4876,twin; mutual; seq=0.98 ngram=0.84; size=77/77; calls=1/1; const=1.00
0x00476c77,0x0048f31a,0.9529,0.6002,twin; mutual; seq=0.96 ngram=0.82; size=475/475; calls=0/0; graph=1.00; const=1.00
0x0043bcba,0x004ceabe,0.9528,0.5483,twin; mutual; seq=0.91 ngram=0.92; size=1006/1006; calls=9/9; graph=1.00; const=1.00
0x00424a1e,0x0044cc6e,0.9526,0.8338,twin; mutual; seq=0.96 ngram=0.80; size=209/209; calls=6/6; graph=1.00; api=1.00; str=1.00; const=1.00
0x00447b57,0x0046da4a,0.9524,0.3413,twin; mutual; seq=0.86 ngram=1.00; size=2677/2677; calls=12/12; graph=1.00; const=1.00
0x0046fe86,0x00488598,0.9524,0.3852,twin; mutual; seq=1.00 ngram=1.00; size=202/202; calls=3/3; graph=0.75; const=1.00
0x0049f8cd,0x00423651,0.9524,0.4576,twin; mutual; seq=0.95 ngram=0.93; size=662/662; calls=20/20; graph=0.90; api=1.00; const=1.00
0x004f7bf6,0x00402245,0.9524,0.5251,twin; mutual; seq=1.00 ngram=1.00; size=283/283; calls=4/4; graph=0.75; const=1.00
0x004a6d20,0x00468b20,0.9524,0.7441,twin; mutual; seq=1.00 ngram=1.00; size=408/408; calls=1/2; graph=1.00; const=1.00
0x004a771b,0x0046951b,0.9522,0.6763,twin; mutual; seq=0.98 ngram=0.79; size=249/249; calls=1/1; graph=1.00; const=1.00
0x00506102,0x0042ae2a,0.9520,0.4078,twin; mutual; seq=0.97 ngram=0.90; size=431/433; calls=4/5; graph=1.00; const=1.00
0x004e1d96,0x00463523,0.9519,0.7020,twin; mutual; seq=0.98 ngram=0.78; size=214/213; calls=1/1; graph=1.00; const=1.00
0x00472905,0x0048afc2,0.9518,0.4763,twin; mutual; seq=0.97 ngram=0.79; size=261/261; calls=2/2; graph=1.00; const=1.00
0x004b6696,0x00447b5f,0.9515,0.6902,twin; mutual; seq=0.98 ngram=0.77; size=168/168; calls=4/4; graph=1.00; api=1.00; const=1.00
0x004fc89e,0x00406ef0,0.9513,0.4578,twin; mutual; seq=0.91 ngram=0.93; size=711/712; calls=14/13; graph=1.00; str=1.00; const=1.00
0x0045a575,0x0040d2fa,0.9511,0.4190,twin; mutual; seq=0.98 ngram=0.85; size=532/532; calls=9/7; graph=1.00; api=1.00; str=1.00; const=1.00
0x00465e9c,0x00418c1b,0.9511,0.7626,twin; mutual; seq=0.94 ngram=0.97; size=1094/1094; calls=11/11; graph=0.88; str=1.00; const=1.00
0x0046f5d1,0x00487ce1,0.9510,0.2734,twin; mutual; seq=0.93 ngram=0.97; size=1130/1130; calls=22/25; graph=0.96; api=1.00; str=1.00; const=1.00
0x00448e29,0x0046ed1c,0.9510,0.4120,twin; mutual; seq=0.85 ngram=1.00; size=785/785; calls=1/1; graph=1.00; const=1.00
0x00476510,0x0048ebb3,0.9510,0.5420,twin; mutual; seq=0.98 ngram=0.78; size=357/357; calls=0/0; graph=1.00; const=1.00
0x005064e9,0x0042b213,0.9510,0.6063,twin; mutual; seq=0.97 ngram=0.80; size=139/139; calls=2/2; graph=1.00; const=1.00
0x00401f70,0x00490478,0.9504,0.4459,twin; mutual; seq=0.93 ngram=0.86; size=4340/4331; calls=113/113; graph=1.00; api=1.00; const=1.00
0x00405802,0x0041e2a2,0.9501,0.4178,twin; mutual; seq=0.94 ngram=0.86; size=1737/1736; calls=15/16; graph=1.00; api=1.00; str=1.00; const=1.00
0x00467a68,0x00482299,0.9500,0.2438,twin; mutual; seq=0.90 ngram=0.94; size=12124/12135; calls=338/341; graph=0.96; api=1.00; str=0.98; const=0.99
0x0050ed10,0x0047f8f7,0.9500,0.5432,twin; mutual; seq=1.00 ngram=1.00; size=22/33; calls=1/1; graph=1.00
0x0044895f,0x0046e852,0.9498,0.3485,twin; mutual; seq=0.93 ngram=1.00; size=1226/1226; calls=14/15; graph=0.89; str=1.00; const=1.00
0x004297ed,0x004bc5ee,0.9498,0.3981,twin; mutual; seq=0.88 ngram=0.97; size=1675/1675; calls=20/19; graph=1.00; str=1.00; const=1.00
0x004fb1e4,0x00405831,0.9498,0.7061,twin; mutual; seq=0.87 ngram=0.95; size=906/906; calls=8/8; graph=1.00; str=1.00; const=1.00
0x004bd23f,0x0042dd5e,0.9494,0.4526,twin; mutual; seq=0.96 ngram=0.81; size=426/426; calls=6/6; graph=1.00; const=1.00
0x0042dd1f,0x004c0b1f,0.9494,0.8584,twin; mutual; seq=0.86 ngram=0.97; size=1461/1461; calls=6/6; graph=1.00; str=1.00; const=1.00
0x0043da0f,0x004d0811,0.9493,0.8594,twin; mutual; seq=0.86 ngram=0.97; size=1447/1447; calls=6/6; graph=1.00; str=1.00; const=1.00
0x00474588,0x0048cc29,0.9492,0.3780,twin; mutual; seq=0.92 ngram=0.88; size=945/945; calls=5/5; graph=1.00; const=0.97
0x0043bb32,0x004ce937,0.9492,0.8976,twin; mutual; seq=0.96 ngram=0.80; size=98/97; calls=2/2; graph=1.00; str=1.00; const=1.00
0x00457e67,0x0040abf8,0.9490,0.3617,twin; mutual; seq=0.88 ngram=0.97; size=1839/1839; calls=13/12; graph=1.00; str=1.00; const=1.00
0x0047c7aa,0x00499d09,0.9484,0.5708,twin; mutual; seq=0.90 ngram=0.89; size=3059/3071; calls=91/91; graph=1.00; api=1.00; str=1.00; const=1.00
0x00428320,0x004bb120,0.9481,0.4132,twin; mutual; seq=0.84 ngram=1.00; size=1278/1278; calls=5/5; graph=1.00; const=1.00
0x004ab552,0x00430911,0.9480,0.3570,twin; mutual; seq=0.93 ngram=0.98; size=2722/2728; calls=16/16; graph=0.88; const=1.00
0x00465a75,0x004187f1,0.9479,0.8014,twin; mutual; seq=0.91 ngram=0.88; size=1063/1066; calls=10/10; graph=1.00; str=1.00; const=1.00
0x004d87cb,0x00459f68,0.9475,0.8918,twin; mutual; seq=0.89 ngram=0.92; size=1665/1665; calls=8/8; graph=1.00; const=1.00
0x004441cc,0x004b5565,0.9474,0.2205,twin; mutual; seq=0.91 ngram=0.87; size=3831/3841; calls=79/79; graph=1.00; api=1.00; const=1.00
0x004420a1,0x004b33f1,0.9474,0.2800,twin; mutual; seq=0.93 ngram=0.91; size=6620/6694; calls=169/173; graph=0.96; api=0.99; str=1.00; const=0.95
0x0042fe9a,0x004c2ca0,0.9473,0.4835,twin; mutual; seq=0.95 ngram=0.82; size=387/387; calls=3/3; graph=1.00; str=1.00; const=0.88
0x004cf965,0x004a1a2d,0.9470,0.6846,twin; mutual; seq=1.00 ngram=1.00; size=333/333; calls=6/5; graph=1.00; api=1.00; const=1.00
0x004bd035,0x0042db54,0.9468,0.2983,twin; mutual; seq=0.97 ngram=0.77; size=522/522; calls=0/0; graph=1.00; const=1.00
0x00463ef0,0x00416c6a,0.9465,0.8393,twin; mutual; seq=0.95 ngram=0.79; size=538/537; calls=6/6; graph=1.00; str=1.00; const=1.00
0x004e4508,0x00465c8c,0.9461,0.6458,twin; mutual; seq=1.00 ngram=0.93; size=582/582; calls=6/5; graph=1.00; str=0.50; const=1.00
0x004b67ab,0x00447c74,0.9459,0.8756,twin; mutual; seq=0.97 ngram=0.75; size=132/132; calls=3/3; graph=1.00; api=1.00; const=1.00
0x004a8111,0x00469f11,0.9455,0.3419,twin; mutual; seq=0.92 ngram=0.95; size=3040/3040; calls=32/31; graph=0.90; api=1.00; str=1.00; const=1.00
0x004f8321,0x00402970,0.9455,0.6745,twin; mutual; seq=0.86 ngram=0.95; size=849/849; calls=9/9; graph=1.00; str=1.00; const=1.00
0x00431ed3,0x004c4cda,0.9454,0.5566,twin; mutual; seq=0.84 ngram=0.98; size=1830/1831; calls=13/13; graph=1.00; str=1.00; const=1.00
0x00441167,0x004d3f63,0.9454,0.7312,twin; mutual; seq=0.86 ngram=0.95; size=885/885; calls=7/7; graph=1.00; str=1.00; const=1.00
0x0044068c,0x004d3488,0.9453,0.6224,twin; mutual; seq=0.85 ngram=0.97; size=1213/1213; calls=12/12; graph=1.00; str=1.00; const=1.00
0x004f7658,0x00401ca8,0.9452,0.8000,twin; mutual; seq=0.96 ngram=0.78; size=529/529; calls=4/4; graph=1.00; str=1.00; const=1.00
0x004e08ac,0x00462039,0.9448,0.5712,twin; mutual; seq=0.97 ngram=0.77; size=175/175; calls=2/2; graph=1.00; const=1.00
0x0043dfbb,0x004d0dbd,0.9448,0.5831,twin; mutual; seq=0.95 ngram=0.81; size=315/309; calls=3/3; graph=1.00; str=1.00; const=1.00
0x004e07b5,0x00461f42,0.9448,0.7576,twin; mutual; seq=0.97 ngram=0.78; size=247/247; calls=3/3; graph=1.00; const=0.93
0x004751d7,0x0048d878,0.9445,0.3594,twin; mutual; seq=0.98 ngram=1.00; size=1062/1062; calls=2/1; graph=1.00; const=1.00
0x004ae779,0x0043fc31,0.9443,0.5682,twin; mutual; seq=0.95 ngram=0.77; size=298/298; calls=8/8; graph=1.00; api=1.00; str=1.00; const=1.00
0x00460bfa,0x0041397d,0.9442,0.4600,twin; mutual; seq=0.84 ngram=0.99; size=1095/1096; calls=3/3; graph=1.00; const=1.00
0x004df20c,0x00460999,0.9442,0.7784,twin; mutual; seq=0.96 ngram=0.78; size=264/264; calls=3/3; graph=1.00; const=1.00
0x004414dc,0x004d42d8,0.9441,0.8697,twin; mutual; seq=0.93 ngram=0.93; size=686/686; calls=5/6; graph=1.00; const=1.00
0x004d7065,0x00458802,0.9438,0.6167,twin; mutual; seq=0.87 ngram=0.92; size=1727/1727; calls=10/10; graph=1.00; str=1.00; const=1.00
0x00501f50,0x00426c70,0.9433,0.2037,twin; mutual; seq=0.90 ngram=0.96; size=15607/15615; calls=240/227; graph=0.91; api=1.00; str=1.00; const=0.99
0x004a9137,0x0046af37,0.9431,0.2678,twin; mutual; seq=0.94 ngram=0.94; size=2076/2076; calls=49/49; graph=0.85; str=1.00; const=1.00
0x004e3730,0x00464eb5,0.9431,0.6700,twin; mutual; seq=0.96 ngram=0.83; size=91/90; calls=1/1; const=1.00
0x004e2c7f,0x0046440b,0.9429,0.5129,twin; mutual; seq=0.92 ngram=0.86; size=873/873; calls=6/7; graph=1.00; str=1.00; const=0.98
0x004b5d2e,0x004471f7,0.9425,0.6383,twin; mutual; seq=0.96 ngram=0.75; size=182/182; calls=3/3; graph=1.00; api=1.00; const=1.00
0x004dd33b,0x0045ead4,0.9424,0.6747,twin; mutual; seq=0.95 ngram=0.80; size=754/753; calls=2/2; graph=1.00; const=0.98
0x0042bb2e,0x004be92e,0.9424,0.7055,twin; mutual; seq=0.85 ngram=0.95; size=951/951; calls=6/6; graph=1.00; str=1.00; const=1.00
0x00462d1e,0x00415a9c,0.9421,0.6352,twin; mutual; seq=0.86 ngram=0.93; size=608/608; calls=7/7; graph=1.00; const=1.00
0x0045a789,0x0040d50e,0.9420,0.4770,twin; mutual; seq=0.95 ngram=0.85; size=156/154; calls=0/0; const=1.00
0x004d4f73,0x00456711,0.9419,0.8869,twin; mutual; seq=0.87 ngram=0.93; size=1715/1715; calls=8/8; graph=1.00; const=1.00
0x0048aee0,0x004d7f60,0.9418,0.4819,twin; mutual; seq=1.00 ngram=1.00; size=59/88; calls=0/0; const=1.00
0x00415920,0x004a775b,0.9418,0.6446,twin; mutual; seq=0.84 ngram=0.96; size=1064/1064; calls=8/8; graph=1.00; str=1.00; const=1.00
0x0043b424,0x004ce22a,0.9416,0.4100,twin; mutual; seq=0.88 ngram=0.90; size=711/710; calls=10/10; graph=1.00; str=1.00; const=1.00
0x00463c10,0x0041698a,0.9416,0.5165,twin; mutual; seq=0.96 ngram=0.76; size=193/193; calls=3/3; graph=1.00; const=1.00
0x004fc65e,0x00406cb0,0.9413,0.6820,twin; mutual; seq=0.98 ngram=0.83; size=576/576; calls=4/3; graph=1.00; str=1.00; const=1.00
0x004ddcf4,0x0045f48c,0.9412,0.3993,twin; mutual; seq=0.95 ngram=0.79; size=349/344; calls=1/1; graph=1.00; const=1.00
0x00430f0a,0x004c3d11,0.9410,0.8542,twin; mutual; seq=0.83 ngram=0.97; size=1326/1326; calls=6/6; graph=1.00; str=1.00; const=1.00
0x004e1fcb,0x00463757,0.9409,0.6787,twin; mutual; seq=0.96 ngram=0.75; size=310/310; calls=3/3; graph=1.00; str=1.00; const=1.00
0x00413570,0x004a53ac,0.9406,0.5784,twin; mutual; seq=0.82 ngram=1.00; size=761/761; calls=1/1; graph=1.00; const=1.00
0x004c4c84,0x00473a32,0.9403,0.3304,twin; mutual; seq=0.88 ngram=0.90; size=4933/4945; calls=46/46; graph=1.00; const=1.00
0x00439e06,0x004ccc0e,0.9399,0.8542,twin; mutual; seq=0.83 ngram=0.97; size=1313/1313; calls=6/6; graph=1.00; str=1.00; const=1.00
0x004dde51,0x0045f5e4,0.9397,0.5754,twin; mutual; seq=0.98 ngram=0.77; size=169/168; calls=0/0; const=1.00
0x0045d1f0,0x0040ff7e,0.9397,0.6269,twin; mutual; seq=0.85 ngram=0.93; size=1618/1617; calls=12/12; graph=1.00; str=1.00; const=1.00
0x004d109a,0x0045283a,0.9396,0.4210,twin; mutual; seq=0.85 ngram=0.93; size=3109/3108; calls=25/25; graph=1.00; str=1.00; const=1.00
0x00401000,0x0048f500,0.9394,0.4139,twin; mutual; seq=0.92 ngram=0.86; size=3212/3217; calls=79/81; graph=1.00; api=1.00; str=1.00; const=0.89
0x00473d98,0x0048c43a,0.9393,0.5452,twin; mutual; seq=0.97 ngram=0.74; size=209/209; calls=0/0; graph=1.00; const=1.00
0x004cc9c5,0x00451482,0.9392,0.4392,twin; mutual; seq=0.81 ngram=1.00; size=734/734; calls=9/9; graph=1.00; api=1.00; const=1.00
0x004d9afd,0x0045b29a,0.9388,0.4501,twin; mutual; seq=0.86 ngram=0.90; size=1153/1153; calls=6/6; graph=1.00; str=1.00; const=1.00
0x00458cae,0x0040ba3d,0.9388,0.4968,twin; mutual; seq=0.85 ngram=0.93; size=1030/1030; calls=4/4; graph=1.00; const=1.00
0x0041c22f,0x004ae01a,0.9387,0.5203,twin; mutual; seq=0.89 ngram=0.96; size=1704/1704; calls=4/5; graph=1.00; str=1.00; const=1.00
0x00434b1f,0x004c7928,0.9387,0.6395,twin; mutual; seq=0.83 ngram=0.96; size=1043/1043; calls=9/9; graph=1.00; str=1.00; const=1.00
0x004d5c1e,0x004573bc,0.9384,0.6479,twin; mutual; seq=0.85 ngram=0.95; size=1907/1907; calls=9/9; graph=1.00; const=1.00
0x00471971,0x0048a07d,0.9382,0.3324,twin; mutual; seq=0.96 ngram=0.74; size=329/330; calls=5/5; graph=1.00; str=1.00; const=1.00
0x00408e20,0x00436820,0.9380,0.6456,twin; mutual; seq=0.88 ngram=0.85; size=562/562; calls=24/24; graph=1.00; api=1.00; str=1.00; const=1.00
0x0043e79c,0x004d1597,0.9379,0.3778,twin; mutual; seq=0.85 ngram=0.94; size=1054/1054; calls=14/14; graph=1.00; const=1.00
0x00416f1a,0x004a8d55,0.9379,0.4607,twin; mutual; seq=0.86 ngram=0.97; size=908/908; calls=7/8; graph=1.00; api=1.00; str=1.00; const=1.00
0x00440b49,0x004d3945,0.9377,0.4801,twin; mutual; seq=0.81 ngram=1.00; size=620/620; calls=6/6; graph=1.00; const=1.00
0x0043e0f6,0x004d0ef2,0.9374,0.3851,twin; mutual; seq=0.86 ngram=0.90; size=1697/1696; calls=14/14; graph=1.00; str=1.00; const=1.00
0x004fcb7a,0x004071cd,0.9372,0.5237,twin; mutual; seq=0.90 ngram=0.91; size=880/880; calls=9/7; graph=1.00; str=1.00; const=1.00
0x0041765d,0x004a9498,0.9369,0.7590,twin; mutual; seq=0.88 ngram=0.86; size=700/700; calls=8/8; graph=1.00; str=1.00; const=1.00
0x0041b695,0x004ad480,0.9368,0.6826,twin; mutual; seq=0.98 ngram=0.78; size=519/519; calls=3/4; graph=1.00; const=0.97
0x0044178f,0x004d458b,0.9366,0.8676,twin; mutual; seq=0.91 ngram=0.93; size=686/686; calls=5/6; graph=1.00; const=1.00
0x004d2c17,0x004543b6,0.9364,0.4269,twin; mutual; seq=0.94 ngram=0.75; size=273/273; calls=5/5; graph=1.00; str=1.00; const=1.00
0x0040741b,0x004933ec,0.9362,0.4495,twin; mutual; seq=0.97 ngram=0.80; size=126/122; calls=5/5; str=1.00; const=1.00
0x004b5a46,0x00446f0f,0.9355,0.8922,twin; mutual; seq=0.97 ngram=0.70; size=114/114; calls=3/3; graph=1.00; api=1.00; const=1.00
0x004397e3,0x004cc5eb,0.9353,0.4955,twin; mutual; seq=0.81 ngram=1.00; size=938/938; calls=3/3; graph=1.00; const=1.00
0x00472fae,0x0048b64f,0.9353,0.5436,twin; mutual; seq=0.96 ngram=0.73; size=459/459; calls=6/6; graph=1.00; const=1.00
0x00416222,0x004a805d,0.9352,0.7231,twin; mutual; seq=0.86 ngram=0.90; size=777/777; calls=9/9; graph=1.00; str=1.00; const=1.00
0x004097e2,0x004371ec,0.9345,0.3063,twin; mutual; seq=0.86 ngram=0.88; size=842/846; calls=34/34; graph=1.00; api=1.00; const=1.00
0x004325fe,0x004c5406,0.9343,0.7526,twin; mutual; seq=0.81 ngram=0.97; size=1300/1300; calls=8/8; graph=1.00; str=1.00; const=1.00
0x004572aa,0x0040a03a,0.9342,0.3709,twin; mutual; seq=0.83 ngram=1.00; size=1181/1180; calls=9/10; graph=1.00; str=1.00; const=1.00
0x004172a6,0x004a90e1,0.9342,0.4076,twin; mutual; seq=0.86 ngram=1.00; size=951/951; calls=9/9; graph=0.88; str=1.00; const=1.00
0x0045350d,0x0047acdd,0.9335,0.5500,twin; mutual; seq=0.84 ngram=1.00; size=670/670; calls=5/6; graph=1.00; str=1.00; const=1.00
0x00472616,0x0048acd3,0.9334,0.5443,twin; mutual; seq=0.96 ngram=0.72; size=175/175; calls=1/1; graph=1.00; const=1.00
0x0044cfe4,0x004baa8b,0.9333,0.2767,twin; mutual; seq=0.96 ngram=0.97; size=822/823; calls=16/17; graph=1.00; api=1.00; const=1.00
0x004fceea,0x0040753d,0.9333,0.7641,twin; mutual; seq=0.95 ngram=0.72; size=561/559; calls=4/4; graph=1.00; str=1.00; const=1.00
0x004e095b,0x004620e8,0.9330,0.7052,twin; mutual; seq=0.97 ngram=0.72; size=348/348; calls=4/4; graph=1.00; const=0.95
0x004f9e64,0x004044b3,0.9328,0.7734,twin; mutual; seq=0.84 ngram=0.91; size=1471/1470; calls=12/12; graph=1.00; str=1.00; const=1.00
0x004c864d,0x0047740d,0.9326,0.2782,twin; mutual; seq=0.81 ngram=1.00; size=6381/6381; calls=50/54; graph=1.00; api=1.00; str=1.00; const=1.00
0x0041a782,0x004ac56d,0.9323,0.4546,twin; mutual; seq=0.82 ngram=0.95; size=1594/1594; calls=9/9; graph=1.00; const=1.00
0x0040836a,0x0049198a,0.9321,0.5737,twin; mutual; seq=0.88 ngram=0.83; size=1111/1114; calls=36/36; graph=1.00; api=1.00; const=1.00
0x0041a4c6,0x004ac2b1,0.9321,0.6666,twin; mutual; seq=0.89 ngram=0.92; size=695/695; calls=2/3; graph=1.00; const=1.00
0x004468dc,0x0046c7d0,0.9319,0.3197,twin; mutual; seq=0.84 ngram=0.92; size=1142/1141; calls=8/8; graph=1.00; const=1.00
0x004cced8,0x00451995,0.9315,0.4117,twin; mutual; seq=0.79 ngram=1.00; size=631/631; calls=0/0; graph=1.00; const=1.00
0x004a1b64,0x004258dd,0.9314,0.4851,twin; mutual; seq=0.98 ngram=0.78; size=677/682; calls=10/10; graph=1.00; str=0.50; const=1.00
0x00435abf,0x004c88c8,0.9313,0.8118,twin; mutual; seq=0.80 ngram=0.98; size=2625/2625; calls=17/17; graph=1.00; str=1.00; const=1.00
0x0045dda5,0x00410b32,0.9309,0.5993,twin; mutual; seq=0.85 ngram=1.00; size=716/716; calls=4/5; graph=1.00; str=1.00; const=1.00
0x00476675,0x0048ed18,0.9308,0.4780,twin; mutual; seq=0.96 ngram=0.72; size=377/377; calls=3/3; graph=1.00; const=1.00
0x004b6288,0x00447751,0.9307,0.6239,twin; mutual; seq=0.95 ngram=0.70; size=206/206; calls=3/3; graph=1.00; api=1.00; const=1.00
0x004f7a7a,0x004020ca,0.9302,0.5316,twin; mutual; seq=0.97 ngram=0.84; size=380/379; calls=2/3; graph=1.00; str=1.00; const=1.00
0x004e0ab7,0x00462244,0.9302,0.7980,twin; mutual; seq=0.94 ngram=0.71; size=357/357; calls=5/5; graph=1.00; str=1.00; const=1.00
0x00476b0e,0x0048f1b1,0.9300,0.5113,twin; mutual; seq=0.95 ngram=0.72; size=361/361; calls=3/3; graph=1.00; const=1.00
0x004f4eb3,0x00471cf1,0.9298,0.2884,twin; mutual; seq=0.94 ngram=0.71; size=261/261; calls=9/9; graph=1.00; api=1.00; const=1.00
0x004fe05f,0x004086ae,0.9298,0.6032,twin; mutual; seq=0.80 ngram=0.97; size=1568/1568; calls=8/8; graph=1.00; str=1.00; const=1.00
0x00426518,0x0044e776,0.9298,0.7176,twin; mutual; seq=0.90 ngram=0.91; size=685/685; calls=16/18; graph=1.00; api=1.00; const=1.00
0x00465165,0x00417ee1,0.9298,0.7795,twin; mutual; seq=0.85 ngram=0.89; size=1181/1183; calls=10/10; graph=1.00; str=1.00; const=1.00
0x004b6eab,0x00448374,0.9293,0.8797,twin; mutual; seq=0.97 ngram=0.66; size=110/110; calls=3/3; graph=1.00; api=1.00; const=1.00
0x00471aba,0x0048a1c7,0.9291,0.3312,twin; mutual; seq=0.93 ngram=0.73; size=262/262; calls=9/9; graph=1.00; str=1.00; const=1.00
0x00432b12,0x004c591a,0.9291,0.7850,twin; mutual; seq=0.80 ngram=0.96; size=1118/1118; calls=7/7; graph=1.00; str=1.00; const=1.00
0x004605e4,0x0041336b,0.9290,0.7810,twin; mutual; seq=0.86 ngram=0.86; size=1086/1084; calls=10/10; graph=1.00; str=1.00; const=1.00
0x00429e7d,0x004bcc7e,0.9289,0.5463,twin; mutual; seq=0.78 ngram=1.00; size=601/601; calls=2/2; graph=1.00; str=1.00; const=1.00
0x0045b502,0x0040e289,0.9287,0.4836,twin; mutual; seq=0.87 ngram=0.87; size=727/727; calls=13/14; graph=1.00; str=1.00; const=1.00
0x00461ba1,0x0041491f,0.9286,0.6280,twin; mutual; seq=0.80 ngram=0.96; size=920/920; calls=7/7; graph=1.00; str=1.00; const=1.00
0x004b72d0,0x00448799,0.9286,0.7922,twin; mutual; seq=0.99 ngram=0.79; size=163/163; calls=4/4; graph=1.00; api=1.00; const=0.33
0x004b718a,0x00448653,0.9286,0.8831,twin; mutual; seq=0.99 ngram=0.79; size=163/163; calls=4/4; graph=1.00; api=1.00; const=0.33
0x00456f29,0x00409cb9,0.9285,0.6482,twin; mutual; seq=0.87 ngram=0.89; size=897/897; calls=10/11; graph=1.00; str=1.00; const=1.00
0x0045c59a,0x0040f321,0.9282,0.7449,twin; mutual; seq=0.85 ngram=0.94; size=2702/2708; calls=11/13; graph=1.00; str=1.00; const=1.00
0x00495eec,0x004381c6,0.9281,0.3400,twin; mutual; seq=0.96 ngram=0.67; size=408/408; calls=11/11; graph=1.00; api=1.00; const=1.00
0x00440db5,0x004d3bb1,0.9281,0.6968,twin; mutual; seq=0.80 ngram=0.95; size=946/946; calls=8/8; graph=1.00; str=1.00; const=1.00
0x0040360b,0x0041c0ab,0.9280,0.2244,twin; mutual; seq=0.82 ngram=0.92; size=7256/7256; calls=52/52; graph=1.00; str=1.00; const=1.00
0x004494ff,0x0043a55f,0.9279,0.5668,twin; mutual; seq=0.91 ngram=0.85; size=2624/2639; calls=77/77; graph=0.90; api=1.00; str=1.00; const=1.00
0x00464723,0x0041749c,0.9277,0.6342,twin; mutual; seq=0.82 ngram=0.93; size=1029/1032; calls=4/4; graph=1.00; const=1.00
0x004f899b,0x00402fea,0.9274,0.5965,twin; mutual; seq=0.83 ngram=0.90; size=1852/1851; calls=18/19; graph=1.00; str=1.00; const=1.00
0x005019a0,0x00499a78,0.9274,0.8835,twin; mutual; seq=0.94 ngram=0.77; size=290/283; calls=12/12; api=1.00; str=1.00; const=1.00
0x004622d9,0x00415057,0.9273,0.6612,twin; mutual; seq=0.80 ngram=0.94; size=1012/1012; calls=7/7; graph=1.00; str=1.00; const=1.00
0x00505ea7,0x0042abcf,0.9270,0.3071,twin; mutual; seq=0.86 ngram=0.85; size=386/386; calls=10/10; graph=1.00; str=1.00; const=1.00
0x004c9f88,0x00478d48,0.9269,0.4939,twin; mutual; seq=0.95 ngram=0.70; size=243/243; calls=0/0; graph=1.00; const=1.00
0x0043d1c3,0x004cffc5,0.9260,0.5340,twin; mutual; seq=0.80 ngram=0.94; size=2124/2124; calls=14/14; graph=1.00; api=1.00; str=1.00; const=0.98
0x00474c7f,0x0048d320,0.9259,0.3817,twin; mutual; seq=0.92 ngram=0.75; size=143/143; calls=5/5; graph=1.00; const=1.00
0x00434f32,0x004c7d3b,0.9256,0.7014,twin; mutual; seq=0.80 ngram=0.95; size=1153/1153; calls=6/6; graph=1.00; str=1.00; const=1.00
0x0041c8e1,0x004ae6cc,0.9251,0.5625,twin; mutual; seq=0.76 ngram=1.00; size=697/697; calls=4/4; graph=1.00; str=1.00; const=1.00
0x0046b887,0x004860aa,0.9250,0.3483,twin; mutual; seq=0.95 ngram=0.68; size=164/161; calls=4/4; graph=1.00; str=1.00; const=1.00
0x0041adc1,0x004acbac,0.9248,0.5765,twin; mutual; seq=0.83 ngram=0.94; size=995/995; calls=5/6; graph=1.00; const=1.00
0x004be192,0x0042ecaf,0.9244,0.5463,twin; mutual; seq=0.96 ngram=0.67; size=169/169; calls=3/3; graph=1.00; const=1.00
0x0044867e,0x0046e571,0.9241,0.3913,twin; mutual; seq=0.94 ngram=0.71; size=546/546; calls=2/2; graph=1.00; const=1.00
0x00476e60,0x004b6c50,0.9241,0.5382,twin; mutual; seq=0.96 ngram=0.88; size=604/604; calls=20/20; graph=0.75; api=1.00; str=1.00; const=1.00
0x004d817b,0x00459918,0.9241,0.6870,twin; mutual; seq=0.81 ngram=0.94; size=1616/1616; calls=7/7; graph=1.00; const=1.00
0x004a6fef,0x00468def,0.9238,0.6263,twin; mutual; seq=0.83 ngram=0.97; size=1486/1486; calls=11/13; graph=1.00; str=1.00; const=1.00
0x0042ec65,0x004c1a69,0.9233,0.4592,twin; mutual; seq=0.93 ngram=0.73; size=314/314; calls=1/1; graph=1.00; const=1.00
0x004353b3,0x004c81bc,0.9230,0.7251,twin; mutual; seq=0.77 ngram=0.97; size=1804/1804; calls=7/7; graph=1.00; str=1.00; const=1.00
0x004e61a6,0x0046792a,0.9229,0.8156,twin; mutual; seq=0.86 ngram=0.82; size=932/932; calls=7/7; graph=1.00; str=1.00; const=1.00
0x0042bfa5,0x004beda5,0.9227,0.5127,twin; mutual; seq=0.86 ngram=0.98; size=2442/2442; calls=6/9; graph=1.00; const=1.00
0x004b5501,0x004469c9,0.9226,0.4175,twin; mutual; seq=0.97 ngram=0.66; size=62/62; calls=1/1; graph=1.00
0x0041115f,0x004a2f9f,0.9226,0.6772,twin; mutual; seq=0.96 ngram=0.67; size=162/162; calls=1/1; graph=1.00; const=1.00
0x0043ebbf,0x004d19ba,0.9223,0.7382,twin; mutual; seq=0.82 ngram=0.94; size=1503/1503; calls=9/10; graph=1.00; str=1.00; const=1.00
0x004f58eb,0x00472731,0.9217,0.3197,twin; mutual; seq=0.92 ngram=0.68; size=268/268; calls=9/9; graph=1.00; api=1.00; str=1.00; const=1.00
0x00407499,0x00493466,0.9217,0.3881,twin; mutual; seq=0.80 ngram=0.95; size=681/681; calls=4/4; graph=1.00; const=1.00
0x004549ea,0x0047c1ba,0.9212,0.7285,twin; mutual; seq=0.83 ngram=0.93; size=3033/3033; calls=26/29; graph=1.00; str=1.00; const=1.00
0x0045f82b,0x004125b3,0.9211,0.4537,twin; mutual; seq=0.79 ngram=0.95; size=1408/1408; calls=13/13; graph=1.00; const=1.00
0x0046ff50,0x00488662,0.9205,0.3635,twin; mutual; seq=0.86 ngram=0.83; size=2993/2992; calls=41/43; graph=1.00; str=1.00; const=0.97
0x004e22b2,0x00463a3e,0.9200,0.6590,twin; mutual; seq=0.84 ngram=0.90; size=988/988; calls=9/10; graph=1.00; str=1.00; const=1.00
0x004555c8,0x0047cd98,0.9200,0.7350,twin; mutual; seq=0.82 ngram=0.93; size=2960/2960; calls=28/31; graph=1.00; str=1.00; const=1.00
0x004fd5e4,0x00407c33,0.9192,0.3769,twin; mutual; seq=0.98 ngram=0.93; size=608/608; calls=15/15; graph=0.67; str=1.00; const=1.00
0x00430252,0x004c3059,0.9191,0.5933,twin; mutual; seq=0.83 ngram=0.88; size=922/922; calls=4/4; graph=1.00; const=0.98
0x0049c7c7,0x0042053a,0.9190,0.2560,twin; mutual; seq=0.89 ngram=0.86; size=4215/4227; calls=117/117; graph=0.87; api=1.00; str=1.00; const=0.97
0x00439b92,0x004cc99a,0.9190,0.5878,twin; mutual; seq=0.94 ngram=0.67; size=500/500; calls=2/2; graph=1.00; str=1.00; const=0.97
0x00470b36,0x00489247,0.9184,0.3209,twin; mutual; seq=0.94 ngram=0.87; size=877/877; calls=19/19; graph=0.78; api=1.00; str=1.00; const=0.96
0x004b74fa,0x004489c3,0.9184,0.5157,twin; mutual; seq=0.99 ngram=0.74; size=117/117; calls=4/4; graph=1.00; api=1.00; const=0.33
0x004e378b,0x00464f0f,0.9180,0.4471,twin; mutual; seq=0.74 ngram=1.00; size=970/970; calls=6/6; graph=1.00; str=1.00; const=1.00
0x004f72b0,0x00401900,0.9177,0.3593,twin; mutual; seq=0.89 ngram=0.89; size=936/936; calls=19/19; graph=0.86; str=1.00; const=1.00
0x0049fee7,0x00423c6b,0.9174,0.7253,twin; mutual; seq=0.92 ngram=0.69; size=490/490; calls=23/23; graph=1.00; api=1.00; const=1.00
0x00414270,0x004a60aa,0.9173,0.5352,twin; mutual; seq=0.75 ngram=1.00; size=813/814; calls=7/7; graph=1.00; const=1.00
0x004ba890,0x0042b6b0,0.9171,0.3052,twin; mutual; seq=0.85 ngram=0.90; size=4252/4254; calls=54/64; graph=1.00; str=1.00; const=1.00
0x0042ae1d,0x004bdc1e,0.9170,0.5817,twin; mutual; seq=0.76 ngram=0.97; size=2008/2008; calls=8/8; graph=1.00; str=1.00; const=1.00
0x00436500,0x004c9309,0.9170,0.7446,twin; mutual; seq=0.78 ngram=0.93; size=2656/2656; calls=17/17; graph=1.00; str=1.00; const=1.00
0x0047d460,0x00493810,0.9165,0.5950,twin; mutual; seq=0.78 ngram=0.91; size=1020/1020; calls=33/33; graph=1.00; api=1.00; str=1.00; const=1.00
0x0043f19e,0x004d1f99,0.9164,0.7208,twin; mutual; seq=0.77 ngram=0.95; size=895/895; calls=7/7; graph=1.00; str=1.00; const=1.00
0x0045bd50,0x0040ead7,0.9163,0.7440,twin; mutual; seq=0.81 ngram=0.94; size=2117/2117; calls=10/12; graph=1.00; str=1.00; const=1.00
0x0043841c,0x004cb223,0.9161,0.5794,twin; mutual; seq=0.75 ngram=1.00; size=1143/1143; calls=5/5; graph=1.00; const=1.00
0x0042f2f8,0x004c20fd,0.9158,0.3474,twin; mutual; seq=0.85 ngram=0.82; size=915/915; calls=2/2; graph=1.00; const=0.98
0x0041d411,0x004af1fa,0.9157,0.4609,twin; mutual; seq=0.76 ngram=0.96; size=1173/1173; calls=10/10; graph=1.00; api=1.00; const=1.00
0x0048d259,0x00432e04,0.9154,0.1733,twin; mutual; seq=0.99 ngram=0.93; size=3524/3506; calls=189/188; graph=1.00; str=0.00; const=1.00
0x00413fb4,0x004a5def,0.9148,0.5948,twin; mutual; seq=0.77 ngram=0.96; size=700/699; calls=4/4; graph=1.00; const=1.00
0x004fd11b,0x0040776c,0.9144,0.4821,twin; mutual; seq=0.87 ngram=0.82; size=692/690; calls=9/8; graph=1.00; str=1.00; const=1.00
0x004aa830,0x0042fbf0,0.9143,0.6623,twin; mutual; seq=0.99 ngram=0.80; size=698/697; calls=26/26; graph=1.00; str=0.00; const=1.00
0x0043c287,0x004cf08b,0.9137,0.6263,twin; mutual; seq=0.78 ngram=0.92; size=1646/1644; calls=9/9; graph=1.00; str=1.00; const=1.00
0x00452b71,0x0047a341,0.9135,0.2976,twin; mutual; seq=0.86 ngram=0.82; size=779/779; calls=12/13; graph=1.00; str=1.00; const=1.00
0x004fc023,0x00406675,0.9133,0.6072,twin; mutual; seq=0.77 ngram=0.93; size=706/706; calls=4/4; graph=1.00; str=1.00; const=1.00
0x0049fb63,0x004238e7,0.9130,0.2881,twin; mutual; seq=1.00 ngram=1.00; size=900/900; calls=13/13; graph=0.50; api=1.00; str=1.00; const=1.00
0x00429237,0x004bc037,0.9130,0.4286,twin; mutual; seq=0.82 ngram=0.89; size=1462/1463; calls=11/10; graph=1.00; str=1.00; const=1.00
0x00414ac1,0x004a68fc,0.9130,0.6153,twin; mutual; seq=0.80 ngram=0.89; size=723/723; calls=3/3; graph=1.00; const=1.00
0x004e3185,0x0046490c,0.9129,0.6815,twin; mutual; seq=0.94 ngram=0.65; size=366/364; calls=1/1; graph=1.00; const=1.00
0x004fe9b6,0x00409006,0.9127,0.4241,twin; mutual; seq=0.76 ngram=0.99; size=1451/1451; calls=9/10; graph=1.00; str=1.00; const=1.00
0x004cd760,0x0049f820,0.9124,0.6016,twin; mutual; seq=0.78 ngram=0.88; size=673/673; calls=22/22; graph=1.00; api=1.00; str=1.00; const=1.00
0x004e5e3b,0x004675bf,0.9123,0.8153,twin; mutual; seq=0.85 ngram=0.79; size=875/875; calls=7/7; graph=1.00; str=1.00; const=1.00
0x004e4807,0x00465f8b,0.9120,0.5643,twin; mutual; seq=0.74 ngram=0.97; size=1959/1959; calls=10/10; graph=1.00; str=1.00; const=1.00
0x004dd98f,0x0045f127,0.9117,0.5187,twin; mutual; seq=0.74 ngram=1.00; size=869/869; calls=2/2; graph=1.00; const=1.00
0x00440289,0x004d3084,0.9115,0.8018,twin; mutual; seq=0.74 ngram=0.96; size=1027/1028; calls=5/5; graph=1.00; str=1.00; const=1.00
0x0040710a,0x004930ea,0.9114,0.4303,twin; mutual; seq=0.93 ngram=0.76; size=196/192; calls=6/6; str=1.00
0x0042a1c9,0x004bcfca,0.9108,0.3713,twin; mutual; seq=0.78 ngram=0.94; size=2641/2641; calls=13/14; graph=1.00; api=1.00; str=0.75; const=1.00
0x00471bc0,0x0048a2cd,0.9094,0.7377,twin; mutual; seq=0.94 ngram=0.63; size=114/114; calls=0/0; graph=1.00; const=1.00
0x004d2610,0x00453daf,0.9093,0.7708,twin; mutual; seq=0.83 ngram=0.80; size=970/970; calls=8/8; graph=1.00; str=1.00; const=1.00
0x004590b4,0x0040be43,0.9091,0.5276,twin; mutual; seq=1.00 ngram=1.00; size=506/506; calls=4/4; graph=0.50; str=1.00; const=1.00
0x004e5a39,0x004671bd,0.9091,0.6838,twin; mutual; seq=0.73 ngram=1.00; size=1026/1026; calls=8/8; graph=1.00; const=1.00
0x00458c07,0x0040b998,0.9088,0.5958,twin; mutual; seq=0.92 ngram=0.67; size=104/102; calls=2/2; graph=1.00; const=1.00
0x004d5626,0x00456dc4,0.9084,0.7582,twin; mutual; seq=0.79 ngram=0.89; size=1528/1528; calls=7/7; graph=1.00; const=1.00
0x00418785,0x004aa5bf,0.9080,0.6409,twin; mutual; seq=0.81 ngram=0.83; size=1231/1231; calls=10/10; graph=1.00; str=1.00; const=1.00
0x00406681,0x00492951,0.9079,0.5148,twin; mutual; seq=0.92 ngram=0.73; size=441/436; calls=9/9; str=1.00; const=1.00
0x00461041,0x00413dc5,0.9078,0.5355,twin; mutual; seq=0.93 ngram=0.65; size=435/429; calls=3/3; graph=1.00; const=1.00
0x00493d62,0x0043456a,0.9075,0.4519,twin; mutual; seq=0.93 ngram=0.64; size=235/234; calls=2/2; graph=1.00; const=1.00
0x0042e2d9,0x004c10d9,0.9068,0.5665,twin; mutual; seq=0.83 ngram=0.79; size=1333/1335; calls=13/13; graph=1.00; str=1.00; const=1.00
0x004345a9,0x004c73b2,0.9066,0.7404,twin; mutual; seq=0.75 ngram=0.92; size=1398/1398; calls=7/7; graph=1.00; str=1.00; const=1.00
0x0045bc8b,0x0040ea12,0.9065,0.4848,twin; mutual; seq=0.94 ngram=0.64; size=197/197; calls=3/3; graph=1.00; const=0.90
0x004d395d,0x004550fc,0.9064,0.5288,twin; mutual; seq=0.72 ngram=1.00; size=960/960; calls=2/2; graph=1.00; const=1.00
0x0045ea5b,0x004117e6,0.9061,0.6165,twin; mutual; seq=0.94 ngram=0.61; size=388/387; calls=4/4; graph=1.00; const=1.00
0x0043f51d,0x004d2318,0.9057,0.7570,twin; mutual; seq=0.80 ngram=0.89; size=1498/1498; calls=10/11; graph=1.00; str=1.00; const=1.00
0x004b69ba,0x00447e83,0.9056,0.6919,twin; mutual; seq=0.91 ngram=0.64; size=494/494; calls=13/12; graph=1.00; api=1.00; str=1.00; const=1.00
0x004f2f56,0x00439a76,0.9054,0.3645,twin; mutual; seq=0.85 ngram=0.80; size=1561/1556; calls=47/47; graph=1.00; api=1.00; str=1.00; const=0.67
0x004d4762,0x00455f01,0.9053,0.4795,twin; mutual; seq=0.69 ngram=1.00; size=1469/1468; calls=7/7; graph=1.00; api=1.00; str=1.00; const=1.00
0x00495958,0x00437c33,0.9049,0.2487,twin; mutual; seq=0.92 ngram=0.95; size=902/901; calls=38/38; graph=0.67; api=1.00; str=1.00; const=1.00
0x0046adbc,0x004855f9,0.9048,0.2196,twin; mutual; seq=1.00 ngram=1.00; size=654/654; calls=1/1; graph=0.50; const=1.00
0x004545c7,0x0047bd97,0.9048,0.5983,twin; mutual; seq=1.00 ngram=1.00; size=310/310; calls=3/3; graph=0.50; const=1.00
0x004fdc20,0x0040826f,0.9048,0.6786,twin; mutual; seq=1.00 ngram=1.00; size=299/299; calls=2/2; graph=0.50; const=1.00
0x0045a9ff,0x0040d786,0.9045,0.4142,twin; mutual; seq=0.73 ngram=0.95; size=1858/1858; calls=3/3; graph=1.00; str=1.00; const=1.00
0x0043a32c,0x004cd134,0.9036,0.6045,twin; mutual; seq=0.71 ngram=0.98; size=2364/2364; calls=10/10; graph=1.00; str=1.00; const=1.00
0x004bd6f9,0x0042e217,0.9031,0.4148,twin; mutual; seq=0.87 ngram=0.84; size=2684/2683; calls=39/38; graph=0.88; str=1.00; const=1.00
0x004d6400,0x00457b9e,0.9027,0.5299,twin; mutual; seq=0.82 ngram=0.80; size=774/773; calls=4/4; graph=1.00; const=1.00
0x00418d2a,0x004aab64,0.9020,0.7895,twin; mutual; seq=0.82 ngram=0.82; size=1942/1904; calls=23/24; graph=1.00; str=1.00; const=0.99
0x00415d48,0x004a7b83,0.9017,0.4467,twin; mutual; seq=0.93 ngram=0.61; size=176/176; calls=1/1; graph=1.00; const=1.00
0x004d1e10,0x004535af,0.9014,0.4565,twin; mutual; seq=0.74 ngram=1.00; size=796/796; calls=8/9; graph=1.00; const=1.00
0x004f1910,0x0047e7a5,0.9006,0.3825,twin; mutual; seq=1.00 ngram=1.00; size=14/46; calls=1/1; graph=1.00; api=1.00
0x004755fd,0x0048dc9e,0.9000,0.4193,twin; mutual; seq=0.93 ngram=0.59; size=164/165; calls=0/0; graph=1.00; const=1.00
0x004bd4f0,0x0042e00f,0.9000,0.5806,twin; mutual; seq=0.94 ngram=0.59; size=110/109; calls=0/0; graph=1.00; const=1.00
0x00433fb5,0x004c6dbe,0.8982,0.6877,twin; mutual; seq=0.75 ngram=0.96; size=1401/1401; calls=6/7; graph=1.00; str=1.00; const=1.00
0x004d8e4c,0x0045a5e9,0.8980,0.8400,twin; mutual; seq=0.77 ngram=0.86; size=1685/1685; calls=8/8; graph=1.00; const=1.00
0x0042ca53,0x004bf853,0.8977,0.4044,twin; mutual; seq=0.69 ngram=1.00; size=1040/1040; calls=2/2; graph=1.00; const=1.00
0x00463723,0x0041649d,0.8977,0.4495,twin; mutual; seq=0.69 ngram=1.00; size=1261/1261; calls=9/9; graph=1.00; const=1.00
0x0042d64f,0x004c044f,0.8975,0.4186,twin; mutual; seq=0.80 ngram=0.85; size=1242/1242; calls=5/6; graph=1.00; const=0.99
0x00461390,0x0041410e,0.8949,0.6145,twin; mutual; seq=0.68 ngram=1.00; size=1053/1053; calls=4/4; graph=1.00; const=1.00
0x0046410a,0x00416e83,0.8939,0.6869,twin; mutual; seq=0.67 ngram=1.00; size=1157/1157; calls=5/5; graph=1.00; str=1.00; const=1.00
0x0043fe8e,0x004d2c89,0.8927,0.7898,twin; mutual; seq=0.71 ngram=0.92; size=1014/1014; calls=5/5; graph=1.00; str=1.00; const=1.00
0x004319c5,0x004c47cc,0.8923,0.6884,twin; mutual; seq=0.71 ngram=0.92; size=1294/1294; calls=9/9; graph=1.00; str=1.00; const=1.00
0x0045d8dc,0x00410669,0.8915,0.6428,twin; mutual; seq=0.74 ngram=0.86; size=1225/1225; calls=6/6; graph=1.00; str=1.00; const=1.00
0x00439408,0x004cc210,0.8907,0.6801,twin; mutual; seq=0.66 ngram=1.00; size=987/987; calls=5/5; graph=1.00; str=1.00; const=1.00
0x004662e2,0x00419061,0.8904,0.5664,twin; mutual; seq=0.85 ngram=0.70; size=607/607; calls=5/5; graph=1.00; const=0.95
0x00458596,0x0040b327,0.8903,0.6724,twin; mutual; seq=0.96 ngram=0.75; size=322/322; calls=5/5; graph=0.75; const=1.00
0x004195a4,0x004ab3b4,0.8900,0.7918,twin; mutual; seq=0.80 ngram=0.79; size=1963/1926; calls=23/24; graph=1.00; str=1.00; const=0.99
0x0042b5f5,0x004be3f6,0.8898,0.4018,twin; mutual; seq=0.70 ngram=0.95; size=1209/1208; calls=6/6; graph=1.00; const=1.00
0x0044eca0,0x0049ac00,0.8885,0.3721,twin; mutual; seq=0.90 ngram=0.67; size=341/341; calls=7/7; str=1.00; const=1.00
0x004dba1c,0x0045d1b7,0.8885,0.6671,twin; mutual; seq=0.75 ngram=0.83; size=1471/1469; calls=8/8; graph=1.00; str=1.00; const=1.00
0x004d0cdb,0x0045247b,0.8876,0.4347,twin; mutual; seq=0.77 ngram=0.79; size=959/959; calls=15/15; graph=1.00; str=1.00; const=1.00
0x0042ac1f,0x004bda20,0.8875,0.3496,twin; mutual; seq=0.71 ngram=0.90; size=510/510; calls=3/3; graph=1.00; str=1.00; const=0.95
0x00453c60,0x0047b430,0.8875,0.4992,twin; mutual; seq=0.75 ngram=0.95; size=886/886; calls=3/4; graph=1.00; str=1.00; const=1.00
0x0041b98a,0x004ad775,0.8873,0.4523,twin; mutual; seq=0.81 ngram=0.93; size=2213/2213; calls=11/11; graph=0.75; api=1.00; str=1.00; const=1.00
0x0041130e,0x004a314e,0.8847,0.4810,twin; mutual; seq=0.73 ngram=1.00; size=1093/1093; calls=2/4; graph=1.00; const=1.00
0x0042ce63,0x004bfc63,0.8843,0.4268,twin; mutual; seq=0.76 ngram=1.00; size=2028/2028; calls=5/3; graph=1.00; const=1.00
0x004cbe57,0x00450917,0.8840,0.5428,twin; mutual; seq=0.93 ngram=0.63; size=283/283; calls=0/0; const=1.00
0x004d212c,0x004538cb,0.8834,0.3998,twin; mutual; seq=0.79 ngram=0.91; size=1247/1247; calls=9/10; graph=0.83; str=1.00; const=1.00
0x004f4ce1,0x00471b26,0.8830,0.5760,twin; mutual; seq=0.94 ngram=0.76; size=461/454; calls=8/6; const=1.00
0x004194cf,0x004ab2e3,0.8830,0.6926,twin; mutual; seq=0.92 ngram=0.54; size=213/209; calls=0/0; graph=1.00; const=1.00
0x004fc2e5,0x00406937,0.8829,0.7589,twin; mutual; seq=0.80 ngram=0.90; size=889/889; calls=5/4; graph=1.00; str=0.67; const=1.00
0x004d3dff,0x0045559e,0.8824,0.4636,twin; mutual; seq=1.00 ngram=1.00; size=418/418; calls=0/1; const=1.00
0x004d332a,0x00454ac9,0.8824,0.7540,twin; mutual; seq=1.00 ngram=1.00; size=531/531; calls=0/1; const=1.00
0x0048e01d,0x00433bb6,0.8818,0.4336,twin; mutual; seq=0.98 ngram=0.65; size=132/131; calls=3/3; graph=1.00; api=1.00; str=0.00
0x004fa586,0x00404bd4,0.8813,0.4271,twin; mutual; seq=0.65 ngram=0.98; size=3166/3165; calls=23/24; graph=1.00; str=1.00; const=1.00
0x00428d5a,0x004bbb5a,0.8811,0.7357,twin; mutual; seq=0.64 ngram=1.00; size=1245/1245; calls=8/8; graph=1.00; const=1.00
0x0043812a,0x004caf31,0.8804,0.7327,twin; mutual; seq=0.78 ngram=0.72; size=754/754; calls=6/6; graph=1.00; str=1.00; const=1.00
0x004592ae,0x0040c03d,0.8796,0.6236,twin; mutual; seq=0.97 ngram=0.74; size=554/554; calls=6/5; graph=0.75; str=1.00; const=0.97
0x00495430,0x00437710,0.8794,0.2333,twin; mutual; seq=0.72 ngram=0.80; size=1017/1013; calls=44/44; graph=1.00; api=1.00; str=1.00; const=1.00
0x0043143d,0x004c4244,0.8784,0.4521,twin; mutual; seq=0.79 ngram=0.75; size=650/650; calls=5/5; graph=1.00; const=0.96
0x0046709c,0x00419e1e,0.8757,0.6458,twin; mutual; seq=0.81 ngram=0.90; size=718/718; calls=2/1; graph=1.00; str=1.00; const=1.00
0x00472f0c,0x0048b5c9,0.8753,0.2954,twin; mutual; seq=0.91 ngram=0.85; size=162/134; calls=7/4; graph=1.00; const=1.00
0x00438995,0x004cb79c,0.8753,0.4102,twin; mutual; seq=0.70 ngram=1.00; size=856/856; calls=3/3; const=1.00
0x004fb6b5,0x00405d02,0.8740,0.7597,twin; mutual; seq=0.75 ngram=0.74; size=1311/1316; calls=10/10; graph=1.00; str=1.00; const=1.00
0x00438ced,0x004cbaf4,0.8734,0.6220,twin; mutual; seq=0.67 ngram=0.88; size=1819/1820; calls=7/7; graph=1.00; str=1.00; const=1.00
0x004e4144,0x004658c8,0.8734,0.6841,twin; mutual; seq=0.91 ngram=0.51; size=355/355; calls=1/1; graph=1.00; const=0.96
0x0043c8f5,0x004cf6f7,0.8719,0.5771,twin; mutual; seq=0.63 ngram=0.94; size=2249/2249; calls=7/7; graph=1.00; str=1.00; const=1.00
0x004f9737,0x00403d86,0.8711,0.6317,twin; mutual; seq=0.73 ngram=0.79; size=1153/1153; calls=8/9; graph=1.00; str=1.00; const=1.00
0x004efd50,0x004b2bd0,0.8710,0.4008,twin; mutual; seq=0.84 ngram=0.95; size=1932/1932; calls=15/16; graph=0.67; str=1.00; const=1.00
0x00452065,0x004d7735,0.8710,0.5320,twin; mutual; seq=0.88 ngram=0.60; size=77/77; calls=0/0; graph=1.00; const=0.75
0x00496d30,0x004b927e,0.8701,0.4861,twin; mutual; seq=0.93 ngram=0.73; size=383/326; calls=14/13; graph=1.00; api=1.00; const=0.46
0x004e12cf,0x00462a5c,0.8688,0.4629,twin; mutual; seq=0.61 ngram=1.00; size=1614/1614; calls=1/1; graph=1.00; const=1.00
0x004626d2,0x00415450,0.8666,0.5549,twin; mutual; seq=0.82 ngram=0.86; size=824/824; calls=5/5; graph=0.75; const=1.00
0x00433c62,0x004c6a69,0.8662,0.7299,twin; mutual; seq=0.73 ngram=0.74; size=851/853; calls=8/8; graph=1.00; str=1.00; const=1.00
0x0044d31a,0x004badc2,0.8656,0.4882,twin; mutual; seq=0.62 ngram=0.92; size=629/629; calls=13/13; graph=1.00; api=1.00; const=1.00
0x004597d4,0x0040c560,0.8637,0.4320,twin; mutual; seq=0.72 ngram=0.78; size=1329/1322; calls=8/9; graph=1.00; str=1.00; const=1.00
0x0047103b,0x0048974c,0.8636,0.3879,twin; mutual; seq=0.71 ngram=0.78; size=2358/2353; calls=39/41; graph=1.00; str=1.00; const=1.00
0x00512b50,0x0044caaf,0.8622,0.4865,twin; mutual; seq=0.94 ngram=0.59; size=66/72; calls=2/2; const=1.00
0x004a155f,0x004252e0,0.8621,0.4771,twin; mutual; seq=0.77 ngram=0.76; size=1541/1533; calls=32/32; graph=0.90; str=1.00; const=1.00
0x0045083f,0x004d6490,0.8605,0.3949,twin; mutual; seq=0.87 ngram=0.60; size=310/310; calls=3/3; graph=1.00; const=0.60
0x00482d6f,0x00499128,0.8590,0.3627,twin; mutual; seq=0.87 ngram=0.45; size=103/103; calls=5/5; graph=1.00; api=1.00; str=1.00
0x0045b7d9,0x0040e560,0.8551,0.6967,twin; mutual; seq=0.72 ngram=0.75; size=1202/1202; calls=11/12; graph=1.00; str=1.00; const=1.00
0x00496f10,0x004327e0,0.8547,0.5009,twin; mutual; seq=0.91 ngram=0.76; size=80/66; calls=4/3; api=0.75; const=1.00
0x00451e40,0x004d7510,0.8545,0.3237,twin; mutual; seq=1.00 ngram=1.00; size=461/461; calls=4/4; graph=0.20; str=1.00; const=1.00
0x004118a8,0x004a36e8,0.8526,0.3637,twin; mutual; seq=0.66 ngram=0.90; size=1776/1774; calls=6/7; graph=1.00; const=1.00
0x0041da41,0x004af82a,0.8500,0.3635,twin; mutual; seq=1.00 ngram=1.00; size=294/294; calls=3/4; graph=0.30; str=1.00; const=1.00
0x004fbbd4,0x00406226,0.8497,0.7504,twin; mutual; seq=0.71 ngram=0.86; size=1103/1103; calls=5/4; graph=1.00; str=0.67; const=1.00
0x004d420e,0x004559ad,0.8485,0.4349,twin; mutual; seq=0.67 ngram=0.83; size=1364/1364; calls=5/6; graph=1.00; str=1.00; const=1.00
0x0040a02a,0x004396ea,0.8469,0.4019,twin; mutual; seq=0.88 ngram=0.61; size=324/324; calls=1/1; graph=1.00; const=0.24
0x004cc56d,0x0045102d,0.8465,0.3462,twin; mutual; seq=0.86 ngram=0.44; size=595/592; calls=8/8; graph=1.00; str=1.00; const=0.86
0x004cd63b,0x004520a8,0.8455,0.2928,twin; mutual; seq=1.00 ngram=1.00; size=168/171; calls=4/2; graph=0.50; api=1.00; str=1.00; const=1.00
0x0045ebe4,0x0041196e,0.8454,0.5253,twin; mutual; seq=0.64 ngram=0.77; size=1647/1645; calls=6/6; graph=1.00; str=1.00; const=1.00
0x00458895,0x0040b626,0.8449,0.4073,twin; mutual; seq=0.63 ngram=0.84; size=882/882; calls=7/7; graph=1.00; const=1.00
0x004bc029,0x0042ce51,0.8446,0.4149,twin; mutual; seq=0.76 ngram=0.59; size=1018/1014; calls=23/23; graph=1.00; str=1.00; const=0.92
0x004f4a92,0x004718de,0.8434,0.4378,twin; mutual; seq=0.89 ngram=0.48; size=591/584; calls=12/10; graph=1.00; const=1.00
0x0048c8b2,0x00432a0b,0.8385,0.4572,twin; mutual; seq=0.87 ngram=0.51; size=180/178; calls=6/6; str=1.00; const=1.00
0x0046fa40,0x00488150,0.8381,0.3586,twin; mutual; seq=0.93 ngram=0.92; size=1094/1096; calls=12/13; graph=0.35; str=1.00; const=1.00
0x00462f7e,0x00415cfc,0.8373,0.6179,twin; mutual; seq=0.67 ngram=0.78; size=1952/1948; calls=14/17; graph=1.00; str=1.00; const=1.00
0x0049b8f5,0x0041f669,0.8366,0.3484,twin; mutual; seq=0.90 ngram=0.74; size=2066/2066; calls=66/66; graph=0.50; api=1.00; str=1.00; const=1.00
0x0043070c,0x004c3513,0.8365,0.5434,twin; mutual; seq=0.67 ngram=0.71; size=2036/2036; calls=11/12; graph=1.00; str=1.00; const=1.00
0x00473f06,0x0048c5a8,0.8358,0.2948,twin; mutual; seq=0.73 ngram=0.74; size=864/863; calls=5/5; graph=1.00; str=0.33; const=1.00
0x004cc127,0x00450be7,0.8341,0.7822,twin; mutual; seq=0.93 ngram=0.42; size=92/92; calls=0/0; const=1.00
0x004594d8,0x0040c267,0.8299,0.4446,twin; mutual; seq=0.66 ngram=0.77; size=759/756; calls=4/5; graph=1.00; str=1.00; const=1.00
0x0044a402,0x0043b471,0.8261,0.2466,twin; mutual; seq=1.00 ngram=1.00; size=970/970; calls=18/18; graph=0.00; api=1.00; str=1.00; const=1.00
0x004de492,0x0045fc24,0.8261,0.4043,twin; mutual; seq=0.48 ngram=1.00; size=939/939; calls=2/2; graph=1.00; const=1.00
0x004cfe4d,0x004a1f15,0.8261,0.5728,twin; mutual; seq=1.00 ngram=1.00; size=397/397; calls=5/5; graph=0.00; api=1.00; str=1.00; const=1.00
0x00449340,0x0043a3a0,0.8261,0.7317,twin; mutual; seq=1.00 ngram=1.00; size=401/401; calls=12/12; graph=0.00; api=1.00; str=1.00; const=1.00
0x0046b04a,0x00485887,0.8257,0.2583,twin; mutual; seq=1.00 ngram=1.00; size=924/921; calls=5/5; graph=0.00; api=1.00; str=1.00; const=1.00
0x0049eda9,0x00422b2d,0.8216,0.4791,twin; mutual; seq=0.69 ngram=0.69; size=2852/2852; calls=71/71; graph=0.88; str=1.00; const=1.00
0x00494200,0x00434ec7,0.8214,0.3850,twin; mutual; seq=0.89 ngram=0.65; size=153/218; calls=7/7; const=1.00
0x004cfb2f,0x004a1bf7,0.8213,0.5662,twin; mutual; seq=1.00 ngram=1.00; size=569/569; calls=9/8; graph=0.00; api=1.00; str=1.00; const=1.00
0x004db401,0x0045cb9e,0.8170,0.4682,twin; mutual; seq=0.58 ngram=0.78; size=1224/1222; calls=5/5; graph=1.00; const=1.00
0x004d683f,0x00457fdc,0.8159,0.4923,twin; mutual; seq=0.53 ngram=0.86; size=661/661; calls=3/3; graph=1.00; const=1.00
0x0049ae00,0x0041eb80,0.8156,0.2656,twin; mutual; seq=0.69 ngram=0.82; size=2805/2793; calls=94/94; graph=0.67; api=1.00; str=1.00; const=1.00
0x004b90de,0x0044a5a4,0.8134,0.4977,twin; mutual; seq=0.89 ngram=0.26; size=60/60; calls=2/2; graph=1.00
0x004520b2,0x004d7782,0.8095,0.4388,twin; mutual; seq=1.00 ngram=1.00; size=244/244; calls=1/1; graph=0.00; const=1.00
0x00457d5b,0x0040aaec,0.8095,0.4447,twin; mutual; seq=1.00 ngram=1.00; size=268/268; calls=1/1; graph=0.00; const=1.00
0x0049ddaa,0x00421b29,0.8094,0.3102,twin; mutual; seq=0.81 ngram=0.43; size=519/519; calls=1/1; graph=1.00; const=0.57
0x0048c970,0x00432ac7,0.8036,0.5301,twin; mutual; seq=0.82 ngram=0.54; size=319/286; calls=14/9; graph=1.00; str=1.00; const=0.80
0x0046007c,0x00412e05,0.8033,0.5162,twin; mutual; seq=0.54 ngram=0.77; size=825/823; calls=2/2; graph=1.00; const=1.00
0x004450c3,0x004b6466,0.8016,0.2519,twin; mutual; seq=0.78 ngram=0.91; size=1243/1239; calls=39/39; graph=0.33; api=1.00; str=1.00; const=1.00
0x00409f99,0x00439659,0.8010,0.3929,twin; mutual; seq=0.81 ngram=0.46; size=145/145; calls=1/1; graph=1.00; const=0.33
0x0041b93a,0x004ad725,0.8000,0.6444,twin; mutual; seq=1.00 ngram=1.00; size=42/42; calls=1/1; graph=0.00
0x00465602,0x00418380,0.7990,0.5297,twin; mutual; seq=0.62 ngram=0.67; size=983/981; calls=8/9; graph=1.00; const=1.00
0x0041cb9a,0x004ae985,0.7972,0.4562,twin; mutual; seq=0.55 ngram=0.73; size=1029/1027; calls=5/5; graph=1.00; const=1.00
0x004e4fae,0x00466732,0.7932,0.6355,twin; mutual; seq=0.53 ngram=0.74; size=992/992; calls=4/4; graph=1.00; const=1.00
0x0044edf5,0x0049ad55,0.7922,0.3255,twin; mutual; seq=0.88 ngram=0.63; size=270/270; calls=8/8; graph=0.50; str=1.00
0x00412f15,0x004a4d51,0.7885,0.4434,twin; mutual; seq=0.54 ngram=0.69; size=1617/1617; calls=3/3; graph=1.00; const=1.00
0x00474d7d,0x0048d41e,0.7880,0.5168,twin; mutual; seq=0.74 ngram=0.83; size=1114/1114; calls=1/0; graph=1.00; const=1.00
0x00409eb0,0x00439570,0.7873,0.4925,twin; mutual; seq=0.77 ngram=0.44; size=102/102; calls=0/0; graph=1.00; const=0.40
0x00452551,0x004d7c20,0.7841,0.3643,twin; mutual; seq=1.00 ngram=1.00; size=318/318; calls=3/4; graph=0.00; str=1.00; const=1.00
0x0045fdb5,0x00412b3d,0.7830,0.5765,twin; mutual; seq=0.52 ngram=0.70; size=711/712; calls=1/1; graph=1.00; const=1.00
0x004f6180,0x0043c4d0,0.7818,0.2447,twin; mutual; seq=0.84 ngram=0.62; size=2434/2423; calls=22/22; graph=0.50; str=1.00; const=0.83
0x00409f16,0x004395d6,0.7805,0.4326,twin; mutual; seq=0.75 ngram=0.49; size=131/131; calls=1/1; graph=1.00; const=0.20
0x004060e0,0x00492440,0.7771,0.4517,twin; mutual; seq=0.79 ngram=0.61; size=728/595; calls=15/10; graph=1.00; str=0.75; const=0.58
0x0041283f,0x004a467d,0.7766,0.5346,twin; mutual; seq=0.50 ngram=0.74; size=1750/1748; calls=5/6; graph=1.00; const=1.00
0x00513fde,0x004eec20,0.7761,0.7425,twin; mutual; seq=0.81 ngram=0.43; size=6/6; calls=1/1
0x004db024,0x0045c7c1,0.7696,0.5104,twin; mutual; seq=0.51 ngram=0.71; size=989/989; calls=3/4; graph=1.00; str=1.00; const=1.00
0x004cc42d,0x00450eed,0.7685,0.4585,twin; mutual; seq=0.79 ngram=0.21; size=40/40; calls=2/2; graph=1.00
0x0048caf4,0x00432c2a,0.7679,0.4154,twin; mutual; seq=0.87 ngram=0.37; size=71/67; calls=2/1; graph=1.00
0x0048c72a,0x004328ba,0.7655,0.4093,twin; mutual; seq=0.86 ngram=0.48; size=387/329; calls=14/7; graph=1.00; str=0.80; const=0.44
0x004eaa19,0x0049f633,0.7619,0.5267,twin; mutual; seq=0.83 ngram=0.61; size=131/100; calls=2/1; graph=1.00; const=0.50
0x00405370,0x0041de10,0.7598,0.2667,twin; mutual; seq=0.68 ngram=0.81; size=832/832; calls=24/25; graph=0.50; str=1.00; const=1.00
0x004b8e4d,0x0044a314,0.7591,0.3868,twin; mutual; seq=0.74 ngram=0.69; size=657/656; calls=10/11; graph=0.50; str=1.00; const=1.00
0x004cd20e,0x00451ccb,0.7571,0.3593,twin; mutual; seq=0.83 ngram=0.46; size=452/372; calls=11/7; graph=1.00; str=0.83; const=0.60
0x0048e0ee,0x004e1320,0.7538,0.7314,twin; mutual; seq=0.82 ngram=0.32; size=26/26; calls=1/1
0x0049c3ac,0x00420120,0.7451,0.2696,twin; mutual; seq=0.75 ngram=0.76; size=794/793; calls=21/21; graph=0.33; str=1.00
0x004938e0,0x004340f0,0.7381,0.3043,twin; mutual; seq=0.85 ngram=0.94; size=588/586; calls=7/5; graph=0.00; str=1.00; const=1.00
0x0050ec90,0x0047f7d3,0.7368,0.4380,twin; mutual; seq=0.83 ngram=0.53; size=123/292; calls=1/3; graph=1.00; const=0.91
0x00512500,0x0044c47a,0.7351,0.2847,twin; mutual; seq=0.84 ngram=0.59; size=421/486; calls=10/7; graph=0.50; str=1.00; const=1.00
0x004756a1,0x0048dd43,0.7347,0.3279,twin; mutual; seq=0.46 ngram=0.70; size=1295/1294; calls=5/9; graph=1.00; const=1.00
0x00494310,0x0043504d,0.7341,0.4596,twin; mutual; seq=0.76 ngram=0.37; size=105/100; calls=0/0; const=0.80
0x00493e70,0x00434a43,0.7303,0.2806,twin; mutual; seq=0.63 ngram=0.37; size=519/596; calls=16/16; graph=1.00; str=1.00; const=0.56
0x00496f60,0x00432822,0.7294,0.6305,twin; mutual; seq=0.89 ngram=0.55; size=68/54; calls=3/2; api=0.67; const=0.00
0x004f2c50,0x0048039e,0.7272,0.6014,twin; mutual; seq=0.85 ngram=0.33; size=140/193; calls=3/4; graph=1.00; const=0.33
0x0048caaf,0x00432be5,0.7197,0.4638,twin; mutual; seq=0.76 ngram=0.23; size=69/69; calls=3/3; str=1.00
0x004958b1,0x00437b8c,0.7148,0.3484,twin; mutual; seq=0.89 ngram=0.55; size=167/167; calls=4/4; graph=0.00; api=1.00; str=1.00; const=1.00
0x0040c180,0x004da600,0.7084,0.6511,twin; mutual; seq=0.78 ngram=0.24; size=45/46; calls=1/1
0x004f2d30,0x004804eb,0.6968,0.4664,weak; mutual; seq=0.62 ngram=0.34; size=292/420; calls=7/8; graph=1.00; api=1.00; const=0.85
0x00513bbc,0x004e1ed0,0.6929,0.5981,weak; mutual; seq=1.00 ngram=1.00; size=6/21; calls=1/1; graph=0.00
0x004f211a,0x0047f0e6,0.6848,0.6410,weak; mutual; seq=0.76 ngram=0.35; size=140/219; calls=0/0; const=1.00
0x004f207a,0x0047f011,0.6729,0.6315,weak; mutual; seq=0.75 ngram=0.32; size=136/213; calls=0/0; const=1.00
0x004943f0,0x004351b5,0.6704,0.6353,weak; mutual; seq=0.66 ngram=0.37; size=325/393; calls=1/1; const=0.84
0x004ac940,0x00431d05,0.6616,0.2984,weak; mutual; seq=0.70 ngram=0.67; size=575/572; calls=18/18; graph=0.00; str=1.00; const=1.00
0x004f21db,0x0047f1e7,0.6590,0.3448,weak; mutual; seq=0.62 ngram=0.41; size=549/713; calls=1/1; const=0.91
0x0040a16e,0x0043982e,0.6582,0.5973,weak; mutual; seq=0.74 ngram=0.08; size=53/53; calls=1/0; graph=1.00; str=1.00; const=1.00
0x0040a1a3,0x00439863,0.6582,0.5973,weak; mutual; seq=0.74 ngram=0.08; size=47/47; calls=1/0; graph=1.00; str=1.00; const=1.00
0x004942a0,0x00434fa1,0.6561,0.3498,weak; mutual; seq=0.64 ngram=0.16; size=106/172; calls=4/4; graph=1.00; const=0.80
0x004de83d,0x0045ffcf,0.6555,0.3441,weak; mutual; seq=0.69 ngram=0.74; size=972/967; calls=5/5; graph=0.00; const=1.00
0x005126b0,0x0044c660,0.6378,0.3308,weak; mutual; seq=0.62 ngram=0.16; size=132/220; calls=2/2; graph=1.00; const=0.57
0x00409e13,0x004e1960,0.6346,0.5538,weak; mutual; seq=0.77 ngram=0.20; size=41/62; calls=0/0
0x004946f0,0x00435551,0.6323,0.5037,weak; mutual; seq=0.69 ngram=0.33; size=93/152; calls=1/1; const=0.75
0x005129a0,0x0044c8f0,0.6304,0.4009,weak; mutual; seq=0.70 ngram=0.32; size=293/275; calls=5/5; const=0.38
0x0040813d,0x004dbc40,0.6292,0.5595,weak; mutual; seq=0.72 ngram=0.12; size=41/48; calls=0/0
0x0044ef03,0x0049ae63,0.6258,0.3531,weak; mutual; seq=0.82 ngram=0.26; size=98/98; calls=4/4; graph=0.00; api=1.00; str=1.00
0x0040a422,0x004e15a0,0.6186,0.5362,weak; mutual; seq=0.64 ngram=0.15; size=34/36; calls=2/2
0x00479fdc,0x004e771e,0.5951,0.5317,weak; mutual; seq=0.72 ngram=0.15; size=29/24; calls=0/0; const=0.00
0x0040f636,0x0044ca50,0.5929,0.5659,weak; mutual; seq=0.68 ngram=0.09; size=75/95; calls=0/0
0x004f1cfa,0x0047ec8c,0.5900,0.4400,weak; mutual; seq=0.63 ngram=0.21; size=283/412; calls=0/0; const=0.71
0x004f1920,0x0047e7d3,0.5869,0.2590,weak; mutual; seq=0.34 ngram=0.27; size=836/1106; calls=10/14; graph=1.00; str=1.00; const=0.71
0x00494c30,0x00435cb5,0.5746,0.3749,weak; mutual; seq=0.67 ngram=0.15; size=311/441; calls=2/2; str=0.33; const=0.64
0x0040c761,0x004e0fd0,0.5730,0.5505,weak; mutual; seq=0.65 ngram=0.12; size=95/85; calls=1/1; const=0.00
0x00494690,0x004354bb,0.5636,0.5201,weak; mutual; seq=0.68 ngram=0.14; size=81/150; calls=1/1; const=0.67
0x00494820,0x004356cf,0.5569,0.3668,weak; mutual; seq=0.32 ngram=0.25; size=984/1440; calls=6/7; graph=1.00; const=0.68
0x0040c274,0x004e7550,0.5557,0.4538,weak; mutual; seq=0.60 ngram=0.06; size=59/59; calls=1/1; const=0.00
0x004ea8df,0x004e3cf0,0.5523,0.4084,weak; mutual; seq=0.65 ngram=0.09; size=128/107; calls=0/0; const=0.00
0x00494120,0x00434d88,0.5520,0.3929,weak; mutual; seq=0.58 ngram=0.21; size=224/319; calls=3/4; const=0.86
0x00489630,0x004d76dd,1.0000,0.6305,ambiguous; contested-by=0x0045200d; not-mutual; seq=1.00 ngram=1.00; size=88/88; calls=1/1; const=1.00
0x0046b4bb,0x00485cf5,1.0000,0.7671,ambiguous; contested-by=0x0044e844; not-mutual; seq=1.00 ngram=1.00; size=32/32; calls=1/1; graph=1.00
0x004a2edc,0x00426c5c,1.0000,0.8000,ambiguous; contested-by=0x0040fcf2; not-mutual; seq=1.00 ngram=1.00; size=11/11; calls=0/0; graph=1.00
0x004b128e,0x0044274a,1.0000,0.8000,ambiguous; contested-by=0x0046b92b; not-mutual; seq=1.00 ngram=1.00; size=19/19; calls=0/0; graph=1.00
0x004b42d1,0x00445797,1.0000,0.8000,ambiguous; contested-by=0x0040fcf2; not-mutual; seq=1.00 ngram=1.00; size=11/11; calls=0/0; graph=1.00
0x0040d82b,0x0049b1eb,1.0000,0.8095,ambiguous; contested-by=0x0040d552; not-mutual; seq=1.00 ngram=1.00; size=74/74; calls=0/0; graph=1.00; const=1.00
0x0040d8b7,0x0049b277,1.0000,0.8095,ambiguous; contested-by=0x0040d552; not-mutual; seq=1.00 ngram=1.00; size=74/74; calls=0/0; graph=1.00; const=1.00
0x0040d875,0x0049b235,1.0000,0.8427,ambiguous; contested-by=0x0040d510; not-mutual; seq=1.00 ngram=1.00; size=66/66; calls=0/0; graph=1.00; const=1.00
0x0040d7e9,0x0049b1a9,1.0000,0.8681,ambiguous; contested-by=0x0040d510; not-mutual; seq=1.00 ngram=1.00; size=66/66; calls=0/0; graph=1.00; const=1.00
0x00424123,0x0043e011,1.0000,0.9158,ambiguous; contested-by=0x00424065; not-mutual; seq=1.00 ngram=1.00; size=66/66; calls=0/0; graph=1.00; const=1.00
0x004b673e,0x00447c07,1.0000,0.9273,ambiguous; contested-by=0x004b649f; not-mutual; seq=1.00 ngram=1.00; size=109/109; calls=3/3; graph=1.00; api=1.00; const=1.00
0x004b6c5b,0x00448124,1.0000,0.9273,ambiguous; contested-by=0x004b649f; not-mutual; seq=1.00 ngram=1.00; size=109/109; calls=3/3; graph=1.00; api=1.00; const=1.00
0x00472b91,0x0048b24e,1.0000,0.9524,ambiguous; contested-by=0x0043452e; not-mutual; seq=1.00 ngram=1.00; size=123/123; calls=3/3; graph=1.00; const=1.00
0x00424165,0x0043e053,1.0000,0.9733,ambiguous; contested-by=0x00423c39; not-mutual; seq=1.00 ngram=1.00; size=73/73; calls=0/0; graph=1.00; const=1.00
0x00401f40,0x0044cd3f,1.0000,1.0000,ambiguous; close=0x00490448; mutual; seq=1.00 ngram=1.00; size=48/48; calls=1/1; graph=1.00
0x0040a4ac,0x0049ab18,1.0000,1.0000,ambiguous; close=0x0049ab40; mutual; seq=1.00 ngram=1.00; size=40/40; calls=1/1
0x0040a4d4,0x0049ab18,1.0000,1.0000,ambiguous; close=0x0049ab40; contested-by=0x0040a4ac; not-mutual; seq=1.00 ngram=1.00; size=40/40; calls=1/1
0x0040d510,0x0049aed0,1.0000,1.0000,ambiguous; close=0x0049b1a9/0x0049b235; mutual; seq=1.00 ngram=1.00; size=66/66; calls=0/0; graph=1.00; const=1.00
0x0040d552,0x0049af12,1.0000,1.0000,ambiguous; close=0x0049b1eb/0x0049b277; mutual; seq=1.00 ngram=1.00; size=74/74; calls=0/0; const=1.00
0x0040eea2,0x00432c87,1.0000,1.0000,ambiguous; close=0x00433c86/0x00433c98/0x00447a76/0x004521d0; mutual; seq=1.00 ngram=1.00; size=18/18; calls=0/0
0x0040fcf2,0x00426c5c,1.0000,1.0000,ambiguous; close=0x0043d858/0x0043d863/0x00445797/0x00490228; mutual; seq=1.00 ngram=1.00; size=11/11; calls=0/0
0x00423c39,0x0043db27,1.0000,1.0000,ambiguous; close=0x0043e053; mutual; seq=1.00 ngram=1.00; size=73/73; calls=0/0; const=1.00
0x00423cf3,0x0043dae2,1.0000,1.0000,ambiguous; close=0x0043dbe1/0x0043dc26/0x0043dc6b/0x0043dcb0; contested-by=0x00423bf4; not-mutual; seq=1.00 ngram=1.00; size=69/69; calls=0/0; const=1.00
0x00423d38,0x0043dae2,1.0000,1.0000,ambiguous; close=0x0043dbe1/0x0043dc26/0x0043dc6b/0x0043dcb0; contested-by=0x00423bf4; not-mutual; seq=1.00 ngram=1.00; size=69/69; calls=0/0; const=1.00
0x00423d7d,0x0043dae2,1.0000,1.0000,ambiguous; close=0x0043dbe1/0x0043dc26/0x0043dc6b/0x0043dcb0; contested-by=0x00423bf4; not-mutual; seq=1.00 ngram=1.00; size=69/69; calls=0/0; const=1.00
0x00423dc2,0x0043dae2,1.0000,1.0000,ambiguous; close=0x0043dbe1/0x0043dc26/0x0043dc6b/0x0043dcb0; contested-by=0x00423bf4; not-mutual; seq=1.00 ngram=1.00; size=69/69; calls=0/0; const=1.00
0x00423e07,0x0043dae2,1.0000,1.0000,ambiguous; close=0x0043dbe1/0x0043dc26/0x0043dc6b/0x0043dcb0; contested-by=0x00423bf4; not-mutual; seq=1.00 ngram=1.00; size=69/69; calls=0/0; const=1.00
0x00423e4c,0x0043dae2,1.0000,1.0000,ambiguous; close=0x0043dbe1/0x0043dc26/0x0043dc6b/0x0043dcb0; contested-by=0x00423bf4; not-mutual; seq=1.00 ngram=1.00; size=69/69; calls=0/0; const=1.00
0x00423e91,0x0043dae2,1.0000,1.0000,ambiguous; close=0x0043dbe1/0x0043dc26/0x0043dc6b/0x0043dcb0; contested-by=0x00423bf4; not-mutual; seq=1.00 ngram=1.00; size=69/69; calls=0/0; const=1.00
0x00423f10,0x0043dae2,1.0000,1.0000,ambiguous; close=0x0043dbe1/0x0043dc26/0x0043dc6b/0x0043dcb0; contested-by=0x00423bf4; not-mutual; seq=1.00 ngram=1.00; size=69/69; calls=0/0; const=1.00
0x00423f55,0x0043dae2,1.0000,1.0000,ambiguous; close=0x0043dbe1/0x0043dc26/0x0043dc6b/0x0043dcb0; contested-by=0x00423bf4; not-mutual; seq=1.00 ngram=1.00; size=69/69; calls=0/0; const=1.00
0x00423f9a,0x0043db70,1.0000,1.0000,ambiguous; close=0x0043de88; contested-by=0x00423c82; not-mutual; seq=1.00 ngram=1.00; size=65/65; calls=0/0; const=1.00
0x00423fdb,0x0043dae2,1.0000,1.0000,ambiguous; close=0x0043dbe1/0x0043dc26/0x0043dc6b/0x0043dcb0; contested-by=0x00423bf4; not-mutual; seq=1.00 ngram=1.00; size=69/69; calls=0/0; const=1.00
0x00424020,0x0043dae2,1.0000,1.0000,ambiguous; close=0x0043dbe1/0x0043dc26/0x0043dc6b/0x0043dcb0; contested-by=0x00423bf4; not-mutual; seq=1.00 ngram=1.00; size=69/69; calls=0/0; const=1.00
0x00424065,0x0043df53,1.0000,1.0000,ambiguous; close=0x0043e011; mutual; seq=1.00 ngram=1.00; size=66/66; calls=0/0; const=1.00
0x004240a7,0x0043dae2,1.0000,1.0000,ambiguous; close=0x0043dbe1/0x0043dc26/0x0043dc6b/0x0043dcb0; contested-by=0x00423bf4; not-mutual; seq=1.00 ngram=1.00; size=69/69; calls=0/0; const=1.00
0x00424aef,0x0044cd3f,1.0000,1.0000,ambiguous; close=0x00490448; contested-by=0x00401f40; not-mutual; seq=1.00 ngram=1.00; size=48/48; calls=1/1; graph=1.00
0x0043452e,0x0048b24e,1.0000,1.0000,ambiguous; close=0x004c7337; mutual; seq=1.00 ngram=1.00; size=123/123; calls=3/3; graph=1.00; const=1.00
0x004494d1,0x0041a698,1.0000,1.0000,ambiguous; close=0x0043a531; mutual; seq=1.00 ngram=1.00; size=46/46; calls=1/1; graph=1.00; api=1.00
0x0044b839,0x00432c87,1.0000,1.0000,ambiguous; close=0x00433c86/0x00433c98/0x00447a76/0x004521d0; contested-by=0x0040eea2; not-mutual; seq=1.00 ngram=1.00; size=18/18; calls=0/0
0x0044b95a,0x00432c87,1.0000,1.0000,ambiguous; close=0x00433c86/0x00433c98/0x00447a76/0x004521d0; contested-by=0x0040eea2; not-mutual; seq=1.00 ngram=1.00; size=18/18; calls=0/0
0x0044da1a,0x00426c5c,1.0000,1.0000,ambiguous; close=0x0043d858/0x0043d863/0x00445797/0x00490228; contested-by=0x0040fcf2; not-mutual; seq=1.00 ngram=1.00; size=11/11; calls=0/0
0x0046b92b,0x0044274a,1.0000,1.0000,ambiguous; close=0x0045033a/0x0048614b; mutual; seq=1.00 ngram=1.00; size=19/19; calls=0/0
0x0047c734,0x0044a6ce,1.0000,1.0000,ambiguous; close=0x00499c93; mutual; seq=1.00 ngram=1.00; size=118/118; calls=3/3; graph=1.00; api=1.00
0x0047d40e,0x004376c0,1.0000,1.0000,ambiguous; close=0x0049a979; contested-by=0x00409cb2; not-mutual; seq=1.00 ngram=1.00; size=74/74; calls=0/0
0x00484ebb,0x00432c87,1.0000,1.0000,ambiguous; close=0x00433c86/0x00433c98/0x00447a76/0x004521d0; contested-by=0x0040eea2; not-mutual; seq=1.00 ngram=1.00; size=18/18; calls=0/0
0x00485229,0x00426c5c,1.0000,1.0000,ambiguous; close=0x0043d858/0x0043d863/0x00445797/0x00490228; contested-by=0x0040fcf2; not-mutual; seq=1.00 ngram=1.00; size=11/11; calls=0/0
0x0048cdf5,0x00432c87,1.0000,1.0000,ambiguous; close=0x00433c86/0x00433c98/0x00447a76/0x004521d0; contested-by=0x0040eea2; not-mutual; seq=1.00 ngram=1.00; size=18/18; calls=0/0
0x004997b8,0x0041a698,1.0000,1.0000,ambiguous; close=0x0043a531; contested-by=0x004494d1; not-mutual; seq=1.00 ngram=1.00; size=46/46; calls=1/1; graph=1.00; api=1.00
0x004a26f8,0x00426479,1.0000,1.0000,ambiguous; close=0x00426500; mutual; seq=1.00 ngram=1.00; size=135/135; calls=1/1; graph=1.00
0x004a277f,0x00426479,1.0000,1.0000,ambiguous; close=0x00426500; contested-by=0x004a26f8; not-mutual; seq=1.00 ngram=1.00; size=135/135; calls=1/1; graph=1.00
0x004b61ac,0x00447675,1.0000,1.0000,ambiguous; close=0x004476e3; mutual; seq=1.00 ngram=1.00; size=110/110; calls=3/3; graph=1.00; api=1.00; const=1.00
0x004b621a,0x00447675,1.0000,1.0000,ambiguous; close=0x004476e3; contested-by=0x004b61ac; not-mutual; seq=1.00 ngram=1.00; size=110/110; calls=3/3; graph=1.00; api=1.00; const=1.00
0x004b649f,0x00446ea2,1.0000,1.0000,ambiguous; close=0x00447968/0x00447c07/0x00448124; contested-by=0x004b59d9; not-mutual; seq=1.00 ngram=1.00; size=109/109; calls=3/3; graph=1.00; api=1.00; const=1.00
0x004b65ad,0x00432c87,1.0000,1.0000,ambiguous; close=0x00433c86/0x00433c98/0x00447a76/0x004521d0; contested-by=0x0040eea2; not-mutual; seq=1.00 ngram=1.00; size=18/18; calls=0/0
0x004b6cc8,0x00447c07,1.0000,1.0000,ambiguous; close=0x00448124/0x00448191; contested-by=0x004b649f; not-mutual; seq=1.00 ngram=1.00; size=109/109; calls=3/3; graph=1.00; api=1.00; const=1.00
0x004b6fa6,0x0044846f,1.0000,1.0000,ambiguous; close=0x004484d5; mutual; seq=1.00 ngram=1.00; size=102/102; calls=3/3; graph=1.00; api=1.00
0x004b700c,0x0044846f,1.0000,1.0000,ambiguous; close=0x004484d5; contested-by=0x004b6fa6; not-mutual; seq=1.00 ngram=1.00; size=102/102; calls=3/3; graph=1.00; api=1.00
0x004b920e,0x0044a6ce,1.0000,1.0000,ambiguous; close=0x00499c93; contested-by=0x0047c734; not-mutual; seq=1.00 ngram=1.00; size=118/118; calls=3/3; graph=1.00; api=1.00
0x004cad65,0x00479b25,1.0000,1.0000,ambiguous; close=0x00479b85; mutual; seq=1.00 ngram=1.00; size=96/96; calls=0/0; graph=1.00; const=1.00
0x004cbba7,0x00450667,1.0000,1.0000,ambiguous; close=0x00450c48/0x00450c78; mutual; seq=1.00 ngram=1.00; size=48/48; calls=0/0; const=1.00
0x004cbbd7,0x00450697,1.0000,1.0000,ambiguous; close=0x00450b87/0x00450bb7; mutual; seq=1.00 ngram=1.00; size=48/48; calls=0/0; const=1.00
0x004cbc07,0x004505c4,1.0000,1.0000,ambiguous; close=0x004506c7; contested-by=0x004cbb04; not-mutual; seq=1.00 ngram=1.00; size=47/47; calls=0/0; const=1.00
0x004cc0c7,0x00450697,1.0000,1.0000,ambiguous; close=0x00450b87/0x00450bb7; contested-by=0x004cbbd7; not-mutual; seq=1.00 ngram=1.00; size=48/48; calls=0/0; const=1.00
0x004cc0f7,0x00450697,1.0000,1.0000,ambiguous; close=0x00450b87/0x00450bb7; contested-by=0x004cbbd7; not-mutual; seq=1.00 ngram=1.00; size=48/48; calls=0/0; const=1.00
0x004cc1b8,0x00450667,1.0000,1.0000,ambiguous; close=0x00450c48/0x00450c78; contested-by=0x004cbba7; not-mutual; seq=1.00 ngram=1.00; size=48/48; calls=0/0; const=1.00
0x004cc4e1,0x00450fa1,1.0000,1.0000,ambiguous; close=0x0049f52a; mutual; seq=1.00 ngram=1.00; size=41/41; calls=1/1
0x004d0a30,0x00432c87,1.0000,1.0000,ambiguous; close=0x00433c86/0x00433c98/0x00447a76/0x004521d0; contested-by=0x0040eea2; not-mutual; seq=1.00 ngram=1.00; size=18/18; calls=0/0
0x004ecf94,0x00486dc6,1.0000,1.0000,ambiguous; close=0x004afe04; mutual; seq=1.00 ngram=1.00; size=81/81; calls=2/2; graph=1.00; api=1.00
0x0050bcd6,0x00486dc6,1.0000,1.0000,ambiguous; close=0x004afe04; contested-by=0x004ecf94; not-mutual; seq=1.00 ngram=1.00; size=81/81; calls=2/2; graph=1.00; api=1.00
0x0050ce6c,0x004d910a,1.0000,1.0000,ambiguous; close=0x004d9626; contested-by=0x0050ce66; not-mutual; seq=1.00 ngram=1.00; size=6/6; calls=1/1
0x00514008,0x004d910a,1.0000,1.0000,ambiguous; close=0x004d9626; contested-by=0x0050ce66; not-mutual; seq=1.00 ngram=1.00; size=6/6; calls=1/1
0x00514022,0x004d910a,1.0000,1.0000,ambiguous; close=0x004d9626; contested-by=0x0050ce66; not-mutual; seq=1.00 ngram=1.00; size=6/6; calls=1/1
0x00514060,0x00432c87,1.0000,1.0000,ambiguous; close=0x00433c86/0x00433c98/0x00447a76/0x004521d0; contested-by=0x0040eea2; not-mutual; seq=1.00 ngram=1.00; size=18/18; calls=0/0
0x0046c859,0x00439516,0.9983,0.9983,ambiguous; close=0x00486bc3; mutual; seq=1.00 ngram=1.00; size=78/79; calls=1/1; graph=1.00; api=1.00; const=1.00
0x00478a56,0x00439516,0.9983,0.9983,ambiguous; close=0x00486bc3; contested-by=0x0046c859; not-mutual; seq=1.00 ngram=1.00; size=78/79; calls=1/1; graph=1.00; api=1.00; const=1.00
0x004f90d7,0x00403943,0.9911,0.9835,ambiguous; close=0x00403725; mutual; seq=1.00 ngram=0.96; size=540/540; calls=6/6; graph=1.00; const=1.00
0x004f92f3,0x00403943,0.9598,0.9525,ambiguous; close=0x00403725; contested-by=0x004f90d7; not-mutual; seq=0.97 ngram=0.84; size=541/540; calls=6/6; graph=1.00; const=1.00
0x004b5bdd,0x00447675,0.9394,0.9394,ambiguous; close=0x004476e3/0x004470a6/0x00447c07; contested-by=0x004b61ac; not-mutual; seq=1.00 ngram=1.00; size=110/110; calls=3/3; graph=0.67; api=1.00; const=1.00
0x004d353d,0x00454cdc,0.9377,0.9146,ambiguous; contested-by=0x004d374d; not-mutual; seq=0.96 ngram=0.74; size=528/528; calls=1/1; graph=1.00; const=1.00
0x004b6432,0x004478fb,0.9310,0.9273,ambiguous; close=0x00447c07/0x00448124; mutual; seq=0.97 ngram=0.67; size=109/109; calls=3/3; graph=1.00; api=1.00; const=1.00
0x004b722d,0x00448653,0.9286,0.9286,ambiguous; close=0x004486f6; contested-by=0x004b718a; not-mutual; seq=0.99 ngram=0.79; size=163/163; calls=4/4; graph=1.00; api=1.00; const=0.33
0x005121d0,0x00426c5c,0.9148,0.9148,ambiguous; close=0x0043d858/0x0043d863/0x00445797/0x00490228; contested-by=0x0040fcf2; not-mutual; seq=1.00 ngram=1.00; size=6/11; calls=0/0
0x005121e0,0x00426c5c,0.9148,0.9148,ambiguous; close=0x0043d858/0x0043d863/0x00445797/0x00490228; contested-by=0x0040fcf2; not-mutual; seq=1.00 ngram=1.00; size=6/11; calls=0/0
0x004cbc36,0x004505c4,0.9048,0.8372,ambiguous; contested-by=0x004cbb04; not-mutual; seq=1.00 ngram=1.00; size=47/47; calls=0/0; graph=0.50; const=1.00
0x004be240,0x0048e302,0.8918,0.7020,ambiguous; contested-by=0x00475c61; not-mutual; seq=0.86 ngram=1.00; size=31/41; calls=0/0
0x00437df6,0x004cabfe,0.8771,0.8382,ambiguous; contested-by=0x00437ac2; not-mutual; seq=0.78 ngram=0.71; size=820/819; calls=7/7; graph=1.00; str=1.00; const=1.00
0x004cadc5,0x00479b25,0.8590,0.8590,ambiguous; close=0x00479b85; contested-by=0x004cad65; not-mutual; seq=0.91 ngram=0.42; size=96/96; calls=0/0; graph=1.00; const=1.00
0x004f6b02,0x0043ce47,0.8441,0.8441,ambiguous; close=0x0043d0c9; mutual; seq=0.90 ngram=0.40; size=49/48; calls=1/1; graph=1.00
0x004f6d88,0x0043ce47,0.8441,0.8441,ambiguous; close=0x0043d0c9; contested-by=0x004f6b02; not-mutual; seq=0.90 ngram=0.40; size=49/48; calls=1/1; graph=1.00
0x0050ce80,0x00432c87,0.8438,0.8438,ambiguous; close=0x00433c86/0x00433c98/0x00447a76/0x004521d0; contested-by=0x0040eea2; not-mutual; seq=1.00 ngram=1.00; size=3/18; calls=0/0
0x00436f60,0x004c9d69,0.8308,0.8169,ambiguous; close=0x004c9309; mutual; seq=0.66 ngram=0.67; size=2522/2521; calls=17/17; graph=1.00; str=1.00; const=1.00
0x00512220,0x00426c5c,0.8295,0.8295,ambiguous; close=0x0043d858/0x0043d863/0x00445797/0x00490228; contested-by=0x0040fcf2; not-mutual; seq=1.00 ngram=1.00; size=1/11; calls=0/0
0x004cc188,0x00450667,0.8253,0.8253,ambiguous; close=0x00450c48/0x00450c78; contested-by=0x004cbba7; not-mutual; seq=0.90 ngram=0.42; size=48/48; calls=0/0; const=1.00
0x00501870,0x00499950,0.8248,0.7222,ambiguous; contested-by=0x005019a0; not-mutual; seq=0.94 ngram=0.78; size=304/293; calls=13/13; graph=0.33; api=1.00; str=1.00; const=1.00
0x0042881e,0x004bbb5a,0.8106,0.7914,ambiguous; close=0x004bb61e; contested-by=0x00428d5a; not-mutual; seq=0.56 ngram=0.85; size=1340/1245; calls=8/8; graph=1.00; const=0.89
0x0041b964,0x00409aa0,0.8095,0.8095,ambiguous; close=0x0041114a/0x004121eb/0x0047a2cf/0x004ad74f; contested-by=0x00456d10; not-mutual; seq=1.00 ngram=1.00; size=38/38; calls=1/1; graph=0.00; const=1.00
0x0043fdb2,0x004cf054,0.8095,0.8095,ambiguous; close=0x004d2bad; contested-by=0x0043c250; not-mutual; seq=1.00 ngram=1.00; size=55/55; calls=2/2; graph=0.00; const=1.00
0x0043fde9,0x004cf01d,0.8095,0.8095,ambiguous; close=0x004d2be4; contested-by=0x0043c219; not-mutual; seq=1.00 ngram=1.00; size=55/55; calls=2/2; graph=0.00; const=1.00
0x0043fe20,0x004cefe6,0.8095,0.8095,ambiguous; close=0x004d2c1b; contested-by=0x0043c1e2; not-mutual; seq=1.00 ngram=1.00; size=55/55; calls=2/2; graph=0.00; const=1.00
0x0043fe57,0x004cefaf,0.8095,0.8095,ambiguous; close=0x004d2c52; contested-by=0x0043c1ab; not-mutual; seq=1.00 ngram=1.00; size=55/55; calls=2/2; graph=0.00; const=1.00
0x004cbe10,0x004508d0,0.8066,0.8033,ambiguous; close=0x0048af80; mutual; seq=0.90 ngram=0.34; size=66/66; calls=0/0; const=1.00
0x0043fd7b,0x004cef78,0.8000,0.8000,ambiguous; close=0x004d2b76; contested-by=0x0043c174; not-mutual; seq=1.00 ngram=1.00; size=55/55; calls=2/2; graph=0.00
0x00501721,0x004308cf,0.8000,0.8000,ambiguous; close=0x00432c72/0x004e1940; contested-by=0x004ab510; not-mutual; seq=1.00 ngram=1.00; size=21/21; calls=0/0; graph=0.00
0x00513afc,0x004d95f0,0.8000,0.8000,ambiguous; close=0x004d95f6; contested-by=0x0050ce18; not-mutual; seq=1.00 ngram=1.00; size=6/6; calls=1/1; graph=0.00
0x00513b08,0x004d95f0,0.8000,0.8000,ambiguous; close=0x004d95f6; contested-by=0x0050ce18; not-mutual; seq=1.00 ngram=1.00; size=6/6; calls=1/1; graph=0.00
0x00514128,0x004d95f0,0.8000,0.8000,ambiguous; close=0x004d95f6; contested-by=0x0050ce18; not-mutual; seq=1.00 ngram=1.00; size=6/6; calls=1/1; graph=0.00
0x0040eb04,0x0049f633,0.7611,0.5077,ambiguous; contested-by=0x004eaa19; not-mutual; seq=0.88 ngram=0.54; size=86/100; calls=1/1; const=0.00
0x0048e2b0,0x0049f633,0.7611,0.5077,ambiguous; contested-by=0x004eaa19; not-mutual; seq=0.88 ngram=0.54; size=86/100; calls=1/1; const=0.00
0x00409e6d,0x0043da45,0.7471,0.7016,ambiguous; contested-by=0x00423b57; not-mutual; seq=0.89 ngram=0.39; size=61/60; calls=0/0; const=0.00
0x00409e3c,0x0043da81,0.7445,0.6659,ambiguous; contested-by=0x00423b93; not-mutual; seq=0.90 ngram=0.38; size=49/52; calls=0/0; const=0.00
0x005016f9,0x004db730,0.7399,0.7399,ambiguous; close=0x004db800/0x004dbf10/0x004dea00/0x004dffe0; mutual; seq=0.91 ngram=0.16; size=40/38; calls=0/0
0x0040810f,0x0048d3eb,0.7287,0.6922,ambiguous; contested-by=0x00474d4a; not-mutual; seq=0.86 ngram=0.37; size=41/51; calls=0/0; const=0.50
0x0040c2af,0x004cef78,0.7193,0.7193,ambiguous; close=0x004d2b76; contested-by=0x0043c174; not-mutual; seq=0.88 ngram=0.25; size=58/55; calls=2/2
0x0044b943,0x004d9c60,0.7130,0.7130,ambiguous; close=0x004dd270/0x00485cf5; mutual; seq=0.82 ngram=0.29; size=23/28; calls=1/1
0x0050fc50,0x0048d3af,0.7053,0.7053,ambiguous; close=0x004b926e; contested-by=0x00474d0e; not-mutual; seq=0.92 ngram=0.00; size=17/16; calls=1/1
0x00513820,0x00433e40,0.6972,0.6892,ambiguous; close=0x004b3360/0x00490196; contested-by=0x004241f0; not-mutual; seq=0.86 ngram=0.38; size=131/146; calls=4/3; api=0.75; str=0.00; const=0.50
0x004eadb7,0x0043d7cc,0.6893,0.5128,ambiguous; contested-by=0x004238ee; not-mutual; seq=0.82 ngram=0.30; size=46/42; calls=1/1; str=0.00
0x0048365c,0x00451c8e,0.6843,0.6483,ambiguous; contested-by=0x004cd1d1; not-mutual; seq=0.89 ngram=0.47; size=64/61; calls=0/1
0x0048e108,0x004da240,0.6813,0.6762,ambiguous; close=0x004da260; mutual; seq=0.78 ngram=0.14; size=26/27; calls=1/1
0x00479fb0,0x0043d7cc,0.6757,0.6539,ambiguous; contested-by=0x004238ee; not-mutual; seq=0.84 ngram=0.19; size=44/42; calls=1/1; const=0.00
0x00513b98,0x004eec20,0.6635,0.5684,ambiguous; contested-by=0x00513fde; not-mutual; seq=0.90 ngram=0.50; size=6/6; calls=1/1; graph=0.00
0x00510e20,0x004da240,0.6610,0.6042,ambiguous; contested-by=0x0048e108; not-mutual; seq=0.73 ngram=0.17; size=25/27; calls=1/1
0x0040cbbd,0x00478cfa,0.6553,0.6305,ambiguous; contested-by=0x004c9f3a; not-mutual; seq=0.78 ngram=0.20; size=75/78; calls=0/0; const=0.00
0x0048ec9a,0x00493714,0.6551,0.6094,ambiguous; contested-by=0x00407747; not-mutual; seq=0.80 ngram=0.15; size=106/103; calls=0/0; const=0.00
0x004909a0,0x0043d799,0.6498,0.5542,ambiguous; contested-by=0x004238ba; not-mutual; seq=0.65 ngram=0.26; size=51/51; calls=1/1; const=0.50
0x0040f9b7,0x004d7ecb,0.6474,0.5993,ambiguous; contested-by=0x00452827; not-mutual; seq=0.71 ngram=0.23; size=130/141; calls=0/0; const=0.38
0x00510de0,0x004da280,0.6457,0.6435,ambiguous; close=0x004da240; mutual; seq=0.73 ngram=0.05; size=25/25; calls=1/1
0x00484e2d,0x00450dfd,0.6443,0.4642,ambiguous; contested-by=0x004cc33d; not-mutual; seq=0.78 ngram=0.47; size=142/135; calls=1/0; const=0.71
0x00512210,0x004db730,0.6407,0.6407,ambiguous; close=0x004db800/0x004dbf10/0x004dea00/0x004dffe0; contested-by=0x005016f9; not-mutual; seq=0.91 ngram=0.16; size=16/38; calls=0/0
0x00510e60,0x004afd1c,0.6394,0.6366,ambiguous; close=0x004da280/0x00485cf5/0x004da240; contested-by=0x0041df33; not-mutual; seq=0.81 ngram=0.13; size=25/37; calls=1/1
0x004ead96,0x004ea400,0.6326,0.6317,ambiguous; close=0x0047f8f7/0x004d9c60/0x004dd270; mutual; seq=0.76 ngram=0.15; size=33/35; calls=1/1; const=0.00
0x0040c421,0x004cef78,0.6310,0.6310,ambiguous; close=0x004d2b76; contested-by=0x0043c174; not-mutual; seq=0.79 ngram=0.15; size=68/55; calls=2/2
0x00513b02,0x004d95f6,0.6306,0.6272,ambiguous; close=0x004d95f0; contested-by=0x0050ce18; not-mutual; seq=0.91 ngram=0.29; size=6/6; calls=1/1; graph=0.02
0x00513b0e,0x004d95f6,0.6297,0.6272,ambiguous; close=0x004d95f0; contested-by=0x0050ce18; not-mutual; seq=0.91 ngram=0.29; size=6/6; calls=1/1; graph=0.01
0x004ea97c,0x004d7460,0.6291,0.3384,ambiguous; contested-by=0x00451d90; not-mutual; seq=0.58 ngram=0.08; size=157/176; calls=1/1; graph=1.00; const=0.12
0x00513b14,0x004d95f6,0.6291,0.6272,ambiguous; close=0x004d95f0; contested-by=0x0050ce18; not-mutual; seq=0.91 ngram=0.29; size=6/6; calls=1/1; graph=0.01
0x004f09c0,0x0048eb25,0.6279,0.6016,ambiguous; contested-by=0x00476482; not-mutual; seq=0.70 ngram=0.21; size=138/142; calls=0/0; const=0.00
0x00513b2c,0x004d95f0,0.6272,0.6272,ambiguous; close=0x004d95f6; contested-by=0x0050ce18; not-mutual; seq=0.91 ngram=0.29; size=6/6; calls=1/1; graph=0.00
0x005140a4,0x004d95f0,0.6272,0.6272,ambiguous; close=0x004d95f6; contested-by=0x0050ce18; not-mutual; seq=0.91 ngram=0.29; size=6/6; calls=1/1; graph=0.00
0x00485005,0x0048af80,0.6262,0.6247,ambiguous; close=0x004508d0; contested-by=0x004728c3; not-mutual; seq=0.79 ngram=0.13; size=57/66; calls=0/0; const=0.00
0x00513b9e,0x004eec20,0.6208,0.5940,ambiguous; contested-by=0x00513fde; not-mutual; seq=0.81 ngram=0.43; size=6/6; calls=1/1; graph=0.00
0x00513c00,0x004eec20,0.6208,0.5940,ambiguous; contested-by=0x00513fde; not-mutual; seq=0.81 ngram=0.43; size=6/6; calls=1/1; graph=0.00
0x00513b80,0x004eec20,0.6208,0.6000,ambiguous; contested-by=0x00513fde; not-mutual; seq=0.81 ngram=0.43; size=6/6; calls=1/1; graph=0.00
0x004ebebf,0x0043ce47,0.6189,0.6189,ambiguous; close=0x0043d0c9; contested-by=0x004f6b02; not-mutual; seq=0.95 ngram=0.40; size=44/48; calls=1/1; graph=0.00; const=0.00
0x0050178d,0x004db150,0.6132,0.5673,ambiguous; contested-by=0x0048e0ee; not-mutual; seq=0.78 ngram=0.24; size=25/25; calls=1/1; api=0.00
0x00510e40,0x004da280,0.6111,0.5733,ambiguous; contested-by=0x00510de0; not-mutual; seq=0.71 ngram=0.04; size=22/25; calls=1/1
0x00494540,0x00435343,0.6005,0.5642,ambiguous; contested-by=0x004943f0; not-mutual; seq=0.54 ngram=0.25; size=324/371; calls=1/1; const=0.82
0x004f2110,0x0047f0e6,0.5967,0.5476,ambiguous; contested-by=0x004f211a; not-mutual; seq=0.79 ngram=0.38; size=10/219; calls=0/0; const=1.00
0x0050b0fc,0x00493714,0.5911,0.5695,ambiguous; contested-by=0x00407747; not-mutual; seq=0.64 ngram=0.31; size=164/103; calls=0/0; const=0.44
0x0040d403,0x004afd1c,0.5907,0.4700,ambiguous; contested-by=0x0041df33; not-mutual; seq=0.67 ngram=0.14; size=50/37; calls=1/1
0x00489690,0x00412211,0.5898,0.5701,ambiguous; close=0x004e1030; contested-by=0x0045f489; not-mutual; seq=0.60 ngram=0.19; size=46/38; calls=1/1
0x0040cf09,0x004afd1c,0.5895,0.4935,ambiguous; contested-by=0x0041df33; not-mutual; seq=0.67 ngram=0.14; size=50/37; calls=1/1
0x0040d169,0x004afd1c,0.5884,0.4724,ambiguous; contested-by=0x0041df33; not-mutual; seq=0.67 ngram=0.13; size=50/37; calls=1/1
0x00484df9,0x00450eb8,0.5880,0.5360,ambiguous; contested-by=0x004cc3f8; not-mutual; seq=0.90 ngram=0.27; size=52/53; calls=1/1; graph=0.00; const=0.00
0x0040d0a1,0x004afd1c,0.5874,0.5252,ambiguous; contested-by=0x0041df33; not-mutual; seq=0.67 ngram=0.13; size=50/37; calls=1/1
0x0040cf3b,0x004afd1c,0.5873,0.4693,ambiguous; contested-by=0x0041df33; not-mutual; seq=0.67 ngram=0.13; size=50/37; calls=1/1
0x0040d19b,0x004afd1c,0.5865,0.4690,ambiguous; contested-by=0x0041df33; not-mutual; seq=0.67 ngram=0.12; size=50/37; calls=1/1
0x0040d0d3,0x004afd1c,0.5857,0.4688,ambiguous; contested-by=0x0041df33; not-mutual; seq=0.67 ngram=0.12; size=50/37; calls=1/1
0x0040d3d1,0x004afd1c,0.5856,0.4603,ambiguous; contested-by=0x0041df33; not-mutual; seq=0.67 ngram=0.12; size=50/37; calls=1/1
0x0050176a,0x004367d4,0.5856,0.5615,ambiguous; contested-by=0x00495410; not-mutual; seq=0.74 ngram=0.05; size=35/35; calls=2/1
0x0040cea5,0x004afd1c,0.5852,0.4945,ambiguous; contested-by=0x0041df33; not-mutual; seq=0.67 ngram=0.12; size=50/37; calls=1/1
0x0040d03d,0x004afd1c,0.5827,0.5259,ambiguous; contested-by=0x0041df33; not-mutual; seq=0.67 ngram=0.11; size=50/37; calls=1/1
0x0040d39f,0x004afd1c,0.5814,0.4961,ambiguous; contested-by=0x0041df33; not-mutual; seq=0.67 ngram=0.10; size=50/37; calls=1/1
0x0040d105,0x004afd1c,0.5812,0.5254,ambiguous; contested-by=0x0041df33; not-mutual; seq=0.67 ngram=0.10; size=50/37; calls=1/1
0x0040ced7,0x004afd1c,0.5810,0.5082,ambiguous; contested-by=0x0041df33; not-mutual; seq=0.67 ngram=0.10; size=50/37; calls=1/1
0x0040d36d,0x004afd1c,0.5809,0.5253,ambiguous; contested-by=0x0041df33; not-mutual; seq=0.67 ngram=0.10; size=50/37; calls=1/1
0x0040d06f,0x004afd1c,0.5803,0.5131,ambiguous; contested-by=0x0041df33; not-mutual; seq=0.67 ngram=0.10; size=50/37; calls=1/1
0x0040d137,0x004afd1c,0.5796,0.4721,ambiguous; contested-by=0x0041df33; not-mutual; seq=0.67 ngram=0.10; size=50/37; calls=1/1
0x0041f17e,0x0048eb25,0.5772,0.5319,ambiguous; contested-by=0x00476482; not-mutual; seq=0.61 ngram=0.10; size=149/142; calls=0/0; const=0.30
0x0040706f,0x004930ea,0.5712,0.4518,ambiguous; contested-by=0x0040710a; not-mutual; seq=0.71 ngram=0.29; size=155/192; calls=4/6; str=0.33; const=0.00
0x004f0d90,0x004ead30,0.5673,0.5474,ambiguous; close=0x004d7b2d; mutual; seq=0.65 ngram=0.12; size=88/77; calls=0/0; const=0.00
0x0041f12b,0x004d7735,0.5669,0.5597,ambiguous; close=0x004505c4/0x004506c7; contested-by=0x00452065; not-mutual; seq=0.71 ngram=0.09; size=46/77; calls=0/0; const=0.50
0x0048edeb,0x004ec1b0,0.5667,0.5574,ambiguous; close=0x0044a2c4/0x00446de2; mutual; seq=0.57 ngram=0.10; size=82/73; calls=0/0
0x0040cf6d,0x004eb210,0.5654,0.5654,ambiguous; close=0x004eb290; mutual; seq=0.72 ngram=0.08; size=52/58; calls=1/2
0x0040d1cd,0x004da630,0.5626,0.5626,ambiguous; close=0x004daa40/0x004daae0/0x004eb250; mutual; seq=0.60 ngram=0.15; size=52/38; calls=1/1
0x0040d235,0x004da630,0.5593,0.5593,ambiguous; close=0x004daa40/0x004daae0; contested-by=0x0040d1cd; not-mutual; seq=0.60 ngram=0.14; size=52/38; calls=1/1
0x00484691,0x0048dc9e,0.5544,0.5039,ambiguous; contested-by=0x004755fd; not-mutual; seq=0.60 ngram=0.06; size=167/165; calls=0/0; const=0.00
0x0040d201,0x004da630,0.5517,0.5517,ambiguous; close=0x004daa40/0x004daae0; contested-by=0x0040d1cd; not-mutual; seq=0.60 ngram=0.11; size=52/38; calls=1/1
0x0040d435,0x004da630,0.5516,0.5516,ambiguous; close=0x004daa40/0x004daae0; contested-by=0x0040d1cd; not-mutual; seq=0.60 ngram=0.11; size=52/38; calls=1/1
0x004c3be5,0x00486c12,0.5506,0.5497,ambiguous; close=0x00478cfa/0x0042ab67; contested-by=0x00478aa4; not-mutual; seq=0.61 ngram=0.06; size=119/113; calls=0/0; const=0.00
0x0040cfd5,0x004eb210,0.5501,0.5501,ambiguous; close=0x004eb290; contested-by=0x0040cf6d; not-mutual; seq=0.69 ngram=0.07; size=52/58; calls=1/2
0x0041f159,0x0048d3eb,0.5500,0.4645,no-twin; contested-by=0x00474d4a; not-mutual; seq=0.57 ngram=0.18; size=37/51; calls=0/0; const=0.50
0x00489710,0x00437681,0.5492,0.5492,no-twin; close=0x0049a93a; contested-by=0x00409c73; not-mutual; seq=0.74 ngram=0.14; size=56/63; calls=1/1; api=0.00; const=0.50
0x0044b96c,0x004d65f2,0.5473,0.5356,no-twin; close=0x00451c55; contested-by=0x004509a1; not-mutual; seq=0.65 ngram=0.15; size=81/71; calls=2/1
0x0040d4d1,0x004afd1c,0.5469,0.5207,no-twin; contested-by=0x0041df33; not-mutual; seq=0.64 ngram=0.04; size=52/37; calls=1/1
0x0040cfa1,0x004eb210,0.5460,0.5460,no-twin; close=0x004eb290; contested-by=0x0040cf6d; not-mutual; seq=0.69 ngram=0.06; size=52/58; calls=1/2
0x0041f213,0x004d714c,0.5457,0.5197,no-twin; contested-by=0x00451a82; not-mutual; seq=0.58 ngram=0.06; size=156/154; calls=0/0; const=0.00
0x0040cc08,0x00448412,0.5444,0.4470,no-twin; contested-by=0x004b6f49; not-mutual; seq=0.58 ngram=0.08; size=118/93; calls=0/0
0x0040c72c,0x004da600,0.5441,0.5095,no-twin; contested-by=0x0040c180; not-mutual; seq=0.54 ngram=0.08; size=53/46; calls=1/1
0x004f0de8,0x00478e3b,0.5422,0.5314,no-twin; close=0x004e8900/0x004d7d5e; contested-by=0x004ca07b; not-mutual; seq=0.54 ngram=0.04; size=95/94; calls=0/0; const=0.33
0x00494c00,0x004eaca0,0.5417,0.4474,no-twin; mutual; seq=0.71 ngram=0.18; size=38/74; calls=0/0; const=0.00
0x0040d29d,0x004da630,0.5415,0.5415,no-twin; close=0x004daa40/0x004daae0/0x004da5d0/0x004eb250; contested-by=0x0040d1cd; not-mutual; seq=0.60 ngram=0.07; size=52/38; calls=1/1
0x0049094c,0x00404a71,0.5377,0.4836,no-twin; contested-by=0x004fa423; not-mutual; seq=0.67 ngram=0.20; size=84/149; calls=0/0; const=0.00
0x0050ce90,0x004d9c60,0.5358,0.5358,no-twin; close=0x004dd270; contested-by=0x0044b943; not-mutual; seq=0.57 ngram=0.08; size=21/28; calls=1/1
0x004940c0,0x004dfdc0,0.5347,0.4923,no-twin; mutual; seq=0.54 ngram=0.09; size=85/87; calls=1/1; const=0.00
0x0050fc70,0x004ea460,0.5347,0.5268,no-twin; close=0x00492b90; mutual; seq=0.63 ngram=0.12; size=70/79; calls=4/2
0x004f21d0,0x0047f1e7,0.5330,0.1876,no-twin; contested-by=0x004f21db; not-mutual; seq=0.63 ngram=0.42; size=11/713; calls=1/1; const=0.91
0x00507b1a,0x0043d799,0.5330,0.4965,no-twin; contested-by=0x004238ba; not-mutual; seq=0.63 ngram=0.12; size=42/51; calls=1/1; str=0.00; const=0.25
0x0040d269,0x004da630,0.5329,0.5329,no-twin; close=0x004daa40/0x004daae0; contested-by=0x0040d1cd; not-mutual; seq=0.56 ngram=0.10; size=52/38; calls=1/1
0x004f0af6,0x00402889,0.5326,0.5163,no-twin; close=0x004d76dd; contested-by=0x004f823a; not-mutual; seq=0.56 ngram=0.05; size=90/91; calls=1/1; const=0.00
0x0040d009,0x004eb210,0.5321,0.5321,no-twin; close=0x004eb290; contested-by=0x0040cf6d; not-mutual; seq=0.66 ngram=0.06; size=52/58; calls=1/2
0x004ec65a,0x004e3cf0,0.5314,0.4140,no-twin; contested-by=0x004ea8df; not-mutual; seq=0.57 ngram=0.07; size=115/107; calls=0/0; const=0.00
0x0040d469,0x004da630,0.5263,0.5263,no-twin; close=0x004daa40/0x004daae0/0x004db0e0/0x004eb250; contested-by=0x0040d1cd; not-mutual; seq=0.56 ngram=0.08; size=52/38; calls=1/1
0x0040d305,0x004eb210,0.5257,0.5257,no-twin; close=0x004eb290; contested-by=0x0040cf6d; not-mutual; seq=0.66 ngram=0.03; size=52/58; calls=1/2
0x0040d2d1,0x004eb210,0.5256,0.5256,no-twin; close=0x004eb290; contested-by=0x0040cf6d; not-mutual; seq=0.66 ngram=0.03; size=52/58; calls=1/2
0x0040d49d,0x004da630,0.5255,0.5255,no-twin; close=0x004daa40/0x004daae0/0x004db0e0/0x004eb250; contested-by=0x0040d1cd; not-mutual; seq=0.56 ngram=0.07; size=52/38; calls=1/1
0x0050fc00,0x004e9900,0.5254,0.5187,no-twin; close=0x004db150/0x004d7eb0; mutual; seq=0.67 ngram=0.03; size=25/35; calls=1/1; const=0.00
0x0040c336,0x004da600,0.5251,0.4761,no-twin; contested-by=0x0040c180; not-mutual; seq=0.70 ngram=0.05; size=75/46; calls=1/1; const=0.00
0x0040c381,0x004da600,0.5251,0.4761,no-twin; contested-by=0x0040c180; not-mutual; seq=0.70 ngram=0.05; size=75/46; calls=1/1; const=0.00
0x0040cb4f,0x00464eb5,0.5226,0.4765,no-twin; contested-by=0x004e3730; not-mutual; seq=0.57 ngram=0.08; size=110/90; calls=1/1; const=0.14
0x0050f350,0x00438e72,0.5172,0.4587,no-twin; contested-by=0x0046c1b3; not-mutual; seq=0.67 ngram=0.10; size=59/80; calls=2/1; api=0.50; const=0.00
0x00513d50,0x0043ce47,0.5144,0.5144,no-twin; close=0x0043d0c9; contested-by=0x004f6b02; not-mutual; seq=0.46 ngram=0.00; size=48/48; calls=1/1
0x0040d339,0x004eb210,0.5120,0.5120,no-twin; close=0x004eb290; contested-by=0x0040cf6d; not-mutual; seq=0.62 ngram=0.03; size=52/58; calls=1/2
0x0040f681,0x004eaca0,0.5118,0.4884,no-twin; contested-by=0x00494c00; not-mutual; seq=0.62 ngram=0.06; size=104/74; calls=0/0; const=0.00
0x004f27c0,0x0047fc77,0.5089,0.2688,no-twin; mutual; seq=0.23 ngram=0.34; size=1153/1831; calls=3/6; graph=1.00; const=0.83
0x00494080,0x004eb5a0,0.5080,0.4675,no-twin; contested-by=0x0040f636; not-mutual; seq=0.51 ngram=0.10; size=58/66; calls=0/0; const=0.00
0x004a5fdc,0x004eb210,0.5073,0.5073,no-twin; close=0x004eb290/0x004eb250; contested-by=0x0040cf6d; not-mutual; seq=0.51 ngram=0.03; size=60/58; calls=2/2; const=0.00
0x0044b8da,0x0043ce47,0.5067,0.5067,no-twin; close=0x0043d0c9; contested-by=0x004f6b02; not-mutual; seq=0.71 ngram=0.04; size=48/48; calls=1/1; graph=0.00
0x00512230,0x0044c1e0,0.5049,0.2801,no-twin; mutual; seq=0.47 ngram=0.35; size=608/535; calls=17/15; graph=0.00; api=1.00; str=1.00; const=0.44
0x00452793,0x0049ab18,0.5048,0.5048,no-twin; close=0x0049ab40/0x00487924; contested-by=0x0040a4ac; not-mutual; seq=0.75 ngram=0.11; size=41/40; calls=1/1; graph=0.00; const=0.00
0x004c22a2,0x00431f41,0.5047,0.4411,no-twin; contested-by=0x004acb7f; not-mutual; seq=0.48 ngram=0.03; size=158/155; calls=0/0; const=0.20
0x00512ba0,0x0047fc0d,0.5027,0.4650,no-twin; contested-by=0x004f2c50; not-mutual; seq=0.51 ngram=0.07; size=95/106; calls=3/3; const=0.00
0x0047afa2,0x0042afdb,0.5026,0.4338,no-twin; contested-by=0x005062b1; not-mutual; seq=0.51 ngram=0.07; size=245/220; calls=1/1; const=0.00
0x0047b616,0x0042afdb,0.5026,0.4338,no-twin; contested-by=0x005062b1; not-mutual; seq=0.51 ngram=0.07; size=245/220; calls=1/1; const=0.00
0x0047c080,0x0042afdb,0.5026,0.4338,no-twin; contested-by=0x005062b1; not-mutual; seq=0.51 ngram=0.07; size=245/220; calls=1/1; const=0.00
0x0040c2e9,0x004da600,0.5019,0.4741,no-twin; contested-by=0x0040c180; not-mutual; seq=0.65 ngram=0.05; size=77/46; calls=1/1; const=0.00
0x004211bd,0x0042afdb,0.5012,0.4377,no-twin; contested-by=0x005062b1; not-mutual; seq=0.51 ngram=0.07; size=247/220; calls=1/1; const=0.00
0x004080b2,0x0045133c,0.5005,0.5005,no-twin; close=0x0045139b/0x004512d1; contested-by=0x004cc87f; not-mutual; seq=0.60 ngram=0.09; size=93/95; calls=1/2; const=0.00
0x0041f2af,0x004a65df,0.4990,0.4708,no-twin; contested-by=0x004147a4; not-mutual; seq=0.52 ngram=0.05; size=165/189; calls=0/0; const=0.00
0x0040fbe2,0x004693bd,0.4981,0.4123,no-twin; contested-by=0x004a75bd; not-mutual; seq=0.40 ngram=0.11; size=184/147; calls=1/3; graph=1.00; const=0.00
0x0047a94c,0x0042afdb,0.4968,0.4392,no-twin; contested-by=0x005062b1; not-mutual; seq=0.51 ngram=0.07; size=254/220; calls=1/1; const=0.00
0x00513da0,0x004dea30,0.4961,0.2762,no-twin; mutual; seq=0.59 ngram=0.27; size=510/494; calls=14/16; graph=0.00; api=0.50; const=0.47
0x0050fc20,0x004d4e10,0.4959,0.4588,no-twin; mutual; seq=0.42 ngram=0.00; size=46/46; calls=1/1; const=0.50
0x004be25f,0x0043064a,0.4937,0.4372,no-twin; contested-by=0x004ab28b; not-mutual; seq=0.47 ngram=0.07; size=248/211; calls=0/0; const=0.24
0x00488f92,0x0049b2c1,0.4936,0.4187,no-twin; contested-by=0x0040d901; not-mutual; seq=0.52 ngram=0.14; size=73/72; calls=1/2; const=0.25
0x004a4760,0x004c33f8,0.4928,0.4875,no-twin; close=0x0040aaec/0x004a3041; contested-by=0x004305f1; not-mutual; seq=0.46 ngram=0.06; size=271/283; calls=1/1; const=0.09
0x0044b90a,0x004eb210,0.4903,0.4903,no-twin; close=0x004eb290/0x004dec80/0x00451c55/0x00432be5; contested-by=0x0040cf6d; not-mutual; seq=0.41 ngram=0.00; size=57/58; calls=2/2
0x0047c1a7,0x00432be5,0.4893,0.4713,no-twin; close=0x004b4ea6; contested-by=0x0048caaf; not-mutual; seq=0.57 ngram=0.09; size=87/69; calls=5/3; str=0.00
0x0041f391,0x00402889,0.4872,0.4329,no-twin; contested-by=0x004f823a; not-mutual; seq=0.45 ngram=0.05; size=89/91; calls=1/1; const=0.00
0x0041ed86,0x00451282,0.4872,0.4749,no-twin; close=0x0045143b; contested-by=0x004cc7c5; not-mutual; seq=0.53 ngram=0.03; size=78/79; calls=2/2; str=0.00; const=0.00
0x004ead33,0x00438e72,0.4844,0.4647,no-twin; close=0x00438bf0; contested-by=0x0046c1b3; not-mutual; seq=0.62 ngram=0.10; size=99/80; calls=1/1; api=0.00; const=0.60
0x0040b00c,0x0046f2f5,0.4839,0.4473,no-twin; contested-by=0x00478bd5; not-mutual; seq=0.54 ngram=0.00; size=50/51; calls=1/1; str=0.00; const=0.00
0x004212b4,0x0046f2f5,0.4839,0.4473,no-twin; contested-by=0x00478bd5; not-mutual; seq=0.54 ngram=0.00; size=50/51; calls=1/1; str=0.00; const=0.00
0x0047aa4a,0x0046f2f5,0.4839,0.4473,no-twin; contested-by=0x00478bd5; not-mutual; seq=0.54 ngram=0.00; size=50/51; calls=1/1; str=0.00; const=0.00
0x0047b097,0x0046f2f5,0.4839,0.4473,no-twin; contested-by=0x00478bd5; not-mutual; seq=0.54 ngram=0.00; size=50/51; calls=1/1; str=0.00; const=0.00
0x0047b70b,0x0046f2f5,0.4839,0.4473,no-twin; contested-by=0x00478bd5; not-mutual; seq=0.54 ngram=0.00; size=50/51; calls=1/1; str=0.00; const=0.00
0x0047c175,0x0046f2f5,0.4839,0.4473,no-twin; contested-by=0x00478bd5; not-mutual; seq=0.54 ngram=0.00; size=50/51; calls=1/1; str=0.00; const=0.00
0x0048ec68,0x0046f2f5,0.4839,0.4473,no-twin; contested-by=0x00478bd5; not-mutual; seq=0.54 ngram=0.00; size=50/51; calls=1/1; str=0.00; const=0.00
0x0048f343,0x0046f2f5,0.4839,0.4473,no-twin; contested-by=0x00478bd5; not-mutual; seq=0.54 ngram=0.00; size=50/51; calls=1/1; str=0.00; const=0.00
0x00490c01,0x0046f2f5,0.4839,0.4473,no-twin; contested-by=0x00478bd5; not-mutual; seq=0.54 ngram=0.00; size=50/51; calls=1/1; str=0.00; const=0.00
0x00490d49,0x0046f2f5,0.4839,0.4473,no-twin; contested-by=0x00478bd5; not-mutual; seq=0.54 ngram=0.00; size=50/51; calls=1/1; str=0.00; const=0.00
0x0049713c,0x0046f2f5,0.4839,0.4473,no-twin; contested-by=0x00478bd5; not-mutual; seq=0.54 ngram=0.00; size=50/51; calls=1/1; str=0.00; const=0.00
0x004c2270,0x0046f2f5,0.4839,0.4473,no-twin; contested-by=0x00478bd5; not-mutual; seq=0.54 ngram=0.00; size=50/51; calls=1/1; str=0.00; const=0.00
0x0040c7c0,0x00446de2,0.4789,0.4697,no-twin; close=0x00432860; contested-by=0x004b5919; not-mutual; seq=0.72 ngram=0.13; size=92/78; calls=1/0; const=0.00
0x0041e370,0x0042afdb,0.4783,0.4527,no-twin; contested-by=0x005062b1; not-mutual; seq=0.50 ngram=0.06; size=278/220; calls=1/1; const=0.00
0x00409db6,0x004eaca0,0.4781,0.4776,no-twin; close=0x0043e09c; contested-by=0x00494c00; not-mutual; seq=0.53 ngram=0.14; size=93/74; calls=1/0; api=0.00; const=1.00
0x004ec4fc,0x0040b998,0.4780,0.4687,no-twin; close=0x00451282/0x00450fca; contested-by=0x00458c07; not-mutual; seq=0.52 ngram=0.06; size=113/102; calls=2/2; str=0.00; const=0.00
0x00410c7d,0x004da1f0,0.4779,0.4320,no-twin; mutual; seq=0.43 ngram=0.05; size=65/66; calls=2/2
0x0040c8fa,0x004dd190,0.4765,0.4668,no-twin; close=0x0045133c/0x0045139b/0x00446de2/0x00432860; mutual; seq=0.59 ngram=0.03; size=95/94; calls=1/3; api=0.00; const=0.00
0x0044b84b,0x0045133c,0.4760,0.4760,no-twin; close=0x0045139b/0x00451c8e/0x004e9900; contested-by=0x004cc87f; not-mutual; seq=0.47 ngram=0.08; size=95/95; calls=1/2
0x0040c81c,0x004267dc,0.4759,0.4247,no-twin; contested-by=0x004a2a5b; not-mutual; seq=0.57 ngram=0.03; size=109/72; calls=2/2; const=0.00
0x00490c33,0x0042afdb,0.4751,0.4508,no-twin; contested-by=0x005062b1; not-mutual; seq=0.49 ngram=0.07; size=278/220; calls=1/1; const=0.00
0x004ebe1a,0x004cefe6,0.4744,0.4744,no-twin; close=0x004d2c1b/0x0049b2c1/0x004cef78/0x004d2b76; contested-by=0x0043c1e2; not-mutual; seq=0.48 ngram=0.05; size=71/55; calls=2/2; const=0.20
0x0040c465,0x00433c39,0.4739,0.3586,no-twin; contested-by=0x0048e0a1; not-mutual; seq=0.56 ngram=0.15; size=96/77; calls=1/1; graph=0.00; const=1.00
0x00510b70,0x0043d3ff,0.4723,0.2857,no-twin; contested-by=0x0042351b; not-mutual; seq=0.20 ngram=0.14; size=610/788; calls=17/15; graph=1.00; str=0.00; const=0.26
0x0047b73d,0x0047eecc,0.4723,0.4242,no-twin; mutual; seq=0.45 ngram=0.05; size=343/325; calls=7/5; const=0.17
0x0041fe70,0x0043d81d,0.4722,0.4423,no-twin; contested-by=0x00423940; not-mutual; seq=0.50 ngram=0.00; size=59/59; calls=1/1; str=0.00; const=0.00
0x0048f224,0x0042afdb,0.4698,0.4555,no-twin; close=0x0042aa48; contested-by=0x005062b1; not-mutual; seq=0.49 ngram=0.06; size=287/220; calls=1/1; const=0.00
0x00490ae2,0x0042afdb,0.4698,0.4559,no-twin; close=0x0042aa48; contested-by=0x005062b1; not-mutual; seq=0.49 ngram=0.06; size=287/220; calls=1/1; const=0.00
0x0040c889,0x004267dc,0.4696,0.4274,no-twin; contested-by=0x004a2a5b; not-mutual; seq=0.57 ngram=0.03; size=113/72; calls=2/2; const=0.00
0x0046e70d,0x00434446,0.4695,0.4538,no-twin; close=0x00438e72; contested-by=0x00493c3a; not-mutual; seq=0.53 ngram=0.03; size=109/123; calls=2/2; const=0.00
0x00512200,0x00472552,0.4692,0.4214,no-twin; contested-by=0x004f570c; not-mutual; seq=0.67 ngram=0.09; size=9/28; calls=1/1; api=0.00
0x005121f0,0x004db150,0.4677,0.4492,no-twin; close=0x004e1320; contested-by=0x0048e0ee; not-mutual; seq=0.75 ngram=0.16; size=9/25; calls=1/1; api=0.00
0x0040816b,0x004e9900,0.4672,0.4558,no-twin; close=0x006c5484; contested-by=0x0050fc00; not-mutual; seq=0.53 ngram=0.09; size=57/35; calls=1/1; const=0.00
0x005134a0,0x004e8900,0.4661,0.4405,no-twin; contested-by=0x004f0de8; not-mutual; seq=0.41 ngram=0.01; size=109/109; calls=0/0; const=0.06
0x0047b0c9,0x00403c4c,0.4658,0.4619,no-twin; close=0x00408487; contested-by=0x004f95fd; not-mutual; seq=0.46 ngram=0.02; size=314/314; calls=3/4; const=0.22
0x0048bba0,0x004d8703,0.4649,0.3948,no-twin; mutual; seq=0.40 ngram=0.21; size=487/848; calls=0/0; const=0.56
0x004ebdca,0x004ea460,0.4643,0.4417,no-twin; contested-by=0x0050fc70; not-mutual; seq=0.42 ngram=0.00; size=80/79; calls=2/2; const=0.00
0x0044b8aa,0x0043ce47,0.4631,0.4631,no-twin; close=0x0043d0c9; contested-by=0x004f6b02; not-mutual; seq=0.60 ngram=0.02; size=48/48; calls=1/1; graph=0.00
0x0040fa39,0x00469825,0.4622,0.4397,no-twin; contested-by=0x004a7a25; not-mutual; seq=0.17 ngram=0.03; size=420/424; calls=7/4; graph=1.00; const=0.10
0x0050e6f0,0x004ec2b0,0.4622,0.4447,no-twin; close=0x004e8900; mutual; seq=0.41 ngram=0.04; size=109/118; calls=0/0; const=0.06
0x004a6018,0x0044c73c,0.4604,0.4296,no-twin; mutual; seq=0.47 ngram=0.09; size=246/240; calls=7/7; str=0.00; const=0.00
0x0048d087,0x00432d7b,0.4589,0.4284,no-twin; mutual; seq=0.51 ngram=0.18; size=466/137; calls=14/4; graph=1.00; str=0.00; const=0.17
0x00421a81,0x0049af5c,0.4562,0.4514,no-twin; close=0x0048e251/0x0048ca2a; contested-by=0x0040d59c; not-mutual; seq=0.37 ngram=0.02; size=177/176; calls=0/0; const=0.06
0x0048a1ba,0x0048a2cd,0.4558,0.4558,no-twin; close=0x0048a33f/0x0043da45/0x0049aa7e; contested-by=0x00471bc0; not-mutual; seq=0.40 ngram=0.00; size=116/114; calls=0/0; const=0.00
0x0046e77a,0x004d7946,0.4552,0.4113,no-twin; contested-by=0x00452276; not-mutual; seq=0.49 ngram=0.08; size=424/390; calls=5/5; api=0.00; const=0.21
0x00512740,0x0044c73c,0.4538,0.3182,no-twin; contested-by=0x004a6018; not-mutual; seq=0.41 ngram=0.12; size=422/240; calls=9/7; graph=0.50; str=1.00; const=0.12
0x00485234,0x004895b4,0.4538,0.3649,no-twin; contested-by=0x00470ea3; not-mutual; seq=0.44 ngram=0.10; size=398/408; calls=8/4; graph=0.50; str=0.00; const=0.35
0x0040c959,0x004267dc,0.4531,0.4408,no-twin; close=0x00447aec; contested-by=0x004a2a5b; not-mutual; seq=0.53 ngram=0.02; size=115/72; calls=2/2; const=0.00
0x00511d60,0x00471e86,0.4529,0.4023,no-twin; contested-by=0x004f5048; not-mutual; seq=0.47 ngram=0.08; size=182/191; calls=9/9; api=0.14; str=0.00; const=0.00
0x004f15c0,0x0047e4e0,0.4526,0.2335,no-twin; mutual; seq=0.10 ngram=0.08; size=841/709; calls=12/23; graph=1.00; api=0.83; str=1.00; const=0.05
0x0050cec0,0x004e9900,0.4524,0.4387,no-twin; close=0x004da600/0x004de970; contested-by=0x0050fc00; not-mutual; seq=0.51 ngram=0.09; size=38/35; calls=2/1; const=0.00
0x0047c2fd,0x0047fc0d,0.4523,0.4112,no-twin; contested-by=0x004f2c50; not-mutual; seq=0.42 ngram=0.04; size=99/106; calls=2/3
0x0048f375,0x00413dc5,0.4521,0.3913,no-twin; contested-by=0x00461041; not-mutual; seq=0.35 ngram=0.01; size=430/429; calls=3/3; const=0.19
0x0041f354,0x0049c211,0.4520,0.4495,no-twin; close=0x004e7550/0x004469c9/0x00451c8e; mutual; seq=0.39 ngram=0.00; size=61/62; calls=1/1; const=0.00
0x00501736,0x0043da81,0.4510,0.4148,no-twin; contested-by=0x00423b93; not-mutual; seq=0.38 ngram=0.00; size=52/52; calls=0/0; const=0.00
0x00408089,0x0048e302,0.4507,0.3856,no-twin; contested-by=0x00475c61; not-mutual; seq=0.32 ngram=0.00; size=41/41; calls=0/0
0x00511930,0x00471e86,0.4479,0.4056,no-twin; contested-by=0x004f5048; not-mutual; seq=0.48 ngram=0.08; size=172/191; calls=9/9; api=0.14; str=0.00; const=0.00
0x0040fc9a,0x004ed110,0.4479,0.4300,no-twin; close=0x004d76dd; mutual; seq=0.42 ngram=0.00; size=88/88; calls=3/2; const=0.00
0x00512c00,0x0047fc0d,0.4477,0.4333,no-twin; close=0x00470c78; contested-by=0x004f2c50; not-mutual; seq=0.48 ngram=0.07; size=130/106; calls=4/3; const=0.00
0x0040c9cc,0x004267dc,0.4475,0.4301,no-twin; close=0x00438636; contested-by=0x004a2a5b; not-mutual; seq=0.53 ngram=0.02; size=119/72; calls=2/2; const=0.00
0x004896be,0x0043b850,0.4470,0.4168,no-twin; contested-by=0x0044a7e1; not-mutual; seq=0.38 ngram=0.00; size=82/83; calls=1/1; const=0.00
0x004be49b,0x0049e5d3,0.4469,0.4363,no-twin; close=0x00450799/0x004bb037; contested-by=0x004f09c0; not-mutual; seq=0.35 ngram=0.00; size=138/137; calls=0/0; const=0.14
0x0048ea81,0x0048b5c9,0.4464,0.3773,no-twin; contested-by=0x00472f0c; not-mutual; seq=0.27 ngram=0.02; size=91/134; calls=2/4; graph=1.00; const=0.33
0x0050f740,0x004e93f0,0.4453,0.4046,no-twin; mutual; seq=0.43 ngram=0.05; size=32/41; calls=0/0; const=0.00
0x004ec7f9,0x004d8a53,0.4450,0.4189,no-twin; mutual; seq=0.46 ngram=0.03; size=405/411; calls=2/1; const=0.27
0x0050aef6,0x0043d0f9,0.4432,0.4227,no-twin; contested-by=0x004f6db9; not-mutual; seq=0.43 ngram=0.02; size=199/202; calls=2/3; str=0.00; const=0.25
0x004a5586,0x004eaa60,0.4429,0.4184,no-twin; mutual; seq=0.35 ngram=0.09; size=125/153; calls=0/0; const=0.30
0x0047aa7c,0x0047eecc,0.4428,0.4297,no-twin; close=0x00458271; contested-by=0x0047b73d; not-mutual; seq=0.39 ngram=0.05; size=368/325; calls=5/5; const=0.16
0x00409d10,0x004e3d90,0.4427,0.3692,no-twin; contested-by=0x0040a566; not-mutual; seq=0.69 ngram=0.11; size=166/120; calls=2/0; api=0.00; str=0.00; const=0.00
0x00494380,0x004ebdb0,0.4423,0.4423,no-twin; close=0x004edff0/0x004e7940/0x004e8b60; mutual; seq=0.38 ngram=0.04; size=98/108; calls=0/0; const=0.00
0x004f0b50,0x004d7510,0.4421,0.4312,no-twin; close=0x004c5e5f/0x004215c2; contested-by=0x00451e40; not-mutual; seq=0.31 ngram=0.07; size=576/461; calls=1/4; graph=1.00; str=0.00; const=0.31
0x0041ec8d,0x004d76dd,0.4413,0.4367,no-twin; close=0x004aa569; contested-by=0x0045200d; not-mutual; seq=0.34 ngram=0.01; size=87/88; calls=1/1; const=0.12
0x0050fdf0,0x004e19d0,0.4411,0.4176,no-twin; mutual; seq=0.40 ngram=0.07; size=154/150; calls=2/2; const=0.00
0x004be43f,0x00448412,0.4405,0.4223,no-twin; close=0x0044a2c4; contested-by=0x004b6f49; not-mutual; seq=0.36 ngram=0.00; size=92/93; calls=0/0; const=0.00
0x004a5603,0x00468681,0.4399,0.4398,no-twin; close=0x00468261/0x00468962/0x0046f02d; contested-by=0x004e6efd; not-mutual; seq=0.35 ngram=0.01; size=287/285; calls=0/0; const=0.03
0x0048a2a5,0x0048e8a8,0.4391,0.3766,no-twin; contested-by=0x00476205; not-mutual; seq=0.49 ngram=0.14; size=147/74; calls=4/2
0x0040a3e1,0x004d7e29,0.4370,0.4153,no-twin; contested-by=0x0045275a; not-mutual; seq=0.53 ngram=0.10; size=65/57; calls=3/3; graph=0.00
0x0040b3c2,0x0048cac9,0.4369,0.3856,no-twin; contested-by=0x00474428; not-mutual; seq=0.66 ngram=0.11; size=127/182; calls=0/0; graph=0.00; const=0.00
0x0041fec7,0x0047eecc,0.4358,0.4251,no-twin; close=0x0040826f; contested-by=0x0047b73d; not-mutual; seq=0.44 ngram=0.06; size=309/325; calls=9/5; const=0.06
0x004be525,0x004bb037,0.4344,0.4164,no-twin; close=0x004e0980; contested-by=0x0044d58f; not-mutual; seq=0.34 ngram=0.01; size=137/139; calls=0/0; const=0.00
0x004922dc,0x0041e97e,0.4336,0.4321,no-twin; close=0x004ceeb6; contested-by=0x00405edf; not-mutual; seq=0.33 ngram=0.06; size=194/184; calls=0/0; const=0.00
0x004c2340,0x0047eecc,0.4332,0.4318,no-twin; close=0x00451ccb/0x00458271; contested-by=0x0047b73d; not-mutual; seq=0.37 ngram=0.04; size=371/325; calls=3/5; const=0.35
0x004be5ae,0x0042df78,0.4324,0.4062,no-twin; contested-by=0x004bd459; not-mutual; seq=0.34 ngram=0.00; size=149/151; calls=0/0; const=0.00
0x004219e1,0x0048e8a8,0.4318,0.3973,no-twin; contested-by=0x00476205; not-mutual; seq=0.48 ngram=0.17; size=160/74; calls=4/2
0x0044e75d,0x0042ad51,0.4315,0.4234,no-twin; close=0x004eb9c0/0x004de780; contested-by=0x00506029; not-mutual; seq=0.39 ngram=0.04; size=231/207; calls=4/3; const=0.00
0x004950b0,0x00436293,0.4312,0.3795,no-twin; mutual; seq=0.40 ngram=0.24; size=864/1345; calls=3/6; const=0.55
0x004989a9,0x004933ec,0.4312,0.3912,no-twin; contested-by=0x0040741b; not-mutual; seq=0.47 ngram=0.08; size=111/122; calls=4/5; str=0.00; const=0.00
0x00488fdb,0x0042ae2a,0.4309,0.3833,no-twin; contested-by=0x00506102; not-mutual; seq=0.34 ngram=0.05; size=429/433; calls=7/5; const=0.05
0x005135e0,0x0046e4c9,0.4309,0.3859,no-twin; contested-by=0x004485d6; not-mutual; seq=0.32 ngram=0.02; size=170/168; calls=1/1; const=0.00
0x004a4a47,0x0046af37,0.4307,0.2699,no-twin; contested-by=0x004a9137; not-mutual; seq=0.15 ngram=0.05; size=2575/2076; calls=42/49; graph=1.00; str=0.00; const=0.11
0x004c3ad4,0x0044a2c4,0.4297,0.3820,no-twin; contested-by=0x004b8dfd; not-mutual; seq=0.38 ngram=0.02; size=69/80; calls=0/0; const=0.00
0x0040acfd,0x004344c1,0.4277,0.3997,no-twin; contested-by=0x00493cb6; not-mutual; seq=0.37 ngram=0.02; size=178/169; calls=3/4; const=0.27
0x00484668,0x004ad725,0.4275,0.4240,no-twin; close=0x00487924/0x0049d139/0x004e19a0/0x004e0770; contested-by=0x0041b93a; not-mutual; seq=0.62 ngram=0.07; size=41/42; calls=2/1; graph=0.00
0x0048a338,0x0048e8a8,0.4258,0.3718,no-twin; contested-by=0x00476205; not-mutual; seq=0.48 ngram=0.10; size=148/74; calls=4/2
0x00493e50,0x004d9c60,0.4253,0.4253,no-twin; close=0x004dd270/0x004eaca0/0x004db5a0; contested-by=0x0044b943; not-mutual; seq=0.33 ngram=0.00; size=29/28; calls=1/1; const=0.00
0x0048ce07,0x00432c99,0.4248,0.3392,no-twin; contested-by=0x0048c8b2; not-mutual; seq=0.48 ngram=0.18; size=640/226; calls=20/4; graph=1.00; api=0.00; str=0.00; const=0.17
0x0041ece4,0x004a65df,0.4247,0.3946,no-twin; contested-by=0x004147a4; not-mutual; seq=0.51 ngram=0.07; size=86/189; calls=0/0; const=0.00
0x004a554b,0x0043da45,0.4240,0.4148,no-twin; close=0x004eacf0/0x0043e09c; contested-by=0x00423b57; not-mutual; seq=0.32 ngram=0.00; size=59/60; calls=0/0; const=0.00
0x0041ed3a,0x004a65df,0.4230,0.4129,no-twin; close=0x006c52b5/0x004e7510/0x004c1610/0x0043071d; contested-by=0x004147a4; not-mutual; seq=0.53 ngram=0.07; size=76/189; calls=0/0; const=0.00
0x00485605,0x004344c1,0.4228,0.4066,no-twin; close=0x0042ecaf; contested-by=0x00493cb6; not-mutual; seq=0.30 ngram=0.00; size=168/169; calls=4/4; const=0.07
0x004be357,0x0043433a,0.4225,0.4080,no-twin; close=0x004e8900; contested-by=0x00493b2c; not-mutual; seq=0.60 ngram=0.05; size=109/188; calls=1/2; const=0.00
0x0047bcf1,0x004d8477,0.4223,0.4032,no-twin; close=0x004625ed; mutual; seq=0.33 ngram=0.02; size=371/372; calls=3/4; const=0.00
0x0046f21e,0x00476868,0.4217,0.3981,no-twin; contested-by=0x004c7aa8; not-mutual; seq=0.49 ngram=0.08; size=211/317; calls=2/3; const=0.09
0x0040b7fa,0x0040e560,0.4215,0.3767,no-twin; contested-by=0x0045b7d9; not-mutual; seq=0.12 ngram=0.03; size=1193/1202; calls=37/12; graph=1.00; str=0.00; const=0.14
0x0040ae70,0x0042aa48,0.4210,0.4118,no-twin; close=0x004c2e23/0x0042afdb; contested-by=0x00505d20; not-mutual; seq=0.39 ngram=0.06; size=407/287; calls=1/1; const=0.09
0x0040a5de,0x0047eecc,0.4205,0.3787,no-twin; contested-by=0x0047b73d; not-mutual; seq=0.30 ngram=0.01; size=327/325; calls=4/5; const=0.21
0x0044e9ac,0x00451ccb,0.4197,0.3229,no-twin; contested-by=0x004cd20e; not-mutual; seq=0.32 ngram=0.06; size=497/372; calls=1/7; graph=1.00; str=0.00; const=0.03
0x0040b441,0x00491688,0.4195,0.4194,no-twin; close=0x004b27eb/0x004b2935; contested-by=0x00403189; not-mutual; seq=0.40 ngram=0.05; size=167/185; calls=4/3; api=0.00; const=0.08
0x0040eab1,0x004d7dd7,0.4194,0.4081,no-twin; close=0x004e52f0; contested-by=0x00452708; not-mutual; seq=0.60 ngram=0.04; size=83/82; calls=3/4; graph=0.00; const=0.00
0x0048bda1,0x00467d65,0.4194,0.4100,no-twin; close=0x00404b06; contested-by=0x004e65e1; not-mutual; seq=0.28 ngram=0.01; size=208/210; calls=0/0; const=0.13
0x00507b44,0x004d9c80,0.4193,0.3918,no-twin; mutual; seq=0.33 ngram=0.01; size=322/324; calls=2/3; const=0.12
0x0050b65f,0x004ce22a,0.4183,0.3900,no-twin; contested-by=0x0043b424; not-mutual; seq=0.12 ngram=0.03; size=865/710; calls=14/10; graph=1.00; str=0.00; const=0.16
0x0050b9d5,0x0040cfd7,0.4177,0.4036,no-twin; close=0x0040b469; contested-by=0x0045a252; not-mutual; seq=0.47 ngram=0.05; size=442/472; calls=14/5; str=0.00; const=0.07
0x0046f172,0x00437b8c,0.4169,0.3898,no-twin; contested-by=0x004958b1; not-mutual; seq=0.41 ngram=0.01; size=167/167; calls=4/4; api=0.00; str=0.00; const=0.00
0x0040adaf,0x004344c1,0.4166,0.4036,no-twin; close=0x0043433a/0x00408f50; contested-by=0x00493cb6; not-mutual; seq=0.37 ngram=0.02; size=182/169; calls=3/4; const=0.09
0x004bc423,0x0042ce51,0.4161,0.3542,no-twin; contested-by=0x004bc029; not-mutual; seq=0.30 ngram=0.14; size=675/1014; calls=23/23; graph=0.50; str=0.29; const=0.36
0x00513510,0x00404b06,0.4145,0.3980,no-twin; close=0x00469450; contested-by=0x004fa4b8; not-mutual; seq=0.28 ngram=0.01; size=204/206; calls=0/0; const=0.06
0x004ebe61,0x0048b24e,0.4142,0.4095,no-twin; close=0x004d7e29; contested-by=0x0043452e; not-mutual; seq=0.37 ngram=0.04; size=94/123; calls=3/3; const=0.00
0x00483590,0x0047eecc,0.4135,0.3962,no-twin; close=0x004a7e94; contested-by=0x0047b73d; not-mutual; seq=0.40 ngram=0.02; size=204/325; calls=5/5; const=0.27
0x004c207a,0x0048e8f2,0.4130,0.4126,no-twin; close=0x00458616; contested-by=0x0047624f; not-mutual; seq=0.27 ngram=0.02; size=497/495; calls=1/1; const=0.07
0x0050d4a0,0x004be8ae,0.4127,0.4120,no-twin; close=0x004be8ee; contested-by=0x0042baae; not-mutual; seq=0.28 ngram=0.01; size=64/64; calls=0/0; const=0.00
0x0050eb90,0x004395d6,0.4125,0.3366,no-twin; contested-by=0x00409f16; not-mutual; seq=0.25 ngram=0.01; size=132/131; calls=1/1; const=0.23
0x004f0a4a,0x004d7382,0.4122,0.3949,no-twin; close=0x004d7ecb; contested-by=0x00451cb2; not-mutual; seq=0.57 ngram=0.08; size=172/222; calls=1/1; graph=0.00; const=0.00
0x0050a065,0x00433caa,0.4120,0.3705,no-twin; contested-by=0x0048e122; not-mutual; seq=0.42 ngram=0.03; size=152/155; calls=7/8; str=0.00; const=0.00
0x0040c662,0x004da600,0.4107,0.4089,no-twin; close=0x0049f633/0x004548e3; contested-by=0x0040c180; not-mutual; seq=0.50 ngram=0.03; size=101/46; calls=1/1; const=0.00
0x0048ed04,0x0046f02d,0.4104,0.3839,no-twin; contested-by=0x0044913a; not-mutual; seq=0.27 ngram=0.01; size=231/233; calls=0/0; const=0.05
0x0040c3cc,0x00461c4b,0.4103,0.4070,no-twin; close=0x004e7030/0x00433c39/0x00472d0a/0x004e0fd0; contested-by=0x004e04be; not-mutual; seq=0.50 ngram=0.05; size=85/194; calls=2/2; const=0.00
0x004ebd62,0x004267dc,0.4099,0.3970,no-twin; close=0x004e1de0; contested-by=0x004a2a5b; not-mutual; seq=0.37 ngram=0.03; size=104/72; calls=2/2; const=0.17
0x0050935e,0x00471b26,0.4097,0.3740,no-twin; contested-by=0x004f4ce1; not-mutual; seq=0.26 ngram=0.03; size=441/454; calls=6/6; const=0.09
0x00496fa4,0x00413f72,0.4093,0.4058,no-twin; close=0x00468b20/0x004895b4; contested-by=0x004611f4; not-mutual; seq=0.30 ngram=0.02; size=408/412; calls=3/2; const=0.11
0x0044eb9d,0x004544c7,0.4086,0.3600,no-twin; contested-by=0x004d2d28; not-mutual; seq=0.27 ngram=0.01; size=259/258; calls=0/0; const=0.00
0x0050d6f0,0x004e8a90,0.4086,0.3655,no-twin; mutual; seq=0.33 ngram=0.01; size=198/198; calls=1/1; api=0.00; const=0.00
0x0040c1ad,0x0040ea12,0.4083,0.4015,no-twin; close=0x00488598/0x004e8e20; contested-by=0x0045bc8b; not-mutual; seq=0.33 ngram=0.02; size=199/197; calls=5/3; const=0.00
0x0050dbb0,0x0049aa7e,0.4078,0.3959,no-twin; close=0x004e3c60; contested-by=0x0040a36f; not-mutual; seq=0.48 ngram=0.04; size=121/114; calls=1/0; api=0.00; const=0.00
0x0042192b,0x00408f50,0.4075,0.3605,no-twin; contested-by=0x004fe901; not-mutual; seq=0.31 ngram=0.01; size=182/182; calls=2/3; const=0.05
0x0050da40,0x004e8a90,0.4075,0.3725,no-twin; contested-by=0x0050d6f0; not-mutual; seq=0.33 ngram=0.00; size=199/198; calls=1/1; api=0.00; const=0.00
0x0044e528,0x0048b64f,0.4068,0.4057,no-twin; close=0x00403725/0x00403943/0x004593fd; contested-by=0x00472fae; not-mutual; seq=0.39 ngram=0.05; size=565/459; calls=11/6; const=0.00
0x004214cf,0x0042afdb,0.4067,0.3981,no-twin; close=0x004351b5; contested-by=0x005062b1; not-mutual; seq=0.50 ngram=0.06; size=390/220; calls=2/1; const=0.00
0x00513c80,0x004a66b0,0.4065,0.4059,no-twin; close=0x004a7e94; contested-by=0x00414875; not-mutual; seq=0.39 ngram=0.03; size=208/210; calls=4/2; api=0.00; const=0.00
0x004527bc,0x004d7e29,0.4064,0.3979,no-twin; close=0x004dec80/0x004b93c4/0x004de970; contested-by=0x0045275a; not-mutual; seq=0.44 ngram=0.03; size=80/57; calls=3/3; str=0.00; const=0.00
0x00492cb1,0x00499950,0.4064,0.4013,no-twin; close=0x00499a78; contested-by=0x005019a0; not-mutual; seq=0.42 ngram=0.04; size=302/293; calls=13/13; api=0.00; str=0.00; const=0.00
0x004c3aa1,0x0043da81,0.4063,0.3987,no-twin; close=0x0048d3eb; contested-by=0x00423b93; not-mutual; seq=0.28 ngram=0.00; size=51/52; calls=0/0; const=0.00
0x00510fc0,0x004dc910,0.4051,0.3520,no-twin; contested-by=0x00493d62; not-mutual; seq=0.33 ngram=0.06; size=350/277; calls=0/0; const=0.00
0x0048be80,0x004ea210,0.4049,0.4041,no-twin; close=0x004d8f90; mutual; seq=0.25 ngram=0.03; size=488/487; calls=0/0; const=0.05
0x0040a444,0x004d7dd7,0.4045,0.3771,no-twin; contested-by=0x00452708; not-mutual; seq=0.56 ngram=0.06; size=104/82; calls=4/4; graph=0.00; const=0.00
0x0050a262,0x00433caa,0.4044,0.3775,no-twin; contested-by=0x0048e122; not-mutual; seq=0.47 ngram=0.03; size=126/155; calls=6/8; str=0.00; const=0.00
0x0047c1fe,0x004ee940,0.4040,0.3465,no-twin; mutual; seq=0.29 ngram=0.02; size=255/255; calls=4/5; str=0.00; const=0.33
0x0048cb40,0x004e7030,0.4032,0.3823,no-twin; contested-by=0x0044a7e1; not-mutual; seq=0.39 ngram=0.00; size=84/83; calls=2/2; api=0.00; str=0.00; const=0.00
0x00421655,0x0048f123,0.4031,0.3891,no-twin; close=0x00439659; contested-by=0x00476a80; not-mutual; seq=0.32 ngram=0.01; size=144/142; calls=1/1; str=0.00; const=0.06
0x005017a6,0x004e7510,0.4024,0.4016,no-twin; close=0x004e7550; contested-by=0x0041ed3a; not-mutual; seq=0.51 ngram=0.08; size=74/63; calls=1/1; graph=0.00; str=0.00
0x004ebcdc,0x0048b24e,0.4021,0.4021,no-twin; close=0x004c7337; contested-by=0x0043452e; not-mutual; seq=0.57 ngram=0.05; size=134/123; calls=4/3; graph=0.00; const=0.00
0x0048efc7,0x004355e9,0.4016,0.3912,no-twin; close=0x00462039/0x004eea40; contested-by=0x004946f0; not-mutual; seq=0.31 ngram=0.00; size=231/230; calls=2/1; const=0.13
0x004f1ecb,0x004d8a53,0.4013,0.3639,no-twin; contested-by=0x004ec7f9; not-mutual; seq=0.31 ngram=0.04; size=416/411; calls=2/1; const=0.00
0x0050a1f9,0x004b93c4,0.3999,0.3928,no-twin; close=0x0048b5c9/0x004b4ea6; contested-by=0x00496eaf; not-mutual; seq=0.37 ngram=0.05; size=105/84; calls=4/4; str=0.00; const=0.00
0x0050b206,0x004c5e5f,0.3996,0.3808,no-twin; close=0x0040cfd7; contested-by=0x00433057; not-mutual; seq=0.37 ngram=0.03; size=472/474; calls=10/4; api=0.00; const=0.11
0x0050d520,0x004ea4e0,0.3994,0.3507,no-twin; contested-by=0x004f0af6; not-mutual; seq=0.50 ngram=0.07; size=55/89; calls=1/1; api=0.00; const=0.57
0x004be3c4,0x004da600,0.3990,0.3718,no-twin; contested-by=0x0040c180; not-mutual; seq=0.50 ngram=0.04; size=123/46; calls=1/1; const=0.00
0x0050a17b,0x0048b5c9,0.3989,0.3756,no-twin; contested-by=0x00472f0c; not-mutual; seq=0.38 ngram=0.02; size=126/134; calls=5/4; str=0.00; const=0.00
0x0050f2e0,0x00450d8c,0.3989,0.3988,no-twin; close=0x00450d1b/0x004d7b2d; contested-by=0x004cc25b; not-mutual; seq=0.44 ngram=0.02; size=108/108; calls=3/0; api=0.00; const=0.00
0x004eaa9c,0x00446d17,0.3986,0.3703,no-twin; contested-by=0x004b584e; not-mutual; seq=0.44 ngram=0.02; size=176/139; calls=4/6; api=0.00; const=0.00
0x0046e922,0x0048b5c9,0.3983,0.3766,no-twin; contested-by=0x00472f0c; not-mutual; seq=0.27 ngram=0.03; size=62/134; calls=1/4; graph=1.00; const=0.50
0x0050b3de,0x004c5e5f,0.3979,0.3620,no-twin; contested-by=0x00433057; not-mutual; seq=0.37 ngram=0.03; size=480/474; calls=10/4; api=0.00; const=0.09
0x004217ea,0x0047eecc,0.3978,0.3908,no-twin; close=0x0040b327/0x00434d88; contested-by=0x0047b73d; not-mutual; seq=0.28 ngram=0.02; size=321/325; calls=4/5; const=0.16
0x0040b03e,0x004350b1,0.3976,0.3844,no-twin; close=0x004c1610/0x0042afdb; mutual; seq=0.24 ngram=0.01; size=261/260; calls=0/0; const=0.05
0x004216e5,0x004350b1,0.3976,0.3844,no-twin; close=0x004c1610/0x0042afdb; contested-by=0x0040b03e; not-mutual; seq=0.24 ngram=0.01; size=261/260; calls=0/0; const=0.05
0x004212f0,0x004c5e5f,0.3975,0.3855,no-twin; close=0x0047d9e8/0x004895b4; contested-by=0x00433057; not-mutual; seq=0.31 ngram=0.02; size=479/474; calls=4/4; const=0.02
0x0050d560,0x00470437,0.3968,0.3861,no-twin; close=0x0041a600; contested-by=0x00479d16; not-mutual; seq=0.28 ngram=0.00; size=152/150; calls=3/3; api=0.00; const=0.22
0x0044e17e,0x0040179d,0.3966,0.3702,no-twin; contested-by=0x004f714d; not-mutual; seq=0.46 ngram=0.04; size=361/355; calls=2/2; graph=0.00; const=0.00
0x0040c6c7,0x004da600,0.3961,0.3915,no-twin; close=0x004548e3/0x004afd1c; contested-by=0x0040c180; not-mutual; seq=0.46 ngram=0.03; size=101/46; calls=1/1; const=0.00
0x004c3b19,0x00442839,0.3959,0.3898,no-twin; close=0x004a5b3d/0x00485587; contested-by=0x004b137d; not-mutual; seq=0.42 ngram=0.00; size=138/137; calls=3/5; api=0.00; str=0.00; const=0.00
0x004c3ba3,0x00479be5,0.3941,0.3702,no-twin; contested-by=0x004cae25; not-mutual; seq=0.45 ngram=0.00; size=33/34; calls=0/1; api=0.00; const=0.00
0x004c3bc4,0x00479be5,0.3941,0.3702,no-twin; contested-by=0x004cae25; not-mutual; seq=0.45 ngram=0.00; size=33/34; calls=0/1; api=0.00; const=0.00
0x004c05ba,0x0047eecc,0.3933,0.3753,no-twin; close=0x00499950; contested-by=0x0047b73d; not-mutual; seq=0.37 ngram=0.04; size=293/325; calls=11/5; const=0.06
0x004a5f7c,0x0045133c,0.3929,0.3929,no-twin; close=0x0045139b; contested-by=0x004cc87f; not-mutual; seq=0.34 ngram=0.00; size=96/95; calls=3/2; const=0.00
0x0050e850,0x0047ee63,0.3913,0.3531,no-twin; contested-by=0x004f1e50; not-mutual; seq=0.48 ngram=0.09; size=96/105; calls=1/1; graph=0.00; str=0.00; const=0.14
0x0040a883,0x0048039e,0.3913,0.3853,no-twin; close=0x00434ec7/0x0047eecc/0x00433caa; contested-by=0x004f2c50; not-mutual; seq=0.37 ngram=0.03; size=218/193; calls=8/4; const=0.00
0x0050afbd,0x00439516,0.3904,0.3904,no-twin; close=0x00486bc3; contested-by=0x0046c859; not-mutual; seq=0.62 ngram=0.06; size=79/79; calls=1/1; graph=0.00; api=0.00; const=0.00
0x0041e486,0x0048b2c9,0.3890,0.3817,no-twin; close=0x004c0929; contested-by=0x00472c0c; not-mutual; seq=0.28 ngram=0.02; size=508/508; calls=6/6; const=0.05
0x004e7da1,0x004b927e,0.3887,0.3620,no-twin; contested-by=0x00496d30; not-mutual; seq=0.28 ngram=0.00; size=326/326; calls=14/13; api=0.00; const=0.08
0x0040ca43,0x004d8bee,0.3887,0.3812,no-twin; close=0x00426b51/0x004dd880; mutual; seq=0.28 ngram=0.04; size=268/272; calls=6/3; const=0.06
0x004c003d,0x00409cb9,0.3883,0.2403,no-twin; contested-by=0x00456f29; not-mutual; seq=0.16 ngram=0.05; size=1380/897; calls=44/11; graph=1.00; str=0.00; const=0.13
0x0048ee42,0x004628db,0.3876,0.3836,no-twin; close=0x0048b0c7/0x004117e6/0x004769a5; contested-by=0x004e114e; not-mutual; seq=0.28 ngram=0.02; size=389/385; calls=5/6; const=0.00
0x0046e960,0x004a90e1,0.3859,0.3830,no-twin; close=0x004c64ff; contested-by=0x004172a6; not-mutual; seq=0.08 ngram=0.03; size=941/951; calls=14/9; graph=1.00; api=0.00; str=0.00; const=0.06
0x0040a95d,0x004aee02,0.3852,0.3627,no-twin; contested-by=0x0041d019; not-mutual; seq=0.32 ngram=0.02; size=404/402; calls=7/3; const=0.06
0x0050f0f0,0x0044c73c,0.3851,0.3086,no-twin; contested-by=0x004a6018; not-mutual; seq=0.50 ngram=0.07; size=237/240; calls=7/7; graph=0.00; str=0.00; const=0.00
0x004ec439,0x00472a3f,0.3847,0.3441,no-twin; contested-by=0x004f5bf9; not-mutual; seq=0.36 ngram=0.00; size=190/190; calls=4/3; api=0.00; const=0.00
0x0041feab,0x0048c420,0.3845,0.3761,no-twin; close=0x004d7eb0/0x004d9c60/0x004dd270; contested-by=0x00473d7e; not-mutual; seq=0.25 ngram=0.00; size=28/26; calls=0/0; const=0.00
0x0050db10,0x00426587,0.3840,0.3772,no-twin; close=0x0042cdb6; contested-by=0x004a2806; not-mutual; seq=0.27 ngram=0.04; size=157/153; calls=6/10; api=0.23; const=0.07
0x00421b32,0x004d4e3e,0.3839,0.2242,no-twin; contested-by=0x0044f1de; not-mutual; seq=0.09 ngram=0.05; size=3986/5412; calls=90/73; graph=1.00; api=0.00; str=0.00; const=0.17
0x0048eadc,0x0048b0c7,0.3823,0.3620,no-twin; contested-by=0x00472a0a; not-mutual; seq=0.25 ngram=0.02; size=396/391; calls=3/3; const=0.03
0x0042024f,0x004b26c4,0.3814,0.3805,no-twin; close=0x0040826f/0x00451ccb/0x004af82a/0x0047f7d3; contested-by=0x004ef849; not-mutual; seq=0.30 ngram=0.01; size=296/295; calls=4/4; api=0.00; const=0.06
0x00422f06,0x004a586e,0.3810,0.3320,no-twin; contested-by=0x00413a32; not-mutual; seq=0.20 ngram=0.01; size=380/376; calls=1/1; const=0.04
0x0050b00c,0x00408121,0.3808,0.3754,no-twin; close=0x0040826f/0x0040800f/0x0040839a; contested-by=0x004fdad2; not-mutual; seq=0.49 ngram=0.08; size=240/334; calls=2/2; graph=0.00; const=0.09
0x0050e760,0x004497f1,0.3807,0.3735,no-twin; close=0x004eb2d0/0x004eea40; contested-by=0x004b832d; not-mutual; seq=0.25 ngram=0.01; size=232/234; calls=2/2; api=0.00; const=0.09
0x0050e290,0x004ea4e0,0.3799,0.3789,no-twin; close=0x004dbce0; contested-by=0x004f0af6; not-mutual; seq=0.37 ngram=0.00; size=91/89; calls=1/1; api=0.00; const=0.29
0x00489c9c,0x0042ed60,0.3797,0.2974,no-twin; contested-by=0x004a99a0; not-mutual; seq=0.16 ngram=0.06; size=1310/3718; calls=11/17; graph=1.00; const=0.13
0x0040c4c5,0x00439659,0.3783,0.3620,no-twin; close=0x004db830/0x0048d320; contested-by=0x00409f99; not-mutual; seq=0.22 ngram=0.01; size=139/145; calls=1/1; const=0.00
0x0040b2c8,0x004dc480,0.3779,0.3488,no-twin; mutual; seq=0.28 ngram=0.02; size=250/252; calls=3/3; str=0.00; const=0.15
0x0040cc7e,0x004d7fb8,0.3778,0.3762,no-twin; close=0x004ddf10/0x0041a30b; mutual; seq=0.33 ngram=0.06; size=551/444; calls=7/8; const=0.00
0x004e7936,0x00451ccb,0.3768,0.3280,no-twin; contested-by=0x004cd20e; not-mutual; seq=0.38 ngram=0.11; size=276/372; calls=12/7; str=0.00; const=0.16
0x0050dc30,0x004386c1,0.3768,0.3542,no-twin; contested-by=0x004963e7; not-mutual; seq=0.34 ngram=0.00; size=176/176; calls=3/4; api=0.00; str=0.00; const=0.00
0x0040f514,0x00492872,0.3768,0.3680,no-twin; close=0x004d7782/0x00448897/0x004eeea0; contested-by=0x0040659f; not-mutual; seq=0.43 ngram=0.11; size=290/223; calls=7/3; str=0.00; const=0.18
0x0040a725,0x004196df,0.3761,0.3635,no-twin; close=0x004614c6; contested-by=0x0046695e; not-mutual; seq=0.27 ngram=0.00; size=350/349; calls=5/6; str=0.00; const=0.04
0x0040c550,0x00439659,0.3759,0.3671,no-twin; close=0x0046074f/0x004e24f0; contested-by=0x00409f99; not-mutual; seq=0.22 ngram=0.01; size=137/145; calls=1/1; const=0.00
0x0040c5d9,0x00439659,0.3759,0.3671,no-twin; close=0x0046074f/0x0048d320/0x004e24f0; contested-by=0x00409f99; not-mutual; seq=0.22 ngram=0.01; size=137/145; calls=1/1; const=0.00
0x0050f610,0x004d6362,0.3755,0.3594,no-twin; close=0x00421a54; contested-by=0x00450711; not-mutual; seq=0.39 ngram=0.02; size=304/302; calls=7/0; api=0.00; const=0.00
0x0050a0fd,0x00433caa,0.3754,0.3530,no-twin; contested-by=0x0048e122; not-mutual; seq=0.40 ngram=0.03; size=126/155; calls=5/8; str=0.00; const=0.00
0x0040f78d,0x0049b309,0.3748,0.3182,no-twin; contested-by=0x0040d949; not-mutual; seq=0.31 ngram=0.06; size=554/895; calls=0/0; const=0.13
0x004e93df,0x00473a32,0.3732,0.3633,no-twin; close=0x0042ed60; contested-by=0x004c4c84; not-mutual; seq=0.09 ngram=0.05; size=4945/4945; calls=52/46; graph=0.50; const=0.12
0x0040f6e9,0x0041a30b,0.3723,0.3373,no-twin; contested-by=0x0046758c; not-mutual; seq=0.32 ngram=0.08; size=164/546; calls=1/8; graph=1.00; const=0.00
0x0040b143,0x0047eecc,0.3706,0.3538,no-twin; close=0x004d7946/0x004628db; contested-by=0x0047b73d; not-mutual; seq=0.26 ngram=0.03; size=389/325; calls=5/5; const=0.14
0x00513a70,0x004bb037,0.3685,0.3564,no-twin; close=0x00471395/0x00426587; contested-by=0x0044d58f; not-mutual; seq=0.38 ngram=0.00; size=140/139; calls=5/0; api=0.00; const=0.00
0x004a610e,0x004aee02,0.3666,0.3481,no-twin; close=0x004e7260; contested-by=0x0041d019; not-mutual; seq=0.30 ngram=0.02; size=397/402; calls=8/3; const=0.09
0x0041fffc,0x004215c2,0.3647,0.3580,no-twin; close=0x00434660; contested-by=0x0049d843; not-mutual; seq=0.23 ngram=0.06; size=595/576; calls=20/9; const=0.23
0x0040aaf1,0x00471cf1,0.3621,0.3533,no-twin; close=0x00460999/0x004b1bba; contested-by=0x004f4eb3; not-mutual; seq=0.28 ngram=0.00; size=264/261; calls=9/9; api=0.00; const=0.06
0x004509e8,0x004d6639,0.3618,0.2489,no-twin; mutual; seq=0.44 ngram=0.22; size=2212/797; calls=46/12; graph=0.33; api=1.00; str=0.14; const=0.11
0x0040abf9,0x00471cf1,0.3615,0.3492,no-twin; close=0x0048b4c5; contested-by=0x004f4eb3; not-mutual; seq=0.29 ngram=0.00; size=260/261; calls=9/9; api=0.00; const=0.00
0x004a486f,0x0040d5a8,0.3612,0.3587,no-twin; close=0x004137a7; contested-by=0x0045a825; not-mutual; seq=0.25 ngram=0.01; size=472/478; calls=8/9; str=0.00; const=0.02
0x0050edf0,0x0044c73c,0.3610,0.3102,no-twin; contested-by=0x004a6018; not-mutual; seq=0.43 ngram=0.08; size=253/240; calls=8/7; graph=0.00; str=0.00; const=0.00
0x004ec055,0x00406ef0,0.3608,0.3378,no-twin; contested-by=0x004fc89e; not-mutual; seq=0.26 ngram=0.04; size=680/712; calls=22/13; graph=0.50; str=0.00; const=0.11
0x0050f760,0x004e0f10,0.3585,0.3300,no-twin; contested-by=0x0044d58f; not-mutual; seq=0.35 ngram=0.03; size=187/181; calls=5/0; api=0.00; const=0.00
0x0041e8b8,0x00418380,0.3575,0.3298,no-twin; contested-by=0x00465602; not-mutual; seq=0.22 ngram=0.02; size=981/981; calls=10/9; const=0.08
0x004ebfef,0x0042b213,0.3573,0.3138,no-twin; contested-by=0x005064e9; not-mutual; seq=0.51 ngram=0.05; size=102/139; calls=3/2; graph=0.00; const=0.18
0x005138b0,0x004386c1,0.3571,0.3514,no-twin; close=0x004e3c60; contested-by=0x004963e7; not-mutual; seq=0.41 ngram=0.04; size=121/176; calls=2/4; api=0.20; str=0.00; const=0.00
0x004ec6ea,0x0049e6f9,0.3571,0.3524,no-twin; close=0x004354bb; contested-by=0x004a4760; not-mutual; seq=0.35 ngram=0.02; size=271/270; calls=1/1; graph=0.00; const=0.00
0x0047c360,0x0047a7f5,0.3541,0.3220,no-twin; contested-by=0x00453025; not-mutual; seq=0.19 ngram=0.01; size=716/716; calls=8/12; const=0.00
0x0041e682,0x0040a4d6,0.3528,0.3519,no-twin; close=0x00461d0d/0x0040a70a/0x00472317/0x00466d59; contested-by=0x00457747; not-mutual; seq=0.32 ngram=0.03; size=566/564; calls=10/1; const=0.19
0x00510360,0x0045ead4,0.3514,0.3429,no-twin; close=0x0045d774; contested-by=0x004dd33b; not-mutual; seq=0.21 ngram=0.01; size=752/753; calls=3/2; const=0.11
0x0050d4e0,0x0047097b,0.3514,0.3485,no-twin; close=0x00437681/0x0049a93a/0x004e1960/0x0040b9fe; contested-by=0x004f3b2c; not-mutual; seq=0.33 ngram=0.02; size=63/51; calls=1/2; api=0.00; const=0.00
0x0044e2e7,0x004215c2,0.3510,0.3103,no-twin; contested-by=0x0049d843; not-mutual; seq=0.35 ngram=0.04; size=577/576; calls=9/9; graph=0.00; const=0.09
0x004f2400,0x0047f4b0,0.3510,0.3376,no-twin; close=0x0042ae2a/0x0045c613/0x00413dc5; contested-by=0x0044e528; not-mutual; seq=0.15 ngram=0.26; size=431/567; calls=4/7; const=0.35
0x004c0efe,0x0042b6b0,0.3508,0.3376,no-twin; close=0x00473a32; contested-by=0x004ba890; not-mutual; seq=0.10 ngram=0.07; size=4369/4254; calls=54/64; graph=0.50; str=0.00; const=0.22
0x005101e0,0x004117e6,0.3506,0.3447,no-twin; close=0x004c2ca0/0x0047283d/0x0042440b/0x004ca742; contested-by=0x0045ea5b; not-mutual; seq=0.24 ngram=0.02; size=384/387; calls=2/4; const=0.08
0x0050a8ae,0x0040800f,0.3498,0.3394,no-twin; close=0x00438d5e/0x00479e13/0x004d8bee; contested-by=0x004fd9c0; not-mutual; seq=0.48 ngram=0.05; size=273/274; calls=4/1; graph=0.00; const=0.32
0x00501671,0x00442839,0.3497,0.3129,no-twin; contested-by=0x004b137d; not-mutual; seq=0.38 ngram=0.02; size=136/137; calls=5/5; graph=0.00; api=0.00; const=0.00
0x005119e0,0x00448b6f,0.3493,0.3408,no-twin; close=0x0042c815/0x004804eb/0x00472b60; contested-by=0x004b76a6; not-mutual; seq=0.27 ngram=0.03; size=425/423; calls=4/5; api=0.00; const=0.14
0x00508c3e,0x00467cce,0.3475,0.3369,no-twin; close=0x004bb0c2; contested-by=0x004e654a; not-mutual; seq=0.37 ngram=0.01; size=153/151; calls=3/1; str=0.00; const=0.00
0x0050a2e0,0x0044c73c,0.3471,0.3408,no-twin; close=0x0048a1c7/0x0043fd5b; contested-by=0x004a6018; not-mutual; seq=0.24 ngram=0.03; size=241/240; calls=12/7; str=0.00; const=0.00
0x0050a73e,0x00451ccb,0.3464,0.3060,no-twin; contested-by=0x004cd20e; not-mutual; seq=0.39 ngram=0.09; size=331/372; calls=11/7; graph=0.00; str=0.00; const=0.18
0x004ec572,0x00433c39,0.3463,0.3309,no-twin; close=0x0044ca03/0x004dfd70; contested-by=0x0048e0a1; not-mutual; seq=0.47 ngram=0.01; size=76/77; calls=2/1; graph=0.00; const=0.00
0x0050b5be,0x004479d5,0.3457,0.3352,no-twin; close=0x004354bb; contested-by=0x004b650c; not-mutual; seq=0.25 ngram=0.01; size=161/161; calls=7/3; api=0.00; const=0.00
0x0048f0ae,0x00411fe0,0.3435,0.3416,no-twin; close=0x004a4251/0x004d8477/0x004ec3b0/0x00435343; contested-by=0x0045f258; not-mutual; seq=0.16 ngram=0.02; size=374/371; calls=5/4; const=0.09
0x00484c45,0x0049e807,0.3433,0.3322,no-twin; close=0x00446d17/0x0048b4c5/0x00451ccb; mutual; seq=0.34 ngram=0.01; size=263/282; calls=9/8; api=0.00; str=0.00; const=0.08
0x0048e306,0x004b2bd0,0.3426,0.3333,no-twin; close=0x0040abf8; contested-by=0x004efd50; not-mutual; seq=0.10 ngram=0.04; size=1882/1932; calls=15/16; graph=0.50; str=0.00; const=0.09
0x00407e40,0x004718de,0.3419,0.3221,no-twin; close=0x00434660; contested-by=0x004f4a92; not-mutual; seq=0.24 ngram=0.03; size=585/584; calls=13/10; api=0.00; const=0.06
0x004909d3,0x00472731,0.3411,0.3272,no-twin; close=0x0049ad55/0x004543b6; contested-by=0x004f58eb; not-mutual; seq=0.45 ngram=0.03; size=271/268; calls=9/9; graph=0.00; api=0.00; str=0.00; const=0.00
0x004981b5,0x004bc5ee,0.3409,0.3298,no-twin; close=0x004aab64/0x004ab3b4; contested-by=0x004297ed; not-mutual; seq=0.16 ngram=0.05; size=1904/1675; calls=34/19; graph=0.50; str=0.00; const=0.18
0x0044d680,0x00406ef0,0.3392,0.3378,no-twin; close=0x004e9930; contested-by=0x004fc89e; not-mutual; seq=0.23 ngram=0.04; size=869/712; calls=12/13; str=0.00; const=0.16
0x00491d8f,0x004252e0,0.3391,0.2799,no-twin; contested-by=0x004a155f; not-mutual; seq=0.13 ngram=0.05; size=1320/1533; calls=35/32; graph=0.50; str=0.00; const=0.10
0x0050f390,0x00421a54,0.3367,0.2983,no-twin; contested-by=0x0049dcd5; not-mutual; seq=0.40 ngram=0.06; size=172/213; calls=4/3; graph=0.00; api=0.17; const=0.00
0x004ec5be,0x004b289b,0.3366,0.3293,no-twin; close=0x00433caa; contested-by=0x004efa20; not-mutual; seq=0.41 ngram=0.01; size=156/154; calls=4/4; graph=0.00; api=0.00; const=0.00
0x0044da25,0x0040abf8,0.3357,0.2899,no-twin; contested-by=0x00457e67; not-mutual; seq=0.15 ngram=0.06; size=1876/1839; calls=13/12; graph=0.33; str=0.00; const=0.10
0x0048b950,0x004d85eb,0.3354,0.3245,no-twin; close=0x004dcb60/0x006c5392; contested-by=0x0040a5de; not-mutual; seq=0.37 ngram=0.13; size=579/280; calls=1/4; const=0.39
0x004ea7a6,0x0041dd17,0.3334,0.3279,no-twin; close=0x00455740; contested-by=0x00405277; not-mutual; seq=0.09 ngram=0.00; size=248/249; calls=0/0; const=0.03
0x00422b04,0x004671bd,0.3330,0.3258,no-twin; close=0x0042ce51/0x0047b7ab/0x0040ba3d; contested-by=0x004e5a39; not-mutual; seq=0.17 ngram=0.02; size=1026/1026; calls=23/8; const=0.06
0x0048ac2f,0x0042200f,0.3322,0.2740,no-twin; contested-by=0x0049e291; not-mutual; seq=0.24 ngram=0.00; size=684/682; calls=1/3; api=0.00; const=0.00
0x00511120,0x0048ebb3,0.3315,0.3297,no-twin; close=0x004ead80; contested-by=0x00476510; not-mutual; seq=0.10 ngram=0.00; size=364/357; calls=0/0; const=0.02
0x004e7a6f,0x0045ead4,0.3305,0.3265,no-twin; close=0x0047f918/0x004c44d3; contested-by=0x004dd33b; not-mutual; seq=0.19 ngram=0.01; size=756/753; calls=12/2; const=0.06
0x00511b90,0x004da400,0.3301,0.3258,no-twin; close=0x0040fdb5/0x00468383/0x00414e41/0x004d7510; mutual; seq=0.24 ngram=0.05; size=461/456; calls=4/3; api=0.00; const=0.00
0x004ec32f,0x00472731,0.3291,0.2889,no-twin; contested-by=0x004f58eb; not-mutual; seq=0.33 ngram=0.00; size=266/268; calls=15/9; api=0.00; str=0.00; const=0.00
0x005115a0,0x00457b9e,0.3286,0.3038,no-twin; contested-by=0x004d6400; not-mutual; seq=0.13 ngram=0.01; size=784/773; calls=6/4; const=0.03
0x004eabb2,0x00451ccb,0.3282,0.2887,no-twin; contested-by=0x004cd20e; not-mutual; seq=0.34 ngram=0.10; size=340/372; calls=12/7; graph=0.00; str=0.00; const=0.15
0x00484ecd,0x0048c907,0.3269,0.3067,no-twin; contested-by=0x00474266; not-mutual; seq=0.41 ngram=0.03; size=292/291; calls=1/4; graph=0.00; const=0.29
0x004853c2,0x00492872,0.3269,0.3249,no-twin; close=0x004099bb/0x0043faee/0x00432c99/0x004eb9c0; contested-by=0x0040659f; not-mutual; seq=0.35 ngram=0.02; size=226/223; calls=5/3; graph=0.00; str=0.00; const=0.06
0x004c06df,0x004c3513,0.3251,0.2979,no-twin; contested-by=0x0043070c; not-mutual; seq=0.22 ngram=0.04; size=2074/2036; calls=21/12; str=0.00; const=0.08
0x0050f440,0x004428d2,0.3243,0.2861,no-twin; contested-by=0x004b1416; not-mutual; seq=0.18 ngram=0.02; size=458/452; calls=8/1; api=0.00; const=0.40
0x004eb824,0x0040e560,0.3223,0.2158,no-twin; contested-by=0x0045b7d9; not-mutual; seq=0.18 ngram=0.03; size=1208/1202; calls=41/12; graph=0.50; str=0.00; const=0.06
0x004ebeeb,0x00451ccb,0.3210,0.2535,no-twin; contested-by=0x004cd20e; not-mutual; seq=0.42 ngram=0.12; size=231/372; calls=9/7; graph=0.00; str=0.00; const=0.23
0x00509fd4,0x00433caa,0.3208,0.3205,no-twin; close=0x0048d320/0x00439659; contested-by=0x0048e122; not-mutual; seq=0.39 ngram=0.03; size=145/155; calls=5/8; graph=0.00; str=0.00; const=0.00
0x00407843,0x00434660,0.3207,0.2855,no-twin; contested-by=0x00424500; not-mutual; seq=0.36 ngram=0.08; size=753/589; calls=17/16; graph=0.00; const=0.00
0x005112b0,0x004e5f40,0.3204,0.3201,no-twin; close=0x004caf31/0x0047bed2/0x004c44d3/0x004652d9; contested-by=0x00510360; not-mutual; seq=0.17 ngram=0.03; size=747/744; calls=7/6; api=0.00; const=0.15
0x004ec98e,0x00463fcd,0.3196,0.2909,no-twin; contested-by=0x004e2841; not-mutual; seq=0.19 ngram=0.03; size=841/856; calls=16/10; api=0.00; str=0.00; const=0.05
0x0050f1e0,0x00461c4b,0.3196,0.3021,no-twin; close=0x004e10d0/0x004e8a90; contested-by=0x004e04be; not-mutual; seq=0.23 ngram=0.01; size=197/194; calls=2/2; api=0.00; const=0.13
0x0044e864,0x0047eecc,0.3192,0.2832,no-twin; contested-by=0x0047b73d; not-mutual; seq=0.27 ngram=0.01; size=328/325; calls=8/5; graph=0.00; const=0.16
0x0046c8b0,0x0049793e,0.3186,0.2946,no-twin; contested-by=0x00481586; not-mutual; seq=0.14 ngram=0.02; size=2686/2707; calls=65/58; api=0.00; str=0.00; const=0.29
0x0050cef0,0x0042297a,0.3179,0.2983,no-twin; close=0x004d7fb8; contested-by=0x0049ebf6; not-mutual; seq=0.20 ngram=0.00; size=440/435; calls=12/9; api=0.00; const=0.24
0x004244a0,0x004de970,0.3163,0.2938,no-twin; contested-by=0x0040a422; not-mutual; seq=0.47 ngram=0.07; size=81/38; calls=3/3; graph=0.00; str=0.00; const=0.00
0x0041f3ea,0x0046da4a,0.3156,0.2905,no-twin; contested-by=0x00447b57; not-mutual; seq=0.15 ngram=0.05; size=2675/2677; calls=11/12; api=0.00; const=0.10
0x0050b1a0,0x004933ec,0.3156,0.3119,no-twin; close=0x004e1de0/0x00433caa; contested-by=0x0040741b; not-mutual; seq=0.37 ngram=0.06; size=102/122; calls=5/5; graph=0.00; str=0.00; const=0.00
0x0041edd4,0x004e9c90,0.3154,0.3120,no-twin; close=0x004cb79c; mutual; seq=0.13 ngram=0.01; size=855/859; calls=2/6; const=0.07
0x0050fe90,0x00415450,0.3151,0.3116,no-twin; close=0x004dd990/0x004eb5f0; contested-by=0x004626d2; not-mutual; seq=0.12 ngram=0.01; size=841/824; calls=7/5; const=0.05
0x004e7f51,0x004d4e3e,0.3146,0.2554,no-twin; contested-by=0x0044f1de; not-mutual; seq=0.16 ngram=0.08; size=5122/5412; calls=124/73; graph=0.40; api=0.00; str=0.00; const=0.23
0x00510650,0x004e2580,0.3146,0.3135,no-twin; close=0x0048e405/0x004dd990; mutual; seq=0.09 ngram=0.04; size=1181/1207; calls=2/3; api=0.00; const=0.27
0x00490d7b,0x0042b6b0,0.3138,0.2855,no-twin; contested-by=0x004ba890; not-mutual; seq=0.12 ngram=0.05; size=4071/4254; calls=88/64; str=0.00; const=0.12
0x004a5e4c,0x00432ac7,0.3128,0.3111,no-twin; close=0x0049e807/0x004328ba; contested-by=0x0048c970; not-mutual; seq=0.37 ngram=0.05; size=304/286; calls=11/9; graph=0.00; str=0.00; const=0.00
0x00514080,0x00426c5c,0.3125,0.3125,no-twin; close=0x0043d858/0x0043d863/0x00445797/0x00490228; contested-by=0x0040fcf2; not-mutual; seq=0.00 ngram=0.00; size=11/11; calls=0/0
0x0048c070,0x00476b29,0.3122,0.2457,no-twin; contested-by=0x004c7d69; not-mutual; seq=0.09 ngram=0.06; size=1619/2276; calls=0/0; const=0.29
0x0044ef70,0x00401eb9,0.3120,0.2831,no-twin; contested-by=0x004f7869; not-mutual; seq=0.42 ngram=0.06; size=607/529; calls=19/10; graph=0.00; api=0.00; str=0.00; const=0.12
0x0040683a,0x004804eb,0.3116,0.3102,no-twin; close=0x004718de; contested-by=0x004f2d30; not-mutual; seq=0.36 ngram=0.05; size=583/420; calls=8/8; graph=0.00; api=0.00; const=0.14
0x004854a4,0x00432ac7,0.3102,0.3014,no-twin; close=0x004196df/0x0043d870/0x00492693; contested-by=0x0048c970; not-mutual; seq=0.32 ngram=0.03; size=353/286; calls=9/9; graph=0.00; str=0.00; const=0.04
0x00498a18,0x00488662,0.3096,0.2983,no-twin; close=0x0046af37/0x0045283a; contested-by=0x0046ff50; not-mutual; seq=0.10 ngram=0.05; size=3133/2992; calls=54/43; graph=0.40; str=0.00; const=0.30
0x0048a6ef,0x00436293,0.3090,0.3046,no-twin; close=0x0042233a/0x004ed170/0x0047deff/0x004bb61e; contested-by=0x004950b0; not-mutual; seq=0.13 ngram=0.04; size=1344/1345; calls=13/6; const=0.30
0x0050fcc0,0x0044c3f7,0.3087,0.2881,no-twin; contested-by=0x00512c00; not-mutual; seq=0.41 ngram=0.06; size=141/131; calls=7/3; graph=0.00; str=0.00; const=0.00
0x0050fd50,0x004933ec,0.3087,0.2953,no-twin; close=0x0044c3f7; contested-by=0x0040741b; not-mutual; seq=0.38 ngram=0.06; size=149/122; calls=7/5; graph=0.00; str=0.00; const=0.00
0x00509517,0x00488662,0.3080,0.2735,no-twin; contested-by=0x0046ff50; not-mutual; seq=0.11 ngram=0.05; size=2749/2992; calls=73/43; graph=0.40; str=0.00; const=0.15
0x00479ff9,0x004dc1c0,0.3073,0.3071,no-twin; close=0x00406ef0/0x00451ccb/0x0041a30b/0x004014e0; mutual; seq=0.07 ngram=0.01; size=707/704; calls=10/12; str=0.00; const=0.20
0x0040b4e8,0x0049b7f0,0.3063,0.2928,no-twin; close=0x00489247; mutual; seq=0.26 ngram=0.04; size=771/675; calls=26/17; api=0.00; str=0.00; const=0.15
0x0049716e,0x0042b6b0,0.3053,0.2954,no-twin; close=0x0042ed60; contested-by=0x004ba890; not-mutual; seq=0.13 ngram=0.09; size=4152/4254; calls=121/64; graph=0.25; str=0.00; const=0.19
0x0050eef0,0x0043d1d0,0.3044,0.2954,no-twin; close=0x004c0929/0x004dea30/0x0047a090/0x0047bba3; contested-by=0x004232f0; not-mutual; seq=0.15 ngram=0.04; size=497/559; calls=13/10; api=0.00; const=0.07
0x0044b460,0x00437710,0.3038,0.2733,no-twin; contested-by=0x00495430; not-mutual; seq=0.11 ngram=0.04; size=985/1013; calls=46/44; api=0.00; str=0.00; const=0.04
0x00513200,0x0048e8f2,0.3035,0.2916,no-twin; close=0x004d8cfe/0x004de240/0x00457fdc; contested-by=0x0047624f; not-mutual; seq=0.18 ngram=0.03; size=664/495; calls=2/1; const=0.05
0x0048a3cc,0x004a60aa,0.3031,0.2938,no-twin; close=0x004535af/0x004e3930/0x0042474a; contested-by=0x00414270; not-mutual; seq=0.10 ngram=0.03; size=803/814; calls=11/7; const=0.03
0x00511e20,0x004e9c90,0.3029,0.2949,no-twin; close=0x0043b471/0x004794d4; contested-by=0x0041edd4; not-mutual; seq=0.12 ngram=0.00; size=846/859; calls=6/6; api=0.00; const=0.11
0x00507c86,0x0042b6b0,0.3005,0.2723,no-twin; contested-by=0x004ba890; not-mutual; seq=0.07 ngram=0.10; size=4024/4254; calls=64/64; graph=0.22; str=0.00; const=0.20
0x00512c9d,0x004ed170,0.2990,0.2942,no-twin; close=0x004dd2e0/0x004c10d9/0x00443063/0x00436293; mutual; seq=0.18 ngram=0.02; size=1364/1335; calls=30/12; str=0.00; const=0.10
0x0047be64,0x0044c1e0,0.2989,0.2825,no-twin; close=0x004e86e0; contested-by=0x00512230; not-mutual; seq=0.36 ngram=0.01; size=540/535; calls=18/15; graph=0.00; api=0.00; str=0.00; const=0.00
0x00407b34,0x004258dd,0.2976,0.2700,no-twin; contested-by=0x004a1b64; not-mutual; seq=0.36 ngram=0.05; size=776/682; calls=25/10; graph=0.00; str=0.00; const=0.03
0x0050a9bf,0x00479c07,0.2962,0.2846,no-twin; close=0x0046cc45/0x004be3f6/0x00410669; contested-by=0x004cae47; not-mutual; seq=0.45 ngram=0.24; size=1228/524; calls=9/2; graph=0.00; const=0.29
0x004c24b3,0x00473a32,0.2956,0.2905,no-twin; close=0x0042b6b0/0x0041a6c6; contested-by=0x004c4c84; not-mutual; seq=0.11 ngram=0.06; size=5604/4945; calls=130/46; graph=0.50; str=0.00; const=0.14
0x0047b208,0x00437710,0.2951,0.2718,no-twin; contested-by=0x00495430; not-mutual; seq=0.13 ngram=0.05; size=1033/1013; calls=29/44; api=0.00; str=0.00; const=0.02
0x0042038c,0x00435e6e,0.2951,0.2895,no-twin; close=0x00491ef3/0x004bf853/0x0041410e/0x004d1597; mutual; seq=0.08 ngram=0.04; size=1052/1061; calls=17/5; const=0.35
0x00485040,0x00418755,0.2941,0.2941,no-twin; close=0x004be8ae/0x004be8ee/0x0040b9fe/0x004e69b0; contested-by=0x004659d9; not-mutual; seq=0.00 ngram=0.00; size=64/64; calls=0/0; const=0.00
0x0050e8b0,0x006c5245,0.2937,0.2313,no-twin; contested-by=0x0070d245; not-mutual; seq=0.15 ngram=0.04; size=735/112; calls=6/0; graph=1.00; api=0.00; str=0.00; const=0.07
0x0046ed22,0x00488150,0.2915,0.2806,no-twin; close=0x004178f0; contested-by=0x0046fa40; not-mutual; seq=0.25 ngram=0.05; size=1104/1096; calls=18/13; graph=0.00; str=0.00; const=0.01
0x004a2ef0,0x004d4e3e,0.2903,0.2503,no-twin; contested-by=0x0044f1de; not-mutual; seq=0.10 ngram=0.07; size=4766/5412; calls=123/73; graph=0.40; api=0.00; str=0.00; const=0.33
0x0050d370,0x004cdd9b,0.2899,0.2811,no-twin; close=0x004de780/0x004eec70; contested-by=0x0043af93; not-mutual; seq=0.39 ngram=0.03; size=227/212; calls=11/3; graph=0.00; api=0.00; str=0.00; const=0.08
0x0050f820,0x004baa8b,0.2871,0.2650,no-twin; contested-by=0x0044cfe4; not-mutual; seq=0.21 ngram=0.04; size=978/823; calls=21/17; api=0.00; const=0.25
0x00489748,0x004d4e3e,0.2863,0.2563,no-twin; contested-by=0x0044f1de; not-mutual; seq=0.08 ngram=0.08; size=1359/5412; calls=20/73; graph=1.00; api=0.00; str=0.00; const=0.07
0x0050d2a0,0x004e7bf0,0.2855,0.2778,no-twin; close=0x00426587/0x00421990/0x0041a52d; contested-by=0x00483590; not-mutual; seq=0.31 ngram=0.03; size=200/204; calls=11/5; graph=0.00; api=0.00; str=0.00; const=0.20
0x0050d0b0,0x0043d1d0,0.2838,0.2314,no-twin; contested-by=0x004232f0; not-mutual; seq=0.20 ngram=0.13; size=483/559; calls=14/10; graph=0.00; api=0.20; str=0.00; const=0.34
0x004230bd,0x004eae70,0.2832,0.2716,no-twin; close=0x00419aab/0x0040753d; mutual; seq=0.30 ngram=0.03; size=560/616; calls=19/12; graph=0.00; str=0.00; const=0.26
0x004eccd7,0x0042cbbb,0.2825,0.2758,no-twin; close=0x0048ad82/0x00401eb9; contested-by=0x004bbd93; not-mutual; seq=0.37 ngram=0.02; size=509/507; calls=18/4; graph=0.00; str=0.00; const=0.26
0x0047b899,0x00487ce1,0.2816,0.2644,no-twin; close=0x0049198a; contested-by=0x0046f5d1; not-mutual; seq=0.13 ngram=0.03; size=1112/1130; calls=35/25; api=0.00; str=0.00; const=0.08
0x0040a4fc,0x00433caa,0.2805,0.2679,no-twin; close=0x004e1de0/0x0047f6e7/0x004707a4/0x004b93c4; contested-by=0x0048e122; not-mutual; seq=0.30 ngram=0.03; size=106/155; calls=7/8; graph=0.00; api=0.00; str=0.00; const=0.29
0x0048369c,0x0042ed60,0.2800,0.2719,no-twin; close=0x004d4e3e/0x0046b7a0/0x0042b6b0; contested-by=0x004a99a0; not-mutual; seq=0.09 ngram=0.05; size=3951/3718; calls=67/17; graph=0.33; str=0.00; const=0.38
0x0047abf1,0x004d9dd0,0.2786,0.2703,no-twin; close=0x00437710/0x00401900; mutual; seq=0.05 ngram=0.03; size=945/951; calls=34/38; api=0.00; str=0.00; const=0.06
0x0040fcfd,0x0042b6b0,0.2758,0.2630,no-twin; close=0x0046b7a0; contested-by=0x004ba890; not-mutual; seq=0.08 ngram=0.07; size=3913/4254; calls=149/64; graph=0.25; str=0.00; const=0.20
0x0040de30,0x00488662,0.2758,0.2664,no-twin; close=0x0046af37; contested-by=0x0046ff50; not-mutual; seq=0.13 ngram=0.08; size=3070/2992; calls=99/43; graph=0.11; str=0.00; const=0.18
0x004eb2f9,0x004bc037,0.2753,0.2651,no-twin; close=0x0040c560/0x00492bd9; contested-by=0x00429237; not-mutual; seq=0.10 ngram=0.05; size=1302/1463; calls=24/10; graph=0.40; str=0.00; const=0.09
0x005013be,0x00423651,0.2744,0.2695,no-twin; close=0x00438771/0x00433ed2; contested-by=0x0049f8cd; not-mutual; seq=0.25 ngram=0.01; size=652/662; calls=15/20; graph=0.00; api=0.00; str=0.00; const=0.12
0x004a5722,0x004aab64,0.2728,0.2656,no-twin; close=0x004d4e3e/0x0040abf8/0x00488662; contested-by=0x00418d2a; not-mutual; seq=0.16 ngram=0.05; size=1834/1904; calls=47/24; graph=0.17; str=0.00; const=0.07
0x004bf23a,0x0042fea9,0.2725,0.2611,no-twin; close=0x0043d1d0/0x004521e2; contested-by=0x004aaaea; not-mutual; seq=0.02 ngram=0.00; size=633/631; calls=31/25; const=0.00
0x00489188,0x004d3488,0.2720,0.2652,no-twin; close=0x00437710/0x00448d60; contested-by=0x0044068c; not-mutual; seq=0.12 ngram=0.04; size=1192/1213; calls=51/12; str=0.00; const=0.05
0x004a41fd,0x0047deff,0.2710,0.2678,no-twin; close=0x00436293/0x004ae01a/0x004bb61e; contested-by=0x0045672f; not-mutual; seq=0.26 ngram=0.04; size=1379/1366; calls=4/13; graph=0.00; str=0.00; const=0.06
0x004eade5,0x004bc037,0.2709,0.2612,no-twin; close=0x00406ef0/0x00492bd9; contested-by=0x00429237; not-mutual; seq=0.09 ngram=0.05; size=1279/1463; calls=23/10; graph=0.40; str=0.00; const=0.09
0x004f1ec0,0x00426b51,0.2677,0.2656,no-twin; close=0x0047eecc/0x0047f011; contested-by=0x004a2dce; not-mutual; seq=0.23 ngram=0.07; size=11/267; calls=3/3; const=0.56
0x00484738,0x0042abcf,0.2644,0.2600,no-twin; close=0x004769a5/0x004c2ca0/0x004117e6; contested-by=0x00505ea7; not-mutual; seq=0.28 ngram=0.01; size=386/386; calls=18/10; graph=0.00; str=0.00; const=0.03
0x0050e040,0x004718de,0.2626,0.2483,no-twin; close=0x00466b12/0x004dcb60; contested-by=0x004f4a92; not-mutual; seq=0.20 ngram=0.02; size=582/584; calls=9/10; graph=0.00; api=0.00; const=0.04
0x004c3c5c,0x004d4e3e,0.2622,0.2374,no-twin; contested-by=0x0044f1de; not-mutual; seq=0.04 ngram=0.03; size=1459/5412; calls=31/73; graph=1.00; api=0.00; str=0.00; const=0.11
0x004bf4b3,0x00422b2d,0.2604,0.2498,no-twin; close=0x00499d09/0x004b6fea; contested-by=0x0049eda9; not-mutual; seq=0.14 ngram=0.03; size=2929/2852; calls=106/71; graph=0.00; str=0.00; const=0.19
0x0040eeb4,0x00487ce1,0.2577,0.2527,no-twin; close=0x00478e99/0x00459918/0x004bc037; contested-by=0x0046f5d1; not-mutual; seq=0.17 ngram=0.07; size=1632/1130; calls=35/25; graph=0.22; api=0.00; str=0.00; const=0.09
0x00506580,0x004d4e3e,0.2540,0.2421,no-twin; close=0x0042b6b0; contested-by=0x0044f1de; not-mutual; seq=0.13 ngram=0.09; size=5505/5412; calls=171/73; graph=0.11; api=0.00; str=0.00; const=0.28
0x0040eb5a,0x004252e0,0.2534,0.2296,no-twin; contested-by=0x004a155f; not-mutual; seq=0.15 ngram=0.05; size=835/1533; calls=27/32; graph=0.20; str=0.00; const=0.15
0x0050e2f0,0x00415057,0.2527,0.2525,no-twin; close=0x004ae985/0x0045da63/0x0047f918/0x004d2c89; contested-by=0x004622d9; not-mutual; seq=0.11 ngram=0.02; size=1021/1012; calls=6/7; graph=0.00; str=0.00; const=0.07
0x0050dce0,0x004e9c90,0.2525,0.2398,no-twin; close=0x00463fcd/0x0045edca; contested-by=0x0041edd4; not-mutual; seq=0.20 ngram=0.01; size=853/859; calls=8/6; graph=0.00; api=0.00; const=0.02
0x0040bcff,0x00487ce1,0.2480,0.2322,no-twin; close=0x004794d4/0x0046d497/0x0045b29a/0x0043d3ff; contested-by=0x0046f5d1; not-mutual; seq=0.12 ngram=0.02; size=1147/1130; calls=30/25; graph=0.00; api=0.00; str=0.00; const=0.05
0x004207a8,0x00488662,0.2472,0.2260,no-twin; contested-by=0x0046ff50; not-mutual; seq=0.15 ngram=0.05; size=2576/2992; calls=63/43; graph=0.00; str=0.00; const=0.10
0x004f0e47,0x004aab64,0.2420,0.2414,no-twin; close=0x00402fea/0x004ab3b4/0x004b2bd0/0x0040abf8; contested-by=0x00418d2a; not-mutual; seq=0.12 ngram=0.04; size=1899/1904; calls=37/24; graph=0.00; str=0.00; const=0.06
0x004be643,0x00488662,0.2418,0.2282,no-twin; close=0x00422b2d/0x00499d09; contested-by=0x0046ff50; not-mutual; seq=0.08 ngram=0.04; size=3048/2992; calls=68/43; graph=0.00; str=0.00; const=0.11
0x00500e80,0x0049b7f0,0.2335,0.2190,no-twin; close=0x00443063; contested-by=0x0040b4e8; not-mutual; seq=0.11 ngram=0.08; size=1337/675; calls=42/17; graph=0.33; api=0.27; str=0.10; const=0.11
0x00492ddf,0x00488662,0.2335,0.2259,no-twin; close=0x0043fe4c/0x004b6fea/0x00486e17/0x00422b2d; contested-by=0x0046ff50; not-mutual; seq=0.12 ngram=0.05; size=2808/2992; calls=97/43; graph=0.00; str=0.00; const=0.10
0x0047a2e6,0x004ac56d,0.2312,0.2248,no-twin; close=0x004bc037; contested-by=0x0041a782; not-mutual; seq=0.17 ngram=0.04; size=1633/1594; calls=30/9; graph=0.00; str=0.00; const=0.11
0x0048f523,0x0042b6b0,0.2307,0.2293,no-twin; close=0x0044cd6f/0x0041a6c6/0x0044a744/0x004d4e3e; contested-by=0x004ba890; not-mutual; seq=0.12 ngram=0.07; size=5156/4254; calls=109/64; graph=0.00; str=0.00; const=0.14
0x0046d333,0x0044cd6f,0.2305,0.2136,no-twin; close=0x004410df; contested-by=0x00424b1f; not-mutual; seq=0.09 ngram=0.02; size=4866/4970; calls=200/100; api=0.00; str=0.00; const=0.14
0x00508cd7,0x004111bc,0.2300,0.2226,no-twin; close=0x004bc5ee/0x0048974c/0x0040ff7e/0x00488662; contested-by=0x0045e430; not-mutual; seq=0.10 ngram=0.05; size=1671/1568; calls=54/22; graph=0.00; str=0.00; const=0.08
0x004856b0,0x00426c70,0.2231,0.2203,no-twin; close=0x00482299; contested-by=0x00501f50; not-mutual; seq=0.01 ngram=0.07; size=14542/15615; calls=441/227; graph=0.08; api=0.00; str=0.00; const=0.24
0x0049239e,0x0048974c,0.2114,0.2091,no-twin; close=0x00445f05/0x00444d18/0x004498e5; contested-by=0x0047103b; not-mutual; seq=0.11 ngram=0.04; size=2323/2353; calls=94/41; graph=0.00; api=0.00; str=0.00; const=0.12
0x004e73a0,0x00488662,0.2084,0.2016,no-twin; close=0x0042b6b0/0x0046d497/0x004dab50; contested-by=0x0046ff50; not-mutual; seq=0.11 ngram=0.06; size=1405/2992; calls=62/43; graph=0.25; api=0.00; str=0.00; const=0.14
0x0050ceb0,0x004eec20,0.1792,0.1761,no-twin; close=0x0047f7d3/0x004d95f0/0x004d95f6/0x004d910a; contested-by=0x00513fde; not-mutual; seq=0.04 ngram=0.00; size=5/6; calls=12/1; api=0.00; const=0.00
0x00512c90,0x0049f6ca,0.1493,0.1493,no-twin; close=0x0049f6f9/0x0049f704/0x0049f70f/0x0049f71a; mutual; seq=0.00 ngram=0.00; size=13/11; calls=30/0; const=0.00
