Address,SymbolName,SymbolType,IsGlobal,IsFunction
EXTERNAL:00000001,"LoadLibraryA",Function,false,true
EXTERNAL:00000002,"FreeLibrary",Function,false,true
EXTERNAL:00000003,"GetPrivateProfileIntA",Function,false,true
EXTERNAL:00000004,"GetPrivateProfileStringA",Function,false,true
EXTERNAL:00000005,"CreateFileMappingA",Function,false,true
EXTERNAL:00000006,"MapViewOfFile",Function,false,true
EXTERNAL:00000007,"UnmapViewOfFile",Function,false,true
EXTERNAL:00000008,"FindResourceA",Function,false,true
EXTERNAL:00000009,"LoadResource",Function,false,true
EXTERNAL:0000000a,"LockResource",Function,false,true
EXTERNAL:0000000b,"lstrlenA",Function,false,true
EXTERNAL:0000000c,"CreateFileA",Function,false,true
EXTERNAL:0000000d,"GetFileSize",Function,false,true
EXTERNAL:0000000e,"ReadFile",Function,false,true
EXTERNAL:0000000f,"CloseHandle",Function,false,true
EXTERNAL:00000010,"GlobalUnlock",Function,false,true
EXTERNAL:00000011,"GlobalFree",Function,false,true
EXTERNAL:00000012,"GlobalHandle",Function,false,true
EXTERNAL:00000013,"GetModuleFileNameA",Function,false,true
EXTERNAL:00000014,"GetVersion",Function,false,true
EXTERNAL:00000015,"OutputDebugStringA",Function,false,true
EXTERNAL:00000016,"EnterCriticalSection",Function,false,true
EXTERNAL:00000017,"GetDateFormatA",Function,false,true
EXTERNAL:00000018,"Sleep",Function,false,true
EXTERNAL:00000019,"LeaveCriticalSection",Function,false,true
EXTERNAL:0000001a,"DeleteCriticalSection",Function,false,true
EXTERNAL:0000001b,"GetProcAddress",Function,false,true
EXTERNAL:0000001c,"GetModuleHandleA",Function,false,true
EXTERNAL:0000001d,"InitializeCriticalSection",Function,false,true
EXTERNAL:0000001e,"GlobalAlloc",Function,false,true
EXTERNAL:0000001f,"GlobalLock",Function,false,true
EXTERNAL:00000020,"CreateWindowExA",Function,false,true
EXTERNAL:00000021,"InflateRect",Function,false,true
EXTERNAL:00000022,"SetWindowTextA",Function,false,true
EXTERNAL:00000023,"BeginPaint",Function,false,true
EXTERNAL:00000024,"SetRect",Function,false,true
EXTERNAL:00000025,"EndPaint",Function,false,true
EXTERNAL:00000026,"RemoveMenu",Function,false,true
EXTERNAL:00000027,"InsertMenuA",Function,false,true
EXTERNAL:00000028,"GetParent",Function,false,true
EXTERNAL:00000029,"CreatePopupMenu",Function,false,true
EXTERNAL:0000002a,"LockWindowUpdate",Function,false,true
EXTERNAL:0000002b,"InvalidateRect",Function,false,true
EXTERNAL:0000002c,"CheckMenuItem",Function,false,true
EXTERNAL:0000002d,"BringWindowToTop",Function,false,true
EXTERNAL:0000002e,"SetFocus",Function,false,true
EXTERNAL:0000002f,"DeleteMenu",Function,false,true
EXTERNAL:00000030,"CopyRect",Function,false,true
EXTERNAL:00000031,"GetFocus",Function,false,true
EXTERNAL:00000032,"DefWindowProcA",Function,false,true
EXTERNAL:00000033,"LoadIconA",Function,false,true
EXTERNAL:00000034,"LoadCursorA",Function,false,true
EXTERNAL:00000035,"RegisterClassA",Function,false,true
EXTERNAL:00000036,"GetDC",Function,false,true
EXTERNAL:00000037,"GetClientRect",Function,false,true
EXTERNAL:00000038,"FillRect",Function,false,true
EXTERNAL:00000039,"ReleaseDC",Function,false,true
EXTERNAL:0000003a,"GetSystemMetrics",Function,false,true
EXTERNAL:0000003b,"LoadAcceleratorsA",Function,false,true
EXTERNAL:0000003c,"ShowWindow",Function,false,true
EXTERNAL:0000003d,"SetTimer",Function,false,true
EXTERNAL:0000003e,"SetForegroundWindow",Function,false,true
EXTERNAL:0000003f,"GetMessageA",Function,false,true
EXTERNAL:00000040,"TranslateAcceleratorA",Function,false,true
EXTERNAL:00000041,"TranslateMessage",Function,false,true
EXTERNAL:00000042,"DispatchMessageA",Function,false,true
EXTERNAL:00000043,"GetSysColor",Function,false,true
EXTERNAL:00000044,"OffsetRect",Function,false,true
EXTERNAL:00000045,"GetTopWindow",Function,false,true
EXTERNAL:00000046,"PtInRect",Function,false,true
EXTERNAL:00000047,"GetWindow",Function,false,true
EXTERNAL:00000048,"SetWindowPos",Function,false,true
EXTERNAL:00000049,"GetDlgCtrlID",Function,false,true
EXTERNAL:0000004a,"DestroyWindow",Function,false,true
EXTERNAL:0000004b,"EndDialog",Function,false,true
EXTERNAL:0000004c,"MessageBoxA",Function,false,true
EXTERNAL:0000004d,"DialogBoxParamA",Function,false,true
EXTERNAL:0000004e,"GetWindowRect",Function,false,true
EXTERNAL:0000004f,"GetWindowTextA",Function,false,true
EXTERNAL:00000050,"GetDlgItem",Function,false,true
EXTERNAL:00000051,"EnableWindow",Function,false,true
EXTERNAL:00000052,"SendDlgItemMessageA",Function,false,true
EXTERNAL:00000053,"IsDlgButtonChecked",Function,false,true
EXTERNAL:00000054,"GetWindowWord",Function,false,true
EXTERNAL:00000055,"GetWindowLongA",Function,false,true
EXTERNAL:00000056,"ScreenToClient",Function,false,true
EXTERNAL:00000057,"SetWindowWord",Function,false,true
EXTERNAL:00000058,"PeekMessageA",Function,false,true
EXTERNAL:00000059,"GetDoubleClickTime",Function,false,true
EXTERNAL:0000005a,"SetWindowLongA",Function,false,true
EXTERNAL:0000005b,"KillTimer",Function,false,true
EXTERNAL:0000005c,"PostQuitMessage",Function,false,true
EXTERNAL:0000005d,"GetCursorPos",Function,false,true
EXTERNAL:0000005e,"MessageBeep",Function,false,true
EXTERNAL:0000005f,"WindowFromPoint",Function,false,true
EXTERNAL:00000060,"SetParent",Function,false,true
EXTERNAL:00000061,"wsprintfA",Function,false,true
EXTERNAL:00000062,"MoveWindow",Function,false,true
EXTERNAL:00000063,"SetScrollRange",Function,false,true
EXTERNAL:00000064,"FrameRect",Function,false,true
EXTERNAL:00000065,"UpdateWindow",Function,false,true
EXTERNAL:00000066,"GetScrollPos",Function,false,true
EXTERNAL:00000067,"GetScrollRange",Function,false,true
EXTERNAL:00000068,"GetWindowThreadProcessId",Function,false,true
EXTERNAL:00000069,"ScrollWindow",Function,false,true
EXTERNAL:0000006a,"SetScrollPos",Function,false,true
EXTERNAL:0000006b,"CallWindowProcA",Function,false,true
EXTERNAL:0000006c,"IsWindowVisible",Function,false,true
EXTERNAL:0000006d,"GetClassNameA",Function,false,true
EXTERNAL:0000006e,"SetCursor",Function,false,true
EXTERNAL:0000006f,"EnumChildWindows",Function,false,true
EXTERNAL:00000070,"DrawFocusRect",Function,false,true
EXTERNAL:00000071,"ClientToScreen",Function,false,true
EXTERNAL:00000072,"DrawTextA",Function,false,true
EXTERNAL:00000073,"GetDesktopWindow",Function,false,true
EXTERNAL:00000074,"PostMessageA",Function,false,true
EXTERNAL:00000075,"TrackPopupMenu",Function,false,true
EXTERNAL:00000076,"SendMessageA",Function,false,true
EXTERNAL:00000077,"AppendMenuA",Function,false,true
EXTERNAL:00000078,"MapWindowPoints",Function,false,true
EXTERNAL:00000079,"DestroyMenu",Function,false,true
EXTERNAL:0000007a,"DeleteDC",Function,false,true
EXTERNAL:0000007b,"DeleteObject",Function,false,true
EXTERNAL:0000007c,"RestoreDC",Function,false,true
EXTERNAL:0000007d,"SetBkColor",Function,false,true
EXTERNAL:0000007e,"Rectangle",Function,false,true
EXTERNAL:0000007f,"GetStockObject",Function,false,true
EXTERNAL:00000080,"SetDIBitsToDevice",Function,false,true
EXTERNAL:00000081,"StretchBlt",Function,false,true
EXTERNAL:00000082,"GetObjectA",Function,false,true
EXTERNAL:00000083,"SelectObject",Function,false,true
EXTERNAL:00000084,"CreateCompatibleDC",Function,false,true
EXTERNAL:00000085,"LineTo",Function,false,true
EXTERNAL:00000086,"MoveToEx",Function,false,true
EXTERNAL:00000087,"TextOutA",Function,false,true
EXTERNAL:00000088,"SetTextColor",Function,false,true
EXTERNAL:00000089,"SetBkMode",Function,false,true
EXTERNAL:0000008a,"SaveDC",Function,false,true
EXTERNAL:0000008b,"CreatePen",Function,false,true
EXTERNAL:0000008c,"GetTextExtentPointA",Function,false,true
EXTERNAL:0000008d,"BitBlt",Function,false,true
EXTERNAL:0000008e,"SetTextAlign",Function,false,true
EXTERNAL:0000008f,"SetViewportOrgEx",Function,false,true
EXTERNAL:00000090,"CreateRectRgn",Function,false,true
EXTERNAL:00000091,"SetRectRgn",Function,false,true
EXTERNAL:00000092,"SelectClipRgn",Function,false,true
EXTERNAL:00000093,"UnrealizeObject",Function,false,true
EXTERNAL:00000094,"CreateDCA",Function,false,true
EXTERNAL:00000095,"CreatePalette",Function,false,true
EXTERNAL:00000096,"SetPaletteEntries",Function,false,true
EXTERNAL:00000097,"GetPaletteEntries",Function,false,true
EXTERNAL:00000098,"SetDIBits",Function,false,true
EXTERNAL:00000099,"SetBitmapDimensionEx",Function,false,true
EXTERNAL:0000009a,"GdiFlush",Function,false,true
EXTERNAL:0000009b,"SetDIBColorTable",Function,false,true
EXTERNAL:0000009c,"SetStretchBltMode",Function,false,true
EXTERNAL:0000009d,"CreateFontA",Function,false,true
EXTERNAL:0000009e,"SelectPalette",Function,false,true
EXTERNAL:0000009f,"RealizePalette",Function,false,true
EXTERNAL:000000a0,"SetROP2",Function,false,true
EXTERNAL:000000a1,"CreateHatchBrush",Function,false,true
EXTERNAL:000000a2,"SetWindowExtEx",Function,false,true
EXTERNAL:000000a3,"SetViewportExtEx",Function,false,true
EXTERNAL:000000a4,"DPtoLP",Function,false,true
EXTERNAL:000000a5,"Ellipse",Function,false,true
EXTERNAL:000000a6,"GetTextExtentPoint32A",Function,false,true
EXTERNAL:000000a7,"IntersectClipRect",Function,false,true
EXTERNAL:000000a8,"GetTextAlign",Function,false,true
EXTERNAL:000000a9,"GetCharABCWidthsA",Function,false,true
EXTERNAL:000000aa,"GetCharWidthA",Function,false,true
EXTERNAL:000000ab,"SetWindowOrgEx",Function,false,true
EXTERNAL:000000ac,"RoundRect",Function,false,true
EXTERNAL:000000ad,"GetTextMetricsA",Function,false,true
EXTERNAL:000000ae,"RemoveFontResourceA",Function,false,true
EXTERNAL:000000af,"AddFontResourceA",Function,false,true
EXTERNAL:000000b0,"CreateFontIndirectA",Function,false,true
EXTERNAL:000000b1,"CreateDIBSection",Function,false,true
EXTERNAL:000000b2,"CreateSolidBrush",Function,false,true
EXTERNAL:000000b3,"CreateCompatibleBitmap",Function,false,true
EXTERNAL:000000b4,"GetDeviceCaps",Function,false,true
EXTERNAL:000000b5,"LPtoDP",Function,false,true
EXTERNAL:000000b6,"SetMapMode",Function,false,true
EXTERNAL:000000b7,"RegCreateKeyExA",Function,false,true
EXTERNAL:000000b8,"RegOpenKeyExA",Function,false,true
EXTERNAL:000000b9,"RegCloseKey",Function,false,true
EXTERNAL:000000ba,"RegSetValueExA",Function,false,true
EXTERNAL:000000bb,"RegFlushKey",Function,false,true
EXTERNAL:000000bc,"RegQueryValueExA",Function,false,true
EXTERNAL:000000bd,"Ordinal_17",Function,false,true
EXTERNAL:000000be,"_strnicmp",Function,false,true
EXTERNAL:000000bf,"_getcwd",Function,false,true
EXTERNAL:000000c0,"_chdir",Function,false,true
EXTERNAL:000000c1,"_onexit",Function,false,true
EXTERNAL:000000c2,"__dllonexit",Function,false,true
EXTERNAL:000000c3,"_strlwr",Function,false,true
EXTERNAL:000000c4,"_adjust_fdiv",Label,false,false
EXTERNAL:000000c5,"malloc_dbg",Function,false,true
EXTERNAL:000000c6,"free_dbg",Function,false,true
EXTERNAL:000000c7,"_read",Function,false,true
EXTERNAL:000000c8,"initterm",Function,false,true
EXTERNAL:000000c9,"_open",Function,false,true
EXTERNAL:000000ca,"realloc",Function,false,true
EXTERNAL:000000cb,"_close",Function,false,true
EXTERNAL:000000cc,"__p___mb_cur_max",Function,false,true
EXTERNAL:000000cd,"_isctype",Function,false,true
EXTERNAL:000000ce,"fscanf",Function,false,true
EXTERNAL:000000cf,"clock",Function,false,true
EXTERNAL:000000d0,"fwrite",Function,false,true
EXTERNAL:000000d1,"__p__pctype",Function,false,true
EXTERNAL:000000d2,"_vsnprintf",Function,false,true
EXTERNAL:000000d3,"time",Function,false,true
EXTERNAL:000000d4,"strncmp",Function,false,true
EXTERNAL:000000d5,"exit",Function,false,true
EXTERNAL:000000d6,"fgetc",Function,false,true
EXTERNAL:000000d7,"ctime",Function,false,true
EXTERNAL:000000d8,"strrchr",Function,false,true
EXTERNAL:000000d9,"strcspn",Function,false,true
EXTERNAL:000000da,"fprintf",Function,false,true
EXTERNAL:000000db,"memcpy",Function,false,true
EXTERNAL:000000dc,"sscanf",Function,false,true
EXTERNAL:000000dd,"strspn",Function,false,true
EXTERNAL:000000de,"fgets",Function,false,true
EXTERNAL:000000df,"memset",Function,false,true
EXTERNAL:000000e0,"strchr",Function,false,true
EXTERNAL:000000e1,"bsearch",Function,false,true
EXTERNAL:000000e2,"fclose",Function,false,true
EXTERNAL:000000e3,"fseek",Function,false,true
EXTERNAL:000000e4,"fread",Function,false,true
EXTERNAL:000000e5,"strncpy",Function,false,true
EXTERNAL:000000e6,"fopen",Function,false,true
EXTERNAL:000000e7,"atoi",Function,false,true
EXTERNAL:000000e8,"strcmp",Function,false,true
EXTERNAL:000000e9,"strcat",Function,false,true
EXTERNAL:000000ea,"strlen",Function,false,true
EXTERNAL:000000eb,"sprintf",Function,false,true
EXTERNAL:000000ec,"abs",Function,false,true
EXTERNAL:000000ed,"rand",Function,false,true
EXTERNAL:000000ee,"malloc",Function,false,true
EXTERNAL:000000ef,"strcpy",Function,false,true
EXTERNAL:000000f0,"_stricmp",Function,false,true
EXTERNAL:000000f1,"_strcmpi",Function,false,true
EXTERNAL:000000f2,"_splitpath",Function,false,true
EXTERNAL:000000f3,"free",Function,false,true
10000000,"IMAGE_DOS_HEADER_10000000",Label,true,false
10001000,"thunk_FUN_10023c58",Function,true,true
10001005,"thunk_FUN_10012943",Function,true,true
1000100a,"thunk_FUN_1000ad0b",Function,true,true
1000100f,"thunk_FUN_100034d0",Function,true,true
10001014,"thunk_FUN_10010980",Function,true,true
10001019,"thunk_FUN_10027b96",Function,true,true
1000101e,"thunk_FUN_10024243",Function,true,true
10001023,"thunk_FUN_1000c470",Function,true,true
1000102d,"thunk_FUN_1001f340",Function,true,true
10001032,"thunk_FUN_1000d64e",Function,true,true
10001037,"thunk_FUN_10020a41",Function,true,true
10001041,"thunk_FUN_100327b1",Function,true,true
10001046,"thunk_FUN_1001f009",Function,true,true
1000104b,"thunk_FUN_10009244",Function,true,true
10001055,"thunk_FUN_100337ea",Function,true,true
1000105f,"thunk_FUN_100241f0",Function,true,true
1000106e,"thunk_FUN_1000e9d4",Function,true,true
10001073,"thunk_FUN_10023e33",Function,true,true
10001078,"LAB_10001078",Label,true,false
1000107d,"LAB_1000107d",Label,true,false
10001082,"thunk_FUN_1003c9e0",Function,true,true
10001087,"thunk_FUN_1001ae07",Function,true,true
1000108c,"thunk_FUN_100336c9",Function,true,true
10001091,"thunk_FUN_10034670",Function,true,true
100010a0,"thunk_FUN_1003239b",Function,true,true
100010aa,"thunk_FUN_10001f20",Function,true,true
100010af,"thunk_FUN_100129a2",Function,true,true
100010b9,"thunk_FUN_10014828",Function,true,true
100010be,"thunk_FUN_100298f0",Function,true,true
100010c3,"LAB_100010c3",Label,true,false
100010c8,"thunk_FUN_10027181",Function,true,true
100010cd,"thunk_FUN_100241ba",Function,true,true
100010d2,"thunk_FUN_10012ca3",Function,true,true
100010d7,"thunk_FUN_10031cb7",Function,true,true
100010dc,"thunk_FUN_100109a0",Function,true,true
100010e1,"thunk_FUN_1003b524",Function,true,true
100010e6,"thunk_FUN_1002389f",Function,true,true
100010eb,"thunk_FUN_100129f0",Function,true,true
100010f0,"thunk_FUN_10028a10",Function,true,true
100010f5,"thunk_FUN_10029386",Function,true,true
100010fa,"thunk_FUN_10039c49",Function,true,true
100010ff,"thunk_FUN_10002e20",Function,true,true
10001109,"thunk_FUN_10027335",Function,true,true
1000110e,"thunk_FUN_1001f83a",Function,true,true
10001113,"thunk_FUN_10031425",Function,true,true
10001118,"thunk_FUN_10016850",Function,true,true
1000111d,"thunk_FUN_10037627",Function,true,true
10001127,"thunk_FUN_1002929b",Function,true,true
1000112c,"thunk_FUN_10032562",Function,true,true
10001136,"thunk_FUN_100392dc",Function,true,true
1000113b,"thunk_FUN_10218484",Function,true,true
10001140,"thunk_FUN_10024410",Function,true,true
10001145,"thunk_FUN_10016060",Function,true,true
1000114a,"LAB_1000114a",Label,true,false
1000114f,"thunk_FUN_10020dbf",Function,true,true
10001159,"thunk_FUN_10023e82",Function,true,true
1000115e,"thunk_FUN_1003ac8b",Function,true,true
10001163,"thunk_FUN_10010a1f",Function,true,true
1000116d,"LAB_1000116d",Label,true,false
10001172,"thunk_FUN_1001772e",Function,true,true
10001177,"thunk_FUN_10013b53",Function,true,true
1000117c,"thunk_FUN_1003c03a",Function,true,true
10001181,"thunk_FUN_1000dd80",Function,true,true
10001186,"thunk_FUN_1002140e",Function,true,true
10001195,"thunk_FUN_10015a50",Function,true,true
1000119a,"thunk_FUN_100101e4",Function,true,true
1000119f,"thunk_FUN_1000f6ef",Function,true,true
100011a4,"thunk_FUN_10017444",Function,true,true
100011a9,"thunk_FUN_100242a8",Function,true,true
100011ae,"thunk_FUN_100241de",Function,true,true
100011b3,"thunk_FUN_1002431f",Function,true,true
100011bd,"thunk_FUN_1001162f",Function,true,true
100011c2,"thunk_FUN_1003a490",Function,true,true
100011c7,"thunk_FUN_1000e6cc",Function,true,true
100011cc,"thunk_FUN_1000e8f4",Function,true,true
100011d1,"LAB_100011d1",Label,true,false
100011db,"thunk_FUN_10013cd0",Function,true,true
100011e0,"LAB_100011e0",Label,true,false
100011e5,"thunk_FUN_100084ce",Function,true,true
100011ea,"thunk_FUN_1000b097",Function,true,true
100011ef,"thunk_FUN_100391f0",Function,true,true
100011f9,"thunk_FUN_1003afa3",Function,true,true
100011fe,"thunk_FUN_10024296",Function,true,true
10001203,"thunk_FUN_1003724f",Function,true,true
10001208,"thunk_FUN_1003b2b0",Function,true,true
1000120d,"thunk_FUN_10011447",Function,true,true
10001212,"thunk_FUN_1001f5d7",Function,true,true
1000121c,"thunk_FUN_1001ad0b",Function,true,true
10001221,"thunk_FUN_10029205",Function,true,true
10001226,"thunk_FUN_10004070",Function,true,true
1000122b,"thunk_FUN_1003c467",Function,true,true
10001230,"thunk_FUN_10034390",Function,true,true
10001235,"thunk_FUN_1000880b",Function,true,true
1000123f,"thunk_FUN_100318f9",Function,true,true
10001249,"thunk_FUN_1001e9d2",Function,true,true
10001258,"thunk_FUN_10031350",Function,true,true
1000125d,"thunk_FUN_1003b840",Function,true,true
10001262,"thunk_FUN_1000f6ae",Function,true,true
10001267,"thunk_FUN_100315fc",Function,true,true
10001271,"thunk_FUN_1002ed06",Function,true,true
10001276,"thunk_FUN_1003bade",Function,true,true
1000127b,"thunk_FUN_10034b40",Function,true,true
10001285,"thunk_FUN_1000eae7",Function,true,true
1000128f,"thunk_FUN_1002433c",Function,true,true
10001294,"thunk_FUN_1002c0c7",Function,true,true
10001299,"thunk_FUN_10031474",Function,true,true
1000129e,"thunk_FUN_10008085",Function,true,true
100012a3,"thunk_FUN_1001cb7b",Function,true,true
100012a8,"LAB_100012a8",Label,true,false
100012ad,"thunk_FUN_10019440",Function,true,true
100012b2,"thunk_FUN_1000ce3f",Function,true,true
100012b7,"thunk_FUN_10002a60",Function,true,true
100012bc,"thunk_FUN_1003378c",Function,true,true
100012c1,"thunk_FUN_1001c3ea",Function,true,true
100012c6,"thunk_FUN_1003c100",Function,true,true
100012cb,"thunk_FUN_10027871",Function,true,true
100012d0,"LAB_100012d0",Label,true,false
100012d5,"thunk_FUN_1000ebea",Function,true,true
100012df,"thunk_FUN_10018411",Function,true,true
100012e9,"thunk_FUN_1003197a",Function,true,true
100012ee,"thunk_FUN_10028def",Function,true,true
100012f3,"thunk_FUN_1002e012",Function,true,true
100012f8,"thunk_FUN_10032018",Function,true,true
100012fd,"thunk_FUN_100182b4",Function,true,true
10001302,"thunk_FUN_10024231",Function,true,true
10001307,"thunk_FUN_100395de",Function,true,true
1000130c,"thunk_FUN_1002e884",Function,true,true
10001311,"LAB_10001311",Label,true,false
10001316,"LAB_10001316",Label,true,false
1000131b,"thunk_FUN_10024180",Function,true,true
10001320,"thunk_FUN_1002c220",Function,true,true
10001325,"thunk_FUN_1000e474",Function,true,true
1000132a,"thunk_FUN_100242c5",Function,true,true
1000132f,"thunk_FUN_1002c4d3",Function,true,true
1000133e,"LAB_1000133e",Label,true,false
10001343,"LAB_10001343",Label,true,false
10001348,"LAB_10001348",Label,true,false
1000134d,"thunk_FUN_10024260",Function,true,true
10001352,"thunk_FUN_1000842b",Function,true,true
10001357,"thunk_FUN_10031af5",Function,true,true
10001375,"thunk_FUN_100095ec",Function,true,true
1000137a,"thunk_FUN_1000d754",Function,true,true
1000137f,"thunk_FUN_1000833a",Function,true,true
10001389,"thunk_FUN_100242ba",Function,true,true
1000138e,"thunk_FUN_10017128",Function,true,true
10001393,"thunk_FUN_10020d38",Function,true,true
10001398,"thunk_FUN_10017926",Function,true,true
100013a2,"thunk_FUN_10024272",Function,true,true
100013a7,"thunk_FUN_1000ef86",Function,true,true
100013ac,"thunk_FUN_1000e0da",Function,true,true
100013b6,"thunk_FUN_100241fb",Function,true,true
100013bb,"thunk_FUN_1001c8d1",Function,true,true
100013c0,"thunk_FUN_100242fb",Function,true,true
100013c5,"thunk_FUN_1003798a",Function,true,true
100013ca,"thunk_FUN_1000bb7d",Function,true,true
100013cf,"thunk_FUN_1000ea83",Function,true,true
100013d4,"thunk_FUN_10218000",Function,true,true
100013d9,"thunk_FUN_100091bd",Function,true,true
100013de,"LAB_100013de",Label,true,false
100013e3,"thunk_FUN_1003336e",Function,true,true
100013e8,"thunk_FUN_100179ce",Function,true,true
100013ed,"thunk_FUN_1001429f",Function,true,true
100013f2,"thunk_FUN_10024372",Function,true,true
100013fc,"thunk_FUN_10013ae3",Function,true,true
10001406,"thunk_FUN_1002434e",Function,true,true
1000140b,"thunk_FUN_10003410",Function,true,true
10001415,"thunk_FUN_1000eef0",Function,true,true
1000141f,"thunk_FUN_1003b0ec",Function,true,true
10001429,"thunk_FUN_1001477a",Function,true,true
1000142e,"thunk_FUN_1000d7b5",Function,true,true
10001433,"thunk_FUN_100211be",Function,true,true
10001438,"thunk_FUN_1002a529",Function,true,true
1000143d,"thunk_FUN_10002360",Function,true,true
10001442,"thunk_FUN_1000852a",Function,true,true
1000144c,"thunk_FUN_1002a940",Function,true,true
10001451,"thunk_FUN_10037c37",Function,true,true
1000145b,"thunk_FUN_10023d1d",Function,true,true
10001460,"thunk_FUN_1003162f",Function,true,true
10001474,"thunk_FUN_1000f104",Function,true,true
10001479,"thunk_FUN_1003b0f7",Function,true,true
10001483,"thunk_FUN_1001c315",Function,true,true
1000148d,"thunk_FUN_1001ecca",Function,true,true
10001492,"thunk_FUN_100029d0",Function,true,true
10001497,"LAB_10001497",Label,true,false
1000149c,"thunk_FUN_100030e0",Function,true,true
100014a1,"LAB_100014a1",Label,true,false
100014a6,"thunk_FUN_10023a88",Function,true,true
100014ab,"thunk_FUN_1001138a",Function,true,true
100014ba,"thunk_FUN_100372c5",Function,true,true
100014bf,"thunk_FUN_1002e9bb",Function,true,true
100014c4,"thunk_FUN_10027adb",Function,true,true
100014c9,"thunk_FUN_1001ee4b",Function,true,true
100014ce,"thunk_FUN_1001e1a3",Function,true,true
100014d3,"thunk_FUN_1001e87a",Function,true,true
100014d8,"thunk_FUN_10032bd7",Function,true,true
100014dd,"thunk_FUN_10019f35",Function,true,true
100014e2,"thunk_FUN_1001cbfc",Function,true,true
100014e7,"thunk_FUN_10013760",Function,true,true
100014f1,"thunk_FUN_100083a9",Function,true,true
100014f6,"thunk_FUN_100037d0",Function,true,true
100014fb,"LAB_100014fb",Label,true,false
10001500,"thunk_FUN_1000e7bd",Function,true,true
10001505,"thunk_FUN_100174ee",Function,true,true
1000150a,"thunk_FUN_1000ed78",Function,true,true
1000150f,"thunk_FUN_10024360",Function,true,true
10001514,"thunk_FUN_1000e73e",Function,true,true
10001519,"thunk_FUN_100272be",Function,true,true
10001523,"thunk_FUN_10016b40",Function,true,true
1000152d,"thunk_FUN_1001a9ec",Function,true,true
10001532,"thunk_FUN_1003b4c3",Function,true,true
10001541,"thunk_FUN_100313ad",Function,true,true
10001546,"thunk_FUN_10010cda",Function,true,true
1000154b,"thunk_FUN_10024331",Function,true,true
10001550,"thunk_FUN_100242d7",Function,true,true
1000155a,"thunk_FUN_1000b79e",Function,true,true
10001564,"thunk_FUN_1000950c",Function,true,true
10001569,"thunk_FUN_10034510",Function,true,true
1000156e,"thunk_FUN_10017624",Function,true,true
10001573,"thunk_FUN_1003b5b2",Function,true,true
10001578,"thunk_FUN_10013e94",Function,true,true
1000157d,"thunk_FUN_10029435",Function,true,true
10001582,"LAB_10001582",Label,true,false
10001587,"thunk_FUN_10012141",Function,true,true
1000158c,"thunk_FUN_100241a8",Function,true,true
10001596,"thunk_FUN_100210e3",Function,true,true
1000159b,"thunk_FUN_1001e527",Function,true,true
100015a0,"thunk_FUN_1000862d",Function,true,true
100015b4,"thunk_FUN_10028f03",Function,true,true
100015b9,"thunk_FUN_10023ee1",Function,true,true
100015be,"thunk_FUN_10027036",Function,true,true
100015c3,"LAB_100015c3",Label,true,false
100015cd,"thunk_FUN_1002418b",Function,true,true
100015d2,"thunk_FUN_10012740",Function,true,true
100015dc,"thunk_FUN_100242e9",Function,true,true
100015e6,"thunk_FUN_10002d30",Function,true,true
100015f0,"thunk_FUN_1002421f",Function,true,true
100015fa,"thunk_FUN_1001df0d",Function,true,true
10001609,"thunk_FUN_10013e46",Function,true,true
1000160e,"thunk_FUN_1003b487",Function,true,true
10001613,"thunk_FUN_10028c81",Function,true,true
10001618,"thunk_FUN_10002340",Function,true,true
1000161d,"thunk_FUN_1002430d",Function,true,true
10001622,"thunk_FUN_1001787e",Function,true,true
10001627,"thunk_FUN_10018360",Function,true,true
1000162c,"thunk_FUN_1002c7e8",Function,true,true
10001636,"thunk_FUN_10013a4c",Function,true,true
1000163b,"thunk_FUN_1001c0c3",Function,true,true
10001640,"thunk_FUN_100320aa",Function,true,true
10001645,"thunk_FUN_1002420d",Function,true,true
1000164a,"thunk_FUN_10024284",Function,true,true
1000164f,"thunk_FUN_10015770",Function,true,true
10001654,"thunk_FUN_1002e266",Function,true,true
1000165e,"thunk_FUN_1000e202",Function,true,true
10001663,"thunk_FUN_1002cf32",Function,true,true
1000166d,"thunk_FUN_1001c251",Function,true,true
10001672,"thunk_FUN_100147ed",Function,true,true
10001681,"thunk_FUN_1000d510",Function,true,true
1000168b,"thunk_FUN_10017aa2",Function,true,true
10001690,"thunk_FUN_1002424e",Function,true,true
10001695,"thunk_FUN_10018af0",Function,true,true
1000169a,"thunk_FUN_10023560",Function,true,true
100016a4,"LAB_100016a4",Label,true,false
100016a9,"LAB_100016a9",Label,true,false
100016ae,"thunk_FUN_10027a00",Function,true,true
100016b3,"thunk_FUN_10017566",Function,true,true
100016b8,"thunk_FUN_1003b411",Function,true,true
100016c2,"thunk_FUN_1000e440",Function,true,true
100016c7,"thunk_FUN_100350c9",Function,true,true
100016cc,"thunk_FUN_10039fb5",Function,true,true
100016d1,"Ordinal_1",Label,true,false
100016d1,"DeckBuilderMain",Function,true,true
100016db,"thunk_FUN_10030df0",Function,true,true
100016e0,"thunk_FUN_10031697",Function,true,true
100016e5,"thunk_FUN_1002d55f",Function,true,true
100016ea,"thunk_FUN_1000849a",Function,true,true
100016ef,"thunk_FUN_1000e156",Function,true,true
100016f4,"thunk_FUN_1001c5f1",Function,true,true
100016f9,"thunk_FUN_10014a60",Function,true,true
100016fe,"thunk_FUN_10038346",Function,true,true
10001703,"thunk_FUN_10027a61",Function,true,true
10001708,"thunk_FUN_100331dc",Function,true,true
1000170d,"thunk_FUN_100333bb",Function,true,true
10001712,"thunk_FUN_100397d0",Function,true,true
10001717,"thunk_FUN_100034b0",Function,true,true
10001726,"thunk_FUN_10028f53",Function,true,true
1000172b,"thunk_FUN_100241cc",Function,true,true
10001730,"thunk_FUN_10037837",Function,true,true
10001735,"thunk_FUN_10007dbf",Function,true,true
1000173a,"thunk_FUN_100127ad",Function,true,true
1000173f,"thunk_FUN_1000ac70",Function,true,true
10001744,"thunk_FUN_10024196",Function,true,true
10001753,"LAB_10001753",Label,true,false
10001758,"thunk_FUN_10039a61",Function,true,true
1000175d,"thunk_FUN_10014100",Function,true,true
10001762,"thunk_FUN_10033646",Function,true,true
10001771,"thunk_FUN_100093a8",Function,true,true
10001776,"thunk_FUN_100278e9",Function,true,true
1000177b,"thunk_FUN_1000fc9e",Function,true,true
10001780,"thunk_FUN_10028d12",Function,true,true
10001785,"thunk_FUN_1003aa60",Function,true,true
1000178a,"thunk_FUN_1003947f",Function,true,true
10001f20,"FUN_10001f20",Function,true,true
10002058,"LAB_10002058",Label,true,false
10002077,"LAB_10002077",Label,true,false
10002085,"LAB_10002085",Label,true,false
100021a8,"LAB_100021a8",Label,true,false
100021f3,"LAB_100021f3",Label,true,false
1000222b,"LAB_1000222b",Label,true,false
1000223b,"LAB_1000223b",Label,true,false
1000225c,"LAB_1000225c",Label,true,false
10002340,"FUN_10002340",Function,true,true
10002360,"FUN_10002360",Function,true,true
10002383,"LAB_10002383",Label,true,false
100023a4,"LAB_100023a4",Label,true,false
100023b7,"LAB_100023b7",Label,true,false
100023bb,"LAB_100023bb",Label,true,false
100023d4,"LAB_100023d4",Label,true,false
1000241d,"LAB_1000241d",Label,true,false
1000243f,"LAB_1000243f",Label,true,false
10002468,"LAB_10002468",Label,true,false
10002476,"LAB_10002476",Label,true,false
10002484,"LAB_10002484",Label,true,false
1000249e,"LAB_1000249e",Label,true,false
100024d9,"LAB_100024d9",Label,true,false
10002508,"LAB_10002508",Label,true,false
1000250e,"LAB_1000250e",Label,true,false
10002595,"LAB_10002595",Label,true,false
100025b9,"LAB_100025b9",Label,true,false
100025c1,"LAB_100025c1",Label,true,false
1000261f,"LAB_1000261f",Label,true,false
10002637,"LAB_10002637",Label,true,false
10002644,"LAB_10002644",Label,true,false
1000264c,"LAB_1000264c",Label,true,false
1000265c,"LAB_1000265c",Label,true,false
1000266b,"LAB_1000266b",Label,true,false
1000267f,"LAB_1000267f",Label,true,false
10002685,"LAB_10002685",Label,true,false
1000269a,"LAB_1000269a",Label,true,false
1000282a,"FUN_1000282a",Function,true,true
1000284b,"LAB_1000284b",Label,true,false
10002867,"LAB_10002867",Label,true,false
100028b3,"LAB_100028b3",Label,true,false
100028d3,"LAB_100028d3",Label,true,false
1000293d,"LAB_1000293d",Label,true,false
10002990,"FUN_10002990",Function,true,true
100029a4,"LAB_100029a4",Label,true,false
100029b1,"LAB_100029b1",Label,true,false
100029b9,"LAB_100029b9",Label,true,false
100029d0,"FUN_100029d0",Function,true,true
10002a25,"LAB_10002a25",Label,true,false
10002a60,"FUN_10002a60",Function,true,true
10002a6b,"FUN_10002a6b",Function,true,true
10002aaa,"LAB_10002aaa",Label,true,false
10002abd,"LAB_10002abd",Label,true,false
10002acd,"LAB_10002acd",Label,true,false
10002aea,"LAB_10002aea",Label,true,false
10002aff,"LAB_10002aff",Label,true,false
10002b23,"LAB_10002b23",Label,true,false
10002b4c,"LAB_10002b4c",Label,true,false
10002b69,"LAB_10002b69",Label,true,false
10002b7e,"LAB_10002b7e",Label,true,false
10002ba2,"LAB_10002ba2",Label,true,false
10002bcb,"LAB_10002bcb",Label,true,false
10002bfb,"LAB_10002bfb",Label,true,false
10002c7a,"FUN_10002c7a",Function,true,true
10002c94,"LAB_10002c94",Label,true,false
10002cad,"LAB_10002cad",Label,true,false
10002cd1,"LAB_10002cd1",Label,true,false
10002cfa,"LAB_10002cfa",Label,true,false
10002d30,"FUN_10002d30",Function,true,true
10002d3a,"FUN_10002d3a",Function,true,true
10002d54,"LAB_10002d54",Label,true,false
10002d6d,"LAB_10002d6d",Label,true,false
10002d93,"LAB_10002d93",Label,true,false
10002dbe,"LAB_10002dbe",Label,true,false
10002e20,"FUN_10002e20",Function,true,true
10002e2b,"FUN_10002e2b",Function,true,true
10002e36,"LAB_10002e36",Label,true,false
10002e4c,"LAB_10002e4c",Label,true,false
10002e56,"LAB_10002e56",Label,true,false
10002e5f,"LAB_10002e5f",Label,true,false
10002e72,"LAB_10002e72",Label,true,false
10002e93,"LAB_10002e93",Label,true,false
10002ec6,"LAB_10002ec6",Label,true,false
10002ef1,"LAB_10002ef1",Label,true,false
10002ef9,"LAB_10002ef9",Label,true,false
10002f0d,"LAB_10002f0d",Label,true,false
10002f2e,"LAB_10002f2e",Label,true,false
10002f62,"LAB_10002f62",Label,true,false
10002f7c,"LAB_10002f7c",Label,true,false
10002f94,"LAB_10002f94",Label,true,false
10002fee,"LAB_10002fee",Label,true,false
10002ff4,"LAB_10002ff4",Label,true,false
10003017,"LAB_10003017",Label,true,false
10003044,"LAB_10003044",Label,true,false
100030e0,"FUN_100030e0",Function,true,true
1000318d,"LAB_1000318d",Label,true,false
10003285,"LAB_10003285",Label,true,false
10003300,"FUN_10003300",Function,true,true
10003319,"LAB_10003319",Label,true,false
10003380,"FUN_10003380",Function,true,true
10003410,"FUN_10003410",Function,true,true
10003421,"LAB_10003421",Label,true,false
10003426,"LAB_10003426",Label,true,false
10003470,"LAB_10003470",Label,true,false
10003481,"LAB_10003481",Label,true,false
100034b0,"FUN_100034b0",Function,true,true
100034d0,"FUN_100034d0",Function,true,true
1000353a,"LAB_1000353a",Label,true,false
10003540,"LAB_10003540",Label,true,false
1000357c,"LAB_1000357c",Label,true,false
1000358f,"LAB_1000358f",Label,true,false
100035b5,"LAB_100035b5",Label,true,false
100035d6,"LAB_100035d6",Label,true,false
100035e0,"LAB_100035e0",Label,true,false
10003619,"LAB_10003619",Label,true,false
10003629,"LAB_10003629",Label,true,false
1000363a,"LAB_1000363a",Label,true,false
10003651,"LAB_10003651",Label,true,false
10003679,"LAB_10003679",Label,true,false
1000367d,"LAB_1000367d",Label,true,false
1000370a,"FUN_1000370a",Function,true,true
1000371a,"LAB_1000371a",Label,true,false
100037d0,"FUN_100037d0",Function,true,true
10003805,"LAB_10003805",Label,true,false
10003840,"LAB_10003840",Label,true,false
10003855,"LAB_10003855",Label,true,false
1000389e,"LAB_1000389e",Label,true,false
100038af,"LAB_100038af",Label,true,false
100038bf,"LAB_100038bf",Label,true,false
100038e3,"LAB_100038e3",Label,true,false
1000390a,"LAB_1000390a",Label,true,false
10003921,"LAB_10003921",Label,true,false
100039a6,"LAB_100039a6",Label,true,false
100039d1,"LAB_100039d1",Label,true,false
100039de,"LAB_100039de",Label,true,false
100039f9,"LAB_100039f9",Label,true,false
10003a30,"LAB_10003a30",Label,true,false
10003a66,"LAB_10003a66",Label,true,false
10003a81,"LAB_10003a81",Label,true,false
10003a9b,"LAB_10003a9b",Label,true,false
10003b16,"LAB_10003b16",Label,true,false
10003b3b,"LAB_10003b3b",Label,true,false
10003b6c,"LAB_10003b6c",Label,true,false
10003b8d,"LAB_10003b8d",Label,true,false
10003bdc,"LAB_10003bdc",Label,true,false
10003c11,"LAB_10003c11",Label,true,false
10003c44,"LAB_10003c44",Label,true,false
10003c47,"LAB_10003c47",Label,true,false
10003d80,"FUN_10003d80",Function,true,true
10003d99,"LAB_10003d99",Label,true,false
10003e49,"LAB_10003e49",Label,true,false
10003f00,"FUN_10003f00",Function,true,true
10003f4e,"LAB_10003f4e",Label,true,false
10003f61,"LAB_10003f61",Label,true,false
10003f6f,"LAB_10003f6f",Label,true,false
10003f75,"LAB_10003f75",Label,true,false
10003f7b,"LAB_10003f7b",Label,true,false
10003f87,"LAB_10003f87",Label,true,false
10003f9a,"LAB_10003f9a",Label,true,false
10003fab,"LAB_10003fab",Label,true,false
10004070,"FUN_10004070",Function,true,true
100040ee,"LAB_100040ee",Label,true,false
10004163,"LAB_10004163",Label,true,false
100041d8,"LAB_100041d8",Label,true,false
100041e2,"LAB_100041e2",Label,true,false
100041e7,"FUN_100041e7",Function,true,true
10004208,"LAB_10004208",Label,true,false
1000423e,"LAB_1000423e",Label,true,false
10004241,"LAB_10004241",Label,true,false
10004257,"LAB_10004257",Label,true,false
1000425a,"LAB_1000425a",Label,true,false
100042d8,"LAB_100042d8",Label,true,false
100042dd,"LAB_100042dd",Label,true,false
100042e9,"LAB_100042e9",Label,true,false
100042ec,"LAB_100042ec",Label,true,false
10004302,"LAB_10004302",Label,true,false
10004305,"LAB_10004305",Label,true,false
10004383,"LAB_10004383",Label,true,false
1000438f,"LAB_1000438f",Label,true,false
10004392,"LAB_10004392",Label,true,false
10004410,"LAB_10004410",Label,true,false
1000441c,"LAB_1000441c",Label,true,false
1000441f,"LAB_1000441f",Label,true,false
1000449d,"LAB_1000449d",Label,true,false
100044a9,"LAB_100044a9",Label,true,false
100044ac,"LAB_100044ac",Label,true,false
1000452a,"LAB_1000452a",Label,true,false
10004536,"LAB_10004536",Label,true,false
10004539,"LAB_10004539",Label,true,false
100045b7,"LAB_100045b7",Label,true,false
100045bc,"LAB_100045bc",Label,true,false
100045c1,"LAB_100045c1",Label,true,false
100045cd,"LAB_100045cd",Label,true,false
100045d0,"LAB_100045d0",Label,true,false
100045e6,"LAB_100045e6",Label,true,false
100045e9,"LAB_100045e9",Label,true,false
10004618,"LAB_10004618",Label,true,false
1000461b,"LAB_1000461b",Label,true,false
10004680,"LAB_10004680",Label,true,false
10004685,"LAB_10004685",Label,true,false
1000468a,"LAB_1000468a",Label,true,false
10004696,"LAB_10004696",Label,true,false
10004699,"LAB_10004699",Label,true,false
100046af,"LAB_100046af",Label,true,false
100046b2,"LAB_100046b2",Label,true,false
100046e1,"LAB_100046e1",Label,true,false
100046e4,"LAB_100046e4",Label,true,false
10004749,"LAB_10004749",Label,true,false
1000474e,"LAB_1000474e",Label,true,false
1000475a,"LAB_1000475a",Label,true,false
1000475d,"LAB_1000475d",Label,true,false
1000478c,"LAB_1000478c",Label,true,false
1000478f,"LAB_1000478f",Label,true,false
100047f4,"LAB_100047f4",Label,true,false
100047f9,"LAB_100047f9",Label,true,false
10004805,"LAB_10004805",Label,true,false
10004808,"LAB_10004808",Label,true,false
10004837,"LAB_10004837",Label,true,false
1000483a,"LAB_1000483a",Label,true,false
1000489f,"LAB_1000489f",Label,true,false
100048a4,"LAB_100048a4",Label,true,false
100048b0,"LAB_100048b0",Label,true,false
100048b3,"LAB_100048b3",Label,true,false
100048e2,"LAB_100048e2",Label,true,false
100048e5,"LAB_100048e5",Label,true,false
1000494a,"LAB_1000494a",Label,true,false
1000494f,"LAB_1000494f",Label,true,false
1000495b,"LAB_1000495b",Label,true,false
1000495e,"LAB_1000495e",Label,true,false
1000498d,"LAB_1000498d",Label,true,false
10004990,"LAB_10004990",Label,true,false
100049f5,"LAB_100049f5",Label,true,false
100049fa,"LAB_100049fa",Label,true,false
100049ff,"LAB_100049ff",Label,true,false
10004a2a,"LAB_10004a2a",Label,true,false
10004abe,"LAB_10004abe",Label,true,false
10004b3e,"LAB_10004b3e",Label,true,false
10004b45,"LAB_10004b45",Label,true,false
10004b96,"LAB_10004b96",Label,true,false
10004b9e,"LAB_10004b9e",Label,true,false
10004bbb,"LAB_10004bbb",Label,true,false
10004bce,"caseD_c8",Label,false,false
10004bea,"LAB_10004bea",Label,true,false
10004bf4,"LAB_10004bf4",Label,true,false
10004c38,"caseD_c9",Label,false,false
10004c7d,"caseD_ca",Label,false,false
10004d0b,"LAB_10004d0b",Label,true,false
10004d10,"caseD_cb",Label,false,false
10004d96,"caseD_cc",Label,false,false
10004e06,"LAB_10004e06",Label,true,false
10004ea0,"caseD_cd",Label,false,false
10004ed8,"LAB_10004ed8",Label,true,false
10004ef2,"caseD_ce",Label,false,false
10004f0c,"caseD_cf",Label,false,false
10004f23,"caseD_d0",Label,false,false
10004f3d,"caseD_d1",Label,false,false
10004f57,"caseD_d2",Label,false,false
10004f71,"caseD_d3",Label,false,false
10004fad,"caseD_d4",Label,false,false
10005007,"LAB_10005007",Label,true,false
1000500c,"caseD_d5",Label,false,false
10005066,"LAB_10005066",Label,true,false
10005070,"LAB_10005070",Label,true,false
1000508d,"switchD",Label,false,false
10005094,"switchdataD_10005094",Label,false,false
100050cc,"default",Label,false,false
100050d3,"LAB_100050d3",Label,true,false
100050ed,"LAB_100050ed",Label,true,false
100050f7,"LAB_100050f7",Label,true,false
10005103,"LAB_10005103",Label,true,false
10005106,"LAB_10005106",Label,true,false
10005132,"LAB_10005132",Label,true,false
10005269,"LAB_10005269",Label,true,false
1000537d,"LAB_1000537d",Label,true,false
100053cf,"LAB_100053cf",Label,true,false
10005447,"LAB_10005447",Label,true,false
1000544e,"LAB_1000544e",Label,true,false
10005461,"LAB_10005461",Label,true,false
1000547f,"LAB_1000547f",Label,true,false
10005482,"LAB_10005482",Label,true,false
100054b2,"LAB_100054b2",Label,true,false
1000556b,"LAB_1000556b",Label,true,false
10005574,"LAB_10005574",Label,true,false
1000558c,"LAB_1000558c",Label,true,false
10005595,"LAB_10005595",Label,true,false
100055f8,"LAB_100055f8",Label,true,false
100055fd,"LAB_100055fd",Label,true,false
10005617,"LAB_10005617",Label,true,false
1000561a,"LAB_1000561a",Label,true,false
10005637,"LAB_10005637",Label,true,false
10005641,"LAB_10005641",Label,true,false
100056ba,"LAB_100056ba",Label,true,false
100056d7,"LAB_100056d7",Label,true,false
10005732,"LAB_10005732",Label,true,false
1000580e,"LAB_1000580e",Label,true,false
10005815,"LAB_10005815",Label,true,false
10005835,"LAB_10005835",Label,true,false
10005874,"LAB_10005874",Label,true,false
1000589f,"LAB_1000589f",Label,true,false
100058ca,"LAB_100058ca",Label,true,false
10005906,"LAB_10005906",Label,true,false
1000590d,"FUN_1000590d",Function,true,true
10005927,"LAB_10005927",Label,true,false
10005953,"LAB_10005953",Label,true,false
10005956,"LAB_10005956",Label,true,false
100059d7,"LAB_100059d7",Label,true,false
100059de,"LAB_100059de",Label,true,false
100059e3,"LAB_100059e3",Label,true,false
100059ef,"LAB_100059ef",Label,true,false
100059f2,"LAB_100059f2",Label,true,false
10005a73,"LAB_10005a73",Label,true,false
10005a7a,"LAB_10005a7a",Label,true,false
10005a7f,"LAB_10005a7f",Label,true,false
10005a8b,"LAB_10005a8b",Label,true,false
10005a8e,"LAB_10005a8e",Label,true,false
10005b0f,"LAB_10005b0f",Label,true,false
10005b16,"LAB_10005b16",Label,true,false
10005b1b,"LAB_10005b1b",Label,true,false
10005b27,"LAB_10005b27",Label,true,false
10005b2a,"LAB_10005b2a",Label,true,false
10005bab,"LAB_10005bab",Label,true,false
10005bb2,"LAB_10005bb2",Label,true,false
10005bb7,"LAB_10005bb7",Label,true,false
10005bc3,"LAB_10005bc3",Label,true,false
10005bc6,"LAB_10005bc6",Label,true,false
10005c47,"LAB_10005c47",Label,true,false
10005c4e,"LAB_10005c4e",Label,true,false
10005c53,"LAB_10005c53",Label,true,false
10005c5f,"LAB_10005c5f",Label,true,false
10005c62,"LAB_10005c62",Label,true,false
10005ce3,"LAB_10005ce3",Label,true,false
10005cea,"LAB_10005cea",Label,true,false
10005cef,"LAB_10005cef",Label,true,false
10005cf4,"LAB_10005cf4",Label,true,false
10005d00,"LAB_10005d00",Label,true,false
10005d03,"LAB_10005d03",Label,true,false
10005d1e,"LAB_10005d1e",Label,true,false
10005d21,"LAB_10005d21",Label,true,false
10005d9b,"LAB_10005d9b",Label,true,false
10005da2,"LAB_10005da2",Label,true,false
10005da7,"LAB_10005da7",Label,true,false
10005dac,"LAB_10005dac",Label,true,false
10005db8,"LAB_10005db8",Label,true,false
10005dbb,"LAB_10005dbb",Label,true,false
10005dd6,"LAB_10005dd6",Label,true,false
10005dd9,"LAB_10005dd9",Label,true,false
10005e53,"LAB_10005e53",Label,true,false
10005e5a,"LAB_10005e5a",Label,true,false
10005e5f,"LAB_10005e5f",Label,true,false
10005e64,"LAB_10005e64",Label,true,false
10005e70,"LAB_10005e70",Label,true,false
10005e73,"LAB_10005e73",Label,true,false
10005e8e,"LAB_10005e8e",Label,true,false
10005e91,"LAB_10005e91",Label,true,false
10005f0b,"LAB_10005f0b",Label,true,false
10005f12,"LAB_10005f12",Label,true,false
10005f17,"LAB_10005f17",Label,true,false
10005f1c,"LAB_10005f1c",Label,true,false
10005f28,"LAB_10005f28",Label,true,false
10005f2b,"LAB_10005f2b",Label,true,false
10005f46,"LAB_10005f46",Label,true,false
10005f49,"LAB_10005f49",Label,true,false
10005fc3,"LAB_10005fc3",Label,true,false
10005fca,"LAB_10005fca",Label,true,false
10005fcf,"LAB_10005fcf",Label,true,false
10005fd4,"LAB_10005fd4",Label,true,false
10005fe0,"LAB_10005fe0",Label,true,false
10005fe3,"LAB_10005fe3",Label,true,false
10005ffe,"LAB_10005ffe",Label,true,false
10006001,"LAB_10006001",Label,true,false
1000607b,"LAB_1000607b",Label,true,false
10006082,"LAB_10006082",Label,true,false
10006087,"LAB_10006087",Label,true,false
1000608c,"LAB_1000608c",Label,true,false
10006098,"LAB_10006098",Label,true,false
1000609b,"LAB_1000609b",Label,true,false
100060b6,"LAB_100060b6",Label,true,false
100060b9,"LAB_100060b9",Label,true,false
10006133,"LAB_10006133",Label,true,false
1000613a,"LAB_1000613a",Label,true,false
1000613f,"LAB_1000613f",Label,true,false
10006144,"LAB_10006144",Label,true,false
10006162,"LAB_10006162",Label,true,false
10006214,"LAB_10006214",Label,true,false
1000629a,"LAB_1000629a",Label,true,false
100062a1,"LAB_100062a1",Label,true,false
100062ef,"LAB_100062ef",Label,true,false
10006356,"LAB_10006356",Label,true,false
1000635e,"LAB_1000635e",Label,true,false
1000637b,"LAB_1000637b",Label,true,false
1000638e,"caseD_c8",Label,false,false
100063aa,"LAB_100063aa",Label,true,false
100063b4,"LAB_100063b4",Label,true,false
100063f8,"caseD_c9",Label,false,false
10006410,"caseD_ca",Label,false,false
1000645e,"LAB_1000645e",Label,true,false
10006516,"LAB_10006516",Label,true,false
1000651b,"caseD_cb",Label,false,false
100065d8,"caseD_cd",Label,false,false
100065f2,"caseD_ce",Label,false,false
1000660c,"caseD_cf",Label,false,false
10006623,"caseD_d1",Label,false,false
1000663d,"caseD_d2",Label,false,false
10006657,"caseD_d3",Label,false,false
10006679,"LAB_10006679",Label,true,false
10006696,"switchD",Label,false,false
1000669d,"switchdataD_1000669d",Label,false,false
100066cd,"caseD_cc",Label,false,false
100066cd,"caseD_d0",Label,false,false
100066d4,"LAB_100066d4",Label,true,false
100067f7,"LAB_100067f7",Label,true,false
1000680a,"LAB_1000680a",Label,true,false
10006848,"LAB_10006848",Label,true,false
100068c1,"LAB_100068c1",Label,true,false
100068de,"LAB_100068de",Label,true,false
100069c6,"LAB_100069c6",Label,true,false
10006a21,"LAB_10006a21",Label,true,false
10006c58,"LAB_10006c58",Label,true,false
10006c78,"LAB_10006c78",Label,true,false
10006cb7,"LAB_10006cb7",Label,true,false
10006cdf,"LAB_10006cdf",Label,true,false
10006d0a,"LAB_10006d0a",Label,true,false
10006d35,"LAB_10006d35",Label,true,false
10006d61,"LAB_10006d61",Label,true,false
10006d68,"FUN_10006d68",Function,true,true
10006d82,"LAB_10006d82",Label,true,false
10006da1,"LAB_10006da1",Label,true,false
10006da4,"LAB_10006da4",Label,true,false
10006e17,"LAB_10006e17",Label,true,false
10006e1e,"LAB_10006e1e",Label,true,false
10006e23,"LAB_10006e23",Label,true,false
10006e2f,"LAB_10006e2f",Label,true,false
10006e32,"LAB_10006e32",Label,true,false
10006ea5,"LAB_10006ea5",Label,true,false
10006eac,"LAB_10006eac",Label,true,false
10006eb1,"LAB_10006eb1",Label,true,false
10006ebd,"LAB_10006ebd",Label,true,false
10006ec0,"LAB_10006ec0",Label,true,false
10006f33,"LAB_10006f33",Label,true,false
10006f3a,"LAB_10006f3a",Label,true,false
10006f3f,"LAB_10006f3f",Label,true,false
10006f4b,"LAB_10006f4b",Label,true,false
10006f4e,"LAB_10006f4e",Label,true,false
10006fc1,"LAB_10006fc1",Label,true,false
10006fc8,"LAB_10006fc8",Label,true,false
10006fcd,"LAB_10006fcd",Label,true,false
10006fd9,"LAB_10006fd9",Label,true,false
10006fdc,"LAB_10006fdc",Label,true,false
1000704f,"LAB_1000704f",Label,true,false
10007056,"LAB_10007056",Label,true,false
1000705b,"LAB_1000705b",Label,true,false
10007067,"LAB_10007067",Label,true,false
1000706a,"LAB_1000706a",Label,true,false
100070dd,"LAB_100070dd",Label,true,false
100070e4,"LAB_100070e4",Label,true,false
100070e9,"LAB_100070e9",Label,true,false
100070f5,"LAB_100070f5",Label,true,false
100070f8,"LAB_100070f8",Label,true,false
1000716b,"LAB_1000716b",Label,true,false
10007172,"LAB_10007172",Label,true,false
10007177,"LAB_10007177",Label,true,false
10007195,"LAB_10007195",Label,true,false
10007257,"LAB_10007257",Label,true,false
1000725e,"LAB_1000725e",Label,true,false
100072b9,"LAB_100072b9",Label,true,false
1000732a,"LAB_1000732a",Label,true,false
10007332,"LAB_10007332",Label,true,false
1000734f,"LAB_1000734f",Label,true,false
10007362,"caseD_c8",Label,false,false
1000737e,"LAB_1000737e",Label,true,false
10007388,"LAB_10007388",Label,true,false
100073cc,"caseD_c9",Label,false,false
100073e4,"caseD_ca",Label,false,false
1000743f,"LAB_1000743f",Label,true,false
1000750b,"LAB_1000750b",Label,true,false
10007510,"caseD_cb",Label,false,false
100075e1,"caseD_cd",Label,false,false
100075fb,"caseD_ce",Label,false,false
10007615,"caseD_cf",Label,false,false
1000762c,"caseD_d1",Label,false,false
10007646,"caseD_d2",Label,false,false
10007660,"caseD_d3",Label,false,false
10007682,"LAB_10007682",Label,true,false
1000769f,"switchD",Label,false,false
100076a6,"switchdataD_100076a6",Label,false,false
100076d6,"caseD_cc",Label,false,false
100076d6,"caseD_d0",Label,false,false
100076dd,"LAB_100076dd",Label,true,false
10007800,"LAB_10007800",Label,true,false
10007813,"LAB_10007813",Label,true,false
10007851,"LAB_10007851",Label,true,false
100078ca,"LAB_100078ca",Label,true,false
100078e7,"LAB_100078e7",Label,true,false
100079cb,"LAB_100079cb",Label,true,false
10007a26,"LAB_10007a26",Label,true,false
10007caf,"LAB_10007caf",Label,true,false
10007ccf,"LAB_10007ccf",Label,true,false
10007d0e,"LAB_10007d0e",Label,true,false
10007d36,"LAB_10007d36",Label,true,false
10007d61,"LAB_10007d61",Label,true,false
10007d8c,"LAB_10007d8c",Label,true,false
10007db8,"LAB_10007db8",Label,true,false
10007dbf,"FUN_10007dbf",Function,true,true
10008085,"FUN_10008085",Function,true,true
100080a7,"LAB_100080a7",Label,true,false
100080ad,"LAB_100080ad",Label,true,false
10008103,"LAB_10008103",Label,true,false
10008178,"LAB_10008178",Label,true,false
100081a2,"LAB_100081a2",Label,true,false
1000821b,"LAB_1000821b",Label,true,false
10008247,"LAB_10008247",Label,true,false
1000824c,"LAB_1000824c",Label,true,false
1000826f,"LAB_1000826f",Label,true,false
10008275,"LAB_10008275",Label,true,false
100082d4,"LAB_100082d4",Label,true,false
10008325,"LAB_10008325",Label,true,false
1000832a,"LAB_1000832a",Label,true,false
10008335,"LAB_10008335",Label,true,false
1000833a,"FUN_1000833a",Function,true,true
1000835c,"LAB_1000835c",Label,true,false
1000836b,"LAB_1000836b",Label,true,false
10008397,"LAB_10008397",Label,true,false
1000839c,"LAB_1000839c",Label,true,false
100083a4,"LAB_100083a4",Label,true,false
100083a9,"FUN_100083a9",Function,true,true
100083cb,"LAB_100083cb",Label,true,false
100083da,"LAB_100083da",Label,true,false
10008419,"LAB_10008419",Label,true,false
1000841e,"LAB_1000841e",Label,true,false
10008426,"LAB_10008426",Label,true,false
1000842b,"FUN_1000842b",Function,true,true
1000844d,"LAB_1000844d",Label,true,false
1000845c,"LAB_1000845c",Label,true,false
10008490,"LAB_10008490",Label,true,false
10008495,"LAB_10008495",Label,true,false
1000849a,"FUN_1000849a",Function,true,true
100084a3,"LAB_100084a3",Label,true,false
100084c9,"LAB_100084c9",Label,true,false
100084ce,"FUN_100084ce",Function,true,true
100084e9,"LAB_100084e9",Label,true,false
100084f8,"LAB_100084f8",Label,true,false
10008525,"LAB_10008525",Label,true,false
1000852a,"FUN_1000852a",Function,true,true
10008588,"LAB_10008588",Label,true,false
10008597,"LAB_10008597",Label,true,false
100085ac,"LAB_100085ac",Label,true,false
100085b7,"LAB_100085b7",Label,true,false
100085c6,"LAB_100085c6",Label,true,false
100085fb,"LAB_100085fb",Label,true,false
10008628,"LAB_10008628",Label,true,false
1000862d,"FUN_1000862d",Function,true,true
10008660,"LAB_10008660",Label,true,false
10008666,"LAB_10008666",Label,true,false
100086ee,"LAB_100086ee",Label,true,false
1000870d,"LAB_1000870d",Label,true,false
10008722,"LAB_10008722",Label,true,false
10008740,"LAB_10008740",Label,true,false
10008751,"LAB_10008751",Label,true,false
10008766,"LAB_10008766",Label,true,false
10008782,"LAB_10008782",Label,true,false
10008788,"LAB_10008788",Label,true,false
100087fc,"LAB_100087fc",Label,true,false
10008801,"LAB_10008801",Label,true,false
10008806,"LAB_10008806",Label,true,false
1000880b,"FUN_1000880b",Function,true,true
10008820,"LAB_10008820",Label,true,false
10008823,"LAB_10008823",Label,true,false
100088e6,"LAB_100088e6",Label,true,false
100088f2,"LAB_100088f2",Label,true,false
100088f5,"LAB_100088f5",Label,true,false
10008986,"LAB_10008986",Label,true,false
100089cf,"LAB_100089cf",Label,true,false
10008a18,"LAB_10008a18",Label,true,false
10008a61,"LAB_10008a61",Label,true,false
10008aaa,"LAB_10008aaa",Label,true,false
10008ac6,"LAB_10008ac6",Label,true,false
10008acb,"LAB_10008acb",Label,true,false
10008b1e,"LAB_10008b1e",Label,true,false
10008b58,"LAB_10008b58",Label,true,false
10008b92,"LAB_10008b92",Label,true,false
10008bcc,"LAB_10008bcc",Label,true,false
10008c06,"LAB_10008c06",Label,true,false
10008c22,"LAB_10008c22",Label,true,false
10008c27,"LAB_10008c27",Label,true,false
10008c7a,"LAB_10008c7a",Label,true,false
10008cb4,"LAB_10008cb4",Label,true,false
10008cee,"LAB_10008cee",Label,true,false
10008d28,"LAB_10008d28",Label,true,false
10008d62,"LAB_10008d62",Label,true,false
10008d7e,"LAB_10008d7e",Label,true,false
10008d83,"LAB_10008d83",Label,true,false
10008dd6,"LAB_10008dd6",Label,true,false
10008e10,"LAB_10008e10",Label,true,false
10008e4a,"LAB_10008e4a",Label,true,false
10008e84,"LAB_10008e84",Label,true,false
10008ebe,"LAB_10008ebe",Label,true,false
10008eda,"LAB_10008eda",Label,true,false
10008edf,"LAB_10008edf",Label,true,false
10008f32,"LAB_10008f32",Label,true,false
10008f6c,"LAB_10008f6c",Label,true,false
10008fa6,"LAB_10008fa6",Label,true,false
10008fe0,"LAB_10008fe0",Label,true,false
1000901a,"LAB_1000901a",Label,true,false
10009036,"LAB_10009036",Label,true,false
1000903b,"LAB_1000903b",Label,true,false
1000908e,"LAB_1000908e",Label,true,false
100090c8,"LAB_100090c8",Label,true,false
10009102,"LAB_10009102",Label,true,false
1000913c,"LAB_1000913c",Label,true,false
10009176,"LAB_10009176",Label,true,false
10009192,"LAB_10009192",Label,true,false
10009197,"LAB_10009197",Label,true,false
100091b3,"LAB_100091b3",Label,true,false
100091b8,"LAB_100091b8",Label,true,false
100091bd,"FUN_100091bd",Function,true,true
1000922e,"LAB_1000922e",Label,true,false
10009235,"LAB_10009235",Label,true,false
1000923f,"LAB_1000923f",Label,true,false
10009244,"FUN_10009244",Function,true,true
10009259,"LAB_10009259",Label,true,false
1000925c,"LAB_1000925c",Label,true,false
100093a3,"LAB_100093a3",Label,true,false
100093a8,"FUN_100093a8",Function,true,true
100093bd,"LAB_100093bd",Label,true,false
100093c0,"LAB_100093c0",Label,true,false
10009507,"LAB_10009507",Label,true,false
1000950c,"FUN_1000950c",Function,true,true
10009521,"LAB_10009521",Label,true,false
10009524,"LAB_10009524",Label,true,false
100095e7,"LAB_100095e7",Label,true,false
100095ec,"FUN_100095ec",Function,true,true
10009601,"LAB_10009601",Label,true,false
10009604,"LAB_10009604",Label,true,false
100096c7,"LAB_100096c7",Label,true,false
1000ac70,"FUN_1000ac70",Function,true,true
1000acd7,"LAB_1000acd7",Label,true,false
1000aced,"LAB_1000aced",Label,true,false
1000acfe,"LAB_1000acfe",Label,true,false
1000ad06,"LAB_1000ad06",Label,true,false
1000ad0b,"FUN_1000ad0b",Function,true,true
1000ad72,"LAB_1000ad72",Label,true,false
1000ad88,"LAB_1000ad88",Label,true,false
1000ad99,"LAB_1000ad99",Label,true,false
1000ada1,"LAB_1000ada1",Label,true,false
1000ada6,"FUN_1000ada6",Function,true,true
1000adc0,"LAB_1000adc0",Label,true,false
1000ae98,"LAB_1000ae98",Label,true,false
1000af0f,"LAB_1000af0f",Label,true,false
1000af14,"LAB_1000af14",Label,true,false
1000af40,"LAB_1000af40",Label,true,false
1000af56,"LAB_1000af56",Label,true,false
1000af60,"LAB_1000af60",Label,true,false
1000afa9,"LAB_1000afa9",Label,true,false
1000b000,"LAB_1000b000",Label,true,false
1000b01d,"LAB_1000b01d",Label,true,false
1000b027,"LAB_1000b027",Label,true,false
1000b033,"LAB_1000b033",Label,true,false
1000b05b,"LAB_1000b05b",Label,true,false
1000b090,"LAB_1000b090",Label,true,false
1000b097,"FUN_1000b097",Function,true,true
1000b0ef,"LAB_1000b0ef",Label,true,false
1000b105,"LAB_1000b105",Label,true,false
1000b116,"LAB_1000b116",Label,true,false
1000b11e,"LAB_1000b11e",Label,true,false
1000b123,"FUN_1000b123",Function,true,true
1000b13d,"LAB_1000b13d",Label,true,false
1000b2ff,"LAB_1000b2ff",Label,true,false
1000b305,"LAB_1000b305",Label,true,false
1000b346,"LAB_1000b346",Label,true,false
1000b39f,"LAB_1000b39f",Label,true,false
1000b416,"LAB_1000b416",Label,true,false
1000b620,"LAB_1000b620",Label,true,false
1000b625,"LAB_1000b625",Label,true,false
1000b651,"LAB_1000b651",Label,true,false
1000b65d,"LAB_1000b65d",Label,true,false
1000b667,"LAB_1000b667",Label,true,false
1000b6b0,"LAB_1000b6b0",Label,true,false
1000b707,"LAB_1000b707",Label,true,false
1000b724,"LAB_1000b724",Label,true,false
1000b72e,"LAB_1000b72e",Label,true,false
1000b73a,"LAB_1000b73a",Label,true,false
1000b762,"LAB_1000b762",Label,true,false
1000b797,"LAB_1000b797",Label,true,false
1000b79e,"FUN_1000b79e",Function,true,true
1000b7f6,"LAB_1000b7f6",Label,true,false
1000b80c,"LAB_1000b80c",Label,true,false
1000b81d,"LAB_1000b81d",Label,true,false
1000b825,"LAB_1000b825",Label,true,false
1000b82a,"FUN_1000b82a",Function,true,true
1000b844,"LAB_1000b844",Label,true,false
1000b851,"LAB_1000b851",Label,true,false
1000b8a7,"LAB_1000b8a7",Label,true,false
1000b8ae,"LAB_1000b8ae",Label,true,false
1000b8b3,"LAB_1000b8b3",Label,true,false
1000b8e8,"LAB_1000b8e8",Label,true,false
1000b906,"LAB_1000b906",Label,true,false
1000b930,"LAB_1000b930",Label,true,false
1000b933,"LAB_1000b933",Label,true,false
1000b9bf,"LAB_1000b9bf",Label,true,false
1000b9c4,"LAB_1000b9c4",Label,true,false
1000b9cc,"LAB_1000b9cc",Label,true,false
1000b9d3,"LAB_1000b9d3",Label,true,false
1000b9d8,"LAB_1000b9d8",Label,true,false
1000b9ff,"LAB_1000b9ff",Label,true,false
1000ba04,"LAB_1000ba04",Label,true,false
1000ba30,"LAB_1000ba30",Label,true,false
1000ba3c,"LAB_1000ba3c",Label,true,false
1000ba46,"LAB_1000ba46",Label,true,false
1000ba8f,"LAB_1000ba8f",Label,true,false
1000bae6,"LAB_1000bae6",Label,true,false
1000bb03,"LAB_1000bb03",Label,true,false
1000bb0d,"LAB_1000bb0d",Label,true,false
1000bb19,"LAB_1000bb19",Label,true,false
1000bb41,"LAB_1000bb41",Label,true,false
1000bb76,"LAB_1000bb76",Label,true,false
1000bb7d,"FUN_1000bb7d",Function,true,true
1000bbd5,"LAB_1000bbd5",Label,true,false
1000bbeb,"LAB_1000bbeb",Label,true,false
1000bbfc,"LAB_1000bbfc",Label,true,false
1000bc04,"LAB_1000bc04",Label,true,false
1000bc09,"FUN_1000bc09",Function,true,true
1000bc23,"LAB_1000bc23",Label,true,false
1000bd20,"LAB_1000bd20",Label,true,false
1000bd59,"LAB_1000bd59",Label,true,false
1000bd77,"LAB_1000bd77",Label,true,false
1000bd95,"LAB_1000bd95",Label,true,false
1000bdb3,"LAB_1000bdb3",Label,true,false
1000bdd1,"LAB_1000bdd1",Label,true,false
1000bdef,"LAB_1000bdef",Label,true,false
1000be0a,"LAB_1000be0a",Label,true,false
1000be1b,"LAB_1000be1b",Label,true,false
1000be47,"LAB_1000be47",Label,true,false
1000be5d,"LAB_1000be5d",Label,true,false
1000be67,"LAB_1000be67",Label,true,false
1000beb0,"LAB_1000beb0",Label,true,false
1000bf07,"LAB_1000bf07",Label,true,false
1000bf24,"LAB_1000bf24",Label,true,false
1000bf2e,"LAB_1000bf2e",Label,true,false
1000bf3a,"LAB_1000bf3a",Label,true,false
1000bf62,"LAB_1000bf62",Label,true,false
1000bf97,"LAB_1000bf97",Label,true,false
1000c470,"FUN_1000c470",Function,true,true
1000c4ef,"LAB_1000c4ef",Label,true,false
1000c4f9,"LAB_1000c4f9",Label,true,false
1000c4fe,"FUN_1000c4fe",Function,true,true
1000c518,"LAB_1000c518",Label,true,false
1000c533,"LAB_1000c533",Label,true,false
1000c563,"LAB_1000c563",Label,true,false
1000c584,"LAB_1000c584",Label,true,false
1000c597,"LAB_1000c597",Label,true,false
1000c5f7,"LAB_1000c5f7",Label,true,false
1000c60b,"LAB_1000c60b",Label,true,false
1000c617,"LAB_1000c617",Label,true,false
1000c61a,"LAB_1000c61a",Label,true,false
1000c645,"LAB_1000c645",Label,true,false
1000c64a,"LAB_1000c64a",Label,true,false
1000c6f4,"LAB_1000c6f4",Label,true,false
1000c6fe,"LAB_1000c6fe",Label,true,false
1000c73e,"LAB_1000c73e",Label,true,false
1000c750,"LAB_1000c750",Label,true,false
1000c757,"LAB_1000c757",Label,true,false
1000c7a6,"LAB_1000c7a6",Label,true,false
1000c7b0,"LAB_1000c7b0",Label,true,false
1000c7b7,"LAB_1000c7b7",Label,true,false
1000c7be,"LAB_1000c7be",Label,true,false
1000c7ef,"LAB_1000c7ef",Label,true,false
1000c803,"LAB_1000c803",Label,true,false
1000c84c,"LAB_1000c84c",Label,true,false
1000c869,"LAB_1000c869",Label,true,false
1000c888,"LAB_1000c888",Label,true,false
1000c89c,"LAB_1000c89c",Label,true,false
1000c8d8,"LAB_1000c8d8",Label,true,false
1000c921,"LAB_1000c921",Label,true,false
1000c93e,"LAB_1000c93e",Label,true,false
1000c95d,"LAB_1000c95d",Label,true,false
1000cb67,"LAB_1000cb67",Label,true,false
1000cba7,"LAB_1000cba7",Label,true,false
1000cc2c,"LAB_1000cc2c",Label,true,false
1000cc40,"LAB_1000cc40",Label,true,false
1000cc73,"LAB_1000cc73",Label,true,false
1000ccfd,"LAB_1000ccfd",Label,true,false
1000cd37,"LAB_1000cd37",Label,true,false
1000cd57,"LAB_1000cd57",Label,true,false
1000cd96,"LAB_1000cd96",Label,true,false
1000cdc1,"LAB_1000cdc1",Label,true,false
1000ce0c,"LAB_1000ce0c",Label,true,false
1000ce38,"LAB_1000ce38",Label,true,false
1000ce3f,"FUN_1000ce3f",Function,true,true
1000cf3c,"LAB_1000cf3c",Label,true,false
1000cffd,"LAB_1000cffd",Label,true,false
1000d064,"LAB_1000d064",Label,true,false
1000d069,"LAB_1000d069",Label,true,false
1000d087,"LAB_1000d087",Label,true,false
1000d0c9,"LAB_1000d0c9",Label,true,false
1000d0fb,"LAB_1000d0fb",Label,true,false
1000d126,"LAB_1000d126",Label,true,false
1000d14f,"LAB_1000d14f",Label,true,false
1000d154,"LAB_1000d154",Label,true,false
1000d175,"LAB_1000d175",Label,true,false
1000d181,"LAB_1000d181",Label,true,false
1000d184,"LAB_1000d184",Label,true,false
1000d1a8,"LAB_1000d1a8",Label,true,false
1000d1d1,"LAB_1000d1d1",Label,true,false
1000d203,"LAB_1000d203",Label,true,false
1000d221,"LAB_1000d221",Label,true,false
1000d246,"LAB_1000d246",Label,true,false
1000d274,"LAB_1000d274",Label,true,false
1000d277,"LAB_1000d277",Label,true,false
1000d2c2,"LAB_1000d2c2",Label,true,false
1000d2d5,"LAB_1000d2d5",Label,true,false
1000d2df,"LAB_1000d2df",Label,true,false
1000d2fd,"LAB_1000d2fd",Label,true,false
1000d313,"LAB_1000d313",Label,true,false
1000d336,"LAB_1000d336",Label,true,false
1000d342,"LAB_1000d342",Label,true,false
1000d345,"LAB_1000d345",Label,true,false
1000d390,"LAB_1000d390",Label,true,false
1000d395,"LAB_1000d395",Label,true,false
1000d39a,"LAB_1000d39a",Label,true,false
1000d3e6,"LAB_1000d3e6",Label,true,false
1000d3f2,"LAB_1000d3f2",Label,true,false
1000d3f5,"LAB_1000d3f5",Label,true,false
1000d430,"LAB_1000d430",Label,true,false
1000d435,"LAB_1000d435",Label,true,false
1000d459,"LAB_1000d459",Label,true,false
1000d45e,"LAB_1000d45e",Label,true,false
1000d49a,"LAB_1000d49a",Label,true,false
1000d49d,"LAB_1000d49d",Label,true,false
1000d4ea,"LAB_1000d4ea",Label,true,false
1000d4ef,"LAB_1000d4ef",Label,true,false
1000d4f4,"LAB_1000d4f4",Label,true,false
1000d50b,"LAB_1000d50b",Label,true,false
1000d510,"FUN_1000d510",Function,true,true
1000d536,"LAB_1000d536",Label,true,false
1000d553,"LAB_1000d553",Label,true,false
1000d570,"LAB_1000d570",Label,true,false
1000d58d,"LAB_1000d58d",Label,true,false
1000d594,"LAB_1000d594",Label,true,false
1000d5a0,"LAB_1000d5a0",Label,true,false
1000d5a3,"LAB_1000d5a3",Label,true,false
1000d60e,"LAB_1000d60e",Label,true,false
1000d633,"LAB_1000d633",Label,true,false
1000d63d,"LAB_1000d63d",Label,true,false
1000d642,"LAB_1000d642",Label,true,false
1000d649,"LAB_1000d649",Label,true,false
1000d64e,"FUN_1000d64e",Function,true,true
1000d66a,"LAB_1000d66a",Label,true,false
1000d66d,"LAB_1000d66d",Label,true,false
1000d6d9,"LAB_1000d6d9",Label,true,false
1000d6de,"LAB_1000d6de",Label,true,false
1000d6ef,"LAB_1000d6ef",Label,true,false
1000d6fb,"LAB_1000d6fb",Label,true,false
1000d6fe,"LAB_1000d6fe",Label,true,false
1000d73f,"LAB_1000d73f",Label,true,false
1000d74f,"LAB_1000d74f",Label,true,false
1000d754,"FUN_1000d754",Function,true,true
1000d769,"LAB_1000d769",Label,true,false
1000d76c,"LAB_1000d76c",Label,true,false
1000d7a1,"LAB_1000d7a1",Label,true,false
1000d7a6,"LAB_1000d7a6",Label,true,false
1000d7b0,"LAB_1000d7b0",Label,true,false
1000d7b5,"FUN_1000d7b5",Function,true,true
1000d872,"LAB_1000d872",Label,true,false
1000dd80,"FUN_1000dd80",Function,true,true
1000dd9c,"LAB_1000dd9c",Label,true,false
1000dd9f,"LAB_1000dd9f",Label,true,false
1000ddcf,"LAB_1000ddcf",Label,true,false
1000ddd4,"LAB_1000ddd4",Label,true,false
1000de58,"LAB_1000de58",Label,true,false
1000dec2,"LAB_1000dec2",Label,true,false
1000dec5,"LAB_1000dec5",Label,true,false
1000dee0,"LAB_1000dee0",Label,true,false
1000df00,"LAB_1000df00",Label,true,false
1000df23,"LAB_1000df23",Label,true,false
1000df26,"LAB_1000df26",Label,true,false
1000df3f,"LAB_1000df3f",Label,true,false
1000df42,"LAB_1000df42",Label,true,false
1000dfb4,"LAB_1000dfb4",Label,true,false
1000dfb9,"LAB_1000dfb9",Label,true,false
1000dfbe,"LAB_1000dfbe",Label,true,false
1000dfc7,"LAB_1000dfc7",Label,true,false
1000dfcc,"FUN_1000dfcc",Function,true,true
1000dff7,"LAB_1000dff7",Label,true,false
1000e085,"LAB_1000e085",Label,true,false
1000e08a,"FUN_1000e08a",Function,true,true
1000e0af,"LAB_1000e0af",Label,true,false
1000e0ce,"LAB_1000e0ce",Label,true,false
1000e0d5,"LAB_1000e0d5",Label,true,false
1000e0da,"FUN_1000e0da",Function,true,true
1000e11b,"LAB_1000e11b",Label,true,false
1000e151,"LAB_1000e151",Label,true,false
1000e156,"FUN_1000e156",Function,true,true
1000e19e,"LAB_1000e19e",Label,true,false
1000e1c2,"LAB_1000e1c2",Label,true,false
1000e1fd,"LAB_1000e1fd",Label,true,false
1000e202,"FUN_1000e202",Function,true,true
1000e278,"LAB_1000e278",Label,true,false
1000e2aa,"LAB_1000e2aa",Label,true,false
1000e2b7,"LAB_1000e2b7",Label,true,false
1000e2bf,"LAB_1000e2bf",Label,true,false
1000e2d6,"LAB_1000e2d6",Label,true,false
1000e440,"FUN_1000e440",Function,true,true
1000e46f,"LAB_1000e46f",Label,true,false
1000e474,"FUN_1000e474",Function,true,true
1000e4bc,"LAB_1000e4bc",Label,true,false
1000e4d7,"LAB_1000e4d7",Label,true,false
1000e4fa,"LAB_1000e4fa",Label,true,false
1000e5ca,"LAB_1000e5ca",Label,true,false
1000e5da,"LAB_1000e5da",Label,true,false
1000e5e5,"LAB_1000e5e5",Label,true,false
1000e603,"LAB_1000e603",Label,true,false
1000e66c,"LAB_1000e66c",Label,true,false
1000e69c,"LAB_1000e69c",Label,true,false
1000e6c7,"LAB_1000e6c7",Label,true,false
1000e6cc,"FUN_1000e6cc",Function,true,true
1000e6e9,"LAB_1000e6e9",Label,true,false
1000e6fc,"LAB_1000e6fc",Label,true,false
1000e702,"LAB_1000e702",Label,true,false
1000e725,"LAB_1000e725",Label,true,false
1000e739,"LAB_1000e739",Label,true,false
1000e73e,"FUN_1000e73e",Function,true,true
1000e76e,"LAB_1000e76e",Label,true,false
1000e77a,"LAB_1000e77a",Label,true,false
1000e77d,"LAB_1000e77d",Label,true,false
1000e7b3,"LAB_1000e7b3",Label,true,false
1000e7b8,"LAB_1000e7b8",Label,true,false
1000e7bd,"FUN_1000e7bd",Function,true,true
1000e7fb,"LAB_1000e7fb",Label,true,false
1000e817,"LAB_1000e817",Label,true,false
1000e826,"LAB_1000e826",Label,true,false
1000e82c,"LAB_1000e82c",Label,true,false
1000e86c,"LAB_1000e86c",Label,true,false
1000e871,"LAB_1000e871",Label,true,false
1000e8e1,"LAB_1000e8e1",Label,true,false
1000e8ef,"LAB_1000e8ef",Label,true,false
1000e8f4,"FUN_1000e8f4",Function,true,true
1000e912,"LAB_1000e912",Label,true,false
1000e950,"LAB_1000e950",Label,true,false
1000e9b6,"LAB_1000e9b6",Label,true,false
1000e9cf,"LAB_1000e9cf",Label,true,false
1000e9d4,"FUN_1000e9d4",Function,true,true
1000ea07,"LAB_1000ea07",Label,true,false
1000ea13,"LAB_1000ea13",Label,true,false
1000ea16,"LAB_1000ea16",Label,true,false
1000ea47,"LAB_1000ea47",Label,true,false
1000ea4c,"LAB_1000ea4c",Label,true,false
1000ea69,"LAB_1000ea69",Label,true,false
1000ea7e,"LAB_1000ea7e",Label,true,false
1000ea83,"FUN_1000ea83",Function,true,true
1000eae7,"FUN_1000eae7",Function,true,true
1000eafc,"LAB_1000eafc",Label,true,false
1000eaff,"LAB_1000eaff",Label,true,false
1000eb1f,"LAB_1000eb1f",Label,true,false
1000eb25,"LAB_1000eb25",Label,true,false
1000eb53,"LAB_1000eb53",Label,true,false
1000eb66,"LAB_1000eb66",Label,true,false
1000eb8a,"LAB_1000eb8a",Label,true,false
1000eb9d,"LAB_1000eb9d",Label,true,false
1000ebc1,"LAB_1000ebc1",Label,true,false
1000ebd4,"LAB_1000ebd4",Label,true,false
1000ebd9,"LAB_1000ebd9",Label,true,false
1000ebde,"LAB_1000ebde",Label,true,false
1000ebe5,"LAB_1000ebe5",Label,true,false
1000ebea,"FUN_1000ebea",Function,true,true
1000ec1f,"LAB_1000ec1f",Label,true,false
1000ec4c,"LAB_1000ec4c",Label,true,false
1000ec98,"LAB_1000ec98",Label,true,false
1000ec9b,"LAB_1000ec9b",Label,true,false
1000ed48,"LAB_1000ed48",Label,true,false
1000ed4d,"LAB_1000ed4d",Label,true,false
1000ed61,"LAB_1000ed61",Label,true,false
1000ed73,"LAB_1000ed73",Label,true,false
1000ed78,"FUN_1000ed78",Function,true,true
1000edad,"LAB_1000edad",Label,true,false
1000edd2,"LAB_1000edd2",Label,true,false
1000ee1e,"LAB_1000ee1e",Label,true,false
1000ee21,"LAB_1000ee21",Label,true,false
1000eece,"LAB_1000eece",Label,true,false
1000eed3,"LAB_1000eed3",Label,true,false
1000eee0,"LAB_1000eee0",Label,true,false
1000eeeb,"LAB_1000eeeb",Label,true,false
1000eef0,"FUN_1000eef0",Function,true,true
1000ef21,"LAB_1000ef21",Label,true,false
1000ef2d,"LAB_1000ef2d",Label,true,false
1000ef30,"LAB_1000ef30",Label,true,false
1000ef74,"LAB_1000ef74",Label,true,false
1000ef79,"LAB_1000ef79",Label,true,false
1000ef81,"LAB_1000ef81",Label,true,false
1000ef86,"FUN_1000ef86",Function,true,true
1000efa4,"LAB_1000efa4",Label,true,false
1000efb0,"LAB_1000efb0",Label,true,false
1000efd0,"LAB_1000efd0",Label,true,false
1000efd4,"LAB_1000efd4",Label,true,false
1000f00d,"LAB_1000f00d",Label,true,false
1000f012,"LAB_1000f012",Label,true,false
1000f019,"LAB_1000f019",Label,true,false
1000f01e,"FUN_1000f01e",Function,true,true
1000f042,"LAB_1000f042",Label,true,false
1000f057,"LAB_1000f057",Label,true,false
1000f07d,"LAB_1000f07d",Label,true,false
1000f084,"LAB_1000f084",Label,true,false
1000f0ee,"LAB_1000f0ee",Label,true,false
1000f0f3,"LAB_1000f0f3",Label,true,false
1000f0f8,"LAB_1000f0f8",Label,true,false
1000f0ff,"LAB_1000f0ff",Label,true,false
1000f104,"FUN_1000f104",Function,true,true
1000f1b2,"LAB_1000f1b2",Label,true,false
1000f1e1,"LAB_1000f1e1",Label,true,false
1000f1fa,"LAB_1000f1fa",Label,true,false
1000f1fd,"LAB_1000f1fd",Label,true,false
1000f235,"LAB_1000f235",Label,true,false
1000f251,"LAB_1000f251",Label,true,false
1000f25e,"LAB_1000f25e",Label,true,false
1000f263,"LAB_1000f263",Label,true,false
1000f26d,"LAB_1000f26d",Label,true,false
1000f287,"LAB_1000f287",Label,true,false
1000f28a,"LAB_1000f28a",Label,true,false
1000f2c7,"LAB_1000f2c7",Label,true,false
1000f2cc,"LAB_1000f2cc",Label,true,false
1000f2e5,"LAB_1000f2e5",Label,true,false
1000f2f1,"LAB_1000f2f1",Label,true,false
1000f2f4,"LAB_1000f2f4",Label,true,false
1000f347,"LAB_1000f347",Label,true,false
1000f360,"LAB_1000f360",Label,true,false
1000f36f,"LAB_1000f36f",Label,true,false
1000f3a1,"LAB_1000f3a1",Label,true,false
1000f3b6,"LAB_1000f3b6",Label,true,false
1000f3cd,"LAB_1000f3cd",Label,true,false
1000f3dc,"LAB_1000f3dc",Label,true,false
1000f447,"LAB_1000f447",Label,true,false
1000f473,"LAB_1000f473",Label,true,false
1000f519,"LAB_1000f519",Label,true,false
1000f578,"LAB_1000f578",Label,true,false
1000f57c,"LAB_1000f57c",Label,true,false
1000f625,"LAB_1000f625",Label,true,false
1000f62a,"LAB_1000f62a",Label,true,false
1000f6a4,"LAB_1000f6a4",Label,true,false
1000f6a9,"LAB_1000f6a9",Label,true,false
1000f6ae,"FUN_1000f6ae",Function,true,true
1000f6ef,"FUN_1000f6ef",Function,true,true
1000f713,"LAB_1000f713",Label,true,false
1000f716,"LAB_1000f716",Label,true,false
1000f77b,"LAB_1000f77b",Label,true,false
1000f79e,"LAB_1000f79e",Label,true,false
1000f7a1,"LAB_1000f7a1",Label,true,false
1000f7de,"LAB_1000f7de",Label,true,false
1000f807,"LAB_1000f807",Label,true,false
1000f813,"LAB_1000f813",Label,true,false
1000f816,"LAB_1000f816",Label,true,false
1000f86b,"LAB_1000f86b",Label,true,false
1000f872,"LAB_1000f872",Label,true,false
1000f877,"FUN_1000f877",Function,true,true
1000f8ce,"LAB_1000f8ce",Label,true,false
1000f8d1,"LAB_1000f8d1",Label,true,false
1000f909,"LAB_1000f909",Label,true,false
1000f925,"LAB_1000f925",Label,true,false
1000f932,"LAB_1000f932",Label,true,false
1000f937,"LAB_1000f937",Label,true,false
1000f941,"LAB_1000f941",Label,true,false
1000f973,"LAB_1000f973",Label,true,false
1000f982,"LAB_1000f982",Label,true,false
1000f9cb,"LAB_1000f9cb",Label,true,false
1000f9d6,"LAB_1000f9d6",Label,true,false
1000fc21,"LAB_1000fc21",Label,true,false
1000fc56,"LAB_1000fc56",Label,true,false
1000fc99,"LAB_1000fc99",Label,true,false
1000fc9e,"FUN_1000fc9e",Function,true,true
1000fd47,"LAB_1000fd47",Label,true,false
1000fd4a,"LAB_1000fd4a",Label,true,false
1000fd82,"LAB_1000fd82",Label,true,false
1000fd9e,"LAB_1000fd9e",Label,true,false
1000fdab,"LAB_1000fdab",Label,true,false
1000fdb0,"LAB_1000fdb0",Label,true,false
1000fdba,"LAB_1000fdba",Label,true,false
1000fdd4,"LAB_1000fdd4",Label,true,false
1000fdd7,"LAB_1000fdd7",Label,true,false
1000fe14,"LAB_1000fe14",Label,true,false
1000fe19,"LAB_1000fe19",Label,true,false
1000fe32,"LAB_1000fe32",Label,true,false
1000fe3e,"LAB_1000fe3e",Label,true,false
1000fe41,"LAB_1000fe41",Label,true,false
1000fe94,"LAB_1000fe94",Label,true,false
1000fead,"LAB_1000fead",Label,true,false
1000febc,"LAB_1000febc",Label,true,false
1000feee,"LAB_1000feee",Label,true,false
1000ff03,"LAB_1000ff03",Label,true,false
1000ff1a,"LAB_1000ff1a",Label,true,false
1000ff29,"LAB_1000ff29",Label,true,false
10010019,"LAB_10010019",Label,true,false
10010032,"LAB_10010032",Label,true,false
10010041,"LAB_10010041",Label,true,false
100100a1,"LAB_100100a1",Label,true,false
100100a8,"LAB_100100a8",Label,true,false
10010151,"LAB_10010151",Label,true,false
10010156,"LAB_10010156",Label,true,false
100101d0,"LAB_100101d0",Label,true,false
100101d5,"LAB_100101d5",Label,true,false
100101df,"LAB_100101df",Label,true,false
100101e4,"FUN_100101e4",Function,true,true
10010980,"FUN_10010980",Function,true,true
10010993,"LAB_10010993",Label,true,false
100109a0,"FUN_100109a0",Function,true,true
100109b4,"caseD_1",Label,false,false
100109d1,"caseD_2",Label,false,false
100109db,"caseD_3",Label,false,false
100109e5,"caseD_0",Label,false,false
100109f4,"LAB_100109f4",Label,true,false
10010a01,"switchD",Label,false,false
10010a08,"switchdataD_10010a08",Label,false,false
10010a18,"default",Label,false,false
10010a1f,"FUN_10010a1f",Function,true,true
10010b83,"LAB_10010b83",Label,true,false
10010b86,"LAB_10010b86",Label,true,false
10010ba8,"LAB_10010ba8",Label,true,false
10010bb4,"LAB_10010bb4",Label,true,false
10010bb7,"LAB_10010bb7",Label,true,false
10010bd7,"LAB_10010bd7",Label,true,false
10010c39,"LAB_10010c39",Label,true,false
10010cce,"LAB_10010cce",Label,true,false
10010cd5,"LAB_10010cd5",Label,true,false
10010cda,"FUN_10010cda",Function,true,true
10010d01,"LAB_10010d01",Label,true,false
10010d04,"LAB_10010d04",Label,true,false
10010d34,"LAB_10010d34",Label,true,false
10010d66,"LAB_10010d66",Label,true,false
10010d73,"LAB_10010d73",Label,true,false
10010d76,"LAB_10010d76",Label,true,false
10010d98,"LAB_10010d98",Label,true,false
10010da5,"LAB_10010da5",Label,true,false
10010dc0,"LAB_10010dc0",Label,true,false
10010dc3,"LAB_10010dc3",Label,true,false
10010de3,"LAB_10010de3",Label,true,false
10010e1a,"LAB_10010e1a",Label,true,false
10010e1f,"FUN_10010e1f",Function,true,true
10010fda,"LAB_10010fda",Label,true,false
10010ff0,"LAB_10010ff0",Label,true,false
10010ff5,"LAB_10010ff5",Label,true,false
1001100f,"LAB_1001100f",Label,true,false
1001105d,"LAB_1001105d",Label,true,false
10011073,"LAB_10011073",Label,true,false
10011096,"LAB_10011096",Label,true,false
100110af,"LAB_100110af",Label,true,false
10011101,"LAB_10011101",Label,true,false
10011110,"LAB_10011110",Label,true,false
10011169,"LAB_10011169",Label,true,false
1001118c,"LAB_1001118c",Label,true,false
100111af,"LAB_100111af",Label,true,false
100111d2,"LAB_100111d2",Label,true,false
10011241,"LAB_10011241",Label,true,false
1001129c,"LAB_1001129c",Label,true,false
100112d1,"LAB_100112d1",Label,true,false
10011300,"LAB_10011300",Label,true,false
1001135c,"LAB_1001135c",Label,true,false
10011361,"LAB_10011361",Label,true,false
10011383,"LAB_10011383",Label,true,false
1001138a,"FUN_1001138a",Function,true,true
100113ae,"LAB_100113ae",Label,true,false
100113c2,"LAB_100113c2",Label,true,false
100113d6,"LAB_100113d6",Label,true,false
100113ea,"LAB_100113ea",Label,true,false
100113fe,"LAB_100113fe",Label,true,false
10011412,"LAB_10011412",Label,true,false
10011426,"LAB_10011426",Label,true,false
1001143a,"LAB_1001143a",Label,true,false
10011442,"LAB_10011442",Label,true,false
10011447,"FUN_10011447",Function,true,true
10011531,"LAB_10011531",Label,true,false
1001153b,"LAB_1001153b",Label,true,false
1001158b,"LAB_1001158b",Label,true,false
100115d9,"LAB_100115d9",Label,true,false
100115e0,"LAB_100115e0",Label,true,false
10011623,"LAB_10011623",Label,true,false
1001162a,"LAB_1001162a",Label,true,false
1001162f,"FUN_1001162f",Function,true,true
10011d2f,"LAB_10011d2f",Label,true,false
10011d4a,"LAB_10011d4a",Label,true,false
10011d65,"LAB_10011d65",Label,true,false
10011d80,"LAB_10011d80",Label,true,false
10011d9b,"LAB_10011d9b",Label,true,false
10011db6,"LAB_10011db6",Label,true,false
10011dd1,"LAB_10011dd1",Label,true,false
10011dec,"LAB_10011dec",Label,true,false
10011e07,"LAB_10011e07",Label,true,false
10011e22,"LAB_10011e22",Label,true,false
10011e47,"LAB_10011e47",Label,true,false
10011e6c,"LAB_10011e6c",Label,true,false
10011e91,"LAB_10011e91",Label,true,false
10011eb6,"LAB_10011eb6",Label,true,false
10011edb,"LAB_10011edb",Label,true,false
10011f00,"LAB_10011f00",Label,true,false
10011f25,"LAB_10011f25",Label,true,false
10011f4a,"LAB_10011f4a",Label,true,false
10011f6f,"LAB_10011f6f",Label,true,false
10011f94,"LAB_10011f94",Label,true,false
10011fb9,"LAB_10011fb9",Label,true,false
10011fde,"LAB_10011fde",Label,true,false
10012003,"LAB_10012003",Label,true,false
10012028,"LAB_10012028",Label,true,false
1001204d,"LAB_1001204d",Label,true,false
10012072,"LAB_10012072",Label,true,false
10012097,"LAB_10012097",Label,true,false
100120bc,"LAB_100120bc",Label,true,false
100120e1,"LAB_100120e1",Label,true,false
10012106,"LAB_10012106",Label,true,false
1001212b,"LAB_1001212b",Label,true,false
10012132,"LAB_10012132",Label,true,false
1001213c,"LAB_1001213c",Label,true,false
10012141,"FUN_10012141",Function,true,true
1001216c,"LAB_1001216c",Label,true,false
10012191,"LAB_10012191",Label,true,false
100121b6,"LAB_100121b6",Label,true,false
100121db,"LAB_100121db",Label,true,false
10012200,"LAB_10012200",Label,true,false
10012225,"LAB_10012225",Label,true,false
1001224a,"LAB_1001224a",Label,true,false
1001226f,"LAB_1001226f",Label,true,false
10012294,"LAB_10012294",Label,true,false
100122b9,"LAB_100122b9",Label,true,false
100122de,"LAB_100122de",Label,true,false
10012303,"LAB_10012303",Label,true,false
10012328,"LAB_10012328",Label,true,false
1001234d,"LAB_1001234d",Label,true,false
10012372,"LAB_10012372",Label,true,false
10012397,"LAB_10012397",Label,true,false
100123bc,"LAB_100123bc",Label,true,false
100123e1,"LAB_100123e1",Label,true,false
10012406,"LAB_10012406",Label,true,false
1001242b,"LAB_1001242b",Label,true,false
10012450,"LAB_10012450",Label,true,false
1001246b,"LAB_1001246b",Label,true,false
10012486,"LAB_10012486",Label,true,false
100124a1,"LAB_100124a1",Label,true,false
100124bc,"LAB_100124bc",Label,true,false
100124d7,"LAB_100124d7",Label,true,false
100124f2,"LAB_100124f2",Label,true,false
1001250d,"LAB_1001250d",Label,true,false
10012528,"LAB_10012528",Label,true,false
10012543,"LAB_10012543",Label,true,false
10012548,"FUN_10012548",Function,true,true
1001266d,"LAB_1001266d",Label,true,false
10012688,"LAB_10012688",Label,true,false
100126a3,"LAB_100126a3",Label,true,false
100126be,"LAB_100126be",Label,true,false
100126d9,"LAB_100126d9",Label,true,false
100126f4,"LAB_100126f4",Label,true,false
1001270f,"LAB_1001270f",Label,true,false
1001272a,"LAB_1001272a",Label,true,false
10012731,"LAB_10012731",Label,true,false
1001273b,"LAB_1001273b",Label,true,false
10012740,"FUN_10012740",Function,true,true
100127ad,"FUN_100127ad",Function,true,true
1001287e,"LAB_1001287e",Label,true,false
10012897,"LAB_10012897",Label,true,false
100128b0,"LAB_100128b0",Label,true,false
100128c9,"LAB_100128c9",Label,true,false
100128e2,"LAB_100128e2",Label,true,false
100128fb,"LAB_100128fb",Label,true,false
10012914,"LAB_10012914",Label,true,false
1001292d,"LAB_1001292d",Label,true,false
10012934,"LAB_10012934",Label,true,false
1001293e,"LAB_1001293e",Label,true,false
10012943,"FUN_10012943",Function,true,true
100129a2,"FUN_100129a2",Function,true,true
100129dc,"LAB_100129dc",Label,true,false
100129e4,"LAB_100129e4",Label,true,false
100129eb,"LAB_100129eb",Label,true,false
100129f0,"FUN_100129f0",Function,true,true
10012a5f,"LAB_10012a5f",Label,true,false
10012a66,"LAB_10012a66",Label,true,false
10012aa7,"LAB_10012aa7",Label,true,false
10012aae,"LAB_10012aae",Label,true,false
10012af1,"LAB_10012af1",Label,true,false
10012af8,"LAB_10012af8",Label,true,false
10012b07,"LAB_10012b07",Label,true,false
10012b1c,"LAB_10012b1c",Label,true,false
10012b80,"LAB_10012b80",Label,true,false
10012b96,"LAB_10012b96",Label,true,false
10012bda,"LAB_10012bda",Label,true,false
10012bf0,"LAB_10012bf0",Label,true,false
10012bff,"LAB_10012bff",Label,true,false
10012c15,"LAB_10012c15",Label,true,false
10012c81,"LAB_10012c81",Label,true,false
10012c88,"LAB_10012c88",Label,true,false
10012c97,"LAB_10012c97",Label,true,false
10012c9e,"LAB_10012c9e",Label,true,false
10012ca3,"FUN_10012ca3",Function,true,true
10012daa,"LAB_10012daa",Label,true,false
10012e2a,"LAB_10012e2a",Label,true,false
10013760,"FUN_10013760",Function,true,true
10013784,"LAB_10013784",Label,true,false
100137ce,"LAB_100137ce",Label,true,false
100137de,"LAB_100137de",Label,true,false
1001382e,"LAB_1001382e",Label,true,false
1001384c,"LAB_1001384c",Label,true,false
10013912,"LAB_10013912",Label,true,false
1001391c,"LAB_1001391c",Label,true,false
10013942,"LAB_10013942",Label,true,false
10013953,"LAB_10013953",Label,true,false
10013958,"LAB_10013958",Label,true,false
1001395f,"LAB_1001395f",Label,true,false
1001397c,"LAB_1001397c",Label,true,false
10013983,"LAB_10013983",Label,true,false
100139ae,"LAB_100139ae",Label,true,false
10013a3f,"LAB_10013a3f",Label,true,false
10013a47,"LAB_10013a47",Label,true,false
10013a4c,"FUN_10013a4c",Function,true,true
10013a6d,"LAB_10013a6d",Label,true,false
10013a79,"LAB_10013a79",Label,true,false
10013a7c,"LAB_10013a7c",Label,true,false
10013ad1,"LAB_10013ad1",Label,true,false
10013ad6,"LAB_10013ad6",Label,true,false
10013ade,"LAB_10013ade",Label,true,false
10013ae3,"FUN_10013ae3",Function,true,true
10013b04,"LAB_10013b04",Label,true,false
10013b3f,"LAB_10013b3f",Label,true,false
10013b46,"LAB_10013b46",Label,true,false
10013b4e,"LAB_10013b4e",Label,true,false
10013b53,"FUN_10013b53",Function,true,true
10013b6d,"LAB_10013b6d",Label,true,false
10013b80,"LAB_10013b80",Label,true,false
10013b83,"LAB_10013b83",Label,true,false
10013bd5,"LAB_10013bd5",Label,true,false
10013bda,"LAB_10013bda",Label,true,false
10013c0a,"LAB_10013c0a",Label,true,false
10013c11,"LAB_10013c11",Label,true,false
10013c32,"LAB_10013c32",Label,true,false
10013c3a,"LAB_10013c3a",Label,true,false
10013c3f,"FUN_10013c3f",Function,true,true
10013c56,"LAB_10013c56",Label,true,false
10013c85,"LAB_10013c85",Label,true,false
10013cc4,"LAB_10013cc4",Label,true,false
10013ccb,"LAB_10013ccb",Label,true,false
10013cd0,"FUN_10013cd0",Function,true,true
10013ce8,"LAB_10013ce8",Label,true,false
10013cfb,"LAB_10013cfb",Label,true,false
10013cfe,"LAB_10013cfe",Label,true,false
10013d72,"LAB_10013d72",Label,true,false
10013d83,"LAB_10013d83",Label,true,false
10013d86,"LAB_10013d86",Label,true,false
10013e3c,"LAB_10013e3c",Label,true,false
10013e41,"LAB_10013e41",Label,true,false
10013e46,"FUN_10013e46",Function,true,true
10013e5b,"LAB_10013e5b",Label,true,false
10013e5e,"LAB_10013e5e",Label,true,false
10013e85,"LAB_10013e85",Label,true,false
10013e94,"FUN_10013e94",Function,true,true
10013eae,"LAB_10013eae",Label,true,false
10013ec2,"LAB_10013ec2",Label,true,false
10013ec9,"LAB_10013ec9",Label,true,false
10013ef4,"LAB_10013ef4",Label,true,false
10013f05,"LAB_10013f05",Label,true,false
10014100,"FUN_10014100",Function,true,true
1001421f,"LAB_1001421f",Label,true,false
10014222,"LAB_10014222",Label,true,false
10014272,"LAB_10014272",Label,true,false
1001428b,"LAB_1001428b",Label,true,false
10014292,"LAB_10014292",Label,true,false
1001429a,"LAB_1001429a",Label,true,false
1001429f,"FUN_1001429f",Function,true,true
10014305,"LAB_10014305",Label,true,false
10014335,"LAB_10014335",Label,true,false
1001439f,"LAB_1001439f",Label,true,false
1001440d,"LAB_1001440d",Label,true,false
1001447b,"LAB_1001447b",Label,true,false
100144eb,"LAB_100144eb",Label,true,false
1001457e,"LAB_1001457e",Label,true,false
100145c3,"LAB_100145c3",Label,true,false
10014636,"LAB_10014636",Label,true,false
10014679,"LAB_10014679",Label,true,false
10014707,"LAB_10014707",Label,true,false
1001471e,"LAB_1001471e",Label,true,false
10014723,"LAB_10014723",Label,true,false
1001473f,"LAB_1001473f",Label,true,false
10014746,"LAB_10014746",Label,true,false
1001476d,"LAB_1001476d",Label,true,false
10014775,"LAB_10014775",Label,true,false
1001477a,"FUN_1001477a",Function,true,true
1001478a,"LAB_1001478a",Label,true,false
100147c1,"LAB_100147c1",Label,true,false
100147e0,"LAB_100147e0",Label,true,false
100147e8,"LAB_100147e8",Label,true,false
100147ed,"FUN_100147ed",Function,true,true
1001481c,"LAB_1001481c",Label,true,false
10014823,"LAB_10014823",Label,true,false
10014828,"FUN_10014828",Function,true,true
10014847,"LAB_10014847",Label,true,false
10014870,"LAB_10014870",Label,true,false
10014877,"LAB_10014877",Label,true,false
10014a60,"FUN_10014a60",Function,true,true
10014a7b,"LAB_10014a7b",Label,true,false
10014a85,"LAB_10014a85",Label,true,false
10014a8d,"LAB_10014a8d",Label,true,false
10014a8f,"LAB_10014a8f",Label,true,false
10014a98,"LAB_10014a98",Label,true,false
10015770,"FUN_10015770",Function,true,true
10015781,"LAB_10015781",Label,true,false
10015808,"LAB_10015808",Label,true,false
1001583b,"LAB_1001583b",Label,true,false
1001586b,"LAB_1001586b",Label,true,false
100158b7,"LAB_100158b7",Label,true,false
100158eb,"LAB_100158eb",Label,true,false
1001591c,"LAB_1001591c",Label,true,false
10015969,"LAB_10015969",Label,true,false
10015973,"LAB_10015973",Label,true,false
10015a50,"FUN_10015a50",Function,true,true
10015acf,"LAB_10015acf",Label,true,false
10015ae3,"LAB_10015ae3",Label,true,false
10015aea,"LAB_10015aea",Label,true,false
10015b17,"LAB_10015b17",Label,true,false
10015b2c,"LAB_10015b2c",Label,true,false
10015b4d,"LAB_10015b4d",Label,true,false
10015b84,"LAB_10015b84",Label,true,false
10015b9f,"LAB_10015b9f",Label,true,false
10015bb0,"LAB_10015bb0",Label,true,false
10015bbd,"LAB_10015bbd",Label,true,false
10015bf3,"LAB_10015bf3",Label,true,false
10015c04,"LAB_10015c04",Label,true,false
10015c2c,"LAB_10015c2c",Label,true,false
10015c38,"LAB_10015c38",Label,true,false
10015ce1,"FUN_10015ce1",Function,true,true
10015d17,"LAB_10015d17",Label,true,false
10015d2b,"LAB_10015d2b",Label,true,false
10015d32,"LAB_10015d32",Label,true,false
10015d70,"LAB_10015d70",Label,true,false
10015d98,"LAB_10015d98",Label,true,false
10015da4,"LAB_10015da4",Label,true,false
10015df0,"FUN_10015df0",Function,true,true
10015e27,"LAB_10015e27",Label,true,false
10015e52,"LAB_10015e52",Label,true,false
10015e73,"LAB_10015e73",Label,true,false
10015e83,"LAB_10015e83",Label,true,false
10015e9e,"LAB_10015e9e",Label,true,false
10015eb4,"LAB_10015eb4",Label,true,false
10015ebb,"LAB_10015ebb",Label,true,false
10015f06,"LAB_10015f06",Label,true,false
10015f3b,"LAB_10015f3b",Label,true,false
10015f85,"LAB_10015f85",Label,true,false
10015fa8,"LAB_10015fa8",Label,true,false
10015fc0,"LAB_10015fc0",Label,true,false
10015fcc,"LAB_10015fcc",Label,true,false
10016060,"FUN_10016060",Function,true,true
100160a2,"LAB_100160a2",Label,true,false
100160d7,"LAB_100160d7",Label,true,false
1001610a,"LAB_1001610a",Label,true,false
10016136,"LAB_10016136",Label,true,false
10016180,"LAB_10016180",Label,true,false
10016189,"LAB_10016189",Label,true,false
100161f3,"LAB_100161f3",Label,true,false
1001621f,"LAB_1001621f",Label,true,false
10016271,"LAB_10016271",Label,true,false
10016279,"LAB_10016279",Label,true,false
100162ad,"LAB_100162ad",Label,true,false
100162b7,"LAB_100162b7",Label,true,false
100162bf,"LAB_100162bf",Label,true,false
100162c1,"LAB_100162c1",Label,true,false
100162ca,"LAB_100162ca",Label,true,false
10016303,"LAB_10016303",Label,true,false
1001633a,"LAB_1001633a",Label,true,false
10016388,"LAB_10016388",Label,true,false
100163b7,"LAB_100163b7",Label,true,false
10016409,"LAB_10016409",Label,true,false
10016411,"LAB_10016411",Label,true,false
1001642a,"LAB_1001642a",Label,true,false
1001643a,"LAB_1001643a",Label,true,false
10016463,"LAB_10016463",Label,true,false
10016482,"LAB_10016482",Label,true,false
10016490,"LAB_10016490",Label,true,false
100164a9,"LAB_100164a9",Label,true,false
100164bf,"LAB_100164bf",Label,true,false
100164c6,"LAB_100164c6",Label,true,false
10016513,"LAB_10016513",Label,true,false
10016548,"LAB_10016548",Label,true,false
10016592,"LAB_10016592",Label,true,false
100165b3,"LAB_100165b3",Label,true,false
100165bd,"LAB_100165bd",Label,true,false
100165c5,"LAB_100165c5",Label,true,false
100165c7,"LAB_100165c7",Label,true,false
100165d0,"LAB_100165d0",Label,true,false
100165d5,"LAB_100165d5",Label,true,false
100165e6,"LAB_100165e6",Label,true,false
100165e9,"LAB_100165e9",Label,true,false
1001661c,"LAB_1001661c",Label,true,false
1001664a,"LAB_1001664a",Label,true,false
10016651,"LAB_10016651",Label,true,false
1001669b,"LAB_1001669b",Label,true,false
100166a4,"LAB_100166a4",Label,true,false
10016850,"FUN_10016850",Function,true,true
100168db,"LAB_100168db",Label,true,false
1001697b,"LAB_1001697b",Label,true,false
10016980,"FUN_10016980",Function,true,true
10016a0b,"LAB_10016a0b",Label,true,false
10016a9d,"LAB_10016a9d",Label,true,false
10016b40,"FUN_10016b40",Function,true,true
10016b7b,"LAB_10016b7b",Label,true,false
10016b95,"LAB_10016b95",Label,true,false
10016bb0,"LAB_10016bb0",Label,true,false
10016cb8,"LAB_10016cb8",Label,true,false
10016cd1,"LAB_10016cd1",Label,true,false
10016cea,"LAB_10016cea",Label,true,false
10016d03,"LAB_10016d03",Label,true,false
10016d1c,"LAB_10016d1c",Label,true,false
10016d35,"LAB_10016d35",Label,true,false
10016d49,"LAB_10016d49",Label,true,false
10016d55,"LAB_10016d55",Label,true,false
10016d5c,"LAB_10016d5c",Label,true,false
10016d79,"LAB_10016d79",Label,true,false
10016d95,"LAB_10016d95",Label,true,false
10016db1,"LAB_10016db1",Label,true,false
10016dcd,"LAB_10016dcd",Label,true,false
10016de9,"LAB_10016de9",Label,true,false
10016e06,"LAB_10016e06",Label,true,false
10016e22,"LAB_10016e22",Label,true,false
10016e3f,"LAB_10016e3f",Label,true,false
10016e5c,"LAB_10016e5c",Label,true,false
10016e78,"LAB_10016e78",Label,true,false
10016e94,"LAB_10016e94",Label,true,false
10016ea3,"LAB_10016ea3",Label,true,false
10016ead,"LAB_10016ead",Label,true,false
10016f24,"LAB_10016f24",Label,true,false
10016f3b,"LAB_10016f3b",Label,true,false
10016f52,"LAB_10016f52",Label,true,false
10016f5e,"LAB_10016f5e",Label,true,false
10016f65,"LAB_10016f65",Label,true,false
10016f89,"LAB_10016f89",Label,true,false
10016f90,"LAB_10016f90",Label,true,false
10016fb5,"LAB_10016fb5",Label,true,false
10016fbc,"LAB_10016fbc",Label,true,false
10016fe1,"LAB_10016fe1",Label,true,false
10016fe8,"LAB_10016fe8",Label,true,false
1001700c,"LAB_1001700c",Label,true,false
10017013,"LAB_10017013",Label,true,false
10017039,"LAB_10017039",Label,true,false
10017040,"LAB_10017040",Label,true,false
10017064,"LAB_10017064",Label,true,false
1001706b,"LAB_1001706b",Label,true,false
100170d4,"LAB_100170d4",Label,true,false
100170db,"LAB_100170db",Label,true,false
1001711b,"LAB_1001711b",Label,true,false
10017123,"LAB_10017123",Label,true,false
10017128,"FUN_10017128",Function,true,true
1001713d,"LAB_1001713d",Label,true,false
10017140,"LAB_10017140",Label,true,false
10017181,"LAB_10017181",Label,true,false
10017186,"LAB_10017186",Label,true,false
1001718d,"LAB_1001718d",Label,true,false
10017192,"FUN_10017192",Function,true,true
100171e0,"LAB_100171e0",Label,true,false
100171f6,"LAB_100171f6",Label,true,false
1001721a,"LAB_1001721a",Label,true,false
10017259,"LAB_10017259",Label,true,false
1001725e,"LAB_1001725e",Label,true,false
10017274,"LAB_10017274",Label,true,false
10017299,"LAB_10017299",Label,true,false
1001729e,"LAB_1001729e",Label,true,false
100172b4,"LAB_100172b4",Label,true,false
100172d9,"LAB_100172d9",Label,true,false
100172de,"LAB_100172de",Label,true,false
100172f4,"LAB_100172f4",Label,true,false
10017319,"LAB_10017319",Label,true,false
1001731e,"LAB_1001731e",Label,true,false
10017334,"LAB_10017334",Label,true,false
10017359,"LAB_10017359",Label,true,false
1001735e,"LAB_1001735e",Label,true,false
10017374,"LAB_10017374",Label,true,false
1001737e,"LAB_1001737e",Label,true,false
100173b6,"LAB_100173b6",Label,true,false
100173d4,"LAB_100173d4",Label,true,false
100173f2,"LAB_100173f2",Label,true,false
10017410,"LAB_10017410",Label,true,false
1001742e,"LAB_1001742e",Label,true,false
10017438,"LAB_10017438",Label,true,false
1001743f,"LAB_1001743f",Label,true,false
10017444,"FUN_10017444",Function,true,true
10017469,"LAB_10017469",Label,true,false
10017491,"LAB_10017491",Label,true,false
100174b9,"LAB_100174b9",Label,true,false
100174e1,"LAB_100174e1",Label,true,false
100174e9,"LAB_100174e9",Label,true,false
100174ee,"FUN_100174ee",Function,true,true
10017515,"LAB_10017515",Label,true,false
1001751d,"LAB_1001751d",Label,true,false
1001753b,"LAB_1001753b",Label,true,false
10017559,"LAB_10017559",Label,true,false
10017561,"LAB_10017561",Label,true,false
10017566,"FUN_10017566",Function,true,true
1001758b,"LAB_1001758b",Label,true,false
100175a9,"LAB_100175a9",Label,true,false
100175c7,"LAB_100175c7",Label,true,false
100175ef,"LAB_100175ef",Label,true,false
10017617,"LAB_10017617",Label,true,false
1001761f,"LAB_1001761f",Label,true,false
10017624,"FUN_10017624",Function,true,true
1001764b,"LAB_1001764b",Label,true,false
10017653,"LAB_10017653",Label,true,false
10017674,"LAB_10017674",Label,true,false
10017695,"LAB_10017695",Label,true,false
100176b3,"LAB_100176b3",Label,true,false
100176d1,"LAB_100176d1",Label,true,false
100176ef,"LAB_100176ef",Label,true,false
1001770d,"LAB_1001770d",Label,true,false
10017721,"LAB_10017721",Label,true,false
10017729,"LAB_10017729",Label,true,false
1001772e,"FUN_1001772e",Function,true,true
1001777c,"LAB_1001777c",Label,true,false
10017795,"LAB_10017795",Label,true,false
100177c2,"LAB_100177c2",Label,true,false
100177c9,"LAB_100177c9",Label,true,false
10017825,"LAB_10017825",Label,true,false
1001784b,"LAB_1001784b",Label,true,false
10017871,"LAB_10017871",Label,true,false
10017879,"LAB_10017879",Label,true,false
1001787e,"FUN_1001787e",Function,true,true
100178a7,"LAB_100178a7",Label,true,false
100178cd,"LAB_100178cd",Label,true,false
100178f3,"LAB_100178f3",Label,true,false
10017919,"LAB_10017919",Label,true,false
10017921,"LAB_10017921",Label,true,false
10017926,"FUN_10017926",Function,true,true
1001794f,"LAB_1001794f",Label,true,false
10017975,"LAB_10017975",Label,true,false
1001799b,"LAB_1001799b",Label,true,false
100179c1,"LAB_100179c1",Label,true,false
100179c9,"LAB_100179c9",Label,true,false
100179ce,"FUN_100179ce",Function,true,true
10017a1c,"LAB_10017a1c",Label,true,false
10017a35,"LAB_10017a35",Label,true,false
10017a55,"LAB_10017a55",Label,true,false
10017a75,"LAB_10017a75",Label,true,false
10017a95,"LAB_10017a95",Label,true,false
10017a9d,"LAB_10017a9d",Label,true,false
10017aa2,"FUN_10017aa2",Function,true,true
10017af7,"LAB_10017af7",Label,true,false
10017b10,"LAB_10017b10",Label,true,false
10017b26,"LAB_10017b26",Label,true,false
10017b3c,"LAB_10017b3c",Label,true,false
10017b57,"LAB_10017b57",Label,true,false
10017b63,"LAB_10017b63",Label,true,false
10017b66,"LAB_10017b66",Label,true,false
10017ba8,"LAB_10017ba8",Label,true,false
10017bcf,"LAB_10017bcf",Label,true,false
10017c05,"LAB_10017c05",Label,true,false
10017c2c,"LAB_10017c2c",Label,true,false
10017c62,"LAB_10017c62",Label,true,false
10017c89,"LAB_10017c89",Label,true,false
10017cbf,"LAB_10017cbf",Label,true,false
10017ce6,"LAB_10017ce6",Label,true,false
10017d1c,"LAB_10017d1c",Label,true,false
10017d43,"LAB_10017d43",Label,true,false
10017d7a,"LAB_10017d7a",Label,true,false
10017da1,"LAB_10017da1",Label,true,false
10017dc8,"LAB_10017dc8",Label,true,false
10017def,"LAB_10017def",Label,true,false
10017e16,"LAB_10017e16",Label,true,false
10017e3d,"LAB_10017e3d",Label,true,false
10017e64,"LAB_10017e64",Label,true,false
10017e8b,"LAB_10017e8b",Label,true,false
10017eb2,"LAB_10017eb2",Label,true,false
10017ee9,"LAB_10017ee9",Label,true,false
10017f10,"LAB_10017f10",Label,true,false
10017f37,"LAB_10017f37",Label,true,false
10017f5e,"LAB_10017f5e",Label,true,false
10017f85,"LAB_10017f85",Label,true,false
10017fac,"LAB_10017fac",Label,true,false
10017fd3,"LAB_10017fd3",Label,true,false
10017ffa,"LAB_10017ffa",Label,true,false
10018021,"LAB_10018021",Label,true,false
10018048,"LAB_10018048",Label,true,false
1001806f,"LAB_1001806f",Label,true,false
10018096,"LAB_10018096",Label,true,false
100180cd,"LAB_100180cd",Label,true,false
10018104,"LAB_10018104",Label,true,false
1001812b,"LAB_1001812b",Label,true,false
10018162,"LAB_10018162",Label,true,false
10018189,"LAB_10018189",Label,true,false
100181c0,"LAB_100181c0",Label,true,false
100181e7,"LAB_100181e7",Label,true,false
1001821e,"LAB_1001821e",Label,true,false
10018245,"LAB_10018245",Label,true,false
1001827c,"LAB_1001827c",Label,true,false
100182a3,"LAB_100182a3",Label,true,false
100182a8,"LAB_100182a8",Label,true,false
100182af,"LAB_100182af",Label,true,false
100182b4,"FUN_100182b4",Function,true,true
100182eb,"LAB_100182eb",Label,true,false
10018304,"LAB_10018304",Label,true,false
10018349,"LAB_10018349",Label,true,false
10018353,"LAB_10018353",Label,true,false
1001835b,"LAB_1001835b",Label,true,false
10018360,"FUN_10018360",Function,true,true
10018377,"LAB_10018377",Label,true,false
100183c3,"LAB_100183c3",Label,true,false
100183f5,"LAB_100183f5",Label,true,false
100183fd,"LAB_100183fd",Label,true,false
10018402,"LAB_10018402",Label,true,false
1001840c,"LAB_1001840c",Label,true,false
10018411,"FUN_10018411",Function,true,true
10018426,"LAB_10018426",Label,true,false
10018429,"LAB_10018429",Label,true,false
1001843f,"LAB_1001843f",Label,true,false
10018442,"LAB_10018442",Label,true,false
10018483,"LAB_10018483",Label,true,false
10018488,"LAB_10018488",Label,true,false
1001848d,"LAB_1001848d",Label,true,false
10018494,"LAB_10018494",Label,true,false
10018af0,"FUN_10018af0",Function,true,true
10018b66,"LAB_10018b66",Label,true,false
10018b70,"LAB_10018b70",Label,true,false
10018b75,"FUN_10018b75",Function,true,true
10018b89,"caseD_466",Label,false,false
10018bbc,"LAB_10018bbc",Label,true,false
10018bc3,"caseD_400",Label,false,false
10018c01,"LAB_10018c01",Label,true,false
10018c23,"LAB_10018c23",Label,true,false
10018c2a,"caseD_402",Label,false,false
10018c4a,"caseD_401",Label,false,false
10018c9b,"LAB_10018c9b",Label,true,false
10018ce1,"LAB_10018ce1",Label,true,false
10018cf4,"LAB_10018cf4",Label,true,false
10018cfb,"LAB_10018cfb",Label,true,false
10018d7f,"LAB_10018d7f",Label,true,false
10018da7,"LAB_10018da7",Label,true,false
10018e1c,"LAB_10018e1c",Label,true,false
10018e87,"LAB_10018e87",Label,true,false
10018e9c,"LAB_10018e9c",Label,true,false
10018ee8,"caseD_403",Label,false,false
10018ee8,"caseD_404",Label,false,false
10018ee8,"caseD_405",Label,false,false
10018ee8,"caseD_406",Label,false,false
10018ee8,"caseD_407",Label,false,false
10018ee8,"caseD_408",Label,false,false
10018ee8,"caseD_409",Label,false,false
10018ee8,"caseD_40a",Label,false,false
10018ee8,"caseD_40b",Label,false,false
10018ee8,"caseD_40c",Label,false,false
10018ee8,"caseD_40d",Label,false,false
10018ee8,"caseD_40e",Label,false,false
10018ee8,"caseD_40f",Label,false,false
10018ee8,"caseD_410",Label,false,false
10018ee8,"caseD_411",Label,false,false
10018ee8,"caseD_412",Label,false,false
10018ee8,"caseD_413",Label,false,false
10018ee8,"caseD_414",Label,false,false
10018ee8,"caseD_415",Label,false,false
10018ee8,"caseD_416",Label,false,false
10018ee8,"caseD_417",Label,false,false
10018ee8,"caseD_418",Label,false,false
10018ee8,"caseD_419",Label,false,false
10018ee8,"caseD_41a",Label,false,false
10018ee8,"caseD_41b",Label,false,false
10018ee8,"caseD_41c",Label,false,false
10018ee8,"caseD_41d",Label,false,false
10018ee8,"caseD_41e",Label,false,false
10018ee8,"caseD_41f",Label,false,false
10018ee8,"caseD_420",Label,false,false
10018ee8,"caseD_421",Label,false,false
10018ee8,"caseD_422",Label,false,false
10018ee8,"caseD_423",Label,false,false
10018ee8,"caseD_424",Label,false,false
10018ee8,"caseD_425",Label,false,false
10018ee8,"caseD_426",Label,false,false
10018ee8,"caseD_427",Label,false,false
10018ee8,"caseD_428",Label,false,false
10018ee8,"caseD_429",Label,false,false
10018ee8,"caseD_42a",Label,false,false
10018ee8,"caseD_42b",Label,false,false
10018ee8,"caseD_42c",Label,false,false
10018ee8,"caseD_42d",Label,false,false
10018ee8,"caseD_42e",Label,false,false
10018ee8,"caseD_42f",Label,false,false
10018ee8,"caseD_430",Label,false,false
10018ee8,"caseD_431",Label,false,false
10018ee8,"caseD_432",Label,false,false
10018ee8,"caseD_433",Label,false,false
10018ee8,"caseD_434",Label,false,false
10018ee8,"caseD_435",Label,false,false
10018ee8,"caseD_436",Label,false,false
10018ee8,"caseD_437",Label,false,false
10018ee8,"caseD_438",Label,false,false
10018ee8,"caseD_439",Label,false,false
10018ee8,"caseD_43a",Label,false,false
10018ee8,"caseD_43b",Label,false,false
10018ee8,"caseD_43c",Label,false,false
10018ee8,"caseD_43d",Label,false,false
10018ee8,"caseD_43e",Label,false,false
10018ee8,"caseD_43f",Label,false,false
10018ee8,"caseD_440",Label,false,false
10018ee8,"caseD_441",Label,false,false
10018ee8,"caseD_442",Label,false,false
10018ee8,"caseD_443",Label,false,false
10018ee8,"caseD_444",Label,false,false
10018ee8,"caseD_445",Label,false,false
10018ee8,"caseD_446",Label,false,false
10018ee8,"caseD_447",Label,false,false
10018ee8,"caseD_448",Label,false,false
10018ee8,"caseD_449",Label,false,false
10018ee8,"caseD_44a",Label,false,false
10018ee8,"caseD_44b",Label,false,false
10018ee8,"caseD_44c",Label,false,false
10018ee8,"caseD_44d",Label,false,false
10018ee8,"caseD_44e",Label,false,false
10018ee8,"caseD_44f",Label,false,false
10018ee8,"caseD_450",Label,false,false
10018ee8,"caseD_451",Label,false,false
10018ee8,"caseD_452",Label,false,false
10018ee8,"caseD_453",Label,false,false
10018ee8,"caseD_454",Label,false,false
10018ee8,"caseD_455",Label,false,false
10018ee8,"caseD_456",Label,false,false
10018ee8,"caseD_457",Label,false,false
10018ee8,"caseD_458",Label,false,false
10018ee8,"caseD_459",Label,false,false
10018ee8,"caseD_45a",Label,false,false
10018ee8,"caseD_45b",Label,false,false
10018ee8,"caseD_45c",Label,false,false
10018ee8,"caseD_45d",Label,false,false
10018ee8,"caseD_45e",Label,false,false
10018ee8,"caseD_45f",Label,false,false
10018ee8,"caseD_460",Label,false,false
10018ee8,"caseD_461",Label,false,false
10018ee8,"caseD_462",Label,false,false
10018ee8,"caseD_463",Label,false,false
10018ee8,"caseD_464",Label,false,false
10018ee8,"caseD_465",Label,false,false
10018f08,"LAB_10018f08",Label,true,false
10018f31,"LAB_10018f31",Label,true,false
10018f56,"LAB_10018f56",Label,true,false
10018f72,"switchD",Label,false,false
10018f79,"switchdataD_10018f79",Label,false,false
10018f8d,"switchdataD_10018f8d",Label,false,false
10018ffb,"LAB_10018ffb",Label,true,false
10019002,"FUN_10019002",Function,true,true
10019062,"LAB_10019062",Label,true,false
10019065,"LAB_10019065",Label,true,false
100190b6,"LAB_100190b6",Label,true,false
100190cc,"LAB_100190cc",Label,true,false
10019118,"LAB_10019118",Label,true,false
1001911d,"FUN_1001911d",Function,true,true
10019186,"LAB_10019186",Label,true,false
10019189,"LAB_10019189",Label,true,false
100191cd,"LAB_100191cd",Label,true,false
100191fd,"LAB_100191fd",Label,true,false
10019210,"LAB_10019210",Label,true,false
1001925d,"LAB_1001925d",Label,true,false
10019440,"FUN_10019440",Function,true,true
10019816,"LAB_10019816",Label,true,false
10019819,"LAB_10019819",Label,true,false
10019861,"LAB_10019861",Label,true,false
1001986d,"LAB_1001986d",Label,true,false
10019870,"LAB_10019870",Label,true,false
100198b8,"LAB_100198b8",Label,true,false
100198c4,"LAB_100198c4",Label,true,false
100198c7,"LAB_100198c7",Label,true,false
1001990f,"LAB_1001990f",Label,true,false
10019934,"LAB_10019934",Label,true,false
10019937,"LAB_10019937",Label,true,false
1001997f,"LAB_1001997f",Label,true,false
1001998b,"LAB_1001998b",Label,true,false
1001998e,"LAB_1001998e",Label,true,false
100199d6,"LAB_100199d6",Label,true,false
100199e2,"LAB_100199e2",Label,true,false
100199e5,"LAB_100199e5",Label,true,false
10019a2d,"LAB_10019a2d",Label,true,false
10019c83,"LAB_10019c83",Label,true,false
10019c86,"LAB_10019c86",Label,true,false
10019cf0,"LAB_10019cf0",Label,true,false
10019cf5,"LAB_10019cf5",Label,true,false
10019f1a,"LAB_10019f1a",Label,true,false
10019f26,"LAB_10019f26",Label,true,false
10019f30,"LAB_10019f30",Label,true,false
10019f35,"FUN_10019f35",Function,true,true
1001a0d9,"LAB_1001a0d9",Label,true,false
1001a0fe,"LAB_1001a0fe",Label,true,false
1001a123,"LAB_1001a123",Label,true,false
1001a148,"LAB_1001a148",Label,true,false
1001a16d,"LAB_1001a16d",Label,true,false
1001a192,"LAB_1001a192",Label,true,false
1001a1b7,"LAB_1001a1b7",Label,true,false
1001a1dc,"LAB_1001a1dc",Label,true,false
1001a201,"LAB_1001a201",Label,true,false
1001a226,"LAB_1001a226",Label,true,false
1001a24b,"LAB_1001a24b",Label,true,false
1001a270,"LAB_1001a270",Label,true,false
1001a295,"LAB_1001a295",Label,true,false
1001a2ba,"LAB_1001a2ba",Label,true,false
1001a2df,"LAB_1001a2df",Label,true,false
1001a304,"LAB_1001a304",Label,true,false
1001a329,"LAB_1001a329",Label,true,false
1001a34e,"LAB_1001a34e",Label,true,false
1001a373,"LAB_1001a373",Label,true,false
1001a398,"LAB_1001a398",Label,true,false
1001a3bd,"LAB_1001a3bd",Label,true,false
1001a3e2,"LAB_1001a3e2",Label,true,false
1001a407,"LAB_1001a407",Label,true,false
1001a42c,"LAB_1001a42c",Label,true,false
1001a451,"LAB_1001a451",Label,true,false
1001a476,"LAB_1001a476",Label,true,false
1001a49b,"LAB_1001a49b",Label,true,false
1001a4c0,"LAB_1001a4c0",Label,true,false
1001a4e5,"LAB_1001a4e5",Label,true,false
1001a50a,"LAB_1001a50a",Label,true,false
1001a523,"LAB_1001a523",Label,true,false
1001a546,"LAB_1001a546",Label,true,false
1001a569,"LAB_1001a569",Label,true,false
1001a58c,"LAB_1001a58c",Label,true,false
1001a5af,"LAB_1001a5af",Label,true,false
1001a5d2,"LAB_1001a5d2",Label,true,false
1001a5f5,"LAB_1001a5f5",Label,true,false
1001a618,"LAB_1001a618",Label,true,false
1001a63b,"LAB_1001a63b",Label,true,false
1001a65e,"LAB_1001a65e",Label,true,false
1001a681,"LAB_1001a681",Label,true,false
1001a6a4,"LAB_1001a6a4",Label,true,false
1001a6ba,"LAB_1001a6ba",Label,true,false
1001a6bd,"LAB_1001a6bd",Label,true,false
1001a6f7,"LAB_1001a6f7",Label,true,false
1001a6fc,"LAB_1001a6fc",Label,true,false
1001a715,"LAB_1001a715",Label,true,false
1001a738,"LAB_1001a738",Label,true,false
1001a747,"FUN_1001a747",Function,true,true
1001a772,"LAB_1001a772",Label,true,false
1001a797,"LAB_1001a797",Label,true,false
1001a7bc,"LAB_1001a7bc",Label,true,false
1001a7e1,"LAB_1001a7e1",Label,true,false
1001a806,"LAB_1001a806",Label,true,false
1001a82b,"LAB_1001a82b",Label,true,false
1001a850,"LAB_1001a850",Label,true,false
1001a875,"LAB_1001a875",Label,true,false
1001a89a,"LAB_1001a89a",Label,true,false
1001a8bf,"LAB_1001a8bf",Label,true,false
1001a8e4,"LAB_1001a8e4",Label,true,false
1001a909,"LAB_1001a909",Label,true,false
1001a92e,"LAB_1001a92e",Label,true,false
1001a953,"LAB_1001a953",Label,true,false
1001a978,"LAB_1001a978",Label,true,false
1001a99d,"LAB_1001a99d",Label,true,false
1001a9c2,"LAB_1001a9c2",Label,true,false
1001a9e7,"LAB_1001a9e7",Label,true,false
1001a9ec,"FUN_1001a9ec",Function,true,true
1001aa09,"LAB_1001aa09",Label,true,false
1001aa1f,"LAB_1001aa1f",Label,true,false
1001aa42,"LAB_1001aa42",Label,true,false
1001aa65,"LAB_1001aa65",Label,true,false
1001aa88,"LAB_1001aa88",Label,true,false
1001aaab,"LAB_1001aaab",Label,true,false
1001aace,"LAB_1001aace",Label,true,false
1001aaf1,"LAB_1001aaf1",Label,true,false
1001ab14,"LAB_1001ab14",Label,true,false
1001ab37,"LAB_1001ab37",Label,true,false
1001ab5a,"LAB_1001ab5a",Label,true,false
1001ab7d,"LAB_1001ab7d",Label,true,false
1001aba0,"LAB_1001aba0",Label,true,false
1001abc3,"LAB_1001abc3",Label,true,false
1001abe6,"LAB_1001abe6",Label,true,false
1001ac09,"LAB_1001ac09",Label,true,false
1001ac2c,"LAB_1001ac2c",Label,true,false
1001ac4f,"LAB_1001ac4f",Label,true,false
1001ac72,"LAB_1001ac72",Label,true,false
1001ac95,"LAB_1001ac95",Label,true,false
1001aca6,"LAB_1001aca6",Label,true,false
1001ace4,"LAB_1001ace4",Label,true,false
1001acff,"LAB_1001acff",Label,true,false
1001ad06,"LAB_1001ad06",Label,true,false
1001ad0b,"FUN_1001ad0b",Function,true,true
1001ad28,"LAB_1001ad28",Label,true,false
1001ad2d,"LAB_1001ad2d",Label,true,false
1001ad5e,"LAB_1001ad5e",Label,true,false
1001ad85,"LAB_1001ad85",Label,true,false
1001adeb,"LAB_1001adeb",Label,true,false
1001ae02,"LAB_1001ae02",Label,true,false
1001ae07,"FUN_1001ae07",Function,true,true
1001ae31,"LAB_1001ae31",Label,true,false
1001ae38,"LAB_1001ae38",Label,true,false
1001b01f,"LAB_1001b01f",Label,true,false
1001b047,"LAB_1001b047",Label,true,false
1001b06a,"LAB_1001b06a",Label,true,false
1001b0d5,"LAB_1001b0d5",Label,true,false
1001b0f1,"LAB_1001b0f1",Label,true,false
1001b10d,"LAB_1001b10d",Label,true,false
1001b129,"LAB_1001b129",Label,true,false
1001b145,"LAB_1001b145",Label,true,false
1001b161,"LAB_1001b161",Label,true,false
1001b17d,"LAB_1001b17d",Label,true,false
1001b199,"LAB_1001b199",Label,true,false
1001b1b5,"LAB_1001b1b5",Label,true,false
1001b1de,"LAB_1001b1de",Label,true,false
1001b1fa,"LAB_1001b1fa",Label,true,false
1001b216,"LAB_1001b216",Label,true,false
1001b232,"LAB_1001b232",Label,true,false
1001b24e,"LAB_1001b24e",Label,true,false
1001b279,"LAB_1001b279",Label,true,false
1001b2a4,"LAB_1001b2a4",Label,true,false
1001b2cf,"LAB_1001b2cf",Label,true,false
1001b2fa,"LAB_1001b2fa",Label,true,false
1001b325,"LAB_1001b325",Label,true,false
1001b32f,"LAB_1001b32f",Label,true,false
1001b334,"LAB_1001b334",Label,true,false
1001b350,"LAB_1001b350",Label,true,false
1001b35a,"LAB_1001b35a",Label,true,false
1001b3cd,"LAB_1001b3cd",Label,true,false
1001b3e7,"LAB_1001b3e7",Label,true,false
1001b4ef,"LAB_1001b4ef",Label,true,false
1001b521,"LAB_1001b521",Label,true,false
1001b56a,"LAB_1001b56a",Label,true,false
1001b596,"LAB_1001b596",Label,true,false
1001b5d8,"LAB_1001b5d8",Label,true,false
1001b627,"LAB_1001b627",Label,true,false
1001b656,"LAB_1001b656",Label,true,false
1001b6e9,"LAB_1001b6e9",Label,true,false
1001b749,"LAB_1001b749",Label,true,false
1001b762,"LAB_1001b762",Label,true,false
1001b77f,"LAB_1001b77f",Label,true,false
1001b78e,"LAB_1001b78e",Label,true,false
1001b7a1,"LAB_1001b7a1",Label,true,false
1001b7cb,"LAB_1001b7cb",Label,true,false
1001b852,"LAB_1001b852",Label,true,false
1001b914,"LAB_1001b914",Label,true,false
1001b952,"LAB_1001b952",Label,true,false
1001b976,"LAB_1001b976",Label,true,false
1001b9bb,"LAB_1001b9bb",Label,true,false
1001b9f7,"LAB_1001b9f7",Label,true,false
1001ba14,"LAB_1001ba14",Label,true,false
1001ba19,"LAB_1001ba19",Label,true,false
1001ba74,"LAB_1001ba74",Label,true,false
1001baa0,"LAB_1001baa0",Label,true,false
1001bac2,"LAB_1001bac2",Label,true,false
1001bb1d,"LAB_1001bb1d",Label,true,false
1001bb73,"LAB_1001bb73",Label,true,false
1001bb90,"LAB_1001bb90",Label,true,false
1001bb9a,"LAB_1001bb9a",Label,true,false
1001bbb9,"LAB_1001bbb9",Label,true,false
1001bbe8,"LAB_1001bbe8",Label,true,false
1001bdac,"LAB_1001bdac",Label,true,false
1001bdc3,"LAB_1001bdc3",Label,true,false
1001be7e,"LAB_1001be7e",Label,true,false
1001be83,"FUN_1001be83",Function,true,true
1001bead,"LAB_1001bead",Label,true,false
1001beb4,"LAB_1001beb4",Label,true,false
1001bed8,"LAB_1001bed8",Label,true,false
1001bf85,"LAB_1001bf85",Label,true,false
1001bf9f,"LAB_1001bf9f",Label,true,false
1001bfbb,"LAB_1001bfbb",Label,true,false
1001bfd7,"LAB_1001bfd7",Label,true,false
1001bff3,"LAB_1001bff3",Label,true,false
1001c00f,"LAB_1001c00f",Label,true,false
1001c026,"LAB_1001c026",Label,true,false
1001c0be,"LAB_1001c0be",Label,true,false
1001c0c3,"FUN_1001c0c3",Function,true,true
1001c0e0,"LAB_1001c0e0",Label,true,false
1001c0e5,"LAB_1001c0e5",Label,true,false
1001c0f4,"LAB_1001c0f4",Label,true,false
1001c112,"LAB_1001c112",Label,true,false
1001c117,"LAB_1001c117",Label,true,false
1001c138,"LAB_1001c138",Label,true,false
1001c174,"LAB_1001c174",Label,true,false
1001c18b,"LAB_1001c18b",Label,true,false
1001c1a3,"LAB_1001c1a3",Label,true,false
1001c1bd,"LAB_1001c1bd",Label,true,false
1001c1d0,"LAB_1001c1d0",Label,true,false
1001c24c,"LAB_1001c24c",Label,true,false
1001c251,"FUN_1001c251",Function,true,true
1001c278,"LAB_1001c278",Label,true,false
1001c27d,"LAB_1001c27d",Label,true,false
1001c310,"LAB_1001c310",Label,true,false
1001c315,"FUN_1001c315",Function,true,true
1001c32f,"LAB_1001c32f",Label,true,false
1001c344,"LAB_1001c344",Label,true,false
1001c37b,"LAB_1001c37b",Label,true,false
1001c3b3,"LAB_1001c3b3",Label,true,false
1001c3d5,"LAB_1001c3d5",Label,true,false
1001c3dd,"LAB_1001c3dd",Label,true,false
1001c3e5,"LAB_1001c3e5",Label,true,false
1001c3ea,"FUN_1001c3ea",Function,true,true
1001c407,"LAB_1001c407",Label,true,false
1001c40e,"LAB_1001c40e",Label,true,false
1001c46e,"LAB_1001c46e",Label,true,false
1001c488,"LAB_1001c488",Label,true,false
1001c4b1,"LAB_1001c4b1",Label,true,false
1001c4c6,"LAB_1001c4c6",Label,true,false
1001c4cd,"LAB_1001c4cd",Label,true,false
1001c4f4,"LAB_1001c4f4",Label,true,false
1001c511,"LAB_1001c511",Label,true,false
1001c52e,"LAB_1001c52e",Label,true,false
1001c54b,"LAB_1001c54b",Label,true,false
1001c568,"LAB_1001c568",Label,true,false
1001c577,"LAB_1001c577",Label,true,false
1001c57c,"LAB_1001c57c",Label,true,false
1001c5ca,"LAB_1001c5ca",Label,true,false
1001c5e4,"LAB_1001c5e4",Label,true,false
1001c5ec,"LAB_1001c5ec",Label,true,false
1001c5f1,"FUN_1001c5f1",Function,true,true
1001c667,"LAB_1001c667",Label,true,false
1001c66e,"LAB_1001c66e",Label,true,false
1001c6de,"LAB_1001c6de",Label,true,false
1001c73e,"LAB_1001c73e",Label,true,false
1001c755,"LAB_1001c755",Label,true,false
1001c785,"LAB_1001c785",Label,true,false
1001c7a8,"LAB_1001c7a8",Label,true,false
1001c7b4,"LAB_1001c7b4",Label,true,false
1001c813,"LAB_1001c813",Label,true,false
1001c859,"LAB_1001c859",Label,true,false
1001c861,"LAB_1001c861",Label,true,false
1001c8a1,"LAB_1001c8a1",Label,true,false
1001c8cc,"LAB_1001c8cc",Label,true,false
1001c8d1,"FUN_1001c8d1",Function,true,true
1001c8e9,"LAB_1001c8e9",Label,true,false
1001c903,"LAB_1001c903",Label,true,false
1001c908,"LAB_1001c908",Label,true,false
1001c948,"LAB_1001c948",Label,true,false
1001c960,"LAB_1001c960",Label,true,false
1001c97a,"LAB_1001c97a",Label,true,false
1001c995,"LAB_1001c995",Label,true,false
1001c9b0,"LAB_1001c9b0",Label,true,false
1001c9cb,"LAB_1001c9cb",Label,true,false
1001c9e8,"LAB_1001c9e8",Label,true,false
1001ca07,"LAB_1001ca07",Label,true,false
1001ca22,"LAB_1001ca22",Label,true,false
1001ca3d,"LAB_1001ca3d",Label,true,false
1001ca5a,"LAB_1001ca5a",Label,true,false
1001ca7a,"LAB_1001ca7a",Label,true,false
1001ca98,"LAB_1001ca98",Label,true,false
1001cab8,"LAB_1001cab8",Label,true,false
1001cad9,"LAB_1001cad9",Label,true,false
1001caf7,"LAB_1001caf7",Label,true,false
1001cb12,"LAB_1001cb12",Label,true,false
1001cb2c,"LAB_1001cb2c",Label,true,false
1001cb76,"LAB_1001cb76",Label,true,false
1001cb7b,"FUN_1001cb7b",Function,true,true
1001cba2,"LAB_1001cba2",Label,true,false
1001cba9,"LAB_1001cba9",Label,true,false
1001cbf7,"LAB_1001cbf7",Label,true,false
1001cbfc,"FUN_1001cbfc",Function,true,true
1001cc26,"LAB_1001cc26",Label,true,false
1001cc2d,"LAB_1001cc2d",Label,true,false
1001cc42,"LAB_1001cc42",Label,true,false
1001cd74,"LAB_1001cd74",Label,true,false
1001cdad,"LAB_1001cdad",Label,true,false
1001cde4,"LAB_1001cde4",Label,true,false
1001ce5c,"LAB_1001ce5c",Label,true,false
1001ce71,"LAB_1001ce71",Label,true,false
1001ce85,"LAB_1001ce85",Label,true,false
1001ce8a,"LAB_1001ce8a",Label,true,false
1001cec0,"LAB_1001cec0",Label,true,false
1001cefa,"LAB_1001cefa",Label,true,false
1001cf40,"LAB_1001cf40",Label,true,false
1001cf78,"LAB_1001cf78",Label,true,false
1001cf96,"LAB_1001cf96",Label,true,false
1001cf99,"LAB_1001cf99",Label,true,false
1001cff8,"LAB_1001cff8",Label,true,false
1001d052,"LAB_1001d052",Label,true,false
1001d060,"LAB_1001d060",Label,true,false
1001d0de,"LAB_1001d0de",Label,true,false
1001d0e3,"LAB_1001d0e3",Label,true,false
1001d0ff,"LAB_1001d0ff",Label,true,false
1001d149,"LAB_1001d149",Label,true,false
1001d163,"LAB_1001d163",Label,true,false
1001d1aa,"LAB_1001d1aa",Label,true,false
1001d1d9,"LAB_1001d1d9",Label,true,false
1001d1de,"LAB_1001d1de",Label,true,false
1001d1f3,"LAB_1001d1f3",Label,true,false
1001d231,"LAB_1001d231",Label,true,false
1001d236,"FUN_1001d236",Function,true,true
1001d256,"LAB_1001d256",Label,true,false
1001d25b,"LAB_1001d25b",Label,true,false
1001d2c3,"LAB_1001d2c3",Label,true,false
1001d356,"LAB_1001d356",Label,true,false
1001d372,"LAB_1001d372",Label,true,false
1001d38e,"LAB_1001d38e",Label,true,false
1001d3aa,"LAB_1001d3aa",Label,true,false
1001d3c1,"LAB_1001d3c1",Label,true,false
1001d3e4,"LAB_1001d3e4",Label,true,false
1001d3e9,"FUN_1001d3e9",Function,true,true
1001d409,"LAB_1001d409",Label,true,false
1001d40e,"LAB_1001d40e",Label,true,false
1001d4c2,"LAB_1001d4c2",Label,true,false
1001d4e6,"LAB_1001d4e6",Label,true,false
1001d50a,"LAB_1001d50a",Label,true,false
1001d52e,"LAB_1001d52e",Label,true,false
1001d54d,"LAB_1001d54d",Label,true,false
1001d552,"LAB_1001d552",Label,true,false
1001d591,"LAB_1001d591",Label,true,false
1001d5c3,"LAB_1001d5c3",Label,true,false
1001d5f5,"LAB_1001d5f5",Label,true,false
1001d5fc,"LAB_1001d5fc",Label,true,false
1001d65c,"LAB_1001d65c",Label,true,false
1001d698,"LAB_1001d698",Label,true,false
1001d6b6,"LAB_1001d6b6",Label,true,false
1001d718,"LAB_1001d718",Label,true,false
1001d71e,"LAB_1001d71e",Label,true,false
1001d73b,"LAB_1001d73b",Label,true,false
1001d74a,"LAB_1001d74a",Label,true,false
1001d750,"LAB_1001d750",Label,true,false
1001d76d,"LAB_1001d76d",Label,true,false
1001d798,"LAB_1001d798",Label,true,false
1001d79e,"LAB_1001d79e",Label,true,false
1001d7be,"LAB_1001d7be",Label,true,false
1001d7f6,"LAB_1001d7f6",Label,true,false
1001d828,"LAB_1001d828",Label,true,false
1001d85a,"LAB_1001d85a",Label,true,false
1001d88c,"LAB_1001d88c",Label,true,false
1001d893,"LAB_1001d893",Label,true,false
1001d9ad,"LAB_1001d9ad",Label,true,false
1001d9b3,"LAB_1001d9b3",Label,true,false
1001da00,"LAB_1001da00",Label,true,false
1001db16,"LAB_1001db16",Label,true,false
1001db3c,"LAB_1001db3c",Label,true,false
1001db62,"LAB_1001db62",Label,true,false
1001db88,"LAB_1001db88",Label,true,false
1001dbae,"LAB_1001dbae",Label,true,false
1001dbc2,"LAB_1001dbc2",Label,true,false
1001dbdd,"LAB_1001dbdd",Label,true,false
1001dc4f,"LAB_1001dc4f",Label,true,false
1001dc6d,"LAB_1001dc6d",Label,true,false
1001dc9b,"LAB_1001dc9b",Label,true,false
1001dcb9,"LAB_1001dcb9",Label,true,false
1001dce7,"LAB_1001dce7",Label,true,false
1001dd05,"LAB_1001dd05",Label,true,false
1001dd33,"LAB_1001dd33",Label,true,false
1001dd51,"LAB_1001dd51",Label,true,false
1001ddc8,"LAB_1001ddc8",Label,true,false
1001de28,"LAB_1001de28",Label,true,false
1001de7d,"LAB_1001de7d",Label,true,false
1001de9c,"LAB_1001de9c",Label,true,false
1001debb,"LAB_1001debb",Label,true,false
1001df08,"LAB_1001df08",Label,true,false
1001df0d,"FUN_1001df0d",Function,true,true
1001df34,"LAB_1001df34",Label,true,false
1001df39,"LAB_1001df39",Label,true,false
1001e12b,"LAB_1001e12b",Label,true,false
1001e14f,"LAB_1001e14f",Label,true,false
1001e190,"LAB_1001e190",Label,true,false
1001e19e,"LAB_1001e19e",Label,true,false
1001e1a3,"FUN_1001e1a3",Function,true,true
1001e1ca,"LAB_1001e1ca",Label,true,false
1001e1cf,"LAB_1001e1cf",Label,true,false
1001e1e8,"LAB_1001e1e8",Label,true,false
1001e201,"LAB_1001e201",Label,true,false
1001e21a,"LAB_1001e21a",Label,true,false
1001e233,"LAB_1001e233",Label,true,false
1001e24c,"LAB_1001e24c",Label,true,false
1001e265,"LAB_1001e265",Label,true,false
1001e27e,"LAB_1001e27e",Label,true,false
1001e297,"LAB_1001e297",Label,true,false
1001e2bd,"LAB_1001e2bd",Label,true,false
1001e2d6,"LAB_1001e2d6",Label,true,false
1001e2ef,"LAB_1001e2ef",Label,true,false
1001e308,"LAB_1001e308",Label,true,false
1001e321,"LAB_1001e321",Label,true,false
1001e349,"LAB_1001e349",Label,true,false
1001e371,"LAB_1001e371",Label,true,false
1001e399,"LAB_1001e399",Label,true,false
1001e3c1,"LAB_1001e3c1",Label,true,false
1001e3e9,"LAB_1001e3e9",Label,true,false
1001e3f0,"LAB_1001e3f0",Label,true,false
1001e3f5,"LAB_1001e3f5",Label,true,false
1001e40e,"LAB_1001e40e",Label,true,false
1001e415,"LAB_1001e415",Label,true,false
1001e50b,"LAB_1001e50b",Label,true,false
1001e522,"LAB_1001e522",Label,true,false
1001e527,"FUN_1001e527",Function,true,true
1001e544,"LAB_1001e544",Label,true,false
1001e549,"LAB_1001e549",Label,true,false
1001e5f3,"LAB_1001e5f3",Label,true,false
1001e616,"LAB_1001e616",Label,true,false
1001e649,"LAB_1001e649",Label,true,false
1001e66c,"LAB_1001e66c",Label,true,false
1001e70c,"LAB_1001e70c",Label,true,false
1001e711,"FUN_1001e711",Function,true,true
1001e72e,"LAB_1001e72e",Label,true,false
1001e733,"LAB_1001e733",Label,true,false
1001e875,"LAB_1001e875",Label,true,false
1001e87a,"FUN_1001e87a",Function,true,true
1001e897,"LAB_1001e897",Label,true,false
1001e89e,"LAB_1001e89e",Label,true,false
1001e9cd,"LAB_1001e9cd",Label,true,false
1001e9d2,"FUN_1001e9d2",Function,true,true
1001e9ea,"LAB_1001e9ea",Label,true,false
1001ea0b,"LAB_1001ea0b",Label,true,false
1001eaa1,"LAB_1001eaa1",Label,true,false
1001eaa6,"FUN_1001eaa6",Function,true,true
1001eac3,"LAB_1001eac3",Label,true,false
1001eac8,"LAB_1001eac8",Label,true,false
1001eadc,"LAB_1001eadc",Label,true,false
1001eae6,"LAB_1001eae6",Label,true,false
1001eaeb,"LAB_1001eaeb",Label,true,false
1001ec27,"LAB_1001ec27",Label,true,false
1001ec37,"LAB_1001ec37",Label,true,false
1001ecc5,"LAB_1001ecc5",Label,true,false
1001ecca,"FUN_1001ecca",Function,true,true
1001ece7,"LAB_1001ece7",Label,true,false
1001ecee,"LAB_1001ecee",Label,true,false
1001ed02,"LAB_1001ed02",Label,true,false
1001ed09,"LAB_1001ed09",Label,true,false
1001ed95,"LAB_1001ed95",Label,true,false
1001ed9b,"LAB_1001ed9b",Label,true,false
1001edc3,"LAB_1001edc3",Label,true,false
1001edc6,"LAB_1001edc6",Label,true,false
1001ee2b,"LAB_1001ee2b",Label,true,false
1001ee37,"LAB_1001ee37",Label,true,false
1001ee3e,"LAB_1001ee3e",Label,true,false
1001ee46,"LAB_1001ee46",Label,true,false
1001ee4b,"FUN_1001ee4b",Function,true,true
1001ee63,"LAB_1001ee63",Label,true,false
1001ee84,"LAB_1001ee84",Label,true,false
1001eea5,"LAB_1001eea5",Label,true,false
1001efa5,"LAB_1001efa5",Label,true,false
1001efce,"LAB_1001efce",Label,true,false
1001eff6,"LAB_1001eff6",Label,true,false
1001f004,"LAB_1001f004",Label,true,false
1001f009,"FUN_1001f009",Function,true,true
1001f026,"LAB_1001f026",Label,true,false
1001f02d,"LAB_1001f02d",Label,true,false
1001f04d,"LAB_1001f04d",Label,true,false
1001f0ec,"LAB_1001f0ec",Label,true,false
1001f114,"LAB_1001f114",Label,true,false
1001f12e,"LAB_1001f12e",Label,true,false
1001f131,"LAB_1001f131",Label,true,false
1001f1a2,"LAB_1001f1a2",Label,true,false
1001f1a8,"LAB_1001f1a8",Label,true,false
1001f1d0,"LAB_1001f1d0",Label,true,false
1001f1ea,"LAB_1001f1ea",Label,true,false
1001f1ed,"LAB_1001f1ed",Label,true,false
1001f262,"LAB_1001f262",Label,true,false
1001f268,"LAB_1001f268",Label,true,false
1001f290,"LAB_1001f290",Label,true,false
1001f2aa,"LAB_1001f2aa",Label,true,false
1001f2ad,"LAB_1001f2ad",Label,true,false
1001f320,"LAB_1001f320",Label,true,false
1001f32c,"LAB_1001f32c",Label,true,false
1001f333,"LAB_1001f333",Label,true,false
1001f33b,"LAB_1001f33b",Label,true,false
1001f340,"FUN_1001f340",Function,true,true
1001f473,"LAB_1001f473",Label,true,false
1001f478,"LAB_1001f478",Label,true,false
1001f487,"LAB_1001f487",Label,true,false
1001f51d,"LAB_1001f51d",Label,true,false
1001f523,"LAB_1001f523",Label,true,false
1001f5bc,"LAB_1001f5bc",Label,true,false
1001f5c1,"LAB_1001f5c1",Label,true,false
1001f5d2,"LAB_1001f5d2",Label,true,false
1001f5d7,"FUN_1001f5d7",Function,true,true
1001f670,"LAB_1001f670",Label,true,false
1001f691,"LAB_1001f691",Label,true,false
1001f6b2,"LAB_1001f6b2",Label,true,false
1001f71d,"LAB_1001f71d",Label,true,false
1001f723,"LAB_1001f723",Label,true,false
1001f75e,"LAB_1001f75e",Label,true,false
1001f761,"LAB_1001f761",Label,true,false
1001f7ad,"LAB_1001f7ad",Label,true,false
1001f7ed,"LAB_1001f7ed",Label,true,false
1001f809,"LAB_1001f809",Label,true,false
1001f822,"LAB_1001f822",Label,true,false
1001f827,"LAB_1001f827",Label,true,false
1001f835,"LAB_1001f835",Label,true,false
1001f83a,"FUN_1001f83a",Function,true,true
1001f861,"LAB_1001f861",Label,true,false
1001f866,"LAB_1001f866",Label,true,false
1001f90a,"LAB_1001f90a",Label,true,false
1001f921,"LAB_1001f921",Label,true,false
1001f929,"LAB_1001f929",Label,true,false
1001f970,"LAB_1001f970",Label,true,false
1001f97c,"LAB_1001f97c",Label,true,false
1001f9f2,"LAB_1001f9f2",Label,true,false
1001f9f7,"FUN_1001f9f7",Function,true,true
1001fa1e,"LAB_1001fa1e",Label,true,false
1001fa23,"LAB_1001fa23",Label,true,false
1001fab7,"LAB_1001fab7",Label,true,false
1001face,"LAB_1001face",Label,true,false
1001fad6,"LAB_1001fad6",Label,true,false
1001faef,"LAB_1001faef",Label,true,false
1001faf7,"LAB_1001faf7",Label,true,false
1001fb9a,"LAB_1001fb9a",Label,true,false
1001fb9f,"FUN_1001fb9f",Function,true,true
1001fbbf,"LAB_1001fbbf",Label,true,false
1001fbc4,"LAB_1001fbc4",Label,true,false
1001fc79,"LAB_1001fc79",Label,true,false
1001fc9d,"LAB_1001fc9d",Label,true,false
1001fcc1,"LAB_1001fcc1",Label,true,false
1001fce5,"LAB_1001fce5",Label,true,false
1001fd04,"LAB_1001fd04",Label,true,false
1001fd09,"LAB_1001fd09",Label,true,false
1001fd48,"LAB_1001fd48",Label,true,false
1001fd7a,"LAB_1001fd7a",Label,true,false
1001fdac,"LAB_1001fdac",Label,true,false
1001fdd2,"LAB_1001fdd2",Label,true,false
1001fdd9,"LAB_1001fdd9",Label,true,false
1001fe39,"LAB_1001fe39",Label,true,false
1001fe75,"LAB_1001fe75",Label,true,false
1001fe93,"LAB_1001fe93",Label,true,false
1001fef5,"LAB_1001fef5",Label,true,false
1001fefb,"LAB_1001fefb",Label,true,false
1001ff18,"LAB_1001ff18",Label,true,false
1001ff27,"LAB_1001ff27",Label,true,false
1001ff2d,"LAB_1001ff2d",Label,true,false
1001ff4a,"LAB_1001ff4a",Label,true,false
1001ff75,"LAB_1001ff75",Label,true,false
1001ff7b,"LAB_1001ff7b",Label,true,false
1001ff9b,"LAB_1001ff9b",Label,true,false
1001ffd4,"LAB_1001ffd4",Label,true,false
10020006,"LAB_10020006",Label,true,false
10020038,"LAB_10020038",Label,true,false
1002006a,"LAB_1002006a",Label,true,false
10020071,"LAB_10020071",Label,true,false
10020157,"LAB_10020157",Label,true,false
1002016e,"LAB_1002016e",Label,true,false
1002019f,"LAB_1002019f",Label,true,false
100201a4,"FUN_100201a4",Function,true,true
100201c4,"LAB_100201c4",Label,true,false
100201c9,"LAB_100201c9",Label,true,false
10020222,"LAB_10020222",Label,true,false
10020287,"LAB_10020287",Label,true,false
1002028e,"LAB_1002028e",Label,true,false
100202f0,"LAB_100202f0",Label,true,false
100202f6,"LAB_100202f6",Label,true,false
10020313,"LAB_10020313",Label,true,false
10020322,"LAB_10020322",Label,true,false
10020328,"LAB_10020328",Label,true,false
10020345,"LAB_10020345",Label,true,false
10020370,"LAB_10020370",Label,true,false
10020376,"LAB_10020376",Label,true,false
10020396,"LAB_10020396",Label,true,false
10020444,"LAB_10020444",Label,true,false
10020449,"FUN_10020449",Function,true,true
10020469,"LAB_10020469",Label,true,false
1002046e,"LAB_1002046e",Label,true,false
10020490,"LAB_10020490",Label,true,false
1002054d,"LAB_1002054d",Label,true,false
10020567,"LAB_10020567",Label,true,false
10020583,"LAB_10020583",Label,true,false
1002059f,"LAB_1002059f",Label,true,false
100205bb,"LAB_100205bb",Label,true,false
100205d7,"LAB_100205d7",Label,true,false
100205ee,"LAB_100205ee",Label,true,false
10020618,"LAB_10020618",Label,true,false
10020642,"LAB_10020642",Label,true,false
100206e5,"LAB_100206e5",Label,true,false
1002070a,"LAB_1002070a",Label,true,false
10020732,"LAB_10020732",Label,true,false
10020773,"LAB_10020773",Label,true,false
100207ba,"LAB_100207ba",Label,true,false
100207f4,"LAB_100207f4",Label,true,false
100208d9,"LAB_100208d9",Label,true,false
10020a2b,"LAB_10020a2b",Label,true,false
10020a3c,"LAB_10020a3c",Label,true,false
10020a41,"FUN_10020a41",Function,true,true
10020a5e,"LAB_10020a5e",Label,true,false
10020a63,"LAB_10020a63",Label,true,false
10020a81,"LAB_10020a81",Label,true,false
10020ad1,"LAB_10020ad1",Label,true,false
10020ad4,"LAB_10020ad4",Label,true,false
10020aea,"LAB_10020aea",Label,true,false
10020aed,"LAB_10020aed",Label,true,false
10020b48,"LAB_10020b48",Label,true,false
10020b4d,"LAB_10020b4d",Label,true,false
10020b52,"LAB_10020b52",Label,true,false
10020c03,"LAB_10020c03",Label,true,false
10020c06,"LAB_10020c06",Label,true,false
10020c40,"LAB_10020c40",Label,true,false
10020c55,"LAB_10020c55",Label,true,false
10020c6c,"LAB_10020c6c",Label,true,false
10020c84,"LAB_10020c84",Label,true,false
10020c9c,"LAB_10020c9c",Label,true,false
10020cb4,"LAB_10020cb4",Label,true,false
10020cc7,"LAB_10020cc7",Label,true,false
10020d01,"LAB_10020d01",Label,true,false
10020d25,"LAB_10020d25",Label,true,false
10020d33,"LAB_10020d33",Label,true,false
10020d38,"FUN_10020d38",Function,true,true
10020dbf,"FUN_10020dbf",Function,true,true
10020e46,"FUN_10020e46",Function,true,true
10020edf,"FUN_10020edf",Function,true,true
10020efc,"LAB_10020efc",Label,true,false
10020f03,"LAB_10020f03",Label,true,false
10020fc7,"LAB_10020fc7",Label,true,false
10020fea,"LAB_10020fea",Label,true,false
10021000,"LAB_10021000",Label,true,false
10021005,"FUN_10021005",Function,true,true
1002108c,"LAB_1002108c",Label,true,false
1002109b,"FUN_1002109b",Function,true,true
100210de,"LAB_100210de",Label,true,false
100210e3,"FUN_100210e3",Function,true,true
100210fb,"LAB_100210fb",Label,true,false
1002111c,"LAB_1002111c",Label,true,false
100211b9,"LAB_100211b9",Label,true,false
100211be,"FUN_100211be",Function,true,true
100211e0,"LAB_100211e0",Label,true,false
100211f9,"LAB_100211f9",Label,true,false
10021212,"LAB_10021212",Label,true,false
1002122b,"LAB_1002122b",Label,true,false
10021244,"LAB_10021244",Label,true,false
1002125d,"LAB_1002125d",Label,true,false
10021276,"LAB_10021276",Label,true,false
1002128c,"LAB_1002128c",Label,true,false
100212a5,"LAB_100212a5",Label,true,false
100212bb,"LAB_100212bb",Label,true,false
100212d4,"LAB_100212d4",Label,true,false
100212ea,"LAB_100212ea",Label,true,false
10021303,"LAB_10021303",Label,true,false
10021319,"LAB_10021319",Label,true,false
10021332,"LAB_10021332",Label,true,false
1002134b,"LAB_1002134b",Label,true,false
10021364,"LAB_10021364",Label,true,false
1002137d,"LAB_1002137d",Label,true,false
10021396,"LAB_10021396",Label,true,false
100213af,"LAB_100213af",Label,true,false
100213c8,"LAB_100213c8",Label,true,false
100213e1,"LAB_100213e1",Label,true,false
100213fa,"LAB_100213fa",Label,true,false
10021401,"LAB_10021401",Label,true,false
10021409,"LAB_10021409",Label,true,false
1002140e,"FUN_1002140e",Function,true,true
1002142b,"LAB_1002142b",Label,true,false
10021430,"LAB_10021430",Label,true,false
10021444,"LAB_10021444",Label,true,false
1002144e,"LAB_1002144e",Label,true,false
10021480,"LAB_10021480",Label,true,false
1002149a,"LAB_1002149a",Label,true,false
100214c6,"LAB_100214c6",Label,true,false
10021505,"LAB_10021505",Label,true,false
10021512,"LAB_10021512",Label,true,false
10021517,"LAB_10021517",Label,true,false
1002151c,"FUN_1002151c",Function,true,true
10023560,"FUN_10023560",Function,true,true
10023600,"FUN_10023600",Function,true,true
10023684,"LAB_10023684",Label,true,false
1002368b,"LAB_1002368b",Label,true,false
10023715,"LAB_10023715",Label,true,false
10023796,"LAB_10023796",Label,true,false
100237a2,"LAB_100237a2",Label,true,false
100237a5,"LAB_100237a5",Label,true,false
100237cc,"LAB_100237cc",Label,true,false
100237cf,"LAB_100237cf",Label,true,false
100237f3,"LAB_100237f3",Label,true,false
100237fe,"LAB_100237fe",Label,true,false
10023815,"LAB_10023815",Label,true,false
1002381a,"FUN_1002381a",Function,true,true
10023881,"LAB_10023881",Label,true,false
1002389a,"LAB_1002389a",Label,true,false
1002389f,"FUN_1002389f",Function,true,true
10023965,"LAB_10023965",Label,true,false
100239d0,"LAB_100239d0",Label,true,false
10023a0f,"LAB_10023a0f",Label,true,false
10023a12,"LAB_10023a12",Label,true,false
10023a3e,"LAB_10023a3e",Label,true,false
10023a59,"LAB_10023a59",Label,true,false
10023a79,"LAB_10023a79",Label,true,false
10023a83,"LAB_10023a83",Label,true,false
10023a88,"FUN_10023a88",Function,true,true
10023aa9,"LAB_10023aa9",Label,true,false
10023b07,"LAB_10023b07",Label,true,false
10023b0a,"LAB_10023b0a",Label,true,false
10023b26,"LAB_10023b26",Label,true,false
10023b31,"LAB_10023b31",Label,true,false
10023b3f,"LAB_10023b3f",Label,true,false
10023b44,"LAB_10023b44",Label,true,false
10023b52,"LAB_10023b52",Label,true,false
10023b57,"LAB_10023b57",Label,true,false
10023b61,"LAB_10023b61",Label,true,false
10023b66,"FUN_10023b66",Function,true,true
10023bdf,"LAB_10023bdf",Label,true,false
10023be5,"LAB_10023be5",Label,true,false
10023c31,"LAB_10023c31",Label,true,false
10023c53,"LAB_10023c53",Label,true,false
10023c58,"FUN_10023c58",Function,true,true
10023d18,"LAB_10023d18",Label,true,false
10023d1d,"FUN_10023d1d",Function,true,true
10023d3c,"LAB_10023d3c",Label,true,false
10023d74,"LAB_10023d74",Label,true,false
10023d8b,"LAB_10023d8b",Label,true,false
10023d9f,"LAB_10023d9f",Label,true,false
10023df4,"LAB_10023df4",Label,true,false
10023df9,"LAB_10023df9",Label,true,false
10023e24,"LAB_10023e24",Label,true,false
10023e2e,"LAB_10023e2e",Label,true,false
10023e33,"FUN_10023e33",Function,true,true
10023e66,"LAB_10023e66",Label,true,false
10023e82,"FUN_10023e82",Function,true,true
10023e92,"LAB_10023e92",Label,true,false
10023eca,"LAB_10023eca",Label,true,false
10023ecf,"LAB_10023ecf",Label,true,false
10023ed4,"LAB_10023ed4",Label,true,false
10023edc,"LAB_10023edc",Label,true,false
10023ee1,"FUN_10023ee1",Function,true,true
10023f26,"LAB_10023f26",Label,true,false
10024180,"FUN_10024180",Function,true,true
1002418b,"FUN_1002418b",Function,true,true
10024196,"FUN_10024196",Function,true,true
100241a3,"LAB_100241a3",Label,true,false
100241a8,"FUN_100241a8",Function,true,true
100241b5,"LAB_100241b5",Label,true,false
100241ba,"FUN_100241ba",Function,true,true
100241c7,"LAB_100241c7",Label,true,false
100241cc,"FUN_100241cc",Function,true,true
100241d9,"LAB_100241d9",Label,true,false
100241de,"FUN_100241de",Function,true,true
100241eb,"LAB_100241eb",Label,true,false
100241f0,"FUN_100241f0",Function,true,true
100241fb,"FUN_100241fb",Function,true,true
10024208,"LAB_10024208",Label,true,false
1002420d,"FUN_1002420d",Function,true,true
1002421a,"LAB_1002421a",Label,true,false
1002421f,"FUN_1002421f",Function,true,true
1002422c,"LAB_1002422c",Label,true,false
10024231,"FUN_10024231",Function,true,true
1002423e,"LAB_1002423e",Label,true,false
10024243,"FUN_10024243",Function,true,true
1002424e,"FUN_1002424e",Function,true,true
1002425b,"LAB_1002425b",Label,true,false
10024260,"FUN_10024260",Function,true,true
1002426d,"LAB_1002426d",Label,true,false
10024272,"FUN_10024272",Function,true,true
1002427f,"LAB_1002427f",Label,true,false
10024284,"FUN_10024284",Function,true,true
10024291,"LAB_10024291",Label,true,false
10024296,"FUN_10024296",Function,true,true
100242a3,"LAB_100242a3",Label,true,false
100242a8,"FUN_100242a8",Function,true,true
100242b5,"LAB_100242b5",Label,true,false
100242ba,"FUN_100242ba",Function,true,true
100242c5,"FUN_100242c5",Function,true,true
100242d2,"LAB_100242d2",Label,true,false
100242d7,"FUN_100242d7",Function,true,true
100242e4,"LAB_100242e4",Label,true,false
100242e9,"FUN_100242e9",Function,true,true
100242f6,"LAB_100242f6",Label,true,false
100242fb,"FUN_100242fb",Function,true,true
10024308,"LAB_10024308",Label,true,false
1002430d,"FUN_1002430d",Function,true,true
1002431a,"LAB_1002431a",Label,true,false
1002431f,"FUN_1002431f",Function,true,true
1002432c,"LAB_1002432c",Label,true,false
10024331,"FUN_10024331",Function,true,true
1002433c,"FUN_1002433c",Function,true,true
10024349,"LAB_10024349",Label,true,false
1002434e,"FUN_1002434e",Function,true,true
1002435b,"LAB_1002435b",Label,true,false
10024360,"FUN_10024360",Function,true,true
1002436d,"LAB_1002436d",Label,true,false
10024372,"FUN_10024372",Function,true,true
1002437f,"LAB_1002437f",Label,true,false
10024410,"FUN_10024410",Function,true,true
1002448f,"LAB_1002448f",Label,true,false
10024499,"LAB_10024499",Label,true,false
1002449e,"FUN_1002449e",Function,true,true
100244b8,"LAB_100244b8",Label,true,false
100244ea,"LAB_100244ea",Label,true,false
100244f1,"LAB_100244f1",Label,true,false
10024562,"LAB_10024562",Label,true,false
10024573,"LAB_10024573",Label,true,false
1002457a,"LAB_1002457a",Label,true,false
100245c2,"LAB_100245c2",Label,true,false
100245dd,"LAB_100245dd",Label,true,false
100245f7,"LAB_100245f7",Label,true,false
10024612,"LAB_10024612",Label,true,false
1002461e,"LAB_1002461e",Label,true,false
10024623,"LAB_10024623",Label,true,false
1002463d,"LAB_1002463d",Label,true,false
10024640,"LAB_10024640",Label,true,false
100246cf,"LAB_100246cf",Label,true,false
100246d4,"LAB_100246d4",Label,true,false
10024708,"LAB_10024708",Label,true,false
1002470d,"LAB_1002470d",Label,true,false
10024719,"LAB_10024719",Label,true,false
10024720,"LAB_10024720",Label,true,false
10024733,"LAB_10024733",Label,true,false
1002474f,"LAB_1002474f",Label,true,false
10024759,"LAB_10024759",Label,true,false
1002475e,"LAB_1002475e",Label,true,false
10024788,"LAB_10024788",Label,true,false
10024793,"LAB_10024793",Label,true,false
10024835,"LAB_10024835",Label,true,false
1002483a,"LAB_1002483a",Label,true,false
10024853,"LAB_10024853",Label,true,false
10024859,"LAB_10024859",Label,true,false
10024897,"LAB_10024897",Label,true,false
100248a6,"LAB_100248a6",Label,true,false
100248ac,"LAB_100248ac",Label,true,false
100248ea,"LAB_100248ea",Label,true,false
100248f9,"LAB_100248f9",Label,true,false
100248ff,"LAB_100248ff",Label,true,false
1002493d,"LAB_1002493d",Label,true,false
1002494c,"LAB_1002494c",Label,true,false
10024952,"LAB_10024952",Label,true,false
10024990,"LAB_10024990",Label,true,false
1002499f,"LAB_1002499f",Label,true,false
100249a5,"LAB_100249a5",Label,true,false
100249e3,"LAB_100249e3",Label,true,false
100249f2,"LAB_100249f2",Label,true,false
100249f8,"LAB_100249f8",Label,true,false
10024a36,"LAB_10024a36",Label,true,false
10024a45,"LAB_10024a45",Label,true,false
10024a4b,"LAB_10024a4b",Label,true,false
10024a89,"LAB_10024a89",Label,true,false
10024a98,"LAB_10024a98",Label,true,false
10024a9e,"LAB_10024a9e",Label,true,false
10024adc,"LAB_10024adc",Label,true,false
10024aeb,"LAB_10024aeb",Label,true,false
10024af1,"LAB_10024af1",Label,true,false
10024b2f,"LAB_10024b2f",Label,true,false
10024b3e,"LAB_10024b3e",Label,true,false
10024b44,"LAB_10024b44",Label,true,false
10024b82,"LAB_10024b82",Label,true,false
10024b91,"LAB_10024b91",Label,true,false
10024b97,"LAB_10024b97",Label,true,false
10024bd5,"LAB_10024bd5",Label,true,false
10024be4,"LAB_10024be4",Label,true,false
10024bea,"LAB_10024bea",Label,true,false
10024c28,"LAB_10024c28",Label,true,false
10024c37,"LAB_10024c37",Label,true,false
10024c3d,"LAB_10024c3d",Label,true,false
10024c7b,"LAB_10024c7b",Label,true,false
10024c8a,"LAB_10024c8a",Label,true,false
10024c90,"LAB_10024c90",Label,true,false
10024cce,"LAB_10024cce",Label,true,false
10024cfb,"LAB_10024cfb",Label,true,false
10024d01,"LAB_10024d01",Label,true,false
10024d77,"LAB_10024d77",Label,true,false
10024d7c,"LAB_10024d7c",Label,true,false
10024da6,"LAB_10024da6",Label,true,false
10024dbc,"LAB_10024dbc",Label,true,false
10024dc1,"caseD_b",Label,false,false
10024ddb,"caseD_c",Label,false,false
10024df6,"LAB_10024df6",Label,true,false
10024e3f,"LAB_10024e3f",Label,true,false
10024ea2,"LAB_10024ea2",Label,true,false
10024ea7,"caseD_d",Label,false,false
10024ed0,"LAB_10024ed0",Label,true,false
10024ef5,"LAB_10024ef5",Label,true,false
10024f22,"LAB_10024f22",Label,true,false
10024f3f,"LAB_10024f3f",Label,true,false
10024f55,"LAB_10024f55",Label,true,false
1002501a,"LAB_1002501a",Label,true,false
10025024,"LAB_10025024",Label,true,false
1002507e,"LAB_1002507e",Label,true,false
100250aa,"LAB_100250aa",Label,true,false
100250c4,"LAB_100250c4",Label,true,false
100250d7,"LAB_100250d7",Label,true,false
100250e1,"LAB_100250e1",Label,true,false
100250fe,"LAB_100250fe",Label,true,false
1002511b,"caseD_f",Label,false,false
1002512e,"caseD_e",Label,false,false
10025161,"LAB_10025161",Label,true,false
1002516b,"LAB_1002516b",Label,true,false
10025170,"caseD_12",Label,false,false
1002518d,"caseD_10",Label,false,false
1002518d,"caseD_14",Label,false,false
100251a4,"LAB_100251a4",Label,true,false
100251c7,"caseD_13",Label,false,false
100251e1,"caseD_15",Label,false,false
100251e1,"caseD_16",Label,false,false
100251e1,"caseD_17",Label,false,false
100251f3,"LAB_100251f3",Label,true,false
10025256,"LAB_10025256",Label,true,false
10025259,"LAB_10025259",Label,true,false
100252b8,"LAB_100252b8",Label,true,false
100252c8,"LAB_100252c8",Label,true,false
100252cd,"LAB_100252cd",Label,true,false
1002531e,"LAB_1002531e",Label,true,false
10025341,"LAB_10025341",Label,true,false
1002535f,"LAB_1002535f",Label,true,false
10025370,"caseD_11",Label,false,false
1002537a,"LAB_1002537a",Label,true,false
100253b9,"LAB_100253b9",Label,true,false
100253e9,"switchD",Label,false,false
100253f0,"switchdataD_100253f0",Label,false,false
10025424,"LAB_10025424",Label,true,false
10025449,"default",Label,false,false
10025450,"caseD_1",Label,false,false
100254a2,"LAB_100254a2",Label,true,false
1002556d,"LAB_1002556d",Label,true,false
100255b9,"LAB_100255b9",Label,true,false
100255bc,"LAB_100255bc",Label,true,false
100255f5,"LAB_100255f5",Label,true,false
10025635,"LAB_10025635",Label,true,false
10025648,"LAB_10025648",Label,true,false
100256d4,"LAB_100256d4",Label,true,false
100256d9,"LAB_100256d9",Label,true,false
100259a2,"LAB_100259a2",Label,true,false
100259bb,"LAB_100259bb",Label,true,false
100259d4,"LAB_100259d4",Label,true,false
100259de,"LAB_100259de",Label,true,false
10025a5d,"LAB_10025a5d",Label,true,false
10025b76,"LAB_10025b76",Label,true,false
10025c60,"LAB_10025c60",Label,true,false
10025ce4,"LAB_10025ce4",Label,true,false
10025d31,"LAB_10025d31",Label,true,false
10025d54,"LAB_10025d54",Label,true,false
10025d72,"LAB_10025d72",Label,true,false
10025d79,"LAB_10025d79",Label,true,false
10025dca,"LAB_10025dca",Label,true,false
10025dd4,"caseD_2",Label,false,false
10025ded,"LAB_10025ded",Label,true,false
10025e06,"LAB_10025e06",Label,true,false
10025e1f,"LAB_10025e1f",Label,true,false
10025e63,"LAB_10025e63",Label,true,false
10025e7c,"LAB_10025e7c",Label,true,false
10025e9f,"LAB_10025e9f",Label,true,false
10025eb8,"LAB_10025eb8",Label,true,false
10025ed1,"LAB_10025ed1",Label,true,false
10025ee3,"LAB_10025ee3",Label,true,false
10025f09,"LAB_10025f09",Label,true,false
10025f18,"LAB_10025f18",Label,true,false
10025f36,"LAB_10025f36",Label,true,false
10025f3c,"LAB_10025f3c",Label,true,false
10025f62,"LAB_10025f62",Label,true,false
10025f71,"LAB_10025f71",Label,true,false
10025f77,"LAB_10025f77",Label,true,false
10025fa9,"LAB_10025fa9",Label,true,false
10025fb3,"LAB_10025fb3",Label,true,false
10026076,"LAB_10026076",Label,true,false
10026082,"LAB_10026082",Label,true,false
100260ae,"LAB_100260ae",Label,true,false
10026150,"LAB_10026150",Label,true,false
10026174,"LAB_10026174",Label,true,false
10026187,"LAB_10026187",Label,true,false
100261a5,"LAB_100261a5",Label,true,false
100261c3,"LAB_100261c3",Label,true,false
100261ca,"LAB_100261ca",Label,true,false
10026228,"LAB_10026228",Label,true,false
1002623b,"LAB_1002623b",Label,true,false
10026263,"LAB_10026263",Label,true,false
10026291,"LAB_10026291",Label,true,false
100262b0,"LAB_100262b0",Label,true,false
100262bb,"LAB_100262bb",Label,true,false
100262ef,"LAB_100262ef",Label,true,false
10026368,"LAB_10026368",Label,true,false
1002636f,"LAB_1002636f",Label,true,false
10026392,"LAB_10026392",Label,true,false
10026399,"LAB_10026399",Label,true,false
100263e1,"LAB_100263e1",Label,true,false
100263e6,"LAB_100263e6",Label,true,false
100263fa,"LAB_100263fa",Label,true,false
100264a2,"LAB_100264a2",Label,true,false
1002650a,"LAB_1002650a",Label,true,false
10026511,"LAB_10026511",Label,true,false
1002656c,"caseD_7",Label,false,false
1002657f,"caseD_5",Label,false,false
1002691b,"LAB_1002691b",Label,true,false
10026925,"LAB_10026925",Label,true,false
10026b27,"LAB_10026b27",Label,true,false
10026c9f,"LAB_10026c9f",Label,true,false
10026ccf,"LAB_10026ccf",Label,true,false
10026d9d,"LAB_10026d9d",Label,true,false
10026da0,"LAB_10026da0",Label,true,false
10026dc6,"LAB_10026dc6",Label,true,false
10026dec,"LAB_10026dec",Label,true,false
10026e69,"LAB_10026e69",Label,true,false
10026e70,"LAB_10026e70",Label,true,false
10026e8b,"LAB_10026e8b",Label,true,false
10026e95,"LAB_10026e95",Label,true,false
10026e9c,"caseD_3",Label,false,false
10026e9c,"caseD_4",Label,false,false
10026e9c,"caseD_6",Label,false,false
10026ebc,"LAB_10026ebc",Label,true,false
10026ee8,"switchD",Label,false,false
10026eef,"switchdataD_10026eef",Label,false,false
10026f0b,"LAB_10026f0b",Label,true,false
10026f30,"LAB_10026f30",Label,true,false
10026f62,"LAB_10026f62",Label,true,false
10026f8d,"LAB_10026f8d",Label,true,false
10026fd8,"LAB_10026fd8",Label,true,false
10027013,"LAB_10027013",Label,true,false
1002702f,"LAB_1002702f",Label,true,false
10027036,"FUN_10027036",Function,true,true
1002707c,"FUN_1002707c",Function,true,true
10027181,"FUN_10027181",Function,true,true
100271c1,"LAB_100271c1",Label,true,false
100271fb,"LAB_100271fb",Label,true,false
100272ab,"LAB_100272ab",Label,true,false
100272b9,"LAB_100272b9",Label,true,false
100272be,"FUN_100272be",Function,true,true
100272e2,"LAB_100272e2",Label,true,false
100272e5,"LAB_100272e5",Label,true,false
1002730a,"LAB_1002730a",Label,true,false
1002730f,"LAB_1002730f",Label,true,false
10027328,"LAB_10027328",Label,true,false
10027335,"FUN_10027335",Function,true,true
1002738d,"LAB_1002738d",Label,true,false
100273a3,"LAB_100273a3",Label,true,false
100273c5,"LAB_100273c5",Label,true,false
100273cd,"LAB_100273cd",Label,true,false
100273d2,"FUN_100273d2",Function,true,true
100273ec,"LAB_100273ec",Label,true,false
10027442,"LAB_10027442",Label,true,false
100274b0,"LAB_100274b0",Label,true,false
100274b6,"LAB_100274b6",Label,true,false
1002757c,"LAB_1002757c",Label,true,false
1002759f,"LAB_1002759f",Label,true,false
100275d4,"LAB_100275d4",Label,true,false
1002760a,"LAB_1002760a",Label,true,false
1002760f,"LAB_1002760f",Label,true,false
1002765c,"LAB_1002765c",Label,true,false
100276e7,"LAB_100276e7",Label,true,false
100276f8,"LAB_100276f8",Label,true,false
10027724,"LAB_10027724",Label,true,false
10027730,"LAB_10027730",Label,true,false
1002773a,"LAB_1002773a",Label,true,false
10027783,"LAB_10027783",Label,true,false
100277da,"LAB_100277da",Label,true,false
100277f7,"LAB_100277f7",Label,true,false
10027801,"LAB_10027801",Label,true,false
1002780d,"LAB_1002780d",Label,true,false
10027835,"LAB_10027835",Label,true,false
1002786a,"LAB_1002786a",Label,true,false
10027871,"FUN_10027871",Function,true,true
100278d9,"LAB_100278d9",Label,true,false
100278e4,"LAB_100278e4",Label,true,false
100278e9,"FUN_100278e9",Function,true,true
10027904,"LAB_10027904",Label,true,false
10027910,"LAB_10027910",Label,true,false
10027913,"LAB_10027913",Label,true,false
1002793b,"LAB_1002793b",Label,true,false
100279fb,"LAB_100279fb",Label,true,false
10027a00,"FUN_10027a00",Function,true,true
10027a18,"LAB_10027a18",Label,true,false
10027a5c,"LAB_10027a5c",Label,true,false
10027a61,"FUN_10027a61",Function,true,true
10027a7c,"LAB_10027a7c",Label,true,false
10027ad6,"LAB_10027ad6",Label,true,false
10027adb,"FUN_10027adb",Function,true,true
10027af6,"LAB_10027af6",Label,true,false
10027b38,"LAB_10027b38",Label,true,false
10027b3d,"FUN_10027b3d",Function,true,true
10027b58,"LAB_10027b58",Label,true,false
10027b91,"LAB_10027b91",Label,true,false
10027b96,"FUN_10027b96",Function,true,true
10027bb1,"LAB_10027bb1",Label,true,false
10027c01,"LAB_10027c01",Label,true,false
10028a10,"FUN_10028a10",Function,true,true
10028a34,"LAB_10028a34",Label,true,false
10028a6a,"LAB_10028a6a",Label,true,false
10028ab6,"LAB_10028ab6",Label,true,false
10028ac2,"LAB_10028ac2",Label,true,false
10028ba6,"LAB_10028ba6",Label,true,false
10028bb0,"LAB_10028bb0",Label,true,false
10028bd6,"LAB_10028bd6",Label,true,false
10028be7,"LAB_10028be7",Label,true,false
10028bec,"LAB_10028bec",Label,true,false
10028bf3,"LAB_10028bf3",Label,true,false
10028c10,"LAB_10028c10",Label,true,false
10028c17,"LAB_10028c17",Label,true,false
10028c74,"LAB_10028c74",Label,true,false
10028c7c,"LAB_10028c7c",Label,true,false
10028c81,"FUN_10028c81",Function,true,true
10028c98,"LAB_10028c98",Label,true,false
10028cd8,"LAB_10028cd8",Label,true,false
10028ce4,"LAB_10028ce4",Label,true,false
10028d06,"LAB_10028d06",Label,true,false
10028d0d,"LAB_10028d0d",Label,true,false
10028d12,"FUN_10028d12",Function,true,true
10028d2f,"LAB_10028d2f",Label,true,false
10028d36,"LAB_10028d36",Label,true,false
10028d47,"LAB_10028d47",Label,true,false
10028d7d,"LAB_10028d7d",Label,true,false
10028dba,"LAB_10028dba",Label,true,false
10028dc1,"LAB_10028dc1",Label,true,false
10028de2,"LAB_10028de2",Label,true,false
10028dea,"LAB_10028dea",Label,true,false
10028def,"FUN_10028def",Function,true,true
10028e09,"LAB_10028e09",Label,true,false
10028e3f,"LAB_10028e3f",Label,true,false
10028e86,"LAB_10028e86",Label,true,false
10028ed9,"LAB_10028ed9",Label,true,false
10028ee8,"LAB_10028ee8",Label,true,false
10028efe,"LAB_10028efe",Label,true,false
10028f03,"FUN_10028f03",Function,true,true
10028f18,"LAB_10028f18",Label,true,false
10028f4e,"LAB_10028f4e",Label,true,false
10028f53,"FUN_10028f53",Function,true,true
10028f77,"LAB_10028f77",Label,true,false
10028fc1,"LAB_10028fc1",Label,true,false
10028fd1,"LAB_10028fd1",Label,true,false
10029008,"LAB_10029008",Label,true,false
10029026,"LAB_10029026",Label,true,false
100290ec,"LAB_100290ec",Label,true,false
100290f6,"LAB_100290f6",Label,true,false
1002911c,"LAB_1002911c",Label,true,false
1002912d,"LAB_1002912d",Label,true,false
10029132,"LAB_10029132",Label,true,false
10029139,"LAB_10029139",Label,true,false
10029156,"LAB_10029156",Label,true,false
1002915d,"LAB_1002915d",Label,true,false
100291f8,"LAB_100291f8",Label,true,false
10029200,"LAB_10029200",Label,true,false
10029205,"FUN_10029205",Function,true,true
10029226,"LAB_10029226",Label,true,false
10029232,"LAB_10029232",Label,true,false
10029235,"LAB_10029235",Label,true,false
10029289,"LAB_10029289",Label,true,false
1002928e,"LAB_1002928e",Label,true,false
10029296,"LAB_10029296",Label,true,false
1002929b,"FUN_1002929b",Function,true,true
100292b5,"LAB_100292b5",Label,true,false
100292c8,"LAB_100292c8",Label,true,false
100292cb,"LAB_100292cb",Label,true,false
1002931c,"LAB_1002931c",Label,true,false
10029321,"LAB_10029321",Label,true,false
10029351,"LAB_10029351",Label,true,false
10029358,"LAB_10029358",Label,true,false
10029379,"LAB_10029379",Label,true,false
10029381,"LAB_10029381",Label,true,false
10029386,"FUN_10029386",Function,true,true
100293a0,"LAB_100293a0",Label,true,false
100293ea,"LAB_100293ea",Label,true,false
100293fa,"LAB_100293fa",Label,true,false
10029429,"LAB_10029429",Label,true,false
10029430,"LAB_10029430",Label,true,false
10029435,"FUN_10029435",Function,true,true
1002944d,"LAB_1002944d",Label,true,false
10029460,"LAB_10029460",Label,true,false
10029463,"LAB_10029463",Label,true,false
100294d6,"LAB_100294d6",Label,true,false
100294e7,"LAB_100294e7",Label,true,false
100294ea,"LAB_100294ea",Label,true,false
1002959f,"LAB_1002959f",Label,true,false
100295a4,"LAB_100295a4",Label,true,false
100295a9,"FUN_100295a9",Function,true,true
100295be,"LAB_100295be",Label,true,false
100295c1,"LAB_100295c1",Label,true,false
100295e8,"LAB_100295e8",Label,true,false
100298f0,"FUN_100298f0",Function,true,true
10029922,"LAB_10029922",Label,true,false
10029980,"LAB_10029980",Label,true,false
100299cf,"LAB_100299cf",Label,true,false
100299d2,"LAB_100299d2",Label,true,false
10029a7c,"LAB_10029a7c",Label,true,false
10029ace,"LAB_10029ace",Label,true,false
10029ae4,"LAB_10029ae4",Label,true,false
10029b3e,"LAB_10029b3e",Label,true,false
10029b4a,"LAB_10029b4a",Label,true,false
10029b4d,"LAB_10029b4d",Label,true,false
10029b8a,"LAB_10029b8a",Label,true,false
10029bac,"LAB_10029bac",Label,true,false
10029baf,"LAB_10029baf",Label,true,false
10029beb,"LAB_10029beb",Label,true,false
10029bf0,"LAB_10029bf0",Label,true,false
10029bfc,"LAB_10029bfc",Label,true,false
10029bff,"LAB_10029bff",Label,true,false
10029c3d,"LAB_10029c3d",Label,true,false
10029c42,"LAB_10029c42",Label,true,false
10029c4e,"LAB_10029c4e",Label,true,false
10029c51,"LAB_10029c51",Label,true,false
10029c8f,"LAB_10029c8f",Label,true,false
10029c94,"LAB_10029c94",Label,true,false
10029ca3,"LAB_10029ca3",Label,true,false
10029ca9,"LAB_10029ca9",Label,true,false
10029cdd,"LAB_10029cdd",Label,true,false
10029d25,"LAB_10029d25",Label,true,false
10029d4d,"LAB_10029d4d",Label,true,false
10029d75,"LAB_10029d75",Label,true,false
10029d9d,"LAB_10029d9d",Label,true,false
10029dc5,"LAB_10029dc5",Label,true,false
10029ded,"LAB_10029ded",Label,true,false
10029e15,"LAB_10029e15",Label,true,false
10029e50,"LAB_10029e50",Label,true,false
10029e8f,"LAB_10029e8f",Label,true,false
10029ea6,"LAB_10029ea6",Label,true,false
10029eab,"LAB_10029eab",Label,true,false
10029eca,"LAB_10029eca",Label,true,false
10029ee9,"LAB_10029ee9",Label,true,false
10029f05,"LAB_10029f05",Label,true,false
10029f1d,"LAB_10029f1d",Label,true,false
10029f25,"LAB_10029f25",Label,true,false
10029f5d,"LAB_10029f5d",Label,true,false
10029f6c,"LAB_10029f6c",Label,true,false
10029f72,"LAB_10029f72",Label,true,false
10029fe1,"LAB_10029fe1",Label,true,false
1002a025,"LAB_1002a025",Label,true,false
1002a069,"LAB_1002a069",Label,true,false
1002a0ad,"LAB_1002a0ad",Label,true,false
1002a0f1,"LAB_1002a0f1",Label,true,false
1002a14e,"LAB_1002a14e",Label,true,false
1002a192,"LAB_1002a192",Label,true,false
1002a1d6,"LAB_1002a1d6",Label,true,false
1002a21a,"LAB_1002a21a",Label,true,false
1002a25e,"LAB_1002a25e",Label,true,false
1002a263,"LAB_1002a263",Label,true,false
1002a26d,"LAB_1002a26d",Label,true,false
1002a272,"FUN_1002a272",Function,true,true
1002a294,"LAB_1002a294",Label,true,false
1002a2a3,"FUN_1002a2a3",Function,true,true
1002a2bf,"LAB_1002a2bf",Label,true,false
1002a2c2,"LAB_1002a2c2",Label,true,false
1002a32b,"LAB_1002a32b",Label,true,false
1002a3c4,"LAB_1002a3c4",Label,true,false
1002a3c7,"LAB_1002a3c7",Label,true,false
1002a4da,"LAB_1002a4da",Label,true,false
1002a4e1,"LAB_1002a4e1",Label,true,false
1002a4eb,"LAB_1002a4eb",Label,true,false
1002a4f3,"LAB_1002a4f3",Label,true,false
1002a4f8,"FUN_1002a4f8",Function,true,true
1002a51a,"LAB_1002a51a",Label,true,false
1002a529,"FUN_1002a529",Function,true,true
1002a582,"LAB_1002a582",Label,true,false
1002a58b,"LAB_1002a58b",Label,true,false
1002a590,"LAB_1002a590",Label,true,false
1002a5d2,"LAB_1002a5d2",Label,true,false
1002a5e1,"LAB_1002a5e1",Label,true,false
1002a5f1,"LAB_1002a5f1",Label,true,false
1002a940,"FUN_1002a940",Function,true,true
1002a9b6,"LAB_1002a9b6",Label,true,false
1002a9c0,"LAB_1002a9c0",Label,true,false
1002a9c5,"FUN_1002a9c5",Function,true,true
1002a9df,"LAB_1002a9df",Label,true,false
1002aa09,"LAB_1002aa09",Label,true,false
1002ab1b,"LAB_1002ab1b",Label,true,false
1002ab34,"LAB_1002ab34",Label,true,false
1002ab4e,"caseD_64",Label,false,false
1002ab86,"caseD_65",Label,false,false
1002abbe,"caseD_1",Label,false,false
1002abbe,"caseD_2",Label,false,false
1002abbe,"caseD_3",Label,false,false
1002abf3,"LAB_1002abf3",Label,true,false
1002ac16,"LAB_1002ac16",Label,true,false
1002ac39,"LAB_1002ac39",Label,true,false
1002ac3e,"caseD_4",Label,false,false
1002ac59,"LAB_1002ac59",Label,true,false
1002ac5e,"caseD_5",Label,false,false
1002ac79,"LAB_1002ac79",Label,true,false
1002ac7e,"caseD_6",Label,false,false
1002ac99,"LAB_1002ac99",Label,true,false
1002ac9e,"caseD_7",Label,false,false
1002acb9,"LAB_1002acb9",Label,true,false
1002acbe,"caseD_8",Label,false,false
1002acd9,"LAB_1002acd9",Label,true,false
1002acde,"caseD_9",Label,false,false
1002acff,"LAB_1002acff",Label,true,false
1002ad13,"LAB_1002ad13",Label,true,false
1002ad18,"caseD_a",Label,false,false
1002ad39,"LAB_1002ad39",Label,true,false
1002ad4d,"LAB_1002ad4d",Label,true,false
1002ad52,"caseD_b",Label,false,false
1002ad73,"LAB_1002ad73",Label,true,false
1002ad87,"LAB_1002ad87",Label,true,false
1002ad8c,"caseD_c",Label,false,false
1002ada3,"LAB_1002ada3",Label,true,false
1002addb,"LAB_1002addb",Label,true,false
1002ade0,"LAB_1002ade0",Label,true,false
1002adf5,"LAB_1002adf5",Label,true,false
1002ae09,"LAB_1002ae09",Label,true,false
1002ae0e,"caseD_d",Label,false,false
1002ae2c,"LAB_1002ae2c",Label,true,false
1002ae31,"caseD_e",Label,false,false
1002ae4f,"LAB_1002ae4f",Label,true,false
1002ae54,"caseD_f",Label,false,false
1002ae72,"LAB_1002ae72",Label,true,false
1002ae77,"caseD_10",Label,false,false
1002ae95,"LAB_1002ae95",Label,true,false
1002ae9a,"caseD_11",Label,false,false
1002aeb8,"LAB_1002aeb8",Label,true,false
1002aebd,"caseD_12",Label,false,false
1002aedb,"LAB_1002aedb",Label,true,false
1002aee0,"caseD_13",Label,false,false
1002aee0,"caseD_14",Label,false,false
1002aee0,"caseD_15",Label,false,false
1002af03,"LAB_1002af03",Label,true,false
1002af3b,"LAB_1002af3b",Label,true,false
1002af5a,"LAB_1002af5a",Label,true,false
1002af79,"LAB_1002af79",Label,true,false
1002af8f,"LAB_1002af8f",Label,true,false
1002af94,"caseD_16",Label,false,false
1002afc6,"LAB_1002afc6",Label,true,false
1002afcb,"caseD_17",Label,false,false
1002afcb,"caseD_18",Label,false,false
1002afcb,"caseD_19",Label,false,false
1002afee,"LAB_1002afee",Label,true,false
1002b026,"LAB_1002b026",Label,true,false
1002b045,"LAB_1002b045",Label,true,false
1002b064,"LAB_1002b064",Label,true,false
1002b07a,"LAB_1002b07a",Label,true,false
1002b07f,"caseD_1a",Label,false,false
1002b07f,"caseD_1b",Label,false,false
1002b07f,"caseD_1c",Label,false,false
1002b0a2,"LAB_1002b0a2",Label,true,false
1002b0da,"LAB_1002b0da",Label,true,false
1002b0f9,"LAB_1002b0f9",Label,true,false
1002b118,"LAB_1002b118",Label,true,false
1002b12e,"LAB_1002b12e",Label,true,false
1002b133,"caseD_1d",Label,false,false
1002b159,"LAB_1002b159",Label,true,false
1002b15e,"caseD_1e",Label,false,false
1002b184,"LAB_1002b184",Label,true,false
1002b189,"caseD_1f",Label,false,false
1002b1af,"LAB_1002b1af",Label,true,false
1002b1b4,"caseD_20",Label,false,false
1002b1da,"LAB_1002b1da",Label,true,false
1002b1df,"caseD_21",Label,false,false
1002b205,"LAB_1002b205",Label,true,false
1002b20a,"caseD_22",Label,false,false
1002b230,"LAB_1002b230",Label,true,false
1002b235,"caseD_23",Label,false,false
1002b25d,"LAB_1002b25d",Label,true,false
1002b262,"caseD_24",Label,false,false
1002b28a,"LAB_1002b28a",Label,true,false
1002b28f,"caseD_25",Label,false,false
1002b2b7,"LAB_1002b2b7",Label,true,false
1002b2bc,"caseD_26",Label,false,false
1002b2e4,"LAB_1002b2e4",Label,true,false
1002b2e9,"caseD_27",Label,false,false
1002b311,"LAB_1002b311",Label,true,false
1002b316,"caseD_28",Label,false,false
1002b33e,"LAB_1002b33e",Label,true,false
1002b343,"caseD_29",Label,false,false
1002b36b,"LAB_1002b36b",Label,true,false
1002b370,"caseD_2a",Label,false,false
1002b398,"LAB_1002b398",Label,true,false
1002b39d,"caseD_2b",Label,false,false
1002b3c5,"LAB_1002b3c5",Label,true,false
1002b3ca,"caseD_2c",Label,false,false
1002b3ee,"LAB_1002b3ee",Label,true,false
1002b3f3,"caseD_2d",Label,false,false
1002b417,"LAB_1002b417",Label,true,false
1002b41c,"caseD_2e",Label,false,false
1002b440,"LAB_1002b440",Label,true,false
1002b445,"caseD_2f",Label,false,false
1002b46d,"LAB_1002b46d",Label,true,false
1002b472,"caseD_30",Label,false,false
1002b472,"caseD_31",Label,false,false
1002b472,"caseD_32",Label,false,false
1002b472,"caseD_33",Label,false,false
1002b472,"caseD_34",Label,false,false
1002b472,"caseD_35",Label,false,false
1002b472,"caseD_36",Label,false,false
1002b472,"caseD_37",Label,false,false
1002b472,"caseD_38",Label,false,false
1002b472,"caseD_39",Label,false,false
1002b472,"caseD_3a",Label,false,false
1002b472,"caseD_3b",Label,false,false
1002b472,"caseD_3c",Label,false,false
1002b472,"caseD_3d",Label,false,false
1002b472,"caseD_3e",Label,false,false
1002b472,"caseD_3f",Label,false,false
1002b472,"caseD_40",Label,false,false
1002b472,"caseD_41",Label,false,false
1002b472,"caseD_42",Label,false,false
1002b472,"caseD_43",Label,false,false
1002b472,"caseD_44",Label,false,false
1002b472,"caseD_45",Label,false,false
1002b472,"caseD_46",Label,false,false
1002b472,"caseD_47",Label,false,false
1002b472,"caseD_48",Label,false,false
1002b472,"caseD_49",Label,false,false
1002b472,"caseD_4a",Label,false,false
1002b472,"caseD_4b",Label,false,false
1002b472,"caseD_4c",Label,false,false
1002b472,"caseD_4d",Label,false,false
1002b472,"caseD_4e",Label,false,false
1002b472,"caseD_4f",Label,false,false
1002b472,"caseD_50",Label,false,false
1002b472,"caseD_51",Label,false,false
1002b472,"caseD_52",Label,false,false
1002b472,"caseD_53",Label,false,false
1002b472,"caseD_54",Label,false,false
1002b472,"caseD_55",Label,false,false
1002b472,"caseD_56",Label,false,false
1002b472,"caseD_57",Label,false,false
1002b472,"caseD_58",Label,false,false
1002b472,"caseD_59",Label,false,false
1002b472,"caseD_5a",Label,false,false
1002b472,"caseD_5b",Label,false,false
1002b472,"caseD_5c",Label,false,false
1002b472,"caseD_5d",Label,false,false
1002b472,"caseD_5e",Label,false,false
1002b472,"caseD_5f",Label,false,false
1002b472,"caseD_60",Label,false,false
1002b472,"caseD_61",Label,false,false
1002b472,"caseD_62",Label,false,false
1002b472,"caseD_63",Label,false,false
1002b47e,"LAB_1002b47e",Label,true,false
1002b49f,"switchD",Label,false,false
1002b4a6,"switchdataD_1002b4a6",Label,false,false
1002b54d,"PTR_caseD_30_1002b54a+3",Label,true,false
1002b54e,"switchdataD_1002b54e",Label,false,false
1002b5b3,"LAB_1002b5b3",Label,true,false
1002b628,"LAB_1002b628",Label,true,false
1002b65b,"LAB_1002b65b",Label,true,false
1002b662,"LAB_1002b662",Label,true,false
1002b708,"LAB_1002b708",Label,true,false
1002b70b,"LAB_1002b70b",Label,true,false
1002b728,"LAB_1002b728",Label,true,false
1002b742,"LAB_1002b742",Label,true,false
1002b750,"LAB_1002b750",Label,true,false
1002b759,"LAB_1002b759",Label,true,false
1002b7b5,"LAB_1002b7b5",Label,true,false
1002b7ce,"LAB_1002b7ce",Label,true,false
1002b7fe,"LAB_1002b7fe",Label,true,false
1002b86b,"LAB_1002b86b",Label,true,false
1002b8c8,"LAB_1002b8c8",Label,true,false
1002b90f,"LAB_1002b90f",Label,true,false
1002b992,"LAB_1002b992",Label,true,false
1002ba4d,"LAB_1002ba4d",Label,true,false
1002bacb,"LAB_1002bacb",Label,true,false
1002bb2e,"LAB_1002bb2e",Label,true,false
1002bb91,"LAB_1002bb91",Label,true,false
1002bd55,"LAB_1002bd55",Label,true,false
1002bdb3,"LAB_1002bdb3",Label,true,false
1002bdba,"LAB_1002bdba",Label,true,false
1002bded,"LAB_1002bded",Label,true,false
1002bdf0,"LAB_1002bdf0",Label,true,false
1002be74,"LAB_1002be74",Label,true,false
1002be79,"LAB_1002be79",Label,true,false
1002be9b,"LAB_1002be9b",Label,true,false
1002bef7,"LAB_1002bef7",Label,true,false
1002befc,"LAB_1002befc",Label,true,false
1002bf03,"LAB_1002bf03",Label,true,false
1002bf67,"LAB_1002bf67",Label,true,false
1002bf6e,"LAB_1002bf6e",Label,true,false
1002bfec,"LAB_1002bfec",Label,true,false
1002c00c,"LAB_1002c00c",Label,true,false
1002c03e,"LAB_1002c03e",Label,true,false
1002c069,"LAB_1002c069",Label,true,false
1002c094,"LAB_1002c094",Label,true,false
1002c0c0,"LAB_1002c0c0",Label,true,false
1002c0c7,"FUN_1002c0c7",Function,true,true
1002c130,"LAB_1002c130",Label,true,false
1002c151,"LAB_1002c151",Label,true,false
1002c16d,"LAB_1002c16d",Label,true,false
1002c17f,"LAB_1002c17f",Label,true,false
1002c1af,"LAB_1002c1af",Label,true,false
1002c1d7,"LAB_1002c1d7",Label,true,false
1002c203,"LAB_1002c203",Label,true,false
1002c21b,"LAB_1002c21b",Label,true,false
1002c220,"FUN_1002c220",Function,true,true
1002c2e9,"LAB_1002c2e9",Label,true,false
1002c305,"LAB_1002c305",Label,true,false
1002c4b7,"LAB_1002c4b7",Label,true,false
1002c4ce,"LAB_1002c4ce",Label,true,false
1002c4d3,"FUN_1002c4d3",Function,true,true
1002c51f,"caseD_e",Label,false,false
1002c536,"caseD_12",Label,false,false
1002c54d,"caseD_11",Label,false,false
1002c564,"caseD_10",Label,false,false
1002c57b,"caseD_f",Label,false,false
1002c592,"caseD_15",Label,false,false
1002c5a9,"caseD_16",Label,false,false
1002c5c0,"caseD_17",Label,false,false
1002c5d7,"caseD_18",Label,false,false
1002c5ee,"caseD_19",Label,false,false
1002c605,"caseD_1a",Label,false,false
1002c61c,"caseD_1b",Label,false,false
1002c633,"caseD_1d",Label,false,false
1002c64a,"caseD_1e",Label,false,false
1002c661,"caseD_1f",Label,false,false
1002c678,"caseD_20",Label,false,false
1002c68f,"caseD_21",Label,false,false
1002c6a6,"caseD_22",Label,false,false
1002c6bd,"caseD_b",Label,false,false
1002c6d4,"caseD_a",Label,false,false
1002c6eb,"caseD_c",Label,false,false
1002c702,"caseD_d",Label,false,false
1002c702,"caseD_13",Label,false,false
1002c702,"caseD_14",Label,false,false
1002c702,"caseD_1c",Label,false,false
1002c71e,"LAB_1002c71e",Label,true,false
1002c72f,"switchD",Label,false,false
1002c736,"switchdataD_1002c736",Label,false,false
1002c79a,"LAB_1002c79a",Label,true,false
1002c7e8,"FUN_1002c7e8",Function,true,true
1002c988,"LAB_1002c988",Label,true,false
1002cb0b,"LAB_1002cb0b",Label,true,false
1002cb49,"LAB_1002cb49",Label,true,false
1002cb87,"LAB_1002cb87",Label,true,false
1002cbc5,"LAB_1002cbc5",Label,true,false
1002cc03,"LAB_1002cc03",Label,true,false
1002cc41,"LAB_1002cc41",Label,true,false
1002cc81,"LAB_1002cc81",Label,true,false
1002ccc1,"LAB_1002ccc1",Label,true,false
1002cd02,"LAB_1002cd02",Label,true,false
1002cd43,"LAB_1002cd43",Label,true,false
1002cd84,"LAB_1002cd84",Label,true,false
1002cdc5,"LAB_1002cdc5",Label,true,false
1002ce01,"LAB_1002ce01",Label,true,false
1002ce3d,"LAB_1002ce3d",Label,true,false
1002ce79,"LAB_1002ce79",Label,true,false
1002ceb5,"LAB_1002ceb5",Label,true,false
1002cef1,"LAB_1002cef1",Label,true,false
1002cf2d,"LAB_1002cf2d",Label,true,false
1002cf32,"FUN_1002cf32",Function,true,true
1002cf46,"caseD_e",Label,false,false
1002cf6f,"LAB_1002cf6f",Label,true,false
1002cf76,"caseD_12",Label,false,false
1002cf9f,"LAB_1002cf9f",Label,true,false
1002cfa6,"caseD_11",Label,false,false
1002cfcf,"LAB_1002cfcf",Label,true,false
1002cfd6,"caseD_10",Label,false,false
1002cfff,"LAB_1002cfff",Label,true,false
1002d006,"caseD_f",Label,false,false
1002d02f,"LAB_1002d02f",Label,true,false
1002d036,"caseD_8",Label,false,false
1002d062,"LAB_1002d062",Label,true,false
1002d069,"caseD_4",Label,false,false
1002d092,"LAB_1002d092",Label,true,false
1002d099,"caseD_1",Label,false,false
1002d0c2,"LAB_1002d0c2",Label,true,false
1002d0c9,"caseD_2",Label,false,false
1002d0f2,"LAB_1002d0f2",Label,true,false
1002d0f9,"caseD_b",Label,false,false
1002d122,"LAB_1002d122",Label,true,false
1002d129,"caseD_a",Label,false,false
1002d152,"LAB_1002d152",Label,true,false
1002d159,"caseD_5",Label,false,false
1002d184,"LAB_1002d184",Label,true,false
1002d18b,"caseD_7",Label,false,false
1002d1b7,"LAB_1002d1b7",Label,true,false
1002d1be,"caseD_c",Label,false,false
1002d1ea,"LAB_1002d1ea",Label,true,false
1002d1f1,"caseD_6",Label,false,false
1002d21d,"LAB_1002d21d",Label,true,false
1002d224,"caseD_3",Label,false,false
1002d24d,"LAB_1002d24d",Label,true,false
1002d254,"caseD_9",Label,false,false
1002d280,"LAB_1002d280",Label,true,false
1002d287,"caseD_13",Label,false,false
1002d287,"caseD_15",Label,false,false
1002d2a5,"LAB_1002d2a5",Label,true,false
1002d2ac,"caseD_16",Label,false,false
1002d2ca,"LAB_1002d2ca",Label,true,false
1002d2d1,"caseD_17",Label,false,false
1002d2f2,"LAB_1002d2f2",Label,true,false
1002d2f9,"caseD_18",Label,false,false
1002d31a,"LAB_1002d31a",Label,true,false
1002d321,"caseD_19",Label,false,false
1002d342,"LAB_1002d342",Label,true,false
1002d349,"caseD_1a",Label,false,false
1002d36a,"LAB_1002d36a",Label,true,false
1002d371,"caseD_1b",Label,false,false
1002d392,"LAB_1002d392",Label,true,false
1002d399,"caseD_1d",Label,false,false
1002d3bd,"LAB_1002d3bd",Label,true,false
1002d3c7,"caseD_1e",Label,false,false
1002d3eb,"LAB_1002d3eb",Label,true,false
1002d3f5,"caseD_1f",Label,false,false
1002d419,"LAB_1002d419",Label,true,false
1002d423,"caseD_20",Label,false,false
1002d449,"LAB_1002d449",Label,true,false
1002d453,"caseD_21",Label,false,false
1002d477,"LAB_1002d477",Label,true,false
1002d481,"caseD_22",Label,false,false
1002d4a5,"LAB_1002d4a5",Label,true,false
1002d4af,"caseD_d",Label,false,false
1002d4af,"caseD_14",Label,false,false
1002d4af,"caseD_1c",Label,false,false
1002d4bb,"LAB_1002d4bb",Label,true,false
1002d4cb,"switchD",Label,false,false
1002d4d2,"switchdataD_1002d4d2",Label,false,false
1002d55a,"LAB_1002d55a",Label,true,false
1002d55f,"FUN_1002d55f",Function,true,true
1002d5e1,"LAB_1002d5e1",Label,true,false
1002d5fa,"LAB_1002d5fa",Label,true,false
1002d5ff,"LAB_1002d5ff",Label,true,false
1002d604,"LAB_1002d604",Label,true,false
1002d656,"LAB_1002d656",Label,true,false
1002d66f,"LAB_1002d66f",Label,true,false
1002d674,"LAB_1002d674",Label,true,false
1002d679,"LAB_1002d679",Label,true,false
1002d6cb,"LAB_1002d6cb",Label,true,false
1002d6e4,"LAB_1002d6e4",Label,true,false
1002d6e9,"LAB_1002d6e9",Label,true,false
1002d6ee,"LAB_1002d6ee",Label,true,false
1002d740,"LAB_1002d740",Label,true,false
1002d759,"LAB_1002d759",Label,true,false
1002d75e,"LAB_1002d75e",Label,true,false
1002d763,"LAB_1002d763",Label,true,false
1002d7b5,"LAB_1002d7b5",Label,true,false
1002d7ce,"LAB_1002d7ce",Label,true,false
1002d7d3,"LAB_1002d7d3",Label,true,false
1002d7d8,"LAB_1002d7d8",Label,true,false
1002d82a,"LAB_1002d82a",Label,true,false
1002d843,"LAB_1002d843",Label,true,false
1002d848,"LAB_1002d848",Label,true,false
1002d84d,"LAB_1002d84d",Label,true,false
1002d89f,"LAB_1002d89f",Label,true,false
1002d8b8,"LAB_1002d8b8",Label,true,false
1002d8bd,"LAB_1002d8bd",Label,true,false
1002d8c2,"LAB_1002d8c2",Label,true,false
1002d914,"LAB_1002d914",Label,true,false
1002d92d,"LAB_1002d92d",Label,true,false
1002d932,"LAB_1002d932",Label,true,false
1002d937,"LAB_1002d937",Label,true,false
1002d989,"LAB_1002d989",Label,true,false
1002d9a3,"LAB_1002d9a3",Label,true,false
1002d9a8,"LAB_1002d9a8",Label,true,false
1002d9ad,"LAB_1002d9ad",Label,true,false
1002d9ff,"LAB_1002d9ff",Label,true,false
1002da19,"LAB_1002da19",Label,true,false
1002da1e,"LAB_1002da1e",Label,true,false
1002da23,"LAB_1002da23",Label,true,false
1002da75,"LAB_1002da75",Label,true,false
1002da8c,"LAB_1002da8c",Label,true,false
1002da91,"LAB_1002da91",Label,true,false
1002da96,"LAB_1002da96",Label,true,false
1002dae8,"LAB_1002dae8",Label,true,false
1002daff,"LAB_1002daff",Label,true,false
1002db04,"LAB_1002db04",Label,true,false
1002db09,"LAB_1002db09",Label,true,false
1002db5b,"LAB_1002db5b",Label,true,false
1002db72,"LAB_1002db72",Label,true,false
1002db77,"LAB_1002db77",Label,true,false
1002db7c,"LAB_1002db7c",Label,true,false
1002dbce,"LAB_1002dbce",Label,true,false
1002dbe5,"LAB_1002dbe5",Label,true,false
1002dbea,"LAB_1002dbea",Label,true,false
1002dbef,"LAB_1002dbef",Label,true,false
1002dc41,"LAB_1002dc41",Label,true,false
1002dc58,"LAB_1002dc58",Label,true,false
1002dc5d,"LAB_1002dc5d",Label,true,false
1002dc62,"LAB_1002dc62",Label,true,false
1002dcb4,"LAB_1002dcb4",Label,true,false
1002dccb,"LAB_1002dccb",Label,true,false
1002dcd0,"LAB_1002dcd0",Label,true,false
1002dcd5,"LAB_1002dcd5",Label,true,false
1002dd27,"LAB_1002dd27",Label,true,false
1002dd3e,"LAB_1002dd3e",Label,true,false
1002dd43,"LAB_1002dd43",Label,true,false
1002dd48,"LAB_1002dd48",Label,true,false
1002dd9a,"LAB_1002dd9a",Label,true,false
1002ddb3,"LAB_1002ddb3",Label,true,false
1002ddb8,"LAB_1002ddb8",Label,true,false
1002ddbd,"LAB_1002ddbd",Label,true,false
1002de0f,"LAB_1002de0f",Label,true,false
1002de28,"LAB_1002de28",Label,true,false
1002de2d,"LAB_1002de2d",Label,true,false
1002de32,"LAB_1002de32",Label,true,false
1002de84,"LAB_1002de84",Label,true,false
1002de9d,"LAB_1002de9d",Label,true,false
1002dea2,"LAB_1002dea2",Label,true,false
1002dea7,"LAB_1002dea7",Label,true,false
1002def9,"LAB_1002def9",Label,true,false
1002df12,"LAB_1002df12",Label,true,false
1002df17,"LAB_1002df17",Label,true,false
1002df1c,"LAB_1002df1c",Label,true,false
1002df6e,"LAB_1002df6e",Label,true,false
1002df87,"LAB_1002df87",Label,true,false
1002df8c,"LAB_1002df8c",Label,true,false
1002df91,"LAB_1002df91",Label,true,false
1002dfe3,"LAB_1002dfe3",Label,true,false
1002dffc,"LAB_1002dffc",Label,true,false
1002e001,"LAB_1002e001",Label,true,false
1002e006,"LAB_1002e006",Label,true,false
1002e00d,"LAB_1002e00d",Label,true,false
1002e012,"FUN_1002e012",Function,true,true
1002e071,"LAB_1002e071",Label,true,false
1002e0a7,"LAB_1002e0a7",Label,true,false
1002e0dd,"LAB_1002e0dd",Label,true,false
1002e113,"LAB_1002e113",Label,true,false
1002e149,"LAB_1002e149",Label,true,false
1002e17f,"LAB_1002e17f",Label,true,false
1002e1b5,"LAB_1002e1b5",Label,true,false
1002e1eb,"LAB_1002e1eb",Label,true,false
1002e221,"LAB_1002e221",Label,true,false
1002e257,"LAB_1002e257",Label,true,false
1002e261,"LAB_1002e261",Label,true,false
1002e266,"FUN_1002e266",Function,true,true
1002e2a5,"LAB_1002e2a5",Label,true,false
1002e2a8,"LAB_1002e2a8",Label,true,false
1002e2da,"LAB_1002e2da",Label,true,false
1002e31d,"LAB_1002e31d",Label,true,false
1002e320,"LAB_1002e320",Label,true,false
1002e350,"LAB_1002e350",Label,true,false
1002e386,"LAB_1002e386",Label,true,false
1002e389,"LAB_1002e389",Label,true,false
1002e3bb,"LAB_1002e3bb",Label,true,false
1002e3f1,"LAB_1002e3f1",Label,true,false
1002e3f4,"LAB_1002e3f4",Label,true,false
1002e426,"LAB_1002e426",Label,true,false
1002e469,"LAB_1002e469",Label,true,false
1002e46c,"LAB_1002e46c",Label,true,false
1002e49e,"LAB_1002e49e",Label,true,false
1002e4c0,"LAB_1002e4c0",Label,true,false
1002e4cc,"LAB_1002e4cc",Label,true,false
1002e4cf,"LAB_1002e4cf",Label,true,false
1002e506,"LAB_1002e506",Label,true,false
1002e50b,"LAB_1002e50b",Label,true,false
1002e52a,"LAB_1002e52a",Label,true,false
1002e560,"LAB_1002e560",Label,true,false
1002e563,"LAB_1002e563",Label,true,false
1002e595,"LAB_1002e595",Label,true,false
1002e5d8,"LAB_1002e5d8",Label,true,false
1002e5db,"LAB_1002e5db",Label,true,false
1002e60d,"LAB_1002e60d",Label,true,false
1002e650,"LAB_1002e650",Label,true,false
1002e653,"LAB_1002e653",Label,true,false
1002e685,"LAB_1002e685",Label,true,false
1002e6c8,"LAB_1002e6c8",Label,true,false
1002e6cb,"LAB_1002e6cb",Label,true,false
1002e6fd,"LAB_1002e6fd",Label,true,false
1002e740,"LAB_1002e740",Label,true,false
1002e743,"LAB_1002e743",Label,true,false
1002e775,"LAB_1002e775",Label,true,false
1002e78f,"LAB_1002e78f",Label,true,false
1002e7d2,"LAB_1002e7d2",Label,true,false
1002e7d5,"LAB_1002e7d5",Label,true,false
1002e807,"LAB_1002e807",Label,true,false
1002e84a,"LAB_1002e84a",Label,true,false
1002e84d,"LAB_1002e84d",Label,true,false
1002e87f,"LAB_1002e87f",Label,true,false
1002e884,"FUN_1002e884",Function,true,true
1002e8a3,"LAB_1002e8a3",Label,true,false
1002e8bc,"LAB_1002e8bc",Label,true,false
1002e8d5,"LAB_1002e8d5",Label,true,false
1002e8ee,"LAB_1002e8ee",Label,true,false
1002e907,"LAB_1002e907",Label,true,false
1002e920,"LAB_1002e920",Label,true,false
1002e939,"LAB_1002e939",Label,true,false
1002e952,"LAB_1002e952",Label,true,false
1002e96b,"LAB_1002e96b",Label,true,false
1002e984,"LAB_1002e984",Label,true,false
1002e99d,"LAB_1002e99d",Label,true,false
1002e9b6,"LAB_1002e9b6",Label,true,false
1002e9bb,"FUN_1002e9bb",Function,true,true
1002e9e5,"LAB_1002e9e5",Label,true,false
1002ea06,"LAB_1002ea06",Label,true,false
1002ea27,"LAB_1002ea27",Label,true,false
1002ea39,"LAB_1002ea39",Label,true,false
1002ea85,"LAB_1002ea85",Label,true,false
1002ea9b,"LAB_1002ea9b",Label,true,false
1002eaac,"LAB_1002eaac",Label,true,false
1002eab4,"LAB_1002eab4",Label,true,false
1002eab9,"FUN_1002eab9",Function,true,true
1002ead3,"LAB_1002ead3",Label,true,false
1002eb4f,"LAB_1002eb4f",Label,true,false
1002eba8,"LAB_1002eba8",Label,true,false
1002ebc5,"LAB_1002ebc5",Label,true,false
1002ebcf,"LAB_1002ebcf",Label,true,false
1002ec18,"LAB_1002ec18",Label,true,false
1002ec6f,"LAB_1002ec6f",Label,true,false
1002ec8c,"LAB_1002ec8c",Label,true,false
1002ec96,"LAB_1002ec96",Label,true,false
1002eca2,"LAB_1002eca2",Label,true,false
1002ecca,"LAB_1002ecca",Label,true,false
1002ecff,"LAB_1002ecff",Label,true,false
1002ed06,"FUN_1002ed06",Function,true,true
1002ed30,"LAB_1002ed30",Label,true,false
1002ed51,"LAB_1002ed51",Label,true,false
1002ed63,"LAB_1002ed63",Label,true,false
1002ed93,"LAB_1002ed93",Label,true,false
1002edb4,"LAB_1002edb4",Label,true,false
1002ede2,"LAB_1002ede2",Label,true,false
1002edf8,"LAB_1002edf8",Label,true,false
1002ee09,"LAB_1002ee09",Label,true,false
1002ee11,"LAB_1002ee11",Label,true,false
1002ee16,"FUN_1002ee16",Function,true,true
1002ee30,"LAB_1002ee30",Label,true,false
1002ee9e,"LAB_1002ee9e",Label,true,false
1002eea6,"LAB_1002eea6",Label,true,false
1002eec2,"LAB_1002eec2",Label,true,false
1002eef8,"LAB_1002eef8",Label,true,false
1002ef0b,"LAB_1002ef0b",Label,true,false
1002ef13,"LAB_1002ef13",Label,true,false
1002ef2d,"LAB_1002ef2d",Label,true,false
1002ef59,"LAB_1002ef59",Label,true,false
1002ef78,"LAB_1002ef78",Label,true,false
1002ef92,"LAB_1002ef92",Label,true,false
1002ef97,"LAB_1002ef97",Label,true,false
1002eff9,"LAB_1002eff9",Label,true,false
1002f00c,"LAB_1002f00c",Label,true,false
1002f01b,"LAB_1002f01b",Label,true,false
1002f021,"LAB_1002f021",Label,true,false
1002f044,"LAB_1002f044",Label,true,false
1002f085,"LAB_1002f085",Label,true,false
1002f08b,"LAB_1002f08b",Label,true,false
1002f0d2,"LAB_1002f0d2",Label,true,false
1002f0d7,"LAB_1002f0d7",Label,true,false
1002f0ed,"LAB_1002f0ed",Label,true,false
1002f103,"LAB_1002f103",Label,true,false
1002f12b,"LAB_1002f12b",Label,true,false
1002f133,"LAB_1002f133",Label,true,false
1002f14d,"LAB_1002f14d",Label,true,false
1002f16c,"LAB_1002f16c",Label,true,false
1002f18b,"LAB_1002f18b",Label,true,false
1002f1b3,"LAB_1002f1b3",Label,true,false
1002f1bb,"LAB_1002f1bb",Label,true,false
1002f1d5,"LAB_1002f1d5",Label,true,false
1002f1f4,"LAB_1002f1f4",Label,true,false
1002f213,"LAB_1002f213",Label,true,false
1002f222,"LAB_1002f222",Label,true,false
1002f257,"LAB_1002f257",Label,true,false
1002f26c,"LAB_1002f26c",Label,true,false
1002f2b5,"LAB_1002f2b5",Label,true,false
1002f30c,"LAB_1002f30c",Label,true,false
1002f329,"LAB_1002f329",Label,true,false
1002f333,"LAB_1002f333",Label,true,false
1002f33f,"LAB_1002f33f",Label,true,false
1002f367,"LAB_1002f367",Label,true,false
1002f39c,"LAB_1002f39c",Label,true,false
1002f3a3,"FUN_1002f3a3",Function,true,true
1002f3bd,"LAB_1002f3bd",Label,true,false
1002f41b,"LAB_1002f41b",Label,true,false
1002f431,"LAB_1002f431",Label,true,false
1002f434,"LAB_1002f434",Label,true,false
1002f467,"LAB_1002f467",Label,true,false
1002f473,"LAB_1002f473",Label,true,false
1002f476,"LAB_1002f476",Label,true,false
1002f48c,"LAB_1002f48c",Label,true,false
1002f48f,"LAB_1002f48f",Label,true,false
1002f4d8,"LAB_1002f4d8",Label,true,false
1002f4f8,"LAB_1002f4f8",Label,true,false
1002f4fd,"LAB_1002f4fd",Label,true,false
1002f502,"LAB_1002f502",Label,true,false
1002f564,"LAB_1002f564",Label,true,false
1002f577,"LAB_1002f577",Label,true,false
1002f586,"LAB_1002f586",Label,true,false
1002f58c,"LAB_1002f58c",Label,true,false
1002f5b2,"LAB_1002f5b2",Label,true,false
1002f5e1,"LAB_1002f5e1",Label,true,false
1002f5e7,"LAB_1002f5e7",Label,true,false
1002f60a,"LAB_1002f60a",Label,true,false
1002f619,"LAB_1002f619",Label,true,false
1002f61f,"LAB_1002f61f",Label,true,false
1002f63b,"LAB_1002f63b",Label,true,false
1002f641,"LAB_1002f641",Label,true,false
1002f6cd,"LAB_1002f6cd",Label,true,false
1002f6d2,"LAB_1002f6d2",Label,true,false
1002f6d7,"LAB_1002f6d7",Label,true,false
1002f6f2,"LAB_1002f6f2",Label,true,false
1002f708,"LAB_1002f708",Label,true,false
1002f723,"LAB_1002f723",Label,true,false
1002f739,"LAB_1002f739",Label,true,false
1002f75a,"LAB_1002f75a",Label,true,false
1002f75d,"LAB_1002f75d",Label,true,false
1002f786,"LAB_1002f786",Label,true,false
1002f7a5,"LAB_1002f7a5",Label,true,false
1002f7c6,"LAB_1002f7c6",Label,true,false
1002f7c9,"LAB_1002f7c9",Label,true,false
1002f7f5,"LAB_1002f7f5",Label,true,false
1002f814,"LAB_1002f814",Label,true,false
1002f828,"LAB_1002f828",Label,true,false
1002f837,"LAB_1002f837",Label,true,false
1002f86c,"LAB_1002f86c",Label,true,false
1002f891,"LAB_1002f891",Label,true,false
1002f8da,"LAB_1002f8da",Label,true,false
1002f931,"LAB_1002f931",Label,true,false
1002f94e,"LAB_1002f94e",Label,true,false
1002f958,"LAB_1002f958",Label,true,false
1002f964,"LAB_1002f964",Label,true,false
1002f98c,"LAB_1002f98c",Label,true,false
1002f9c1,"LAB_1002f9c1",Label,true,false
10030df0,"FUN_10030df0",Function,true,true
10030e6f,"LAB_10030e6f",Label,true,false
10030e79,"LAB_10030e79",Label,true,false
10030e7e,"FUN_10030e7e",Function,true,true
10030e98,"LAB_10030e98",Label,true,false
10030f65,"LAB_10030f65",Label,true,false
10030fa9,"LAB_10030fa9",Label,true,false
10030fb0,"LAB_10030fb0",Label,true,false
10030fef,"LAB_10030fef",Label,true,false
1003100a,"LAB_1003100a",Label,true,false
10031036,"LAB_10031036",Label,true,false
1003103d,"LAB_1003103d",Label,true,false
10031069,"LAB_10031069",Label,true,false
100311ae,"LAB_100311ae",Label,true,false
100311b5,"LAB_100311b5",Label,true,false
100311d5,"LAB_100311d5",Label,true,false
10031207,"LAB_10031207",Label,true,false
10031233,"LAB_10031233",Label,true,false
10031350,"FUN_10031350",Function,true,true
1003138a,"LAB_1003138a",Label,true,false
1003139e,"LAB_1003139e",Label,true,false
100313a8,"LAB_100313a8",Label,true,false
100313ad,"FUN_100313ad",Function,true,true
100313e9,"LAB_100313e9",Label,true,false
100313ee,"FUN_100313ee",Function,true,true
10031425,"FUN_10031425",Function,true,true
10031474,"FUN_10031474",Function,true,true
100314a6,"LAB_100314a6",Label,true,false
100314ad,"LAB_100314ad",Label,true,false
100314bd,"LAB_100314bd",Label,true,false
10031547,"LAB_10031547",Label,true,false
10031553,"LAB_10031553",Label,true,false
10031571,"LAB_10031571",Label,true,false
10031585,"LAB_10031585",Label,true,false
10031599,"LAB_10031599",Label,true,false
100315a5,"LAB_100315a5",Label,true,false
100315b7,"LAB_100315b7",Label,true,false
100315c9,"LAB_100315c9",Label,true,false
100315db,"LAB_100315db",Label,true,false
100315ed,"LAB_100315ed",Label,true,false
100315f7,"LAB_100315f7",Label,true,false
100315fc,"FUN_100315fc",Function,true,true
10031616,"LAB_10031616",Label,true,false
1003162a,"LAB_1003162a",Label,true,false
1003162f,"FUN_1003162f",Function,true,true
10031656,"LAB_10031656",Label,true,false
1003165d,"LAB_1003165d",Label,true,false
10031692,"LAB_10031692",Label,true,false
10031697,"FUN_10031697",Function,true,true
100316be,"LAB_100316be",Label,true,false
100316c5,"LAB_100316c5",Label,true,false
10031728,"LAB_10031728",Label,true,false
1003172e,"LAB_1003172e",Label,true,false
10031754,"LAB_10031754",Label,true,false
1003175a,"LAB_1003175a",Label,true,false
1003177d,"LAB_1003177d",Label,true,false
1003178e,"LAB_1003178e",Label,true,false
100317dc,"LAB_100317dc",Label,true,false
100317e1,"FUN_100317e1",Function,true,true
10031808,"LAB_10031808",Label,true,false
1003180f,"LAB_1003180f",Label,true,false
1003185e,"LAB_1003185e",Label,true,false
10031864,"LAB_10031864",Label,true,false
10031881,"LAB_10031881",Label,true,false
10031887,"LAB_10031887",Label,true,false
100318d7,"LAB_100318d7",Label,true,false
100318dc,"LAB_100318dc",Label,true,false
100318f4,"LAB_100318f4",Label,true,false
100318f9,"FUN_100318f9",Function,true,true
10031975,"LAB_10031975",Label,true,false
1003197a,"FUN_1003197a",Function,true,true
100319a1,"LAB_100319a1",Label,true,false
100319a8,"LAB_100319a8",Label,true,false
10031a15,"LAB_10031a15",Label,true,false
10031a1b,"LAB_10031a1b",Label,true,false
10031a41,"LAB_10031a41",Label,true,false
10031a47,"LAB_10031a47",Label,true,false
10031af0,"LAB_10031af0",Label,true,false
10031af5,"FUN_10031af5",Function,true,true
10031b72,"LAB_10031b72",Label,true,false
10031ba9,"LAB_10031ba9",Label,true,false
10031bb1,"LAB_10031bb1",Label,true,false
10031bb6,"FUN_10031bb6",Function,true,true
10031c5f,"LAB_10031c5f",Label,true,false
10031c69,"LAB_10031c69",Label,true,false
10031c73,"LAB_10031c73",Label,true,false
10031caa,"LAB_10031caa",Label,true,false
10031cb2,"LAB_10031cb2",Label,true,false
10031cb7,"FUN_10031cb7",Function,true,true
10031cd8,"LAB_10031cd8",Label,true,false
10031ce4,"LAB_10031ce4",Label,true,false
10031cf0,"LAB_10031cf0",Label,true,false
10031cfc,"LAB_10031cfc",Label,true,false
10031d0d,"LAB_10031d0d",Label,true,false
10031d30,"LAB_10031d30",Label,true,false
10031dc9,"LAB_10031dc9",Label,true,false
10031dd0,"LAB_10031dd0",Label,true,false
10031df4,"caseD_1",Label,false,false
10031df9,"caseD_4",Label,false,false
10031dfe,"caseD_8",Label,false,false
10031e03,"caseD_10",Label,false,false
10031e0b,"caseD_18",Label,false,false
10031e19,"caseD_20",Label,false,false
10031e27,"LAB_10031e27",Label,true,false
10031e3f,"switchD",Label,false,false
10031e46,"switchdataD_10031e46",Label,false,false
10031e61,"PTR_caseD_2_10031e5e+3",Label,true,false
10031e62,"switchdataD_10031e62",Label,false,false
10031e82,"caseD_2",Label,false,false
10031e82,"caseD_3",Label,false,false
10031e82,"caseD_5",Label,false,false
10031e82,"caseD_6",Label,false,false
10031e82,"caseD_7",Label,false,false
10031e82,"caseD_9",Label,false,false
10031e82,"caseD_a",Label,false,false
10031e82,"caseD_b",Label,false,false
10031e82,"caseD_c",Label,false,false
10031e82,"caseD_d",Label,false,false
10031e82,"caseD_e",Label,false,false
10031e82,"caseD_f",Label,false,false
10031e82,"caseD_11",Label,false,false
10031e82,"caseD_12",Label,false,false
10031e82,"caseD_13",Label,false,false
10031e82,"caseD_14",Label,false,false
10031e82,"caseD_15",Label,false,false
10031e82,"caseD_16",Label,false,false
10031e82,"caseD_17",Label,false,false
10031e82,"caseD_19",Label,false,false
10031e82,"caseD_1a",Label,false,false
10031e82,"caseD_1b",Label,false,false
10031e82,"caseD_1c",Label,false,false
10031e82,"caseD_1d",Label,false,false
10031e82,"caseD_1e",Label,false,false
10031e82,"caseD_1f",Label,false,false
10031e9d,"LAB_10031e9d",Label,true,false
10031f17,"LAB_10031f17",Label,true,false
10031f34,"LAB_10031f34",Label,true,false
10031f77,"LAB_10031f77",Label,true,false
10031f98,"LAB_10031f98",Label,true,false
10031fd1,"LAB_10031fd1",Label,true,false
10031fe8,"LAB_10031fe8",Label,true,false
10031ff2,"LAB_10031ff2",Label,true,false
10031ffe,"LAB_10031ffe",Label,true,false
1003200b,"LAB_1003200b",Label,true,false
10032013,"LAB_10032013",Label,true,false
10032018,"FUN_10032018",Function,true,true
1003206e,"LAB_1003206e",Label,true,false
100320a5,"LAB_100320a5",Label,true,false
100320aa,"FUN_100320aa",Function,true,true
10032148,"LAB_10032148",Label,true,false
1003214e,"LAB_1003214e",Label,true,false
10032174,"LAB_10032174",Label,true,false
1003220e,"LAB_1003220e",Label,true,false
10032214,"LAB_10032214",Label,true,false
10032261,"LAB_10032261",Label,true,false
10032290,"LAB_10032290",Label,true,false
10032296,"LAB_10032296",Label,true,false
10032309,"LAB_10032309",Label,true,false
1003231a,"LAB_1003231a",Label,true,false
10032320,"LAB_10032320",Label,true,false
1003236d,"LAB_1003236d",Label,true,false
10032372,"LAB_10032372",Label,true,false
1003237c,"LAB_1003237c",Label,true,false
10032381,"LAB_10032381",Label,true,false
1003238b,"LAB_1003238b",Label,true,false
10032396,"LAB_10032396",Label,true,false
1003239b,"FUN_1003239b",Function,true,true
100323c1,"FUN_100323c1",Function,true,true
100323e8,"LAB_100323e8",Label,true,false
100323ed,"LAB_100323ed",Label,true,false
10032416,"LAB_10032416",Label,true,false
1003242d,"LAB_1003242d",Label,true,false
10032430,"LAB_10032430",Label,true,false
1003254c,"LAB_1003254c",Label,true,false
1003255d,"LAB_1003255d",Label,true,false
10032562,"FUN_10032562",Function,true,true
1003258c,"LAB_1003258c",Label,true,false
10032591,"LAB_10032591",Label,true,false
100325cd,"LAB_100325cd",Label,true,false
100325d2,"LAB_100325d2",Label,true,false
100325f8,"LAB_100325f8",Label,true,false
10032634,"LAB_10032634",Label,true,false
1003265b,"LAB_1003265b",Label,true,false
10032679,"LAB_10032679",Label,true,false
10032698,"LAB_10032698",Label,true,false
100326b7,"LAB_100326b7",Label,true,false
100326fb,"LAB_100326fb",Label,true,false
1003271d,"LAB_1003271d",Label,true,false
10032731,"LAB_10032731",Label,true,false
1003276b,"LAB_1003276b",Label,true,false
10032794,"LAB_10032794",Label,true,false
10032799,"LAB_10032799",Label,true,false
100327ac,"LAB_100327ac",Label,true,false
100327b1,"FUN_100327b1",Function,true,true
100327ce,"LAB_100327ce",Label,true,false
100327d8,"LAB_100327d8",Label,true,false
10032800,"LAB_10032800",Label,true,false
1003280a,"LAB_1003280a",Label,true,false
1003282d,"LAB_1003282d",Label,true,false
1003286c,"LAB_1003286c",Label,true,false
10032893,"LAB_10032893",Label,true,false
100328b2,"LAB_100328b2",Label,true,false
100328d1,"LAB_100328d1",Label,true,false
10032912,"LAB_10032912",Label,true,false
10032931,"LAB_10032931",Label,true,false
10032947,"LAB_10032947",Label,true,false
1003294d,"LAB_1003294d",Label,true,false
10032952,"LAB_10032952",Label,true,false
10032958,"LAB_10032958",Label,true,false
1003295d,"LAB_1003295d",Label,true,false
10032974,"LAB_10032974",Label,true,false
1003297e,"LAB_1003297e",Label,true,false
10032983,"FUN_10032983",Function,true,true
100329a0,"LAB_100329a0",Label,true,false
100329d8,"LAB_100329d8",Label,true,false
100329ee,"LAB_100329ee",Label,true,false
10032a2e,"LAB_10032a2e",Label,true,false
10032a83,"LAB_10032a83",Label,true,false
10032a88,"FUN_10032a88",Function,true,true
10032a9c,"LAB_10032a9c",Label,true,false
10032ac9,"LAB_10032ac9",Label,true,false
10032ae4,"LAB_10032ae4",Label,true,false
10032b04,"LAB_10032b04",Label,true,false
10032b13,"LAB_10032b13",Label,true,false
10032b18,"FUN_10032b18",Function,true,true
10032bc8,"LAB_10032bc8",Label,true,false
10032bd2,"LAB_10032bd2",Label,true,false
10032bd7,"FUN_10032bd7",Function,true,true
10032d64,"LAB_10032d64",Label,true,false
10032eb6,"LAB_10032eb6",Label,true,false
10032fa0,"LAB_10032fa0",Label,true,false
10032fa5,"FUN_10032fa5",Function,true,true
10033055,"LAB_10033055",Label,true,false
1003306f,"LAB_1003306f",Label,true,false
1003308e,"LAB_1003308e",Label,true,false
100330a8,"LAB_100330a8",Label,true,false
100331d7,"LAB_100331d7",Label,true,false
100331dc,"FUN_100331dc",Function,true,true
100331f8,"FUN_100331f8",Function,true,true
10033228,"LAB_10033228",Label,true,false
10033232,"LAB_10033232",Label,true,false
10033239,"FUN_10033239",Function,true,true
10033256,"LAB_10033256",Label,true,false
10033271,"LAB_10033271",Label,true,false
1003327d,"LAB_1003327d",Label,true,false
10033298,"LAB_10033298",Label,true,false
100332b3,"LAB_100332b3",Label,true,false
100332dd,"LAB_100332dd",Label,true,false
10033304,"LAB_10033304",Label,true,false
10033340,"LAB_10033340",Label,true,false
1003335f,"LAB_1003335f",Label,true,false
10033367,"LAB_10033367",Label,true,false
1003336e,"FUN_1003336e",Function,true,true
100333af,"LAB_100333af",Label,true,false
100333b6,"LAB_100333b6",Label,true,false
100333bb,"FUN_100333bb",Function,true,true
10033462,"LAB_10033462",Label,true,false
10033473,"LAB_10033473",Label,true,false
100334c2,"LAB_100334c2",Label,true,false
100334c7,"FUN_100334c7",Function,true,true
10033525,"LAB_10033525",Label,true,false
10033551,"LAB_10033551",Label,true,false
10033554,"LAB_10033554",Label,true,false
10033580,"LAB_10033580",Label,true,false
10033585,"LAB_10033585",Label,true,false
100335b4,"LAB_100335b4",Label,true,false
100335ba,"LAB_100335ba",Label,true,false
100335bf,"LAB_100335bf",Label,true,false
10033619,"LAB_10033619",Label,true,false
10033623,"LAB_10033623",Label,true,false
10033641,"LAB_10033641",Label,true,false
10033646,"FUN_10033646",Function,true,true
1003366a,"LAB_1003366a",Label,true,false
10033674,"LAB_10033674",Label,true,false
10033680,"LAB_10033680",Label,true,false
10033683,"LAB_10033683",Label,true,false
100336b7,"LAB_100336b7",Label,true,false
100336bc,"LAB_100336bc",Label,true,false
100336c4,"LAB_100336c4",Label,true,false
100336c9,"FUN_100336c9",Function,true,true
100336e6,"LAB_100336e6",Label,true,false
100336ed,"LAB_100336ed",Label,true,false
10033741,"LAB_10033741",Label,true,false
10033751,"LAB_10033751",Label,true,false
10033780,"LAB_10033780",Label,true,false
10033787,"LAB_10033787",Label,true,false
1003378c,"FUN_1003378c",Function,true,true
100337e5,"LAB_100337e5",Label,true,false
100337ea,"FUN_100337ea",Function,true,true
100337fe,"LAB_100337fe",Label,true,false
10033851,"LAB_10033851",Label,true,false
100338a7,"LAB_100338a7",Label,true,false
100338b5,"LAB_100338b5",Label,true,false
100338ed,"LAB_100338ed",Label,true,false
100338f4,"LAB_100338f4",Label,true,false
1003393f,"LAB_1003393f",Label,true,false
10033957,"LAB_10033957",Label,true,false
10033963,"LAB_10033963",Label,true,false
1003398f,"LAB_1003398f",Label,true,false
10033994,"FUN_10033994",Function,true,true
100339d7,"LAB_100339d7",Label,true,false
100339e1,"LAB_100339e1",Label,true,false
10034390,"FUN_10034390",Function,true,true
100343aa,"LAB_100343aa",Label,true,false
100343d9,"LAB_100343d9",Label,true,false
10034447,"LAB_10034447",Label,true,false
1003447a,"LAB_1003447a",Label,true,false
100344a0,"LAB_100344a0",Label,true,false
100344b4,"LAB_100344b4",Label,true,false
100344bc,"LAB_100344bc",Label,true,false
10034510,"FUN_10034510",Function,true,true
10034528,"LAB_10034528",Label,true,false
10034555,"LAB_10034555",Label,true,false
100345c3,"LAB_100345c3",Label,true,false
100345ef,"LAB_100345ef",Label,true,false
1003460f,"LAB_1003460f",Label,true,false
10034621,"LAB_10034621",Label,true,false
10034670,"FUN_10034670",Function,true,true
100346ee,"LAB_100346ee",Label,true,false
100346f8,"LAB_100346f8",Label,true,false
100346fd,"FUN_100346fd",Function,true,true
10034717,"LAB_10034717",Label,true,false
1003477c,"LAB_1003477c",Label,true,false
1003479b,"LAB_1003479b",Label,true,false
10034835,"LAB_10034835",Label,true,false
100348a7,"LAB_100348a7",Label,true,false
100348b7,"LAB_100348b7",Label,true,false
10034987,"LAB_10034987",Label,true,false
1003499b,"LAB_1003499b",Label,true,false
100349b5,"LAB_100349b5",Label,true,false
100349d5,"LAB_100349d5",Label,true,false
10034a07,"LAB_10034a07",Label,true,false
10034a40,"LAB_10034a40",Label,true,false
10034b40,"FUN_10034b40",Function,true,true
10034bdf,"LAB_10034bdf",Label,true,false
10034c05,"LAB_10034c05",Label,true,false
10034c26,"LAB_10034c26",Label,true,false
10034c58,"LAB_10034c58",Label,true,false
10034cae,"LAB_10034cae",Label,true,false
10034cb3,"LAB_10034cb3",Label,true,false
10034d0c,"LAB_10034d0c",Label,true,false
10034d1b,"LAB_10034d1b",Label,true,false
10034d21,"LAB_10034d21",Label,true,false
10034d73,"LAB_10034d73",Label,true,false
10034dac,"LAB_10034dac",Label,true,false
10034dc4,"LAB_10034dc4",Label,true,false
10034e70,"FUN_10034e70",Function,true,true
10034e84,"LAB_10034e84",Label,true,false
10034f1c,"LAB_10034f1c",Label,true,false
10034f21,"LAB_10034f21",Label,true,false
10034f41,"LAB_10034f41",Label,true,false
10034f49,"LAB_10034f49",Label,true,false
10034fc9,"LAB_10034fc9",Label,true,false
10034fd1,"LAB_10034fd1",Label,true,false
10035049,"LAB_10035049",Label,true,false
10035051,"LAB_10035051",Label,true,false
10035077,"LAB_10035077",Label,true,false
100350a9,"LAB_100350a9",Label,true,false
100350c2,"LAB_100350c2",Label,true,false
100350c9,"FUN_100350c9",Function,true,true
1003513f,"LAB_1003513f",Label,true,false
10035149,"LAB_10035149",Label,true,false
1003514e,"FUN_1003514e",Function,true,true
10035168,"LAB_10035168",Label,true,false
10035188,"LAB_10035188",Label,true,false
100351f3,"LAB_100351f3",Label,true,false
100351f9,"LAB_100351f9",Label,true,false
1003521f,"LAB_1003521f",Label,true,false
10035270,"LAB_10035270",Label,true,false
10035275,"LAB_10035275",Label,true,false
1003527c,"caseD_188",Label,false,false
1003529d,"caseD_186",Label,false,false
1003538f,"LAB_1003538f",Label,true,false
100353ed,"LAB_100353ed",Label,true,false
10035442,"LAB_10035442",Label,true,false
1003544e,"LAB_1003544e",Label,true,false
10035458,"LAB_10035458",Label,true,false
100354f1,"LAB_100354f1",Label,true,false
1003553f,"LAB_1003553f",Label,true,false
10035666,"LAB_10035666",Label,true,false
10035670,"caseD_181",Label,false,false
100356db,"LAB_100356db",Label,true,false
10035709,"LAB_10035709",Label,true,false
1003572a,"LAB_1003572a",Label,true,false
10035734,"LAB_10035734",Label,true,false
10035771,"LAB_10035771",Label,true,false
10035777,"LAB_10035777",Label,true,false
100357a7,"LAB_100357a7",Label,true,false
1003584e,"LAB_1003584e",Label,true,false
10035858,"LAB_10035858",Label,true,false
100358bf,"LAB_100358bf",Label,true,false
100358c9,"caseD_184",Label,false,false
100358ff,"LAB_100358ff",Label,true,false
10035905,"LAB_10035905",Label,true,false
10035984,"LAB_10035984",Label,true,false
10035a36,"LAB_10035a36",Label,true,false
10035a57,"LAB_10035a57",Label,true,false
10035ad7,"LAB_10035ad7",Label,true,false
10035ae1,"caseD_182",Label,false,false
10035bd1,"LAB_10035bd1",Label,true,false
10035bd7,"LAB_10035bd7",Label,true,false
10035c0a,"LAB_10035c0a",Label,true,false
10035c54,"LAB_10035c54",Label,true,false
10035c86,"LAB_10035c86",Label,true,false
10035d0f,"LAB_10035d0f",Label,true,false
10035d69,"LAB_10035d69",Label,true,false
10035d7b,"LAB_10035d7b",Label,true,false
10035d85,"LAB_10035d85",Label,true,false
10035da8,"LAB_10035da8",Label,true,false
10035e4b,"LAB_10035e4b",Label,true,false
10035e5e,"LAB_10035e5e",Label,true,false
10035ea9,"LAB_10035ea9",Label,true,false
10035ec2,"LAB_10035ec2",Label,true,false
10035ee3,"LAB_10035ee3",Label,true,false
10035eef,"LAB_10035eef",Label,true,false
10035ef2,"LAB_10035ef2",Label,true,false
10035f1f,"LAB_10035f1f",Label,true,false
10035f24,"LAB_10035f24",Label,true,false
10035f9f,"LAB_10035f9f",Label,true,false
10036011,"LAB_10036011",Label,true,false
10036088,"LAB_10036088",Label,true,false
100360b4,"LAB_100360b4",Label,true,false
100360bb,"LAB_100360bb",Label,true,false
10036120,"LAB_10036120",Label,true,false
10036126,"LAB_10036126",Label,true,false
10036290,"LAB_10036290",Label,true,false
10036297,"LAB_10036297",Label,true,false
100362e8,"LAB_100362e8",Label,true,false
100362f9,"LAB_100362f9",Label,true,false
100363a5,"LAB_100363a5",Label,true,false
100363c7,"LAB_100363c7",Label,true,false
100363f2,"LAB_100363f2",Label,true,false
1003641c,"LAB_1003641c",Label,true,false
10036447,"LAB_10036447",Label,true,false
1003646d,"LAB_1003646d",Label,true,false
10036492,"LAB_10036492",Label,true,false
1003649e,"LAB_1003649e",Label,true,false
100364bc,"LAB_100364bc",Label,true,false
100364da,"LAB_100364da",Label,true,false
10036560,"LAB_10036560",Label,true,false
10036567,"LAB_10036567",Label,true,false
1003657b,"LAB_1003657b",Label,true,false
10036593,"LAB_10036593",Label,true,false
100365a7,"LAB_100365a7",Label,true,false
100365bf,"LAB_100365bf",Label,true,false
100365e1,"LAB_100365e1",Label,true,false
10036603,"LAB_10036603",Label,true,false
10036625,"LAB_10036625",Label,true,false
10036642,"LAB_10036642",Label,true,false
10036649,"caseD_203",Label,false,false
1003665d,"LAB_1003665d",Label,true,false
10036709,"LAB_10036709",Label,true,false
1003670e,"LAB_1003670e",Label,true,false
10036735,"LAB_10036735",Label,true,false
1003673c,"caseD_201",Label,false,false
10036750,"LAB_10036750",Label,true,false
100367c2,"LAB_100367c2",Label,true,false
10036838,"LAB_10036838",Label,true,false
1003683d,"LAB_1003683d",Label,true,false
10036864,"LAB_10036864",Label,true,false
1003686b,"caseD_200",Label,false,false
100368b4,"LAB_100368b4",Label,true,false
1003696a,"LAB_1003696a",Label,true,false
10036970,"LAB_10036970",Label,true,false
100369ef,"LAB_100369ef",Label,true,false
100369f4,"LAB_100369f4",Label,true,false
10036a67,"LAB_10036a67",Label,true,false
10036a6e,"LAB_10036a6e",Label,true,false
10036bc7,"LAB_10036bc7",Label,true,false
10036bcd,"LAB_10036bcd",Label,true,false
10036bf3,"LAB_10036bf3",Label,true,false
10036e57,"LAB_10036e57",Label,true,false
10036eda,"LAB_10036eda",Label,true,false
10036eff,"caseD_204",Label,false,false
10036f13,"LAB_10036f13",Label,true,false
10036fbe,"LAB_10036fbe",Label,true,false
1003700a,"LAB_1003700a",Label,true,false
1003708a,"LAB_1003708a",Label,true,false
10037091,"caseD_183",Label,false,false
10037091,"caseD_185",Label,false,false
10037091,"caseD_187",Label,false,false
10037091,"caseD_202",Label,false,false
100370b1,"LAB_100370b1",Label,true,false
100370e3,"LAB_100370e3",Label,true,false
1003711e,"LAB_1003711e",Label,true,false
10037149,"LAB_10037149",Label,true,false
1003717c,"switchD",Label,false,false
10037183,"switchdataD_10037183",Label,false,false
100371a3,"LAB_100371a3",Label,true,false
100371de,"LAB_100371de",Label,true,false
10037211,"switchD",Label,false,false
10037218,"switchdataD_10037218",Label,false,false
1003722c,"LAB_1003722c",Label,true,false
10037248,"LAB_10037248",Label,true,false
1003724f,"FUN_1003724f",Function,true,true
1003726b,"LAB_1003726b",Label,true,false
1003726e,"LAB_1003726e",Label,true,false
100372b3,"LAB_100372b3",Label,true,false
100372b8,"LAB_100372b8",Label,true,false
100372c0,"LAB_100372c0",Label,true,false
100372c5,"FUN_100372c5",Function,true,true
100373a3,"LAB_100373a3",Label,true,false
100373aa,"LAB_100373aa",Label,true,false
100373af,"FUN_100373af",Function,true,true
100374b1,"LAB_100374b1",Label,true,false
100374ce,"LAB_100374ce",Label,true,false
10037565,"LAB_10037565",Label,true,false
10037594,"LAB_10037594",Label,true,false
100375de,"LAB_100375de",Label,true,false
10037622,"LAB_10037622",Label,true,false
10037627,"FUN_10037627",Function,true,true
100376b9,"LAB_100376b9",Label,true,false
100376c3,"LAB_100376c3",Label,true,false
10037729,"LAB_10037729",Label,true,false
1003772e,"LAB_1003772e",Label,true,false
1003773f,"LAB_1003773f",Label,true,false
100377af,"LAB_100377af",Label,true,false
100377b2,"LAB_100377b2",Label,true,false
100377f0,"LAB_100377f0",Label,true,false
10037837,"FUN_10037837",Function,true,true
10037873,"LAB_10037873",Label,true,false
100378b3,"LAB_100378b3",Label,true,false
100378f4,"LAB_100378f4",Label,true,false
10037907,"LAB_10037907",Label,true,false
1003790c,"LAB_1003790c",Label,true,false
10037985,"LAB_10037985",Label,true,false
1003798a,"FUN_1003798a",Function,true,true
10037a0f,"LAB_10037a0f",Label,true,false
10037a15,"LAB_10037a15",Label,true,false
10037a5b,"LAB_10037a5b",Label,true,false
10037a6a,"LAB_10037a6a",Label,true,false
10037a70,"LAB_10037a70",Label,true,false
10037b2e,"LAB_10037b2e",Label,true,false
10037b33,"LAB_10037b33",Label,true,false
10037b6f,"LAB_10037b6f",Label,true,false
10037b75,"LAB_10037b75",Label,true,false
10037bce,"LAB_10037bce",Label,true,false
10037bd3,"LAB_10037bd3",Label,true,false
10037c37,"FUN_10037c37",Function,true,true
10037caa,"LAB_10037caa",Label,true,false
10037d1d,"LAB_10037d1d",Label,true,false
10037d88,"LAB_10037d88",Label,true,false
10037deb,"LAB_10037deb",Label,true,false
10037df0,"LAB_10037df0",Label,true,false
10037df8,"LAB_10037df8",Label,true,false
10037e1c,"LAB_10037e1c",Label,true,false
10037e4a,"LAB_10037e4a",Label,true,false
10037e60,"LAB_10037e60",Label,true,false
10037e6c,"LAB_10037e6c",Label,true,false
10037e6f,"LAB_10037e6f",Label,true,false
10037e8e,"LAB_10037e8e",Label,true,false
10037ea7,"LAB_10037ea7",Label,true,false
10037ebb,"LAB_10037ebb",Label,true,false
10037ec3,"LAB_10037ec3",Label,true,false
10037ec8,"LAB_10037ec8",Label,true,false
10037ee9,"LAB_10037ee9",Label,true,false
10037f13,"LAB_10037f13",Label,true,false
10037f48,"LAB_10037f48",Label,true,false
10037f87,"LAB_10037f87",Label,true,false
10037f8a,"LAB_10037f8a",Label,true,false
10037fd0,"LAB_10037fd0",Label,true,false
10037fe3,"LAB_10037fe3",Label,true,false
10038024,"LAB_10038024",Label,true,false
10038069,"LAB_10038069",Label,true,false
1003808d,"LAB_1003808d",Label,true,false
10038092,"LAB_10038092",Label,true,false
100380ae,"LAB_100380ae",Label,true,false
100380d0,"LAB_100380d0",Label,true,false
100380f5,"LAB_100380f5",Label,true,false
100380f8,"LAB_100380f8",Label,true,false
1003813e,"LAB_1003813e",Label,true,false
10038143,"LAB_10038143",Label,true,false
1003817f,"LAB_1003817f",Label,true,false
100381c4,"LAB_100381c4",Label,true,false
100381c9,"LAB_100381c9",Label,true,false
100381e3,"LAB_100381e3",Label,true,false
100381e6,"LAB_100381e6",Label,true,false
10038205,"LAB_10038205",Label,true,false
10038282,"LAB_10038282",Label,true,false
10038287,"LAB_10038287",Label,true,false
10038293,"LAB_10038293",Label,true,false
10038296,"LAB_10038296",Label,true,false
100382b5,"LAB_100382b5",Label,true,false
10038332,"LAB_10038332",Label,true,false
10038341,"LAB_10038341",Label,true,false
10038346,"FUN_10038346",Function,true,true
1003836a,"LAB_1003836a",Label,true,false
10038371,"LAB_10038371",Label,true,false
1003838a,"LAB_1003838a",Label,true,false
1003838d,"LAB_1003838d",Label,true,false
100383e2,"LAB_100383e2",Label,true,false
100383e7,"LAB_100383e7",Label,true,false
100383ec,"LAB_100383ec",Label,true,false
100383f8,"LAB_100383f8",Label,true,false
100383fb,"LAB_100383fb",Label,true,false
1003845b,"LAB_1003845b",Label,true,false
10038460,"LAB_10038460",Label,true,false
10038467,"LAB_10038467",Label,true,false
100391f0,"FUN_100391f0",Function,true,true
1003920c,"LAB_1003920c",Label,true,false
1003920f,"LAB_1003920f",Label,true,false
10039263,"LAB_10039263",Label,true,false
10039268,"LAB_10039268",Label,true,false
100392d7,"LAB_100392d7",Label,true,false
100392dc,"FUN_100392dc",Function,true,true
1003930a,"LAB_1003930a",Label,true,false
1003932f,"LAB_1003932f",Label,true,false
10039354,"LAB_10039354",Label,true,false
10039379,"LAB_10039379",Label,true,false
1003939e,"LAB_1003939e",Label,true,false
100393c3,"LAB_100393c3",Label,true,false
100393c8,"LAB_100393c8",Label,true,false
100393db,"LAB_100393db",Label,true,false
100393de,"LAB_100393de",Label,true,false
10039422,"LAB_10039422",Label,true,false
10039427,"LAB_10039427",Label,true,false
1003947a,"LAB_1003947a",Label,true,false
1003947f,"FUN_1003947f",Function,true,true
100394ad,"LAB_100394ad",Label,true,false
100394d2,"LAB_100394d2",Label,true,false
100394f7,"LAB_100394f7",Label,true,false
1003951c,"LAB_1003951c",Label,true,false
10039541,"LAB_10039541",Label,true,false
10039566,"LAB_10039566",Label,true,false
1003958b,"LAB_1003958b",Label,true,false
10039590,"LAB_10039590",Label,true,false
100395d9,"LAB_100395d9",Label,true,false
100395de,"FUN_100395de",Function,true,true
100395fa,"LAB_100395fa",Label,true,false
100395fd,"LAB_100395fd",Label,true,false
10039666,"LAB_10039666",Label,true,false
10039669,"LAB_10039669",Label,true,false
100396d0,"LAB_100396d0",Label,true,false
100396de,"LAB_100396de",Label,true,false
1003971d,"LAB_1003971d",Label,true,false
10039753,"LAB_10039753",Label,true,false
10039756,"LAB_10039756",Label,true,false
100397bd,"LAB_100397bd",Label,true,false
100397c6,"LAB_100397c6",Label,true,false
100397cb,"LAB_100397cb",Label,true,false
100397d0,"FUN_100397d0",Function,true,true
100397fe,"LAB_100397fe",Label,true,false
10039823,"LAB_10039823",Label,true,false
10039848,"LAB_10039848",Label,true,false
1003986d,"LAB_1003986d",Label,true,false
10039892,"LAB_10039892",Label,true,false
100398b7,"LAB_100398b7",Label,true,false
100398bc,"LAB_100398bc",Label,true,false
100398cf,"LAB_100398cf",Label,true,false
100398d2,"LAB_100398d2",Label,true,false
10039927,"LAB_10039927",Label,true,false
1003992a,"LAB_1003992a",Label,true,false
1003998d,"LAB_1003998d",Label,true,false
10039997,"LAB_10039997",Label,true,false
100399c6,"LAB_100399c6",Label,true,false
100399ec,"LAB_100399ec",Label,true,false
100399ef,"LAB_100399ef",Label,true,false
10039a52,"LAB_10039a52",Label,true,false
10039a57,"LAB_10039a57",Label,true,false
10039a5c,"LAB_10039a5c",Label,true,false
10039a61,"FUN_10039a61",Function,true,true
10039a8f,"LAB_10039a8f",Label,true,false
10039ab4,"LAB_10039ab4",Label,true,false
10039ad9,"LAB_10039ad9",Label,true,false
10039afe,"LAB_10039afe",Label,true,false
10039b23,"LAB_10039b23",Label,true,false
10039b48,"LAB_10039b48",Label,true,false
10039b6d,"LAB_10039b6d",Label,true,false
10039b72,"LAB_10039b72",Label,true,false
10039b85,"LAB_10039b85",Label,true,false
10039b88,"LAB_10039b88",Label,true,false
10039bc0,"LAB_10039bc0",Label,true,false
10039bc3,"LAB_10039bc3",Label,true,false
10039c26,"LAB_10039c26",Label,true,false
10039c3f,"LAB_10039c3f",Label,true,false
10039c44,"LAB_10039c44",Label,true,false
10039c49,"FUN_10039c49",Function,true,true
10039c6f,"LAB_10039c6f",Label,true,false
10039c72,"LAB_10039c72",Label,true,false
10039cb9,"LAB_10039cb9",Label,true,false
10039cdf,"LAB_10039cdf",Label,true,false
10039d05,"LAB_10039d05",Label,true,false
10039d2b,"LAB_10039d2b",Label,true,false
10039d51,"LAB_10039d51",Label,true,false
10039d77,"LAB_10039d77",Label,true,false
10039d93,"LAB_10039d93",Label,true,false
10039daf,"LAB_10039daf",Label,true,false
10039dcb,"LAB_10039dcb",Label,true,false
10039de7,"LAB_10039de7",Label,true,false
10039dfe,"LAB_10039dfe",Label,true,false
10039e03,"LAB_10039e03",Label,true,false
10039e08,"LAB_10039e08",Label,true,false
10039e14,"LAB_10039e14",Label,true,false
10039e17,"LAB_10039e17",Label,true,false
10039e5e,"LAB_10039e5e",Label,true,false
10039e84,"LAB_10039e84",Label,true,false
10039eaa,"LAB_10039eaa",Label,true,false
10039ed0,"LAB_10039ed0",Label,true,false
10039ef6,"LAB_10039ef6",Label,true,false
10039f1c,"LAB_10039f1c",Label,true,false
10039f38,"LAB_10039f38",Label,true,false
10039f54,"LAB_10039f54",Label,true,false
10039f70,"LAB_10039f70",Label,true,false
10039f8c,"LAB_10039f8c",Label,true,false
10039fa3,"LAB_10039fa3",Label,true,false
10039fa8,"LAB_10039fa8",Label,true,false
10039fb0,"LAB_10039fb0",Label,true,false
10039fb5,"FUN_10039fb5",Function,true,true
10039fd4,"LAB_10039fd4",Label,true,false
10039fd7,"LAB_10039fd7",Label,true,false
1003a024,"LAB_1003a024",Label,true,false
1003a050,"LAB_1003a050",Label,true,false
1003a07c,"LAB_1003a07c",Label,true,false
1003a0a8,"LAB_1003a0a8",Label,true,false
1003a0d4,"LAB_1003a0d4",Label,true,false
1003a100,"LAB_1003a100",Label,true,false
1003a14a,"LAB_1003a14a",Label,true,false
1003a167,"LAB_1003a167",Label,true,false
1003a184,"LAB_1003a184",Label,true,false
1003a1a1,"LAB_1003a1a1",Label,true,false
1003a1be,"LAB_1003a1be",Label,true,false
1003a1db,"LAB_1003a1db",Label,true,false
1003a220,"LAB_1003a220",Label,true,false
1003a225,"LAB_1003a225",Label,true,false
1003a22a,"LAB_1003a22a",Label,true,false
1003a236,"LAB_1003a236",Label,true,false
1003a239,"LAB_1003a239",Label,true,false
1003a286,"LAB_1003a286",Label,true,false
1003a2b2,"LAB_1003a2b2",Label,true,false
1003a2de,"LAB_1003a2de",Label,true,false
1003a30a,"LAB_1003a30a",Label,true,false
1003a336,"LAB_1003a336",Label,true,false
1003a362,"LAB_1003a362",Label,true,false
1003a3ae,"LAB_1003a3ae",Label,true,false
1003a3cb,"LAB_1003a3cb",Label,true,false
1003a3e8,"LAB_1003a3e8",Label,true,false
1003a405,"LAB_1003a405",Label,true,false
1003a422,"LAB_1003a422",Label,true,false
1003a43f,"LAB_1003a43f",Label,true,false
1003a486,"LAB_1003a486",Label,true,false
1003a48b,"LAB_1003a48b",Label,true,false
1003a490,"FUN_1003a490",Function,true,true
1003a4c9,"LAB_1003a4c9",Label,true,false
1003a4f2,"LAB_1003a4f2",Label,true,false
1003a506,"LAB_1003a506",Label,true,false
1003a50b,"LAB_1003a50b",Label,true,false
1003a531,"LAB_1003a531",Label,true,false
1003a55a,"LAB_1003a55a",Label,true,false
1003a56e,"LAB_1003a56e",Label,true,false
1003aa60,"FUN_1003aa60",Function,true,true
1003ab0d,"LAB_1003ab0d",Label,true,false
1003ab19,"LAB_1003ab19",Label,true,false
1003ab80,"LAB_1003ab80",Label,true,false
1003abc5,"LAB_1003abc5",Label,true,false
1003ac6b,"LAB_1003ac6b",Label,true,false
1003ac86,"LAB_1003ac86",Label,true,false
1003ac8b,"FUN_1003ac8b",Function,true,true
1003acef,"LAB_1003acef",Label,true,false
1003ad0a,"LAB_1003ad0a",Label,true,false
1003ad4c,"LAB_1003ad4c",Label,true,false
1003ad6a,"LAB_1003ad6a",Label,true,false
1003ad9e,"LAB_1003ad9e",Label,true,false
1003ada8,"LAB_1003ada8",Label,true,false
1003adea,"LAB_1003adea",Label,true,false
1003ae06,"LAB_1003ae06",Label,true,false
1003ae28,"LAB_1003ae28",Label,true,false
1003ae37,"LAB_1003ae37",Label,true,false
1003ae3c,"LAB_1003ae3c",Label,true,false
1003aea1,"LAB_1003aea1",Label,true,false
1003aeab,"LAB_1003aeab",Label,true,false
1003aef5,"LAB_1003aef5",Label,true,false
1003af1c,"LAB_1003af1c",Label,true,false
1003af44,"LAB_1003af44",Label,true,false
1003af49,"LAB_1003af49",Label,true,false
1003af55,"LAB_1003af55",Label,true,false
1003af68,"LAB_1003af68",Label,true,false
1003af91,"LAB_1003af91",Label,true,false
1003af9e,"LAB_1003af9e",Label,true,false
1003afa3,"FUN_1003afa3",Function,true,true
1003afde,"LAB_1003afde",Label,true,false
1003b01d,"LAB_1003b01d",Label,true,false
1003b025,"LAB_1003b025",Label,true,false
1003b02a,"FUN_1003b02a",Function,true,true
1003b059,"LAB_1003b059",Label,true,false
1003b05e,"FUN_1003b05e",Function,true,true
1003b077,"LAB_1003b077",Label,true,false
1003b084,"LAB_1003b084",Label,true,false
1003b089,"FUN_1003b089",Function,true,true
1003b0b0,"FUN_1003b0b0",Function,true,true
1003b0e7,"LAB_1003b0e7",Label,true,false
1003b0ec,"FUN_1003b0ec",Function,true,true
1003b0f7,"FUN_1003b0f7",Function,true,true
1003b2b0,"FUN_1003b2b0",Function,true,true
1003b2d7,"LAB_1003b2d7",Label,true,false
1003b301,"LAB_1003b301",Label,true,false
1003b304,"LAB_1003b304",Label,true,false
1003b35a,"LAB_1003b35a",Label,true,false
1003b35f,"LAB_1003b35f",Label,true,false
1003b364,"LAB_1003b364",Label,true,false
1003b36e,"LAB_1003b36e",Label,true,false
1003b382,"LAB_1003b382",Label,true,false
1003b3bd,"LAB_1003b3bd",Label,true,false
1003b3cc,"LAB_1003b3cc",Label,true,false
1003b3e7,"LAB_1003b3e7",Label,true,false
1003b3fb,"LAB_1003b3fb",Label,true,false
1003b40c,"LAB_1003b40c",Label,true,false
1003b411,"FUN_1003b411",Function,true,true
1003b429,"LAB_1003b429",Label,true,false
1003b453,"LAB_1003b453",Label,true,false
1003b482,"LAB_1003b482",Label,true,false
1003b487,"FUN_1003b487",Function,true,true
1003b4a4,"LAB_1003b4a4",Label,true,false
1003b4be,"LAB_1003b4be",Label,true,false
1003b4c3,"FUN_1003b4c3",Function,true,true
1003b4e0,"LAB_1003b4e0",Label,true,false
1003b4f2,"LAB_1003b4f2",Label,true,false
1003b4f7,"FUN_1003b4f7",Function,true,true
1003b514,"LAB_1003b514",Label,true,false
1003b51f,"LAB_1003b51f",Label,true,false
1003b524,"FUN_1003b524",Function,true,true
1003b544,"LAB_1003b544",Label,true,false
1003b54e,"LAB_1003b54e",Label,true,false
1003b564,"LAB_1003b564",Label,true,false
1003b569,"FUN_1003b569",Function,true,true
1003b589,"LAB_1003b589",Label,true,false
1003b593,"LAB_1003b593",Label,true,false
1003b5ad,"LAB_1003b5ad",Label,true,false
1003b5b2,"FUN_1003b5b2",Function,true,true
1003b5d2,"LAB_1003b5d2",Label,true,false
1003b5dc,"LAB_1003b5dc",Label,true,false
1003b5ee,"LAB_1003b5ee",Label,true,false
1003b5f3,"FUN_1003b5f3",Function,true,true
1003b613,"LAB_1003b613",Label,true,false
1003b618,"LAB_1003b618",Label,true,false
1003b61e,"LAB_1003b61e",Label,true,false
1003b623,"FUN_1003b623",Function,true,true
1003b643,"LAB_1003b643",Label,true,false
1003b64d,"LAB_1003b64d",Label,true,false
1003b663,"LAB_1003b663",Label,true,false
1003b668,"FUN_1003b668",Function,true,true
1003b688,"LAB_1003b688",Label,true,false
1003b692,"LAB_1003b692",Label,true,false
1003b6a8,"LAB_1003b6a8",Label,true,false
1003b6ad,"FUN_1003b6ad",Function,true,true
1003b6cd,"LAB_1003b6cd",Label,true,false
1003b6d7,"LAB_1003b6d7",Label,true,false
1003b6ed,"LAB_1003b6ed",Label,true,false
1003b6f2,"FUN_1003b6f2",Function,true,true
1003b712,"LAB_1003b712",Label,true,false
1003b71c,"LAB_1003b71c",Label,true,false
1003b732,"LAB_1003b732",Label,true,false
1003b737,"FUN_1003b737",Function,true,true
1003b757,"LAB_1003b757",Label,true,false
1003b761,"LAB_1003b761",Label,true,false
1003b777,"LAB_1003b777",Label,true,false
1003b77c,"FUN_1003b77c",Function,true,true
1003b79c,"LAB_1003b79c",Label,true,false
1003b7a6,"LAB_1003b7a6",Label,true,false
1003b7bc,"LAB_1003b7bc",Label,true,false
1003b7c1,"FUN_1003b7c1",Function,true,true
1003b7e1,"LAB_1003b7e1",Label,true,false
1003b7eb,"LAB_1003b7eb",Label,true,false
1003b801,"LAB_1003b801",Label,true,false
1003b806,"FUN_1003b806",Function,true,true
1003b826,"LAB_1003b826",Label,true,false
1003b830,"LAB_1003b830",Label,true,false
1003b83b,"LAB_1003b83b",Label,true,false
1003b840,"FUN_1003b840",Function,true,true
1003b860,"LAB_1003b860",Label,true,false
1003b86a,"LAB_1003b86a",Label,true,false
1003b880,"LAB_1003b880",Label,true,false
1003b885,"FUN_1003b885",Function,true,true
1003b8a5,"LAB_1003b8a5",Label,true,false
1003b8af,"LAB_1003b8af",Label,true,false
1003b8c5,"LAB_1003b8c5",Label,true,false
1003b8ca,"FUN_1003b8ca",Function,true,true
1003b8ea,"LAB_1003b8ea",Label,true,false
1003b8f4,"LAB_1003b8f4",Label,true,false
1003b906,"LAB_1003b906",Label,true,false
1003b90b,"FUN_1003b90b",Function,true,true
1003b92b,"LAB_1003b92b",Label,true,false
1003b935,"LAB_1003b935",Label,true,false
1003b94b,"LAB_1003b94b",Label,true,false
1003b950,"FUN_1003b950",Function,true,true
1003b970,"LAB_1003b970",Label,true,false
1003b97a,"LAB_1003b97a",Label,true,false
1003b990,"LAB_1003b990",Label,true,false
1003b995,"FUN_1003b995",Function,true,true
1003b9b5,"LAB_1003b9b5",Label,true,false
1003b9bc,"LAB_1003b9bc",Label,true,false
1003b9d2,"LAB_1003b9d2",Label,true,false
1003b9d7,"FUN_1003b9d7",Function,true,true
1003b9f7,"LAB_1003b9f7",Label,true,false
1003ba01,"LAB_1003ba01",Label,true,false
1003ba17,"LAB_1003ba17",Label,true,false
1003ba1c,"FUN_1003ba1c",Function,true,true
1003ba3c,"LAB_1003ba3c",Label,true,false
1003ba43,"LAB_1003ba43",Label,true,false
1003ba4e,"LAB_1003ba4e",Label,true,false
1003ba53,"FUN_1003ba53",Function,true,true
1003ba73,"LAB_1003ba73",Label,true,false
1003ba7a,"LAB_1003ba7a",Label,true,false
1003ba90,"LAB_1003ba90",Label,true,false
1003ba95,"FUN_1003ba95",Function,true,true
1003bab5,"LAB_1003bab5",Label,true,false
1003babf,"LAB_1003babf",Label,true,false
1003bad9,"LAB_1003bad9",Label,true,false
1003bade,"FUN_1003bade",Function,true,true
1003baf3,"LAB_1003baf3",Label,true,false
1003baf6,"LAB_1003baf6",Label,true,false
1003bb13,"LAB_1003bb13",Label,true,false
1003bd40,"FUN_1003bd40",Function,true,true
1003bd5a,"LAB_1003bd5a",Label,true,false
1003bdf1,"LAB_1003bdf1",Label,true,false
1003be13,"LAB_1003be13",Label,true,false
1003be3a,"LAB_1003be3a",Label,true,false
1003be46,"LAB_1003be46",Label,true,false
1003be50,"LAB_1003be50",Label,true,false
1003be99,"LAB_1003be99",Label,true,false
1003bf15,"LAB_1003bf15",Label,true,false
1003bf1b,"LAB_1003bf1b",Label,true,false
1003bf36,"LAB_1003bf36",Label,true,false
1003bf3c,"LAB_1003bf3c",Label,true,false
1003bf7d,"LAB_1003bf7d",Label,true,false
1003bf82,"LAB_1003bf82",Label,true,false
1003bfca,"LAB_1003bfca",Label,true,false
1003bfd6,"LAB_1003bfd6",Label,true,false
1003bffe,"LAB_1003bffe",Label,true,false
1003c033,"LAB_1003c033",Label,true,false
1003c03a,"FUN_1003c03a",Function,true,true
1003c100,"FUN_1003c100",Function,true,true
1003c12e,"LAB_1003c12e",Label,true,false
1003c131,"LAB_1003c131",Label,true,false
1003c156,"LAB_1003c156",Label,true,false
1003c162,"LAB_1003c162",Label,true,false
1003c165,"LAB_1003c165",Label,true,false
1003c18e,"LAB_1003c18e",Label,true,false
1003c19e,"LAB_1003c19e",Label,true,false
1003c1d0,"LAB_1003c1d0",Label,true,false
1003c1fb,"LAB_1003c1fb",Label,true,false
1003c20a,"LAB_1003c20a",Label,true,false
1003c241,"LAB_1003c241",Label,true,false
1003c27a,"LAB_1003c27a",Label,true,false
1003c2b0,"LAB_1003c2b0",Label,true,false
1003c2bf,"LAB_1003c2bf",Label,true,false
1003c30c,"LAB_1003c30c",Label,true,false
1003c340,"LAB_1003c340",Label,true,false
1003c345,"LAB_1003c345",Label,true,false
1003c37b,"LAB_1003c37b",Label,true,false
1003c38a,"LAB_1003c38a",Label,true,false
1003c3d7,"LAB_1003c3d7",Label,true,false
1003c40b,"LAB_1003c40b",Label,true,false
1003c43f,"LAB_1003c43f",Label,true,false
1003c454,"LAB_1003c454",Label,true,false
1003c45d,"LAB_1003c45d",Label,true,false
1003c462,"LAB_1003c462",Label,true,false
1003c467,"FUN_1003c467",Function,true,true
1003c9e0,"FUN_1003c9e0",Function,true,true
1003c9f5,"LAB_1003c9f5",Label,true,false
1003c9f8,"LAB_1003c9f8",Label,true,false
1003ca0e,"LAB_1003ca0e",Label,true,false
1003ca11,"LAB_1003ca11",Label,true,false
1003ca3b,"LAB_1003ca3b",Label,true,false
1003ca40,"LAB_1003ca40",Label,true,false
1003ca4c,"LAB_1003ca4c",Label,true,false
1003ca4f,"LAB_1003ca4f",Label,true,false
1003caa3,"LAB_1003caa3",Label,true,false
1003cac8,"LAB_1003cac8",Label,true,false
1003caed,"LAB_1003caed",Label,true,false
1003cb12,"LAB_1003cb12",Label,true,false
1003cb37,"LAB_1003cb37",Label,true,false
1003cb5c,"LAB_1003cb5c",Label,true,false
1003cb81,"LAB_1003cb81",Label,true,false
1003cb86,"LAB_1003cb86",Label,true,false
1003cbab,"LAB_1003cbab",Label,true,false
1003cbd0,"LAB_1003cbd0",Label,true,false
1003cbf5,"LAB_1003cbf5",Label,true,false
1003cc1a,"LAB_1003cc1a",Label,true,false
1003cc3f,"LAB_1003cc3f",Label,true,false
1003cc46,"LAB_1003cc46",Label,true,false
1003cc84,"LAB_1003cc84",Label,true,false
1003ccb8,"LAB_1003ccb8",Label,true,false
1003ccec,"LAB_1003ccec",Label,true,false
1003cd20,"LAB_1003cd20",Label,true,false
1003cd54,"LAB_1003cd54",Label,true,false
1003cd5b,"LAB_1003cd5b",Label,true,false
1003cd8c,"LAB_1003cd8c",Label,true,false
1003cdaf,"LAB_1003cdaf",Label,true,false
1003cdd5,"LAB_1003cdd5",Label,true,false
1003cdf4,"LAB_1003cdf4",Label,true,false
1003ce00,"LAB_1003ce00",Label,true,false
1003ce03,"LAB_1003ce03",Label,true,false
1003ce19,"LAB_1003ce19",Label,true,false
1003ce1c,"LAB_1003ce1c",Label,true,false
1003ce53,"LAB_1003ce53",Label,true,false
1003ce58,"LAB_1003ce58",Label,true,false
1003ce64,"LAB_1003ce64",Label,true,false
1003ce67,"LAB_1003ce67",Label,true,false
1003ce7d,"LAB_1003ce7d",Label,true,false
1003ce80,"LAB_1003ce80",Label,true,false
1003ceb5,"LAB_1003ceb5",Label,true,false
1003ceba,"LAB_1003ceba",Label,true,false
1003cebf,"LAB_1003cebf",Label,true,false
1003cecb,"LAB_1003cecb",Label,true,false
1003cece,"LAB_1003cece",Label,true,false
1003cef9,"LAB_1003cef9",Label,true,false
1003cefe,"LAB_1003cefe",Label,true,false
1003d7f0,"__allshl",Function,true,true
1003d800,"LAB_1003d800",Label,true,false
1003d80a,"LAB_1003d80a",Label,true,false
1003d810,"FUN_1003d810",Function,true,true
1003d81c,"LAB_1003d81c",Label,true,false
1003d830,"LAB_1003d830",Label,true,false
1003d846,"strcpy",Function,true,true
1003d852,"strlen",Function,true,true
1003d858,"abs",Function,true,true
1003d85e,"strcmp",Function,true,true
1003d86a,"strcat",Function,true,true
1003d894,"memset",Function,true,true
1003d8ac,"memcpy",Function,true,true
1003d900,"__allmul",Function,true,true
1003d919,"LAB_1003d919",Label,true,false
1003d970,"__CRT_INIT@12",Function,true,true
1003d99b,"LAB_1003d99b",Label,true,false
1003d9a2,"LAB_1003d9a2",Label,true,false
1003d9db,"LAB_1003d9db",Label,true,false
1003d9e1,"LAB_1003d9e1",Label,true,false
1003da11,"LAB_1003da11",Label,true,false
1003da51,"LAB_1003da51",Label,true,false
1003da56,"LAB_1003da56",Label,true,false
1003da8c,"LAB_1003da8c",Label,true,false
1003dab9,"LAB_1003dab9",Label,true,false
1003dabe,"LAB_1003dabe",Label,true,false
1003dae2,"LAB_1003dae2",Label,true,false
1003daf7,"LAB_1003daf7",Label,true,false
1003db1a,"LAB_1003db1a",Label,true,false
1003db1f,"LAB_1003db1f",Label,true,false
1003db42,"LAB_1003db42",Label,true,false
1003db4e,"LAB_1003db4e",Label,true,false
1003db58,"LAB_1003db58",Label,true,false
1003db62,"LAB_1003db62",Label,true,false
1003db70,"entry",Function,true,true
1003db9e,"LAB_1003db9e",Label,true,false
1003dbb2,"LAB_1003dbb2",Label,true,false
1003dbd4,"LAB_1003dbd4",Label,true,false
1003dbf2,"LAB_1003dbf2",Label,true,false
1003dc03,"LAB_1003dc03",Label,true,false
1003dc3a,"LAB_1003dc3a",Label,true,false
1003dc4e,"LAB_1003dc4e",Label,true,false
1003dc6e,"LAB_1003dc6e",Label,true,false
1003dc9a,"LAB_1003dc9a",Label,true,false
1003dca2,"LAB_1003dca2",Label,true,false
1003dcb0,"__onexit",Function,true,true
1003dcf2,"LAB_1003dcf2",Label,true,false
1003dcf8,"LAB_1003dcf8",Label,true,false
1003dd05,"LAB_1003dd05",Label,true,false
1003dd1f,"LAB_1003dd1f",Label,true,false
1003dd25,"LAB_1003dd25",Label,true,false
1003dd47,"LAB_1003dd47",Label,true,false
1003dd60,"LAB_1003dd60",Label,true,false
1003dd73,"LAB_1003dd73",Label,true,false
1003dd7b,"LAB_1003dd7b",Label,true,false
1003dd80,"_atexit",Function,true,true
1003dda4,"LAB_1003dda4",Label,true,false
1003dda6,"LAB_1003dda6",Label,true,false
1003ddab,"LAB_1003ddab",Label,true,false
1003ddb6,"initterm",Function,true,true
1003ddc2,"__dllonexit",Function,true,true
1003f000,"IMAGE_DEBUG_DIRECTORY_1003f000",Label,true,false
1003f054,"DAT_1003f054",Label,true,false
1003f058,"DAT_1003f058",Label,true,false
1003f05c,"DAT_1003f05c",Label,true,false
1003f068,"DAT_1003f068",Label,true,false
1003f06c,"DAT_1003f06c",Label,true,false
1003f074,"DAT_1003f074",Label,true,false
1003f080,"DAT_1003f080",Label,true,false
1003f088,"DAT_1003f088",Label,true,false
1003f08c,"DAT_1003f08c",Label,true,false
1003f094,"DAT_1003f094",Label,true,false
1003f098,"DAT_1003f098",Label,true,false
1003f09c,"DAT_1003f09c",Label,true,false
1003f0a0,"DAT_1003f0a0",Label,true,false
1003f0a4,"DAT_1003f0a4",Label,true,false
1003f0a8,"DAT_1003f0a8",Label,true,false
1003f0ac,"DAT_1003f0ac",Label,true,false
1003f0b8,"s_crtdll.c_1003f0b8",Label,true,false
1003f220,"IMAGE_DIRECTORY_ENTRY_EXPORT_1003f220",Label,true,false
1003f248,"DAT_1003f248",Label,true,false
1003f258,"DAT_1003f258",Label,true,false
1003f268,"WORD_1003f268",Label,true,false
1003f270,"s_DECKDLL.dll_1003f270",Label,true,false
1003f27c,"s_DeckBuilderMain_1003f27c",Label,true,false
1003f28c,"s__OpponFace_1003f28c",Label,true,false
1003f297,"s__PlayerFace_1003f297",Label,true,false
1003f2a3,"s_deck_1003f2a3",Label,true,false
10040000,"DAT_10040000",Label,true,false
10040104,"DAT_10040104",Label,true,false
10040410,"DAT_10040410",Label,true,false
10040448,"PTR_DAT_10040448",Label,true,false
1004044c,"DAT_1004044c",Label,true,false
10040450,"DAT_10040450",Label,true,false
10040454,"DAT_10040454",Label,true,false
10040458,"PTR_DAT_10040458",Label,true,false
1004046c,"DAT_1004046c",Label,true,false
1004046d,"DAT_1004046c+1",Label,true,false
10040470,"s_MedArt.cat_10040470",Label,true,false
10040471,"s_edArt.cat_10040470+1",Label,true,false
10040480,"s_SmallArt.cat_10040480",Label,true,false
10040481,"s_mallArt.cat_10040480+1",Label,true,false
10040490,"s_D:\Newmagic\sources\NedCard\haar_10040490",Label,true,false
100404bc,"s_wavelet_pieces_has_illegal_value_100404bc",Label,true,false
100404e8,"DAT_100404e8",Label,true,false
100404ec,"DAT_100404ec",Label,true,false
100404f0,"DAT_100404f0",Label,true,false
100404f4,"DAT_100404f4",Label,true,false
100404f8,"DAT_100404f8",Label,true,false
100404fc,"DAT_100404fc",Label,true,false
10040500,"DAT_10040500",Label,true,false
10040504,"DAT_10040504",Label,true,false
10040508,"DAT_10040508",Label,true,false
1004050c,"DAT_1004050c",Label,true,false
10040510,"DAT_10040510",Label,true,false
10040514,"DAT_10040514",Label,true,false
10040518,"DAT_10040518",Label,true,false
1004051c,"DAT_1004051c",Label,true,false
10040520,"DAT_10040520",Label,true,false
10040524,"s_MAGICDECK_DeckSurfaceClass_10040524",Label,true,false
10040540,"s_MAGICDECK_SideboardSurfaceClass_10040540",Label,true,false
10040560,"s_MAGICDECK_TradeSurfaceClass_10040560",Label,true,false
1004057c,"DAT_1004057c",Label,true,false
10040580,"s_MAGICDECK_CardClass_10040580",Label,true,false
10040594,"s_C&lear_deck_10040594",Label,true,false
100405a0,"s_&Restore_deck_100405a0",Label,true,false
100405b0,"s_C&lear_deck_100405b0",Label,true,false
100405bc,"s_C&lear_deck_100405bc",Label,true,false
100405c8,"s_New_Deck_100405c8",Label,true,false
100405d4,"s_MMMM_dd','_yyyy_100405d4",Label,true,false
100405e4,"s_C&lear_deck_100405e4",Label,true,false
100405f0,"s_&New_deck_100405f0",Label,true,false
100405fc,"s_&Load_deck_100405fc",Label,true,false
10040608,"s_&Save_deck_10040608",Label,true,false
10040614,"s_&Consolidate_duplicate_cards_10040614",Label,true,false
10040634,"s_C&lear_deck_10040634",Label,true,false
10040640,"s_S&ort_deck_10040640",Label,true,false
1004064c,"s_M&inimize_1004064c",Label,true,false
10040658,"s_&Music_10040658",Label,true,false
10040660,"s_Sound_&Effects_10040660",Label,true,false
10040670,"s_E&xit_deck_builder_10040670",Label,true,false
10040684,"s_&New_deck_10040684",Label,true,false
10040690,"s_&Load_deck_10040690",Label,true,false
1004069c,"s_&Save_deck_1004069c",Label,true,false
100406a8,"s_&Consolidate_duplicate_cards_100406a8",Label,true,false
100406c8,"s_C&lear_deck_100406c8",Label,true,false
100406d4,"s_S&ort_deck_100406d4",Label,true,false
100406e0,"s_&Music_100406e0",Label,true,false
100406e8,"s_Sound_&Effects_100406e8",Label,true,false
100406f8,"s_&Done_100406f8",Label,true,false
10040700,"s_Move_by_color_&into_deck_10040700",Label,true,false
1004071c,"s_Move_by_color_o&ut_of_deck_1004071c",Label,true,false
10040738,"s_&Consolidate_duplicate_cards_10040738",Label,true,false
10040758,"s_S&ort_deck_10040758",Label,true,false
10040764,"s_&Music_10040764",Label,true,false
1004076c,"s_Sound_&Effects_1004076c",Label,true,false
1004077c,"s_&Done_1004077c",Label,true,false
10040784,"DAT_10040784",Label,true,false
10040788,"s_MAGICDECK_CardClass_10040788",Label,true,false
1004079c,"DAT_1004079c",Label,true,false
100407a0,"s_MAGICDECK_CardClass_100407a0",Label,true,false
100407b4,"DAT_100407b4",Label,true,false
100407b8,"s_MAGICDECK_CardClass_100407b8",Label,true,false
100407cc,"DAT_100407cc",Label,true,false
100407d0,"s_MAGICDECK_CardClass_100407d0",Label,true,false
100407e4,"DAT_100407e4",Label,true,false
100407e8,"s_MAGICDECK_CardClass_100407e8",Label,true,false
100407fc,"DAT_100407fc",Label,true,false
10040800,"s_MAGICDECK_CardClass_10040800",Label,true,false
10040814,"DAT_10040814",Label,true,false
10040818,"s_MAGICDECK_CardClass_10040818",Label,true,false
1004082c,"DAT_1004082c",Label,true,false
10040830,"s_MAGICDECK_CardClass_10040830",Label,true,false
10040844,"DAT_10040844",Label,true,false
10040848,"s_MAGICDECK_CardClass_10040848",Label,true,false
1004085c,"DAT_1004085c",Label,true,false
10040860,"s_MAGICDECK_CardClass_10040860",Label,true,false
10040874,"DAT_10040874",Label,true,false
10040878,"s_MAGICDECK_CardClass_10040878",Label,true,false
1004088c,"DAT_1004088c",Label,true,false
10040890,"s_MAGICDECK_CardClass_10040890",Label,true,false
100408a4,"DAT_100408a4",Label,true,false
100408a8,"s_MAGICDECK_CardClass_100408a8",Label,true,false
100408bc,"s_C&lear_sideboard_100408bc",Label,true,false
100408d0,"s_&Restore_sideboard_100408d0",Label,true,false
100408e4,"s_C&lear_sideboard_100408e4",Label,true,false
100408f8,"s_Sideboard_100408f8",Label,true,false
10040904,"s_&New_deck_10040904",Label,true,false
10040910,"s_&Load_deck_10040910",Label,true,false
1004091c,"s_&Save_deck_1004091c",Label,true,false
10040928,"s_&Consolidate_duplicate_cards_sid_10040928",Label,true,false
1004094c,"s_C&lear_Sideboard_1004094c",Label,true,false
10040960,"s_M&inimize_10040960",Label,true,false
1004096c,"s_&Music_1004096c",Label,true,false
10040974,"s_Sound_&Effects_10040974",Label,true,false
10040984,"s_E&xit_deck_builder_10040984",Label,true,false
10040998,"DAT_10040998",Label,true,false
100409a0,"s_Black_100409a0",Label,true,false
100409a8,"DAT_100409a8",Label,true,false
100409b0,"DAT_100409b0",Label,true,false
100409b4,"s_Green_100409b4",Label,true,false
100409bc,"s_White_100409bc",Label,true,false
100409c4,"DAT_100409c4",Label,true,false
100409c8,"s_MAGICDECK_CardClass_100409c8",Label,true,false
100409dc,"DAT_100409dc",Label,true,false
100409e0,"s_MAGICDECK_CardClass_100409e0",Label,true,false
100409f4,"DAT_100409f4",Label,true,false
100409f8,"s_MAGICDECK_CardClass_100409f8",Label,true,false
10040a0c,"DAT_10040a0c",Label,true,false
10040a10,"s_MAGICDECK_CardClass_10040a10",Label,true,false
10040a24,"DAT_10040a24",Label,true,false
10040a28,"s_MAGICDECK_CardClass_10040a28",Label,true,false
10040a3c,"DAT_10040a3c",Label,true,false
10040a40,"s_MAGICDECK_CardClass_10040a40",Label,true,false
10040a54,"DAT_10040a54",Label,true,false
10040a58,"s_MAGICDECK_CardClass_10040a58",Label,true,false
10040a6c,"DAT_10040a6c",Label,true,false
10040a70,"s_MAGICDECK_CardClass_10040a70",Label,true,false
10040a84,"s_C&lear_trade_10040a84",Label,true,false
10040a94,"s_&Restore_trade_10040a94",Label,true,false
10040aa4,"s_C&lear_trade_10040aa4",Label,true,false
10040ab4,"s_Trade_10040ab4",Label,true,false
10040abc,"s_&New_deck_10040abc",Label,true,false
10040ac8,"s_&Load_deck_10040ac8",Label,true,false
10040ad4,"s_&Save_deck_10040ad4",Label,true,false
10040ae0,"s_&Consolidate_duplicate_cards_tra_10040ae0",Label,true,false
10040b04,"s_C&lear_trade_10040b04",Label,true,false
10040b14,"s_M&inimize_10040b14",Label,true,false
10040b20,"s_&Music_10040b20",Label,true,false
10040b28,"s_Sound_&Effects_10040b28",Label,true,false
10040b38,"s_E&xit_deck_builder_10040b38",Label,true,false
10040b4c,"DAT_10040b4c",Label,true,false
10040b54,"DAT_10040b54",Label,true,false
10040b5c,"s_Black_10040b5c",Label,true,false
10040b64,"DAT_10040b64",Label,true,false
10040b6c,"DAT_10040b6c",Label,true,false
10040b70,"s_Green_10040b70",Label,true,false
10040b78,"s_White_10040b78",Label,true,false
10040b80,"s_Mountain_10040b80",Label,true,false
10040b8c,"s_Plains_10040b8c",Label,true,false
10040b94,"s_Forest_10040b94",Label,true,false
10040b9c,"s_Swamp_10040b9c",Label,true,false
10040ba4,"s_Island_10040ba4",Label,true,false
10040bac,"DAT_10040bac",Label,true,false
10040bb0,"s_MAGICDECK_CardClass_10040bb0",Label,true,false
10040d28,"s_Witch_10040d28",Label,true,false
10041174,"s_How_many_to_Sell?_10041174",Label,true,false
10041188,"DAT_10041188",Label,true,false
1004118c,"s_Couldn't_bring_up_the_filter_dia_1004118c",Label,true,false
100411b4,"s_How_many_to_move?_100411b4",Label,true,false
100411c8,"DAT_100411c8",Label,true,false
100411cc,"s_Couldn't_bring_up_the_filter_dia_100411cc",Label,true,false
100411f4,"DAT_100411f4",Label,true,false
100411f8,"s_%s\GAUN_Options.pic_100411f8",Label,true,false
1004120c,"DAT_1004120c",Label,true,false
10041210,"s_Couldn't_bring_up_the_title_dial_10041210",Label,true,false
10041238,"s_4th_Edition_10041238",Label,true,false
10041244,"s_%s\GAUN_Results.pic_10041244",Label,true,false
10041258,"DAT_10041258",Label,true,false
1004125c,"DAT_1004125c",Label,true,false
10041264,"DAT_10041264",Label,true,false
10041268,"s_Couldn't_bring_up_the_title_dial_10041268",Label,true,false
10041290,"s_%s\GAUN_Results.pic_10041290",Label,true,false
100412a4,"DAT_100412a4",Label,true,false
100412a8,"s_Couldn't_bring_up_the_filter_dia_100412a8",Label,true,false
100412d0,"s_%s\GAUN_Options.pic_100412d0",Label,true,false
1004140c,"s_MAGICDECK_CardClass_1004140c",Label,true,false
10041420,"s_GOLD:_%d_10041420",Label,true,false
1004142c,"DAT_1004142c",Label,true,false
10041430,"s_Sell_Card_for_%d_10041430",Label,true,false
10041444,"DAT_10041444",Label,true,false
10041448,"s_MAGICDECK_CardClass_10041448",Label,true,false
1004146c,"DAT_1004146c",Label,true,false
10041470,"s_Too_many_open_Catalogs:_Max_%d_10041470",Label,true,false
10041490,"s_D:\Newmagic\sources\NedCard\Cata_10041490",Label,true,false
100414b8,"DAT_100414b8",Label,true,false
100414bc,"s_Duplicate_short_name_found_in_ca_100414bc",Label,true,false
10041518,"s_D:\Newmagic\sources\NedCard\Cata_10041518",Label,true,false
10041568,"DAT_10041568",Label,true,false
1004156c,"PTR_DAT_1004156c",Label,true,false
10041570,"DAT_10041570",Label,true,false
10041574,"PTR_DAT_10041574",Label,true,false
10041578,"PTR_DAT_10041578",Label,true,false
1004157c,"PTR_DAT_1004157c",Label,true,false
10041580,"DAT_10041580",Label,true,false
10041584,"DAT_10041584",Label,true,false
10041588,"DAT_10041588",Label,true,false
100415b0,"DAT_100415b0",Label,true,false
100415d8,"DAT_100415d8",Label,true,false
10041600,"DAT_10041600",Label,true,false
10041604,"DAT_10041604",Label,true,false
10041608,"DAT_10041608",Label,true,false
1004160c,"DAT_1004160c",Label,true,false
10041614,"DAT_10041614",Label,true,false
10041618,"DAT_10041618",Label,true,false
1004161c,"DAT_1004161c",Label,true,false
10041cc0,"DAT_10041cc0",Label,true,false
10041ccc,"DAT_10041ccc",Label,true,false
10042380,"PTR_DAT_10042380",Label,true,false
10042384,"DAT_10042384",Label,true,false
10042388,"DAT_10042388",Label,true,false
1004238c,"DAT_1004238c",Label,true,false
10042390,"s_%d_-_%d_%d_%d_10042390",Label,true,false
100423a0,"DAT_100423a0",Label,true,false
100423a4,"DAT_100423a4",Label,true,false
100423a8,"DAT_100423a8",Label,true,false
100423ac,"DAT_100423ac",Label,true,false
100423b0,"DAT_100423b0",Label,true,false
100423b4,"DAT_100423b4",Label,true,false
10042698,"DAT_10042698",Label,true,false
1004269c,"DAT_1004269c",Label,true,false
100426a0,"s_\PlayDeck_100426a0",Label,true,false
100426ac,"s_\CARDART_100426ac",Label,true,false
100426b8,"s_\DUELART_100426b8",Label,true,false
100426c4,"s_\DBART_100426c4",Label,true,false
100426cc,"s_\Duel.dat_100426cc",Label,true,false
100426d8,"s_\CARDS.DAT_100426d8",Label,true,false
100426e4,"s_WinMain:_Couldn't_find_CARDS.DAT_100426e4",Label,true,false
10042708,"s_WinMain:_Couldn't_register_the_c_10042708",Label,true,false
10042730,"s_CardIDFromType_10042730",Label,true,false
10042740,"s_CardTypeFromID_10042740",Label,true,false
10042750,"s_CardInDeck_10042750",Label,true,false
1004275c,"s_SetCardInDeck_1004275c",Label,true,false
1004276c,"s_SellPrice_1004276c",Label,true,false
10042778,"DAT_10042778",Label,true,false
10042780,"DAT_10042780",Label,true,false
10042788,"s_Scards_10042788",Label,true,false
10042790,"s_szDeckName_10042790",Label,true,false
1004279c,"s__currentDeck_1004279c",Label,true,false
100427ac,"s_Deck_Builder_WinMain:_Couldn't_f_100427ac",Label,true,false
100427e4,"s_Deck_Builder_WinMain:_Couldn't_f_100427e4",Label,true,false
1004281c,"s_WinMain:_Couldn't_create_the_pal_1004281c",Label,true,false
10042844,"s_WinMain:_Couldn't_create_the_app_10042844",Label,true,false
10042880,"s_WinMain:_Couldn't_load_deck_buil_10042880",Label,true,false
100428ac,"s_WinMain:_Couldn't_load_deck_buil_100428ac",Label,true,false
100428d8,"s_WinMain:_Couldn't_load_the_card_b_100428d8",Label,true,false
1004290c,"s_WinMain:_Couldn't_create_the_win_1004290c",Label,true,false
10042944,"s_Deck_Maker_10042944",Label,true,false
10042950,"s_MAGICDECK_MainClass_10042950",Label,true,false
10042964,"s_WinMain:_Couldn't_create_the_mai_10042964",Label,true,false
10042990,"DAT_10042990",Label,true,false
10042994,"s_CueCardClass_10042994",Label,true,false
100429a4,"s_WinMain:_Couldn't_create_the_cue_100429a4",Label,true,false
100429d4,"s_WinMain:_Couldn't_load_the_accel_100429d4",Label,true,false
10042a04,"s_%s\Artifact.pic_10042a04",Label,true,false
10042a14,"s_%s\CastCost.pic_10042a14",Label,true,false
10042a24,"s_%s\Creature.pic_10042a24",Label,true,false
10042a34,"s_%s\Enchant.pic_10042a34",Label,true,false
10042a44,"s_%s\Instant.pic_10042a44",Label,true,false
10042a54,"s_%s\Interrupt.pic_10042a54",Label,true,false
10042a68,"s_%s\Land.pic_10042a68",Label,true,false
10042a74,"s_%s\Power.pic_10042a74",Label,true,false
10042a84,"s_%s\Sorcery.pic_10042a84",Label,true,false
10042a94,"s_%s\Tough.pic_10042a94",Label,true,false
10042aa4,"s_%s\Artist.pic_10042aa4",Label,true,false
10042ab4,"s_%s\Rarity.pic_10042ab4",Label,true,false
10042ac4,"s_%s\Ability.pic_10042ac4",Label,true,false
10042ad4,"s_%s\Fourth.pic_10042ad4",Label,true,false
10042ae4,"s_%s\Astral.pic_10042ae4",Label,true,false
10042af4,"s_%s\Restrict.pic_10042af4",Label,true,false
10042b04,"s_%s\Green.pic_10042b04",Label,true,false
10042b14,"s_%s\Yellow.pic_10042b14",Label,true,false
10042b24,"s_%s\Blue.pic_10042b24",Label,true,false
10042b30,"s_%s\Grey.pic_10042b30",Label,true,false
10042b3c,"s_%s\Red.pic_10042b3c",Label,true,false
10042b48,"s_%s\dektile4.pic_10042b48",Label,true,false
10042b58,"s_%s\dekbar1.pic_10042b58",Label,true,false
10042b68,"s_%s\dektit1.pic_10042b68",Label,true,false
10042b78,"s_%s\statbak1.pic_10042b78",Label,true,false
10042b88,"s_%s\bldr01c.pic_10042b88",Label,true,false
10042b98,"s_%s\bldr02c.pic_10042b98",Label,true,false
10042ba8,"s_%s\bldr03c.pic_10042ba8",Label,true,false
10042bb8,"s_%s\bldr04c.pic_10042bb8",Label,true,false
10042bc8,"s_%s\bldr05c.pic_10042bc8",Label,true,false
10042bd8,"s_GREENCARD_10042bd8",Label,true,false
10042be4,"s_WHITECARD_10042be4",Label,true,false
10042bf0,"s_BLUECARD_10042bf0",Label,true,false
10042bfc,"s_BLACKCARD_10042bfc",Label,true,false
10042c08,"s_REDCARD_10042c08",Label,true,false
10042c10,"s_LANDCARD_10042c10",Label,true,false
10042c1c,"s_ARTIFACTCARD_10042c1c",Label,true,false
10042c2c,"s_Software\MicroProse\Magic:_The_G_10042c2c",Label,true,false
10042c68,"s_Consolidate_10042c68",Label,true,false
10042c74,"DAT_10042c74",Label,true,false
10042c78,"s_Music_10042c78",Label,true,false
10042c80,"DAT_10042c80",Label,true,false
10042c84,"s_Effects_10042c84",Label,true,false
10042c8c,"DAT_10042c8c",Label,true,false
10042c90,"s_Software\MicroProse\Magic:_The_G_10042c90",Label,true,false
10042cbc,"DAT_10042cbc",Label,true,false
10042cc4,"DAT_10042cc4",Label,true,false
10042ccc,"s_Email_10042ccc",Label,true,false
10042cd4,"s_User_E-Mail_10042cd4",Label,true,false
10042ce8,"s_User_E-Mail_10042ce8",Label,true,false
10042cf4,"s_Software\MicroProse\Magic:_The_G_10042cf4",Label,true,false
10042d2c,"s_ExpandTextOnBigCard_10042d2c",Label,true,false
10042d40,"DAT_10042d40",Label,true,false
10042d44,"s_Software\MicroProse\Magic:_The_G_10042d44",Label,true,false
10042d80,"DAT_10042d80",Label,true,false
10042d84,"s_Consolidate_10042d84",Label,true,false
10042d90,"DAT_10042d90",Label,true,false
10042d94,"s_Music_10042d94",Label,true,false
10042d9c,"DAT_10042d9c",Label,true,false
10042da0,"s_Effects_10042da0",Label,true,false
10042da8,"s_Software\MicroProse\Magic:_The_G_10042da8",Label,true,false
10042de0,"DAT_10042de0",Label,true,false
10042de4,"s_ExpandTextOnBigCard_10042de4",Label,true,false
10042f74,"s_%s\%04d%c.WVL_10042f74",Label,true,false
10042f84,"s_%s\%04d.WVL_10042f84",Label,true,false
10042f98,"DAT_10042f98",Label,true,false
10042f9c,"DAT_10042f9c",Label,true,false
10042fa4,"DAT_10042fa4",Label,true,false
10042fac,"DAT_10042fac",Label,true,false
10042fb4,"DAT_10042fb4",Label,true,false
10042fbc,"DAT_10042fbc",Label,true,false
10042fc4,"DAT_10042fc4",Label,true,false
10042fcc,"DAT_10042fcc",Label,true,false
10042fd4,"DAT_10042fd4",Label,true,false
10042fdc,"DAT_10042fdc",Label,true,false
10042fe0,"s_.%d_%d_%s_10042fe0",Label,true,false
10042fec,"DAT_10042fec",Label,true,false
10042ff0,"s_.%d_%d_10042ff0",Label,true,false
1004300c,"DAT_1004300c",Label,true,false
1004303c,"s_\assertFile.txt_1004303c",Label,true,false
1004304c,"DAT_1004304c",Label,true,false
10043050,"s_File->_%s,_Line->_%d_10043050",Label,true,false
10043068,"s_%s%s_10043068",Label,true,false
10043070,"s_Please_call_MPS_Customer_Support_10043070",Label,true,false
100430a4,"s_Assertion_Error_100430a4",Label,true,false
100430b4,"s_\assertFile.txt_100430b4",Label,true,false
100430c4,"DAT_100430c4",Label,true,false
100430c8,"s_File->_%s,_Line->_%d_100430c8",Label,true,false
100430e0,"s_%s%s_100430e0",Label,true,false
100430e8,"s_Please_call_MPS_Customer_Support_100430e8",Label,true,false
1004311c,"s_Assertion_Error_1004311c",Label,true,false
10043164,"s_Blank_10043164",Label,true,false
1004316c,"DAT_1004316c",Label,true,false
10043170,"s_Card_Number_%d_does_not_have_a_v_10043170",Label,true,false
100431a0,"s_Card_Error_100431a0",Label,true,false
100431ac,"s_Card_Number_%d_does_not_have_a_v_100431ac",Label,true,false
100431dc,"s_Card_Error_100431dc",Label,true,false
100431e8,"s_Card_Number_%d_does_not_have_a_v_100431e8",Label,true,false
1004321c,"s_Card_Error_1004321c",Label,true,false
10043228,"s_Card_Number_%d_does_not_have_a_v_10043228",Label,true,false
10043260,"s_Card_Error_10043260",Label,true,false
1004326c,"s_Card_Number_%d_does_not_have_a_v_1004326c",Label,true,false
100432dc,"s_MagicFullCardClass_100432dc",Label,true,false
100432f0,"s_&Show_full_card_text_100432f0",Label,true,false
10043308,"DAT_10043308",Label,true,false
10043314,"s_\Magim___.TTF_10043314",Label,true,false
10043324,"s_\Magis___.TTF_10043324",Label,true,false
10043334,"s_\Tt0127m_.TTF_10043334",Label,true,false
10043344,"s_\Tt0085m_.TTF_10043344",Label,true,false
10043354,"s_\Tt0298m_.TTF_10043354",Label,true,false
10043364,"s_\Tt0299m_.TTF_10043364",Label,true,false
10043374,"s_\Tt0300m_.TTF_10043374",Label,true,false
10043384,"s_%s\Damage.pic_10043384",Label,true,false
10043394,"s_%s\CardCounters.pic_10043394",Label,true,false
100433a8,"s_%s\ManaSymbols.pic_100433a8",Label,true,false
100433bc,"s_%s\CardSets.pic_100433bc",Label,true,false
100433cc,"s_%s\Abilities.pic_100433cc",Label,true,false
100433e0,"s_%s\ManaStripes.pic_100433e0",Label,true,false
100433f4,"s_%s\Summon.pic_100433f4",Label,true,false
10043404,"s_%s\Dying.pic_10043404",Label,true,false
10043414,"s_%s\Target.pic_10043414",Label,true,false
10043424,"s_%s\CantTarget.pic_10043424",Label,true,false
10043438,"s_%s\WillUntap.pic_10043438",Label,true,false
1004344c,"s_%s\CardBack.pic_1004344c",Label,true,false
1004345c,"s_COLORWORDS_1004345c",Label,true,false
10043468,"s_prompts.txt_10043468",Label,true,false
10043474,"s_LANDWORDS_10043474",Label,true,false
10043480,"s_prompts.txt_10043480",Label,true,false
1004348c,"s_BigCardTitle_1004348c",Label,true,false
1004349c,"s_BigCardSubtitle_1004349c",Label,true,false
100434ac,"s_BigCardPT_100434ac",Label,true,false
100434b8,"s_BigCardText_100434b8",Label,true,false
100434c4,"s_BigCardText_100434c4",Label,true,false
100434d0,"s_SmallCardTitle_100434d0",Label,true,false
100434e0,"s_SmallCardPT_100434e0",Label,true,false
100434ec,"s_Damage_100434ec",Label,true,false
100434f4,"s_IDTag_100434f4",Label,true,false
100434fc,"s_\Magim___.TTF_100434fc",Label,true,false
1004350c,"s_\Magis___.TTF_1004350c",Label,true,false
1004351c,"s_\Tt0127m_.TTF_1004351c",Label,true,false
1004352c,"s_\Tt0085m_.TTF_1004352c",Label,true,false
1004353c,"s_\Tt0298m_.TTF_1004353c",Label,true,false
1004354c,"s_\Tt0299m_.TTF_1004354c",Label,true,false
1004355c,"s_\Tt0300m_.TTF_1004355c",Label,true,false
1004356c,"s_CARDBK_Green_1004356c",Label,true,false
1004357c,"s_CARDBK_White_1004357c",Label,true,false
1004358c,"s_CARDBK_Blue_1004358c",Label,true,false
10043598,"s_CARDBK_Black_10043598",Label,true,false
100435a8,"s_CARDBK_Red_100435a8",Label,true,false
100435b4,"s_CARDBK_Gold_100435b4",Label,true,false
100435c0,"s_CARDBK_Artifact_100435c0",Label,true,false
100435d0,"s_CARDBK_GreenLand_100435d0",Label,true,false
100435e4,"s_CARDBK_WhiteLand_100435e4",Label,true,false
100435f8,"s_CARDBK_BlueLand_100435f8",Label,true,false
10043608,"s_CARDBK_BlackLand_10043608",Label,true,false
1004361c,"s_CARDBK_RedLand_1004361c",Label,true,false
1004362c,"s_CARDBK_DarklandsLand_1004362c",Label,true,false
10043644,"s_CARDBK_FallenEmpiresLand_10043644",Label,true,false
10043660,"s_CARDBK_AntiquitiesLand_10043660",Label,true,false
10043678,"s_CARDBK_LegendsLand_10043678",Label,true,false
1004368c,"s_CARDBK_ArabianNightsLand_1004368c",Label,true,false
100436a8,"s_CARDBK_Special_100436a8",Label,true,false
100436b8,"DAT_100436b8",Label,true,false
100436bc,"s_%s\%s.pic_100436bc",Label,true,false
100436c8,"s_Swamp_100436c8",Label,true,false
100436d0,"s_Plains_100436d0",Label,true,false
100436d8,"s_Mountain_100436d8",Label,true,false
100436e4,"s_Forest_100436e4",Label,true,false
100436ec,"s_Island_100436ec",Label,true,false
100436f4,"DAT_100436f4",Label,true,false
100436f8,"DAT_100436f8",Label,true,false
10043700,"DAT_10043700",Label,true,false
10043704,"DAT_10043704",Label,true,false
10043708,"DAT_10043708",Label,true,false
1004370c,"DAT_1004370c",Label,true,false
10043714,"DAT_10043714",Label,true,false
10043718,"s_Enchantment_10043718",Label,true,false
10043724,"DAT_10043724",Label,true,false
10043728,"s_%s_%s_10043728",Label,true,false
10043730,"s_Illus._%s_10043730",Label,true,false
1004373c,"s_REGULAR_1004373c",Label,true,false
10043744,"s_Damage:_%d_10043744",Label,true,false
10043750,"s_(Black)_10043750",Label,true,false
1004375c,"s_(Blue)_1004375c",Label,true,false
10043764,"s_(Red)_10043764",Label,true,false
1004376c,"s_(Green)_1004376c",Label,true,false
10043778,"s_(White)_10043778",Label,true,false
10043784,"s_Hunting:_%s_10043784",Label,true,false
10043790,"DAT_10043790",Label,true,false
10043794,"DAT_10043794",Label,true,false
10043798,"DAT_10043798",Label,true,false
1004379c,"DAT_1004379c",Label,true,false
100437a0,"DAT_100437a0",Label,true,false
100437a4,"DAT_100437a4",Label,true,false
100437a8,"s_+%d/+%d_100437a8",Label,true,false
100437b0,"s_+|X/+|X_100437b0",Label,true,false
100437b8,"s_+0/+%d_100437b8",Label,true,false
100437c0,"s_+0/+|X_100437c0",Label,true,false
100437c8,"s_+%d/+0_100437c8",Label,true,false
100437d0,"s_+|X/+0_100437d0",Label,true,false
100437d8,"s_swampwalk_100437d8",Label,true,false
100437e4,"s_plainswalk_100437e4",Label,true,false
100437f0,"s_forestwalk_100437f0",Label,true,false
100437fc,"s_mountainwalk_100437fc",Label,true,false
1004380c,"s_islandwalk_1004380c",Label,true,false
10043818,"DAT_10043818",Label,true,false
1004381c,"DAT_1004381c",Label,true,false
10043820,"DAT_10043820",Label,true,false
10043824,"s_and_10043824",Label,true,false
1004382c,"s_flying_1004382c",Label,true,false
10043834,"s_and_10043834",Label,true,false
1004383c,"s_first_strike_1004383c",Label,true,false
1004384c,"s_and_1004384c",Label,true,false
10043854,"s_banding_10043854",Label,true,false
1004385c,"s_and_1004385c",Label,true,false
10043864,"s_trample_10043864",Label,true,false
1004386c,"DAT_1004386c",Label,true,false
10043870,"s_-%d/-%d_10043870",Label,true,false
10043878,"s_-|X/-|X_10043878",Label,true,false
10043880,"DAT_10043880",Label,true,false
10043884,"s_First_strike_10043884",Label,true,false
10043894,"s_Trample_10043894",Label,true,false
1004389c,"DAT_1004389c",Label,true,false
100438a0,"s_Swamp_100438a0",Label,true,false
100438a8,"s_Plains_100438a8",Label,true,false
100438b0,"s_Mountain_100438b0",Label,true,false
100438bc,"s_Forest_100438bc",Label,true,false
100438c4,"s_Island_100438c4",Label,true,false
100438cc,"DAT_100438cc",Label,true,false
100438d0,"DAT_100438d0",Label,true,false
100438d4,"DAT_100438d4",Label,true,false
100438d8,"DAT_100438d8",Label,true,false
100438dc,"DAT_100438dc",Label,true,false
100438e0,"DAT_100438e0",Label,true,false
100438e4,"DAT_100438e4",Label,true,false
100438e8,"DAT_100438e8",Label,true,false
100438f0,"s_Damage:_%d_100438f0",Label,true,false
100438fc,"s_(Black)_100438fc",Label,true,false
10043908,"s_(Blue)_10043908",Label,true,false
10043910,"s_(Red)_10043910",Label,true,false
10043918,"s_(Green)_10043918",Label,true,false
10043924,"s_(White)_10043924",Label,true,false
10043930,"s_Hunting:_%s_10043930",Label,true,false
1004393c,"s_Activation_1004393c",Label,true,false
10043948,"DAT_10043948",Label,true,false
1004394c,"s_Activation_1004394c",Label,true,false
10043958,"s_Activation_10043958",Label,true,false
10043964,"DAT_10043964",Label,true,false
10043968,"s_Activation_10043968",Label,true,false
10043974,"s_Upkeep_10043974",Label,true,false
1004397c,"DAT_1004397c",Label,true,false
10043980,"DAT_10043980",Label,true,false
10043acc,"PTR_s_D:\Newmagic\sources\sidlib\Pcxw._10043acc",Label,true,false
10043ad0,"DAT_10043ad0",Label,true,false
10043ad4,"DAT_10043ad4",Label,true,false
10043ad8,"s_D:\Newmagic\sources\sidlib\Pcxw._10043ad8",Label,true,false
10043afc,"s_Error_Opening_File_%s_10043afc",Label,true,false
10043b14,"DAT_10043b14",Label,true,false
10043b18,"s_%s_Not_a_256_color_palettized_pc_10043b18",Label,true,false
10043b44,"s_Error_Opening_File_%s_10043b44",Label,true,false
10043b5c,"DAT_10043b5c",Label,true,false
10043b60,"s_%s_Not_a_pcx_file_10043b60",Label,true,false
10043b74,"s_%s_Not_a_version_5_pcx_file_10043b74",Label,true,false
10043b94,"s_%s_is_not_in_a_recognizable_form_10043b94",Label,true,false
10043bbc,"s_Error_Opening_File_%s_10043bbc",Label,true,false
10043bd4,"DAT_10043bd4",Label,true,false
10043c48,"PTR_DAT_10043c48",Label,true,false
10043c70,"PTR_DAT_10043c70",Label,true,false
10044058,"PTR_DAT_10044058",Label,true,false
100441dc,"DAT_100441dc",Label,true,false
100441e4,"s_Antiquities_100441e4",Label,true,false
100441f0,"s_Arabian_100441f0",Label,true,false
100441f8,"s_Astral_100441f8",Label,true,false
10044200,"s_Chronicles_10044200",Label,true,false
1004420c,"DAT_1004420c",Label,true,false
10044214,"s_Fifth_10044214",Label,true,false
1004421c,"s_Fourth_1004421c",Label,true,false
10044224,"s_Legends_10044224",Label,true,false
1004422c,"s_Promo_1004422c",Label,true,false
10044234,"s_Restricted_10044234",Label,true,false
10044240,"s_Unlimited_10044240",Label,true,false
1004424c,"s_Utility_1004424c",Label,true,false
10044254,"DAT_10044254",Label,true,false
1004425c,"s_Artifact_1004425c",Label,true,false
10044268,"s_Enchant_10044268",Label,true,false
10044270,"s_Instant_10044270",Label,true,false
10044278,"s_Interrupt_10044278",Label,true,false
10044284,"DAT_10044284",Label,true,false
1004428c,"s_Sorcery_1004428c",Label,true,false
10044294,"s_Summon_10044294",Label,true,false
1004429c,"s_Token_1004429c",Label,true,false
100442a4,"DAT_100442a4",Label,true,false
100442ac,"s_Abomination_100442ac",Label,true,false
100442b8,"s_Abu_Jafar_100442b8",Label,true,false
100442c4,"s_Aladdin_100442c4",Label,true,false
100442cc,"s_Ali_Baba_100442cc",Label,true,false
100442d8,"s_Ali_from_Cairo_100442d8",Label,true,false
100442e8,"s_Angel_100442e8",Label,true,false
100442f0,"DAT_100442f0",Label,true,false
100442f8,"DAT_100442f8",Label,true,false
100442fc,"DAT_100442fc",Label,true,false
10044304,"s_Archaeoligist_10044304",Label,true,false
10044314,"s_Archer_10044314",Label,true,false
1004431c,"s_Artifact_1004431c",Label,true,false
10044328,"DAT_10044328",Label,true,false
1004432c,"s_Assassin_1004432c",Label,true,false
10044338,"DAT_10044338",Label,true,false
10044340,"s_Avatar_10044340",Label,true,false
10044348,"s_Avenger_10044348",Label,true,false
10044350,"s_Avengers_10044350",Label,true,false
1004435c,"s_Badger_1004435c",Label,true,false
10044364,"s_Ball_Lightning_10044364",Label,true,false
10044374,"s_Bandits_10044374",Label,true,false
1004437c,"s_Banshee_1004437c",Label,true,false
10044384,"s_Basilisk_10044384",Label,true,false
10044390,"DAT_10044390",Label,true,false
10044398,"s_Bears_10044398",Label,true,false
100443a0,"s_Beasts_100443a0",Label,true,false
100443a8,"DAT_100443a8",Label,true,false
100443b0,"s_Being_100443b0",Label,true,false
100443b8,"s_Berserker_100443b8",Label,true,false
100443c4,"s_Bird_Maiden_100443c4",Label,true,false
100443d0,"s_Boars_100443d0",Label,true,false
100443d8,"s_Bodyguard_100443d8",Label,true,false
100443e4,"s_Brothers_100443e4",Label,true,false
100443f0,"DAT_100443f0",Label,true,false
100443f8,"s_Camel_100443f8",Label,true,false
10044400,"s_Caretaker_10044400",Label,true,false
1004440c,"s_Cat_Warriors_1004440c",Label,true,false
1004441c,"s_Cavalry_1004441c",Label,true,false
10044424,"s_Cave_People_10044424",Label,true,false
10044430,"s_Centaur_10044430",Label,true,false
10044438,"s_Cleric_10044438",Label,true,false
10044440,"s_Clone_10044440",Label,true,false
10044448,"s_Cobra_10044448",Label,true,false
10044450,"s_Cockatrice_10044450",Label,true,false
1004445c,"s_Creature_1004445c",Label,true,false
10044468,"s_Dandan_10044468",Label,true,false
10044470,"DAT_10044470",Label,true,false
10044478,"s_Demon_10044478",Label,true,false
10044480,"s_Dervish_10044480",Label,true,false
10044488,"s_Devils_10044488",Label,true,false
10044490,"s_Devourer_10044490",Label,true,false
1004449c,"s_Djinn_1004449c",Label,true,false
100444a4,"s_Doppleganger_100444a4",Label,true,false
100444b4,"s_Dragon_100444b4",Label,true,false
100444bc,"s_Dragonfly_100444bc",Label,true,false
100444c8,"s_Drake_100444c8",Label,true,false
100444d0,"s_Druid_100444d0",Label,true,false
100444d8,"s_Dwarves_100444d8",Label,true,false
100444e0,"s_Eater_100444e0",Label,true,false
100444e8,"DAT_100444e8",Label,true,false
100444ec,"s_Effigy_100444ec",Label,true,false
100444f4,"s_Efreet_100444f4",Label,true,false
100444fc,"DAT_100444fc",Label,true,false
10044500,"s_El-hajjaj_10044500",Label,true,false
1004450c,"s_ElderDragon_1004450c",Label,true,false
10044518,"s_Elemental_10044518",Label,true,false
10044524,"s_Elephant_10044524",Label,true,false
10044530,"s_Elves_10044530",Label,true,false
10044538,"s_Enchantment_10044538",Label,true,false
10044544,"s_Enchantress_10044544",Label,true,false
10044550,"s_Entity_10044550",Label,true,false
10044558,"s_Evil_Eye_10044558",Label,true,false
10044564,"s_Exorcist_10044564",Label,true,false
10044570,"s_Faerie_10044570",Label,true,false
10044578,"s_Faeries_10044578",Label,true,false
10044580,"s_Falcon_10044580",Label,true,false
10044588,"s_Fallen_10044588",Label,true,false
10044590,"s_Flying_Men_10044590",Label,true,false
1004459c,"s_Force_1004459c",Label,true,false
100445a4,"s_Fungusaur_100445a4",Label,true,false
100445b0,"s_Gaea's_Liege_100445b0",Label,true,false
100445c0,"s_Gargoyle_100445c0",Label,true,false
100445cc,"s_Ghosts_100445cc",Label,true,false
100445d4,"s_Ghoul_100445d4",Label,true,false
100445dc,"s_Giant_100445dc",Label,true,false
100445e4,"s_Gnomes_100445e4",Label,true,false
100445ec,"s_Goblin_100445ec",Label,true,false
100445f4,"s_Goblins_100445f4",Label,true,false
100445fc,"s_Gremlins_100445fc",Label,true,false
10044608,"s_Guardian_10044608",Label,true,false
10044614,"s_Guardians_10044614",Label,true,false
10044620,"s_Gypsies_10044620",Label,true,false
10044628,"DAT_10044628",Label,true,false
1004462c,"DAT_1004462c",Label,true,false
10044634,"s_Horror_10044634",Label,true,false
1004463c,"s_Horseman_1004463c",Label,true,false
10044648,"s_Hunter_10044648",Label,true,false
10044650,"s_Hydra_10044650",Label,true,false
10044658,"DAT_10044658",Label,true,false
1004465c,"s_Island_Fish_1004465c",Label,true,false
10044668,"s_Jackal_10044668",Label,true,false
10044670,"s_Jaguar_10044670",Label,true,false
10044678,"s_Keepers_10044678",Label,true,false
10044680,"DAT_10044680",Label,true,false
10044688,"s_Kithkin_10044688",Label,true,false
10044690,"s_Knight_10044690",Label,true,false
10044698,"s_Knights_10044698",Label,true,false
100446a0,"s_Kobolds_100446a0",Label,true,false
100446a8,"DAT_100446a8",Label,true,false
100446b0,"s_Leeches_100446b0",Label,true,false
100446b8,"s_Legenary_100446b8",Label,true,false
100446c4,"s_Legend_100446c4",Label,true,false
100446cc,"s_Legendary_100446cc",Label,true,false
100446d8,"s_Legionnaire_100446d8",Label,true,false
100446e4,"s_Leviathan_100446e4",Label,true,false
100446f0,"s_Lions_100446f0",Label,true,false
100446f8,"DAT_100446f8",Label,true,false
10044700,"s_Lost_Soul_10044700",Label,true,false
1004470c,"s_Lurker_1004470c",Label,true,false
10044714,"s_Lycanthrope_10044714",Label,true,false
10044720,"s_Mammoth_10044720",Label,true,false
10044728,"s_Mana_Birds_10044728",Label,true,false
10044734,"s_Manticore_10044734",Label,true,false
10044740,"s_Marid_10044740",Label,true,false
10044748,"s_Master_10044748",Label,true,false
10044750,"s_Medusa_10044750",Label,true,false
10044758,"s_Merfolk_10044758",Label,true,false
10044760,"s_Minotaur_10044760",Label,true,false
1004476c,"DAT_1004476c",Label,true,false
10044770,"s_Monster_10044770",Label,true,false
10044778,"s_MossMonster_10044778",Label,true,false
10044784,"s_Mummy_10044784",Label,true,false
1004478c,"s_Murk_Dwellers_1004478c",Label,true,false
1004479c,"s_Nameless_1004479c",Label,true,false
100447a8,"s_Niall_Silvain_100447a8",Label,true,false
100447b8,"s_Nightmare_100447b8",Label,true,false
100447c4,"s_Nomads_100447c4",Label,true,false
100447cc,"s_Nymphs_100447cc",Label,true,false
100447d4,"DAT_100447d4",Label,true,false
100447dc,"DAT_100447dc",Label,true,false
100447e4,"DAT_100447e4",Label,true,false
100447ec,"s_Paladin_100447ec",Label,true,false
100447f4,"s_Pegasus_100447f4",Label,true,false
100447fc,"s_People_100447fc",Label,true,false
10044804,"s_Phantasm_10044804",Label,true,false
10044810,"s_Phoenix_10044810",Label,true,false
10044818,"s_Pikemen_10044818",Label,true,false
10044820,"s_Pixie_10044820",Label,true,false
10044828,"s_Pixies_10044828",Label,true,false
10044830,"s_Poltergeist_10044830",Label,true,false
1004483c,"s_Preacher_1004483c",Label,true,false
10044848,"s_Priest_10044848",Label,true,false
10044850,"s_Rag_Man_10044850",Label,true,false
10044858,"s_Raiders_10044858",Label,true,false
10044860,"DAT_10044860",Label,true,false
10044868,"s_Riders_10044868",Label,true,false
10044870,"s_Robbers_10044870",Label,true,false
10044878,"DAT_10044878",Label,true,false
1004487c,"s_Rock_Sled_1004487c",Label,true,false
10044888,"DAT_10044888",Label,true,false
10044890,"DAT_10044890",Label,true,false
10044898,"s_Sand_Warrior_10044898",Label,true,false
100448a8,"s_Satyr_100448a8",Label,true,false
100448b0,"s_Savant_100448b0",Label,true,false
100448b8,"s_Scavengers_100448b8",Label,true,false
100448c4,"s_Scorpion_100448c4",Label,true,false
100448d0,"s_Sergent_100448d0",Label,true,false
100448d8,"s_Serpent_100448d8",Label,true,false
100448e0,"s_Shade_100448e0",Label,true,false
100448e8,"s_Shadow_100448e8",Label,true,false
100448f0,"s_Shark_100448f0",Label,true,false
100448f8,"DAT_100448f8",Label,true,false
10044900,"s_Sindbad_10044900",Label,true,false
10044908,"s_Singing_Tree_10044908",Label,true,false
10044918,"s_Sisters_10044918",Label,true,false
10044920,"s_Skeletons_10044920",Label,true,false
1004492c,"DAT_1004492c",Label,true,false
10044934,"s_Smith_10044934",Label,true,false
1004493c,"s_Snake_1004493c",Label,true,false
10044944,"s_Sorceress_10044944",Label,true,false
10044950,"s_Spawn_10044950",Label,true,false
10044958,"s_Specter_10044958",Label,true,false
10044960,"s_Sphinx_10044960",Label,true,false
10044968,"s_Spider_10044968",Label,true,false
10044970,"s_Spirit_10044970",Label,true,false
10044978,"s_Spuzzem_10044978",Label,true,false
10044980,"s_Squire_10044980",Label,true,false
10044988,"s_Stalker_10044988",Label,true,false
10044990,"s_Stangg_10044990",Label,true,false
10044998,"s_Taskmaster_10044998",Label,true,false
100449a4,"s_Tetravite_100449a4",Label,true,false
100449b0,"s_Tortoise_100449b0",Label,true,false
100449bc,"s_Tracker_100449bc",Label,true,false
100449c4,"s_Treefolk_100449c4",Label,true,false
100449d0,"s_Troll_100449d0",Label,true,false
100449d8,"s_Turtle_100449d8",Label,true,false
100449e0,"s_Uncle_Istvan_100449e0",Label,true,false
100449f0,"s_Unicorn_100449f0",Label,true,false
100449f8,"s_Vampire_100449f8",Label,true,false
10044a00,"s_Veteran_10044a00",Label,true,false
10044a08,"s_Villain_10044a08",Label,true,false
10044a10,"s_Viper_10044a10",Label,true,false
10044a18,"s_Vultures_10044a18",Label,true,false
10044a24,"DAT_10044a24",Label,true,false
10044a2c,"s_Whippoorwill_10044a2c",Label,true,false
10044a3c,"s_Will-O'-The-Wisp_10044a3c",Label,true,false
10044a50,"s_Witches_10044a50",Label,true,false
10044a58,"s_Wizard_10044a58",Label,true,false
10044a60,"s_Wolverines_10044a60",Label,true,false
10044a6c,"s_Wolves_10044a6c",Label,true,false
10044a74,"s_Wombat_10044a74",Label,true,false
10044a7c,"s_World_10044a7c",Label,true,false
10044a84,"s_Wraith_10044a84",Label,true,false
10044a8c,"s_Wretched_10044a8c",Label,true,false
10044a98,"DAT_10044a98",Label,true,false
10044aa0,"DAT_10044aa0",Label,true,false
10044aa8,"s_Zombies_10044aa8",Label,true,false
10044ab0,"DAT_10044ab0",Label,true,false
10044ab4,"DAT_10044ab4",Label,true,false
10044abc,"s_Black_10044abc",Label,true,false
10044ac4,"DAT_10044ac4",Label,true,false
10044acc,"s_Brown_10044acc",Label,true,false
10044ad4,"DAT_10044ad4",Label,true,false
10044adc,"s_Green_10044adc",Label,true,false
10044ae4,"DAT_10044ae4",Label,true,false
10044aec,"DAT_10044aec",Label,true,false
10044af0,"s_White_10044af0",Label,true,false
10044af8,"DAT_10044af8",Label,true,false
10044b00,"DAT_10044b00",Label,true,false
10044b08,"s_Control_10044b08",Label,true,false
10044b10,"s_Counterspell_10044b10",Label,true,false
10044b20,"s_DirectFire_10044b20",Label,true,false
10044b2c,"s_Discard_10044b2c",Label,true,false
10044b34,"DAT_10044b34",Label,true,false
10044b3c,"s_GainLife_10044b3c",Label,true,false
10044b48,"s_Healing_10044b48",Label,true,false
10044b50,"s_LandDestruct_10044b50",Label,true,false
10044b60,"s_ManaSource_10044b60",Label,true,false
10044b6c,"s_Permission_10044b6c",Label,true,false
10044b78,"s_PowerUp_10044b78",Label,true,false
10044b80,"DAT_10044b80",Label,true,false
10044b88,"s_Common_10044b88",Label,true,false
10044b90,"DAT_10044b90",Label,true,false
10044b98,"s_Special_10044b98",Label,true,false
10044ba0,"s_Uncommon_10044ba0",Label,true,false
10044bac,"DAT_10044bac",Label,true,false
10044bb4,"s_Amy_Weber_10044bb4",Label,true,false
10044bc0,"s_Andi_Rusu_10044bc0",Label,true,false
10044bcc,"s_Anson_Maddocks_10044bcc",Label,true,false
10044bdc,"s_Anthony_Waters_10044bdc",Label,true,false
10044bec,"s_Brian_Snoddy_10044bec",Label,true,false
10044bfc,"s_Bryon_Wackwitz_10044bfc",Label,true,false
10044c0c,"s_Christopher_Rush_10044c0c",Label,true,false
10044c20,"s_Cornelius_Brudi_10044c20",Label,true,false
10044c30,"s_Dameon_Willich_10044c30",Label,true,false
10044c40,"s_Dan_Frazier_10044c40",Label,true,false
10044c4c,"s_Daniel_Gelon_10044c4c",Label,true,false
10044c5c,"s_Dennis_Detwiller_10044c5c",Label,true,false
10044c70,"s_Douglas_Shuler_10044c70",Label,true,false
10044c80,"s_Drew_Tucker_10044c80",Label,true,false
10044c8c,"DAT_10044c8c",Label,true,false
10044ca0,"s_Fay_Jones_10044ca0",Label,true,false
10044cac,"s_Frank_Frazier_10044cac",Label,true,false
10044cbc,"s_Harold_McNeill_10044cbc",Label,true,false
10044ccc,"s_Heather_Hudson_10044ccc",Label,true,false
10044cdc,"s_Jeff_A._Menges_10044cdc",Label,true,false
10044cec,"s_Jesper_Myrfors_10044cec",Label,true,false
10044cfc,"s_Julie_Baroh_10044cfc",Label,true,false
10044d08,"s_Justin_Hampton_10044d08",Label,true,false
10044d18,"s_Kaja_&_Phil_Foglio_10044d18",Label,true,false
10044d2c,"s_Kaja_Foglio_10044d2c",Label,true,false
10044d38,"s_Ken_Meyer_Jr._10044d38",Label,true,false
10044d48,"s_Kerstin_Kaman_10044d48",Label,true,false
10044d58,"s_Kev_Brockschmidt_10044d58",Label,true,false
10044d6c,"s_Kristen_Bishop_10044d6c",Label,true,false
10044d7c,"s_Liz_Danforth_10044d7c",Label,true,false
10044d8c,"s_Margaret_Organ-Kean_10044d8c",Label,true,false
10044da0,"s_Mark_Poole_10044da0",Label,true,false
10044dac,"s_Mark_Tedin_10044dac",Label,true,false
10044db8,"s_Melissa_Benson_10044db8",Label,true,false
10044dc8,"s_Michael_Whelan_10044dc8",Label,true,false
10044dd8,"s_Mike_Kimble_10044dd8",Label,true,false
10044de4,"s_Nicola_Leonard_10044de4",Label,true,false
10044df4,"DAT_10044df4",Label,true,false
10044e00,"s_Pat_Morrissey_10044e00",Label,true,false
10044e10,"s_Pete_Venters_10044e10",Label,true,false
10044e20,"s_Phil_Foglio_10044e20",Label,true,false
10044e2c,"s_Quinton_Hoover_10044e2c",Label,true,false
10044e3c,"s_Randy_Asplund-Faith_10044e3c",Label,true,false
10044e50,"s_Richard_Kane-Ferguson_10044e50",Label,true,false
10044e68,"s_Richard_Thomas_10044e68",Label,true,false
10044e78,"s_Rob_Alexander_10044e78",Label,true,false
10044e88,"s_Ron_Spencer_10044e88",Label,true,false
10044e94,"s_Sandra_Everingham_10044e94",Label,true,false
10044ea8,"s_Scott_Kirschner_10044ea8",Label,true,false
10044eb8,"s_Susan_Van_Camp_10044eb8",Label,true,false
10044ec8,"DAT_10044ec8",Label,true,false
10044ed8,"s_Unknown_10044ed8",Label,true,false
10044ee0,"DAT_10044ee0",Label,true,false
10044ee8,"s_Banding_10044ee8",Label,true,false
10044ef0,"s_Desertwalk_10044ef0",Label,true,false
10044efc,"s_First_Strike_10044efc",Label,true,false
10044f0c,"s_Flying_10044f0c",Label,true,false
10044f14,"s_Forestwalk_10044f14",Label,true,false
10044f20,"s_Free_Action_10044f20",Label,true,false
10044f2c,"s_Islandwalk_10044f2c",Label,true,false
10044f38,"s_Legendary_Landwalk_10044f38",Label,true,false
10044f4c,"s_Mountainwalk_10044f4c",Label,true,false
10044f5c,"s_Plainswalk_10044f5c",Label,true,false
10044f68,"s_Poison_10044f68",Label,true,false
10044f70,"s_Protection_from_Black_10044f70",Label,true,false
10044f88,"s_Protection_from_Red_10044f88",Label,true,false
10044f9c,"s_Protection_from_White_10044f9c",Label,true,false
10044fb4,"s_Quickness_10044fb4",Label,true,false
10044fc0,"s_Rampage_10044fc0",Label,true,false
10044fc8,"s_Regeneration_10044fc8",Label,true,false
10044fd8,"s_Stoning_10044fd8",Label,true,false
10044fe0,"s_Swampwalk_10044fe0",Label,true,false
10044fec,"s_Trample_10044fec",Label,true,false
10044ff4,"DAT_10044ff4",Label,true,false
10044ff8,"s_xBanding_10044ff8",Label,true,false
10045004,"s_xFirst_Strike_10045004",Label,true,false
10045014,"s_xFlying_10045014",Label,true,false
1004501c,"s_xForestwalk_1004501c",Label,true,false
10045028,"s_xFree_Action_10045028",Label,true,false
10045038,"s_xIslandwalk_10045038",Label,true,false
10045044,"s_xMountainwalk_10045044",Label,true,false
10045054,"s_xPlainswalk_10045054",Label,true,false
10045060,"s_xProtection_from_Artifacts_10045060",Label,true,false
1004507c,"s_xProtection_from_Black_1004507c",Label,true,false
10045094,"s_xProtection_from_Blue_10045094",Label,true,false
100450ac,"s_xProtection_from_Green_100450ac",Label,true,false
100450c4,"s_xProtection_from_Red_100450c4",Label,true,false
100450dc,"s_xProtection_from_White_100450dc",Label,true,false
100450f4,"s_xQuickness_100450f4",Label,true,false
10045100,"s_xRampage_10045100",Label,true,false
1004510c,"s_xRegeneration_1004510c",Label,true,false
1004511c,"s_xStoning_1004511c",Label,true,false
10045128,"s_xSwampwalk_10045128",Label,true,false
10045134,"s_xTrample_10045134",Label,true,false
10045140,"DAT_10045140",Label,true,false
10045588,"DAT_10045588",Label,true,false
100455c4,"s_MAGICDECK_MainClass_100455c4",Label,true,false
100455d8,"s_The_following_cards_are_not_in_4_100455d8",Label,true,false
10045608,"DAT_10045608",Label,true,false
1004560c,"s_Checking_deck_for_legal_cards_1004560c",Label,true,false
1004562c,"s_Checking_deck_for_legal_cards_1004562c",Label,true,false
1004564c,"s_All_cards_are_in_4th_edition_1004564c",Label,true,false
1004566c,"s_%s.dck_is_not_a_valid_deck_file._1004566c",Label,true,false
10045690,"s_Deck_Builder_10045690",Label,true,false
100456a0,"s_New_Deck_100456a0",Label,true,false
100456ac,"s_\new.dck_100456ac",Label,true,false
100456b8,"s_New_Deck_100456b8",Label,true,false
100456c4,"s_Deck_Builder_100456c4",Label,true,false
100456d4,"s_You_must_name_your_deck_before_s_100456d4",Label,true,false
100456fc,"s_Deck_Builder_100456fc",Label,true,false
1004570c,"s_Your_deck_must_have_at_least_40_c_1004570c",Label,true,false
1004574c,"s_Deck_Builder_1004574c",Label,true,false
1004575c,"s_Your_deck_has_too_many_cards._Th_1004575c",Label,true,false
100457d8,"DAT_100457d8",Label,true,false
100457dc,"DAT_100457dc",Label,true,false
100457e4,"DAT_100457e4",Label,true,false
100457e8,"s_%s.dck_already_exists._Do_you_wi_100457e8",Label,true,false
1004581c,"s_Deck_Builder_1004581c",Label,true,false
1004582c,"s_%s.dck_has_been_saved._1004582c",Label,true,false
10045844,"s_Deck_Builder_10045844",Label,true,false
10045854,"s_There_was_an_error_opening_%s.dc_10045854",Label,true,false
10045894,"s_Deck_Builder_Error_10045894",Label,true,false
100458a8,"s_Deck1_100458a8",Label,true,false
100458b0,"s_Deck2_100458b0",Label,true,false
100458b8,"s_Deck3_100458b8",Label,true,false
100458c0,"s_*_Deck1_*_100458c0",Label,true,false
100458cc,"s_*_Deck2_*_100458cc",Label,true,false
100458d8,"s_*_Deck3_*_100458d8",Label,true,false
100458e4,"DAT_100458e4",Label,true,false
100458e8,"s_CardIDs.TXT_100458e8",Label,true,false
100458f4,"s_Deck_Builder_Error_100458f4",Label,true,false
10045908,"s_Could_not_create_CARDID.TXT_10045908",Label,true,false
10045924,"s_Kudos_Condensed_SSi_10045924",Label,true,false
10045938,"s_\new.dck_10045938",Label,true,false
10045944,"s_ARTISTNAMES_10045944",Label,true,false
10045950,"s_menus_10045950",Label,true,false
10045958,"s_GOLD:_%d_10045958",Label,true,false
10045964,"s_New_Deck_10045964",Label,true,false
10045970,"s_MMMM_dd','_yyyy_10045970",Label,true,false
10045980,"s_DECK_TITLE_10045980",Label,true,false
1004598c,"s_MAGICDECK_TitleClass_1004598c",Label,true,false
100459a4,"s_Full-size_card_100459a4",Label,true,false
100459b4,"s_MagicFullCardClass_100459b4",Label,true,false
100459c8,"s_Deck_Surface_100459c8",Label,true,false
100459d8,"s_MAGICDECK_DeckSurfaceClass_100459d8",Label,true,false
100459f4,"s_Stats_100459f4",Label,true,false
100459fc,"s_BUTTON_100459fc",Label,true,false
10045a04,"DAT_10045a04",Label,true,false
10045a0c,"s_BUTTON_10045a0c",Label,true,false
10045a14,"DAT_10045a14",Label,true,false
10045a1c,"s_BUTTON_10045a1c",Label,true,false
10045a24,"s_Deck1_10045a24",Label,true,false
10045a2c,"s_BUTTON_10045a2c",Label,true,false
10045a34,"s_Deck2_10045a34",Label,true,false
10045a3c,"s_BUTTON_10045a3c",Label,true,false
10045a44,"s_Deck3_10045a44",Label,true,false
10045a4c,"s_BUTTON_10045a4c",Label,true,false
10045a54,"s_Card_List_10045a54",Label,true,false
10045a60,"s_LISTBOX_10045a60",Label,true,false
10045a68,"s_Card_Picture_List_10045a68",Label,true,false
10045a7c,"s_MAGICDECK_HorzListClass_10045a7c",Label,true,false
10045a94,"s_Card_List_Filters_10045a94",Label,true,false
10045aa8,"s_MAGICDECK_CardListFiltersClass_10045aa8",Label,true,false
10045ac8,"s_&New_deck_10045ac8",Label,true,false
10045ad4,"s_&Load_deck_10045ad4",Label,true,false
10045ae0,"s_&Save_deck_10045ae0",Label,true,false
10045aec,"s_Show_&full_card_text_(big_card)_10045aec",Label,true,false
10045b0c,"s_&Consolidate_duplicate_cards_(de_10045b0c",Label,true,false
10045b3c,"s_M&inimize_10045b3c",Label,true,false
10045b48,"s_&Music_10045b48",Label,true,false
10045b50,"s_Sound_&Effects_10045b50",Label,true,false
10045b60,"s_E&xit_deck_builder_10045b60",Label,true,false
10045b74,"s_&New_deck_10045b74",Label,true,false
10045b80,"s_&Load_deck_10045b80",Label,true,false
10045b8c,"s_&Save_deck_10045b8c",Label,true,false
10045b98,"s_Show_&full_card_text_(big_card)_10045b98",Label,true,false
10045bb8,"s_&Consolidate_duplicate_cards_(de_10045bb8",Label,true,false
10045be8,"s_&Music_10045be8",Label,true,false
10045bf0,"s_Sound_&Effects_10045bf0",Label,true,false
10045c00,"s_&Done_10045c00",Label,true,false
10045c08,"s_Show_&full_card_text_(big_card)_10045c08",Label,true,false
10045c28,"s_&Consolidate_duplicate_cards_(de_10045c28",Label,true,false
10045c58,"s_&Music_10045c58",Label,true,false
10045c60,"s_Sound_&Effects_10045c60",Label,true,false
10045c70,"s_&Done_10045c70",Label,true,false
10045c78,"s_*_Deck1_*_10045c78",Label,true,false
10045c84,"s_*_Deck2_*_10045c84",Label,true,false
10045c90,"s_*_Deck3_*_10045c90",Label,true,false
10045c9c,"s_Magic:_The_Gathering_10045c9c",Label,true,false
10045cb4,"s_Not_enough_system_memory_to_run_a_10045cb4",Label,true,false
10045d4c,"s_Load_new_deck_10045d4c",Label,true,false
10045d5c,"s_Stats_(%d_cards)_10045d5c",Label,true,false
10045d70,"s_Magic:_The_Gathering_Deck_10045d70",Label,true,false
10045d8c,"DAT_10045d8c",Label,true,false
10045d90,"DAT_10045d90",Label,true,false
10045d94,"s_Couldn't_bring_up_the_Load_Deck_d_10045d94",Label,true,false
10045dbc,"DAT_10045dbc",Label,true,false
10045dc0,"s_LISTBOX_10045dc0",Label,true,false
10045dc8,"s_\*.DCK_10045dc8",Label,true,false
10045dd0,"DAT_10045dd0",Label,true,false
10045dd4,"DAT_10045dd4",Label,true,false
10045dd8,"s_%s\GAUN_Results.pic_10045dd8",Label,true,false
10045dec,"s_%s\%s.dck_10045dec",Label,true,false
10045df8,"s_Do_you_wish_to_save_%s?_10045df8",Label,true,false
10045e10,"s_Deck_Maker_10045e10",Label,true,false
10045e1c,"s_sound\locmus%d.wav_10045e1c",Label,true,false
10045e30,"s_DuelSounds\discard.wav_10045e30",Label,true,false
10045e48,"s_DuelSounds\draw.wav_10045e48",Label,true,false
10045e5c,"s_DuelSounds\button.wav_10045e5c",Label,true,false
10045e74,"s_DuelSounds\cancel.wav_10045e74",Label,true,false
10046058,"s_%s\%04d.WVL_10046058",Label,true,false
10046064,"s_%s\%04d%c.WVL_10046064",Label,true,false
10046074,"s_%s\%04d.WVL_10046074",Label,true,false
10046088,"DAT_10046088",Label,true,false
1004608c,"DAT_1004608c",Label,true,false
10046094,"DAT_10046094",Label,true,false
10046098,"DAT_10046098",Label,true,false
100460a0,"s_Blank_100460a0",Label,true,false
100460a8,"DAT_100460a8",Label,true,false
100460ac,"s_black_100460ac",Label,true,false
100460b4,"DAT_100460b4",Label,true,false
100460bc,"s_green_100460bc",Label,true,false
100460c4,"DAT_100460c4",Label,true,false
100460c8,"s_white_100460c8",Label,true,false
100460d0,"s_swamp_100460d0",Label,true,false
100460d8,"s_island_100460d8",Label,true,false
100460e0,"s_forest_100460e0",Label,true,false
100460e8,"s_mountain_100460e8",Label,true,false
100460f4,"s_plains_100460f4",Label,true,false
100460fc,"DAT_100460fc",Label,true,false
10046100,"DAT_10046100",Label,true,false
10046104,"DAT_10046104",Label,true,false
10046108,"DAT_10046108",Label,true,false
1004610c,"DAT_1004610c",Label,true,false
10046110,"DAT_10046110",Label,true,false
10046130,"DAT_10046130",Label,true,false
10046134,"s_MAGICDECK_CardListFiltersClass_10046134",Label,true,false
10046154,"s_WHITE_10046154",Label,true,false
1004615c,"s_cuecards_1004615c",Label,true,false
10046168,"s_GREEN_10046168",Label,true,false
10046170,"s_cuecards_10046170",Label,true,false
1004617c,"DAT_1004617c",Label,true,false
10046180,"s_cuecards_10046180",Label,true,false
1004618c,"s_BLACK_1004618c",Label,true,false
10046194,"s_cuecards_10046194",Label,true,false
100461a0,"DAT_100461a0",Label,true,false
100461a8,"s_cuecards_100461a8",Label,true,false
100461b4,"s_ASTRAL_100461b4",Label,true,false
100461bc,"s_cuecards_100461bc",Label,true,false
100461c8,"s_LEGENDS_100461c8",Label,true,false
100461d0,"s_cuecards_100461d0",Label,true,false
100461dc,"s_FOURTH_100461dc",Label,true,false
100461e4,"s_cuecards_100461e4",Label,true,false
100461f0,"s_PROMO_100461f0",Label,true,false
100461f8,"s_cuecards_100461f8",Label,true,false
10046204,"s_RESTRICTED_10046204",Label,true,false
10046210,"s_cuecards_10046210",Label,true,false
1004621c,"DAT_1004621c",Label,true,false
10046224,"s_cuecards_10046224",Label,true,false
10046230,"s_ARTIFACT_10046230",Label,true,false
1004623c,"s_cuecards_1004623c",Label,true,false
10046248,"s_CREATURE_10046248",Label,true,false
10046254,"s_cuecards_10046254",Label,true,false
10046260,"s_ENCHANTMENT_10046260",Label,true,false
1004626c,"s_cuecards_1004626c",Label,true,false
10046278,"s_INSTANT_10046278",Label,true,false
10046280,"s_cuecards_10046280",Label,true,false
1004628c,"s_INTERRUPT_1004628c",Label,true,false
10046298,"s_cuecards_10046298",Label,true,false
100462a4,"s_SORCERY_100462a4",Label,true,false
100462ac,"s_cuecards_100462ac",Label,true,false
100462b8,"s_CASTCOST_100462b8",Label,true,false
100462c4,"s_cuecards_100462c4",Label,true,false
100462d0,"s_POWER_100462d0",Label,true,false
100462d8,"s_cuecards_100462d8",Label,true,false
100462e4,"s_TOUGHNESS_100462e4",Label,true,false
100462f0,"s_cuecards_100462f0",Label,true,false
100462fc,"s_ABILITY_100462fc",Label,true,false
10046304,"s_cuecards_10046304",Label,true,false
10046310,"s_RARITY_10046310",Label,true,false
10046318,"s_cuecards_10046318",Label,true,false
10046324,"s_ARTIST_10046324",Label,true,false
1004632c,"s_cuecards_1004632c",Label,true,false
10046338,"s_FILTERS_10046338",Label,true,false
10046340,"s_menus_10046340",Label,true,false
10046348,"DAT_10046348",Label,true,false
10046350,"s_menus_10046350",Label,true,false
10046358,"DAT_10046358",Label,true,false
10046360,"s_menus_10046360",Label,true,false
10046368,"s_ARTIFACT_10046368",Label,true,false
10046374,"s_menus_10046374",Label,true,false
1004637c,"s_CREATURE_1004637c",Label,true,false
10046388,"s_menus_10046388",Label,true,false
10046390,"s_ENCHANTMENT_10046390",Label,true,false
1004639c,"s_menus_1004639c",Label,true,false
100463a4,"s_CASTCOST_100463a4",Label,true,false
100463b0,"s_menus_100463b0",Label,true,false
100463b8,"s_POWER_100463b8",Label,true,false
100463c0,"s_menus_100463c0",Label,true,false
100463c8,"s_TOUGHNESS_100463c8",Label,true,false
100463d4,"s_menus_100463d4",Label,true,false
100463dc,"s_ABILITY_100463dc",Label,true,false
100463e4,"s_menus_100463e4",Label,true,false
100463ec,"s_RARITY_100463ec",Label,true,false
100463f4,"s_menus_100463f4",Label,true,false
100463fc,"s_ARTIST_100463fc",Label,true,false
10046404,"s_menus_10046404",Label,true,false
1004640c,"s_Casting_Cost_1004640c",Label,true,false
1004641c,"s_Power_1004641c",Label,true,false
10046424,"s_Toughness_10046424",Label,true,false
10046430,"s_Filter_Dialog_10046430",Label,true,false
10046440,"DAT_10046440",Label,true,false
10046444,"s_Couldn't_bring_up_the_filter_dia_10046444",Label,true,false
1004646c,"DAT_1004646c",Label,true,false
10046470,"s_%s\GAUN_Options.pic_10046470",Label,true,false
10046484,"s_Select_Active_Artist_10046484",Label,true,false
1004649c,"s_Select_Active_Creature_1004649c",Label,true,false
100464b4,"s_Filter_Dialog_100464b4",Label,true,false
100464c4,"DAT_100464c4",Label,true,false
100464c8,"s_Couldn't_bring_up_the_filter_dia_100464c8",Label,true,false
100464f0,"s_ARTISTNAMES_100464f0",Label,true,false
100464fc,"s_menus_100464fc",Label,true,false
10046504,"s_%s\GAUN_Options.pic_10046504",Label,true,false
10046518,"s_CREATURENAMES_10046518",Label,true,false
10046528,"s_menus_10046528",Label,true,false
10046530,"s_%s\GAUN_Options.pic_10046530",Label,true,false
10046614,"s_CueCardClass_10046614",Label,true,false
10046624,"s_Arial_10046624",Label,true,false
10046630,"DAT_10046630",Label,true,false
10046634,"DAT_10046634",Label,true,false
10046638,"DAT_10046638",Label,true,false
10046674,"s_%08X_LoadDIBSection_(%s)_10046674",Label,true,false
10046690,"s_%08X_LoadDIBSectionFromFile_(%s)_10046690",Label,true,false
100466b4,"s_%08x_DestroyDIBSection_(file_map_100466b4",Label,true,false
100466e4,"s_\DUELPALall.TR_100466e4",Label,true,false
100466f4,"s_\DUEL.plogpal_100466f4",Label,true,false
10046704,"s_DISPLAY_10046704",Label,true,false
1004670c,"s_Button_1004670c",Label,true,false
10046714,"DAT_10046714",Label,true,false
1004671c,"s_Fonts_1004671c",Label,true,false
10046724,"DAT_10046724",Label,true,false
1004672c,"s_Fonts_1004672c",Label,true,false
10046734,"DAT_10046734",Label,true,false
1004673c,"s_MS_Sans_Serif_1004673c",Label,true,false
1004674c,"s_Fonts_1004674c",Label,true,false
10046790,"DAT_10046790",Label,true,false
100467cc,"s_MAGICDECK_TitleClass_100467cc",Label,true,false
100467e4,"s_Cheltenham_ITC_Bold_BT_100467e4",Label,true,false
10046810,"DAT_10046810",Label,true,false
10046812,"DAT_10046812",Label,true,false
10046813,"DAT_10046813",Label,true,false
10046814,"DAT_10046814",Label,true,false
10046815,"DAT_10046814+1",Label,true,false
1004a810,"DAT_1004a810",Label,true,false
1004a814,"DAT_1004a814",Label,true,false
1004a818,"DAT_1004a818",Label,true,false
1004a81c,"DAT_1004a81c",Label,true,false
1004a820,"DAT_1004a820",Label,true,false
1004a824,"DAT_1004a824",Label,true,false
1004a825,"DAT_1004a825",Label,true,false
1004a826,"DAT_1004a826",Label,true,false
1004a827,"DAT_1004a827",Label,true,false
1004a828,"DAT_1004a828",Label,true,false
1004a82c,"DAT_1004a82c",Label,true,false
1004a830,"DAT_1004a830",Label,true,false
1004a834,"DAT_1004a834",Label,true,false
1004a835,"DAT_1004a835",Label,true,false
1004a836,"DAT_1004a836",Label,true,false
1004a83a,"DAT_1004a83a",Label,true,false
1004ac3b,"DAT_1004ac3b",Label,true,false
1004b9e0,"DAT_1004b9e0",Label,true,false
1004b9e4,"DAT_1004b9e4",Label,true,false
1004b9e8,"DAT_1004b9e8",Label,true,false
1004b9ec,"DAT_1004b9ec",Label,true,false
1004b9f4,"DAT_1004b9f4",Label,true,false
1004b9fc,"DAT_1004b9fc",Label,true,false
1004ba04,"DAT_1004ba04",Label,true,false
1004ba08,"DAT_1004ba08",Label,true,false
1004ba18,"DAT_1004ba18",Label,true,false
1004ba54,"DAT_1004ba54",Label,true,false
1004ba58,"s_MAGICDECK_HorzListClass_1004ba58",Label,true,false
1004ba70,"s_GOLD:_%d_1004ba70",Label,true,false
1004ba7c,"s_Kudos_Condensed_SSi_1004ba7c",Label,true,false
1004ba90,"DAT_1004ba90",Label,true,false
1004ba94,"s_Sell_Card_for_%d_1004ba94",Label,true,false
1004baa8,"DAT_1004baa8",Label,true,false
1004bab0,"s_MAGICDECK_CardClass_1004bab0",Label,true,false
1004bae8,"PTR_DAT_1004bae8",Label,true,false
1004baec,"PTR_DAT_1004baec",Label,true,false
1004baf0,"DAT_1004baf0",Label,true,false
1004baf4,"DAT_1004baf4",Label,true,false
1004baf8,"DAT_1004baf8",Label,true,false
1004bafa,"DAT_1004bafa",Label,true,false
1004bafc,"DAT_1004bafc",Label,true,false
1004bb04,"DAT_1004bb04",Label,true,false
1004bb08,"s_Could_not_open_file_%s_1004bb08",Label,true,false
1004bb20,"s_D:\Newmagic\sources\sidlib\Kimpi_1004bb20",Label,true,false
1004bb44,"s_%08X_LoadKimPicture_(%s),_file_m_1004bb44",Label,true,false
1004bb8c,"DAT_1004bb8c",Label,true,false
1004bb90,"DAT_1004bb90",Label,true,false
1004bb94,"DAT_1004bb94",Label,true,false
1004bb98,"PTR_s_magsnd_1004bb98",Label,true,false
1004bb9c,"s_magsnd_1004bb9c",Label,true,false
1004bba8,"DAT_1004bba8",Label,true,false
1004bbe4,"s_%s\GAUN_Options.pic_1004bbe4",Label,true,false
1004bbf8,"s_Cheltenham_ITC_Bold_BT_1004bbf8",Label,true,false
1004bc10,"s_Enchantments_1004bc10",Label,true,false
1004bc20,"s_(%d)_%d%%_1004bc20",Label,true,false
1004bc2c,"s_(%d)_%d%%_1004bc2c",Label,true,false
1004bc38,"DAT_1004bc38",Label,true,false
1004bc3c,"s_Card_Type_1004bc3c",Label,true,false
1004bc48,"s_Black_1004bc48",Label,true,false
1004bc50,"DAT_1004bc50",Label,true,false
1004bc58,"s_Green_1004bc58",Label,true,false
1004bc60,"DAT_1004bc60",Label,true,false
1004bc64,"s_White_1004bc64",Label,true,false
1004bc6c,"s_Colorless_1004bc6c",Label,true,false
1004bc78,"s_Total_1004bc78",Label,true,false
1004bc80,"s_Mana_Sources_1004bc80",Label,true,false
1004bc90,"s_Creatures_1004bc90",Label,true,false
1004bc9c,"s_Enchantments_1004bc9c",Label,true,false
1004bcac,"s_Sorceries_1004bcac",Label,true,false
1004bcb8,"s_Instants_1004bcb8",Label,true,false
1004bcc4,"s_Interrupts_1004bcc4",Label,true,false
1004bcd0,"DAT_1004bcd0",Label,true,false
1004bcd8,"s_Non-Creature_1004bcd8",Label,true,false
1004bce8,"s_Artifacts_1004bce8",Label,true,false
1004bcf4,"s_Total_1004bcf4",Label,true,false
1004bcfc,"s_Mountain_1004bcfc",Label,true,false
1004bd08,"s_Forest_1004bd08",Label,true,false
1004bd10,"s_Island_1004bd10",Label,true,false
1004bd18,"s_Plains_1004bd18",Label,true,false
1004bd20,"s_Swamp_1004bd20",Label,true,false
1004bd28,"s_Stats_Error_1004bd28",Label,true,false
1004bd34,"s_Color_is_-1_1004bd34",Label,true,false
1004bda0,"DAT_1004bda0",Label,true,false
1004bda4,"DAT_1004bda4",Label,true,false
1004bda8,"DAT_1004bda8",Label,true,false
1004bed0,"DAT_1004bed0",Label,true,false
1004bed1,"DAT_1004bed1",Label,true,false
1004c2d0,"DAT_1004c2d0",Label,true,false
1004c6d4,"DAT_1004c6d4",Label,true,false
1004c6d8,"DAT_1004c6d8",Label,true,false
1004c6e0,"DAT_1004c6e0",Label,true,false
1004c6e4,"DAT_1004c6e4",Label,true,false
1004c6fc,"DAT_1004c6fc",Label,true,false
1004c700,"DAT_1004c700",Label,true,false
1004c708,"DAT_1004c708",Label,true,false
1004c77c,"DAT_1004c77c",Label,true,false
1004c880,"DAT_1004c880",Label,true,false
1004c884,"DAT_1004c884",Label,true,false
1004c888,"DAT_1004c888",Label,true,false
1004c88c,"DAT_1004c88c",Label,true,false
1004c890,"DAT_1004c890",Label,true,false
100c7090,"DAT_100c7090",Label,true,false
100c7091,"DAT_100c7091",Label,true,false
100c7092,"DAT_100c7092",Label,true,false
100c7093,"DAT_100c7093",Label,true,false
100c7094,"DAT_100c7094",Label,true,false
100c7095,"DAT_100c7094+1",Label,true,false
100c7096,"DAT_100c7094+2",Label,true,false
10103c90,"DAT_10103c90",Label,true,false
10103c94,"DAT_10103c94",Label,true,false
10103ca0,"DAT_10103ca0",Label,true,false
101288f8,"DAT_101288f8",Label,true,false
10128900,"DAT_10128900",Label,true,false
10128910,"DAT_10128910",Label,true,false
10128920,"DAT_10128920",Label,true,false
10128930,"DAT_10128930",Label,true,false
10128940,"DAT_10128940",Label,true,false
10128950,"DAT_10128950",Label,true,false
10128960,"DAT_10128960",Label,true,false
10128970,"DAT_10128970",Label,true,false
10128980,"DAT_10128980",Label,true,false
10128990,"DAT_10128990",Label,true,false
101289a0,"DAT_101289a0",Label,true,false
101289b0,"DAT_101289b0",Label,true,false
101289c0,"DAT_101289c0",Label,true,false
101289d0,"DAT_101289d0",Label,true,false
101289d4,"DAT_101289d4",Label,true,false
10128a04,"DAT_10128a04",Label,true,false
10128a08,"DAT_10128a08",Label,true,false
10128a0c,"DAT_10128a0c",Label,true,false
10128a10,"DAT_10128a10",Label,true,false
10128a18,"DAT_10128a18",Label,true,false
10128a1c,"DAT_10128a1c",Label,true,false
10128a20,"DAT_10128a20",Label,true,false
10128a28,"DAT_10128a28",Label,true,false
10128a30,"DAT_10128a30",Label,true,false
10128a31,"DAT_10128a31",Label,true,false
10128e38,"DAT_10128e38",Label,true,false
10128e39,"DAT_10128e39",Label,true,false
10128e40,"DAT_10128e40",Label,true,false
10128e41,"DAT_10128e41",Label,true,false
10129040,"DAT_10129040",Label,true,false
10129244,"DAT_10129244",Label,true,false
10129248,"DAT_10129248",Label,true,false
1012924c,"DAT_1012924c",Label,true,false
10129250,"DAT_10129250",Label,true,false
10129251,"DAT_10129251",Label,true,false
10129258,"DAT_10129258",Label,true,false
1012925c,"DAT_1012925c",Label,true,false
10129408,"DAT_10129408",Label,true,false
10129420,"DAT_10129420",Label,true,false
10129424,"DAT_10129424",Label,true,false
10129428,"DAT_10129428",Label,true,false
1012942c,"DAT_1012942c",Label,true,false
10129430,"DAT_10129430",Label,true,false
10129434,"DAT_10129434",Label,true,false
10129438,"DAT_10129438",Label,true,false
1012943c,"DAT_1012943c",Label,true,false
10139430,"DAT_10139430",Label,true,false
10139434,"DAT_10139434",Label,true,false
1013947c,"DAT_1013947c",Label,true,false
10139488,"DAT_10139488",Label,true,false
10139490,"DAT_10139490",Label,true,false
10139494,"DAT_10139494",Label,true,false
101394ac,"DAT_101394ac",Label,true,false
101394b0,"DAT_101394b0",Label,true,false
101394b4,"DAT_101394b4",Label,true,false
101394b8,"DAT_101394b8",Label,true,false
101394bc,"DAT_101394bc",Label,true,false
101394c0,"DAT_101394c0",Label,true,false
101394c4,"DAT_101394c4",Label,true,false
101394c8,"DAT_101394c8",Label,true,false
101394cc,"DAT_101394cc",Label,true,false
1013a0b8,"DAT_1013a0b8",Label,true,false
1013a0bc,"DAT_1013a0bc",Label,true,false
1013d680,"DAT_1013d680",Label,true,false
1013dfe0,"DAT_1013dfe0",Label,true,false
1013dfe8,"DAT_1013dfe8",Label,true,false
1013dfec,"DAT_1013dfec",Label,true,false
1013dff0,"DAT_1013dff0",Label,true,false
1013dff4,"DAT_1013dff4",Label,true,false
1013dff8,"DAT_1013dff8",Label,true,false
1013e000,"DAT_1013e000",Label,true,false
1013e034,"DAT_1013e034",Label,true,false
1013e038,"DAT_1013e038",Label,true,false
1013e03c,"DAT_1013e03c",Label,true,false
1013e040,"DAT_1013e040",Label,true,false
1013e044,"DAT_1013e044",Label,true,false
1013e048,"DAT_1013e048",Label,true,false
1013e050,"DAT_1013e050",Label,true,false
1013e1e0,"DAT_1013e1e0",Label,true,false
1013e1e4,"DAT_1013e1e4",Label,true,false
1013e1e8,"DAT_1013e1e8",Label,true,false
1013e1ec,"DAT_1013e1ec",Label,true,false
1013e1f0,"DAT_1013e1f0",Label,true,false
1013e1f4,"DAT_1013e1f4",Label,true,false
1013e1f8,"DAT_1013e1f8",Label,true,false
1013e1fc,"DAT_1013e1fc",Label,true,false
1013e200,"DAT_1013e200",Label,true,false
1013e204,"DAT_1013e204",Label,true,false
1013e208,"DAT_1013e208",Label,true,false
1013e20c,"DAT_1013e20c",Label,true,false
1013e210,"DAT_1013e210",Label,true,false
1013e3a0,"DAT_1013e3a0",Label,true,false
1013e3a4,"DAT_1013e3a4",Label,true,false
1013e3a8,"DAT_1013e3a8",Label,true,false
1013e3ac,"DAT_1013e3ac",Label,true,false
1013e3b0,"DAT_1013e3b0",Label,true,false
1013e3b4,"DAT_1013e3b4",Label,true,false
1013e3b8,"DAT_1013e3b8",Label,true,false
1013e3c0,"DAT_1013e3c0",Label,true,false
1013e550,"DAT_1013e550",Label,true,false
1013e554,"DAT_1013e554",Label,true,false
1013e564,"DAT_1013e564",Label,true,false
1013e568,"DAT_1013e568",Label,true,false
1013e590,"DAT_1013e590",Label,true,false
1013e594,"DAT_1013e594",Label,true,false
1013e598,"DAT_1013e598",Label,true,false
1013e5cc,"DAT_1013e5cc",Label,true,false
1013e5d0,"DAT_1013e5d0",Label,true,false
1013e5d4,"DAT_1013e5d4",Label,true,false
1013e5d8,"DAT_1013e5d8",Label,true,false
1013e5dc,"DAT_1013e5dc",Label,true,false
1013e5e0,"DAT_1013e5e0",Label,true,false
1013e5e4,"DAT_1013e5e4",Label,true,false
1013e5e8,"DAT_1013e5e8",Label,true,false
1013e5ec,"DAT_1013e5ec",Label,true,false
1013e5f0,"DAT_1013e5f0",Label,true,false
1013e5f4,"DAT_1013e5f4",Label,true,false
1013e5f8,"DAT_1013e5f8",Label,true,false
1013e5fc,"DAT_1013e5fc",Label,true,false
1013e600,"DAT_1013e600",Label,true,false
1013e604,"DAT_1013e604",Label,true,false
1013e608,"DAT_1013e608",Label,true,false
1013e60c,"DAT_1013e60c",Label,true,false
1013e610,"DAT_1013e610",Label,true,false
1013e614,"DAT_1013e614",Label,true,false
1013e618,"DAT_1013e618",Label,true,false
1013e61c,"DAT_1013e61c",Label,true,false
1013e620,"DAT_1013e620",Label,true,false
1013e654,"DAT_1013e654",Label,true,false
1013e658,"DAT_1013e658",Label,true,false
1013e65c,"DAT_1013e65c",Label,true,false
1013e660,"DAT_1013e660",Label,true,false
1013e7b0,"DAT_1013e7b0",Label,true,false
1013e7b4,"DAT_1013e7b4",Label,true,false
1013e7b8,"DAT_1013e7b8",Label,true,false
1013e7bc,"DAT_1013e7bc",Label,true,false
1013e7c0,"DAT_1013e7c0",Label,true,false
1013e7c4,"DAT_1013e7c4",Label,true,false
1013e7c8,"DAT_1013e7c8",Label,true,false
1013e7cc,"DAT_1013e7cc",Label,true,false
1013e7d0,"DAT_1013e7d0",Label,true,false
1013e7d4,"DAT_1013e7d4",Label,true,false
1013e7d8,"DAT_1013e7d8",Label,true,false
1013e7dc,"DAT_1013e7dc",Label,true,false
1013e7e0,"DAT_1013e7e0",Label,true,false
1013e7e4,"DAT_1013e7e4",Label,true,false
1013e7e8,"DAT_1013e7e8",Label,true,false
1013e7ea,"DAT_1013e7ea",Label,true,false
1013e7ec,"DAT_1013e7ec",Label,true,false
1013e7f0,"DAT_1013e7f0",Label,true,false
1013e7f4,"DAT_1013e7f4",Label,true,false
1013e7f8,"DAT_1013e7f8",Label,true,false
1013e7fc,"DAT_1013e7fc",Label,true,false
1013e800,"DAT_1013e800",Label,true,false
1013e810,"DAT_1013e810",Label,true,false
1013e81c,"DAT_1013e81c",Label,true,false
1013e83c,"DAT_1013e83c",Label,true,false
1013e840,"DAT_1013e840",Label,true,false
1013e940,"DAT_1013e940",Label,true,false
1013e944,"DAT_1013e944",Label,true,false
1013e948,"DAT_1013e948",Label,true,false
1013e94c,"DAT_1013e94c",Label,true,false
1013e950,"DAT_1013e950",Label,true,false
1013e954,"DAT_1013e954",Label,true,false
1013e958,"DAT_1013e958",Label,true,false
1013e959,"DAT_1013e959",Label,true,false
1013ea20,"DAT_1013ea20",Label,true,false
1013ea24,"DAT_1013ea24",Label,true,false
1013eaa8,"DAT_1013eaa8",Label,true,false
1013eaac,"DAT_1013eaac",Label,true,false
1013eab0,"DAT_1013eab0",Label,true,false
1013eac0,"DAT_1013eac0",Label,true,false
1013eac4,"DAT_1013eac4",Label,true,false
1013eac8,"DAT_1013eac8",Label,true,false
1013eacc,"DAT_1013eacc",Label,true,false
1013ead0,"DAT_1013ead0",Label,true,false
1013ead4,"DAT_1013ead4",Label,true,false
1013ead8,"DAT_1013ead8",Label,true,false
1013eb0c,"DAT_1013eb0c",Label,true,false
1013eb10,"DAT_1013eb10",Label,true,false
1013eb30,"DAT_1013eb30",Label,true,false
1013eb38,"DAT_1013eb38",Label,true,false
1013eb48,"DAT_1013eb48",Label,true,false
1013eb4c,"DAT_1013eb4c",Label,true,false
1013eb54,"DAT_1013eb54",Label,true,false
1013eb78,"DAT_1013eb78",Label,true,false
1013eba8,"DAT_1013eba8",Label,true,false
1013ebb0,"DAT_1013ebb0",Label,true,false
1013ebcc,"DAT_1013ebcc",Label,true,false
1013ebec,"DAT_1013ebec",Label,true,false
1013ec00,"DAT_1013ec00",Label,true,false
1013ec04,"DAT_1013ec04",Label,true,false
1013ec08,"DAT_1013ec08",Label,true,false
1013ec10,"DAT_1013ec10",Label,true,false
1013ec20,"DAT_1013ec20",Label,true,false
1013ec2c,"DAT_1013ec2c",Label,true,false
1013ec4c,"DAT_1013ec4c",Label,true,false
1013ec50,"DAT_1013ec50",Label,true,false
1013ec6c,"DAT_1013ec6c",Label,true,false
1013ec74,"DAT_1013ec74",Label,true,false
1013ec78,"DAT_1013ec78",Label,true,false
1013ec7c,"DAT_1013ec7c",Label,true,false
1013ec80,"DAT_1013ec80",Label,true,false
1013ec88,"DAT_1013ec88",Label,true,false
1013ec8c,"DAT_1013ec8c",Label,true,false
1013ec90,"DAT_1013ec90",Label,true,false
1013ec98,"DAT_1013ec98",Label,true,false
1013eca0,"DAT_1013eca0",Label,true,false
1013eca4,"DAT_1013eca4",Label,true,false
1013eca8,"DAT_1013eca8",Label,true,false
1013ecac,"DAT_1013ecac",Label,true,false
1013ecb0,"DAT_1013ecb0",Label,true,false
1013ecb4,"DAT_1013ecb4",Label,true,false
1013ecc8,"DAT_1013ecc8",Label,true,false
1013ece4,"DAT_1013ece4",Label,true,false
1013ed08,"DAT_1013ed08",Label,true,false
1013ed1c,"DAT_1013ed1c",Label,true,false
1013ed20,"DAT_1013ed20",Label,true,false
1013ed38,"DAT_1013ed38",Label,true,false
1013ede8,"DAT_1013ede8",Label,true,false
1013ee00,"DAT_1013ee00",Label,true,false
1013ee04,"DAT_1013ee04",Label,true,false
1013ee08,"DAT_1013ee08",Label,true,false
1013ee4c,"DAT_1013ee4c",Label,true,false
1013ee5c,"DAT_1013ee5c",Label,true,false
1013ee60,"DAT_1013ee60",Label,true,false
1013ee64,"DAT_1013ee64",Label,true,false
1013ee90,"DAT_1013ee90",Label,true,false
1013ee94,"DAT_1013ee94",Label,true,false
1013ee98,"DAT_1013ee98",Label,true,false
1013ee9c,"DAT_1013ee9c",Label,true,false
1013eea0,"DAT_1013eea0",Label,true,false
1013eea4,"DAT_1013eea4",Label,true,false
1013eea8,"DAT_1013eea8",Label,true,false
1013eeac,"DAT_1013eeac",Label,true,false
1013eeb0,"DAT_1013eeb0",Label,true,false
1013eeb4,"DAT_1013eeb4",Label,true,false
1013eeb8,"DAT_1013eeb8",Label,true,false
1013eebc,"DAT_1013eebc",Label,true,false
1013eec0,"DAT_1013eec0",Label,true,false
1013eec4,"DAT_1013eec4",Label,true,false
1013eec8,"DAT_1013eec8",Label,true,false
1013eecc,"DAT_1013eecc",Label,true,false
1013eed0,"DAT_1013eed0",Label,true,false
1013eed4,"DAT_1013eed4",Label,true,false
1013eed8,"DAT_1013eed8",Label,true,false
1013eedc,"DAT_1013eedc",Label,true,false
1013eee0,"DAT_1013eee0",Label,true,false
1013eee4,"DAT_1013eee4",Label,true,false
1013eee8,"DAT_1013eee8",Label,true,false
1013eeec,"DAT_1013eeec",Label,true,false
1013eef0,"DAT_1013eef0",Label,true,false
1013eef4,"DAT_1013eef4",Label,true,false
1013eef8,"DAT_1013eef8",Label,true,false
1013eefc,"DAT_1013eefc",Label,true,false
1013ef70,"DAT_1013ef70",Label,true,false
1013f170,"DAT_1013f170",Label,true,false
1013f178,"DAT_1013f178",Label,true,false
1013f17c,"DAT_1013f17c",Label,true,false
1013f18c,"DAT_1013f18c",Label,true,false
1013f190,"DAT_1013f190",Label,true,false
1013f194,"DAT_1013f194",Label,true,false
1013f198,"DAT_1013f198",Label,true,false
1013f1a8,"DAT_1013f1a8",Label,true,false
1013f1ac,"DAT_1013f1ac",Label,true,false
1013f1c4,"DAT_1013f1c4",Label,true,false
1013f1c8,"DAT_1013f1c8",Label,true,false
1013f1cc,"DAT_1013f1cc",Label,true,false
1013f1d0,"DAT_1013f1d0",Label,true,false
1013f1d4,"DAT_1013f1d4",Label,true,false
1013f1d8,"DAT_1013f1d8",Label,true,false
1013f1dc,"DAT_1013f1dc",Label,true,false
1013f1e0,"DAT_1013f1e0",Label,true,false
1013f1e4,"DAT_1013f1e4",Label,true,false
1013f1e8,"DAT_1013f1e8",Label,true,false
1013f1ec,"DAT_1013f1ec",Label,true,false
1013f334,"DAT_1013f334",Label,true,false
1013f358,"DAT_1013f358",Label,true,false
1013f35c,"DAT_1013f35c",Label,true,false
1013f360,"DAT_1013f360",Label,true,false
1013f364,"DAT_1013f364",Label,true,false
1013f378,"DAT_1013f378",Label,true,false
1013f37c,"DAT_1013f37c",Label,true,false
1013f380,"DAT_1013f380",Label,true,false
1013f390,"DAT_1013f390",Label,true,false
1013f3c4,"DAT_1013f3c4",Label,true,false
1013f3cc,"DAT_1013f3cc",Label,true,false
1013f728,"DAT_1013f728",Label,true,false
1013f730,"DAT_1013f730",Label,true,false
1013f731,"DAT_1013f731",Label,true,false
10140730,"DAT_10140730",Label,true,false
10140731,"DAT_10140731",Label,true,false
10140732,"DAT_10140732",Label,true,false
10140733,"DAT_10140733",Label,true,false
10140734,"DAT_10140734",Label,true,false
10140736,"DAT_10140736",Label,true,false
10140738,"DAT_10140738",Label,true,false
1014073a,"DAT_1014073a",Label,true,false
1014073c,"DAT_1014073c",Label,true,false
1014073e,"DAT_1014073e",Label,true,false
10140770,"DAT_10140770",Label,true,false
10140771,"DAT_10140771",Label,true,false
10140772,"DAT_10140772",Label,true,false
10140774,"DAT_10140774",Label,true,false
10140776,"DAT_10140776",Label,true,false
10140778,"DAT_10140778",Label,true,false
101407b0,"DAT_101407b0",Label,true,false
101407ca,"DAT_101407ca",Label,true,false
101407d4,"DAT_101407d4",Label,true,false
1014085a,"DAT_1014085a",Label,true,false
10140864,"DAT_10140864",Label,true,false
1014089a,"DAT_1014089a",Label,true,false
101408a4,"DAT_101408a4",Label,true,false
101408da,"DAT_101408da",Label,true,false
101408e4,"DAT_101408e4",Label,true,false
1014091a,"DAT_1014091a",Label,true,false
10140924,"DAT_10140924",Label,true,false
1014095a,"DAT_1014095a",Label,true,false
10140964,"DAT_10140964",Label,true,false
10140990,"DAT_10140990",Label,true,false
10158728,"DAT_10158728",Label,true,false
1015872c,"DAT_1015872c",Label,true,false
10158730,"DAT_10158730",Label,true,false
10158744,"DAT_10158744",Label,true,false
10158748,"DAT_10158748",Label,true,false
1015874c,"DAT_1015874c",Label,true,false
10158750,"DAT_10158750",Label,true,false
10158754,"DAT_10158754",Label,true,false
10158758,"DAT_10158758",Label,true,false
1015875c,"DAT_1015875c",Label,true,false
10158760,"DAT_10158760",Label,true,false
10158770,"DAT_10158770",Label,true,false
10158878,"DAT_10158878",Label,true,false
1015887c,"DAT_1015887c",Label,true,false
10158880,"DAT_10158880",Label,true,false
10158890,"DAT_10158890",Label,true,false
101589a0,"DAT_101589a0",Label,true,false
101589a4,"DAT_101589a4",Label,true,false
101589a8,"DAT_101589a8",Label,true,false
101589ac,"DAT_101589ac",Label,true,false
101589b0,"DAT_101589b0",Label,true,false
101625e4,"DAT_101625e4",Label,true,false
101625e8,"DAT_101625e8",Label,true,false
101625ec,"DAT_101625ec",Label,true,false
101625f0,"DAT_101625f0",Label,true,false
101625f4,"DAT_101625f4",Label,true,false
101625f8,"DAT_101625f8",Label,true,false
101625fc,"DAT_101625fc",Label,true,false
10162600,"DAT_10162600",Label,true,false
10162604,"DAT_10162604",Label,true,false
10162608,"DAT_10162608",Label,true,false
1016260c,"DAT_1016260c",Label,true,false
10162610,"DAT_10162610",Label,true,false
10162614,"DAT_10162614",Label,true,false
10162618,"DAT_10162618",Label,true,false
10162620,"DAT_10162620",Label,true,false
10162630,"DAT_10162630",Label,true,false
1016264f,"DAT_1016264f",Label,true,false
10162664,"DAT_10162664",Label,true,false
101626b5,"DAT_101626b5",Label,true,false
10162706,"DAT_10162706",Label,true,false
1016271c,"DAT_1016271c",Label,true,false
10162720,"DAT_10162720",Label,true,false
10162730,"DAT_10162730",Label,true,false
101628c4,"DAT_101628c4",Label,true,false
101628d0,"DAT_101628d0",Label,true,false
101628d4,"DAT_101628d4",Label,true,false
101628d8,"DAT_101628d8",Label,true,false
101628dc,"DAT_101628dc",Label,true,false
101628e0,"DAT_101628e0",Label,true,false
101628e4,"DAT_101628e4",Label,true,false
101628e8,"DAT_101628e8",Label,true,false
101628ec,"DAT_101628ec",Label,true,false
101628f0,"DAT_101628f0",Label,true,false
101628f8,"DAT_101628f8",Label,true,false
101628fc,"DAT_101628fc",Label,true,false
10162900,"DAT_10162900",Label,true,false
10162904,"DAT_10162904",Label,true,false
10162908,"DAT_10162908",Label,true,false
10162910,"DAT_10162910",Label,true,false
10162914,"DAT_10162914",Label,true,false
10162918,"DAT_10162918",Label,true,false
1016291c,"DAT_1016291c",Label,true,false
1016a610,"DAT_1016a610",Label,true,false
1016a618,"DAT_1016a618",Label,true,false
1016a620,"DAT_1016a620",Label,true,false
1016a624,"DAT_1016a624",Label,true,false
1016a628,"DAT_1016a628",Label,true,false
1016a62c,"DAT_1016a62c",Label,true,false
1016e4a4,"DAT_1016e4a4",Label,true,false
1016e4a8,"DAT_1016e4a8",Label,true,false
1016e4ac,"DAT_1016e4ac",Label,true,false
1016e4b0,"DAT_1016e4b0",Label,true,false
1016e4bf,"DAT_1016e4bf",Label,true,false
1016e4c0,"DAT_1016e4c0",Label,true,false
10175540,"DAT_10175540",Label,true,false
10175544,"DAT_10175544",Label,true,false
10175554,"DAT_10175554",Label,true,false
10175558,"DAT_10175558",Label,true,false
10175560,"DAT_10175560",Label,true,false
10175564,"DAT_10175564",Label,true,false
10175568,"DAT_10175568",Label,true,false
1017556c,"DAT_1017556c",Label,true,false
10175570,"DAT_10175570",Label,true,false
10175574,"DAT_10175574",Label,true,false
10175ec0,"DAT_10175ec0",Label,true,false
10175ec4,"DAT_10175ec4",Label,true,false
10175ec8,"DAT_10175ec8",Label,true,false
10175ecc,"DAT_10175ecc",Label,true,false
10175ed0,"DAT_10175ed0",Label,true,false
10175ed4,"DAT_10175ed4",Label,true,false
10175ed8,"DAT_10175ed8",Label,true,false
10175ee0,"DAT_10175ee0",Label,true,false
10175ee4,"DAT_10175ee4",Label,true,false
10175ee8,"DAT_10175ee8",Label,true,false
10175eec,"DAT_10175eec",Label,true,false
10175efc,"DAT_10175efc",Label,true,false
10175f00,"DAT_10175f00",Label,true,false
10175f10,"DAT_10175f10",Label,true,false
10175f11,"DAT_10175f11",Label,true,false
10175f12,"DAT_10175f12",Label,true,false
10175f13,"DAT_10175f13",Label,true,false
10176310,"DAT_10176310",Label,true,false
10176314,"DAT_10176314",Label,true,false
10176318,"DAT_10176318",Label,true,false
10176320,"DAT_10176320",Label,true,false
10176354,"DAT_10176354",Label,true,false
10176360,"DAT_10176360",Label,true,false
10176468,"DAT_10176468",Label,true,false
1017646c,"DAT_1017646c",Label,true,false
10176470,"DAT_10176470",Label,true,false
10176474,"DAT_10176474",Label,true,false
10176478,"DAT_10176478",Label,true,false
10176484,"DAT_10176484",Label,true,false
10176488,"DAT_10176488",Label,true,false
10176490,"DAT_10176490",Label,true,false
10176494,"DAT_10176494",Label,true,false
10176498,"DAT_10176498",Label,true,false
10176850,"DAT_10176850",Label,true,false
10176854,"DAT_10176854",Label,true,false
10176858,"DAT_10176858",Label,true,false
10176860,"DAT_10176860",Label,true,false
10176864,"DAT_10176864",Label,true,false
10176868,"DAT_10176868",Label,true,false
10176870,"DAT_10176870",Label,true,false
10176978,"DAT_10176978",Label,true,false
1017697c,"DAT_1017697c",Label,true,false
10176980,"DAT_10176980",Label,true,false
10176990,"DAT_10176990",Label,true,false
10176a98,"DAT_10176a98",Label,true,false
10176a9c,"DAT_10176a9c",Label,true,false
10176aa4,"DAT_10176aa4",Label,true,false
10176ab0,"DAT_10176ab0",Label,true,false
10176ab4,"DAT_10176ab4",Label,true,false
10176ab8,"DAT_10176ab8",Label,true,false
10176abc,"DAT_10176abc",Label,true,false
10176ac0,"DAT_10176ac0",Label,true,false
10176ac4,"DAT_10176ac4",Label,true,false
10176ac8,"DAT_10176ac8",Label,true,false
10176ad0,"DAT_10176ad0",Label,true,false
10176ad4,"DAT_10176ad4",Label,true,false
10176ad8,"DAT_10176ad8",Label,true,false
10176af0,"DAT_10176af0",Label,true,false
10176af4,"DAT_10176af4",Label,true,false
10176af8,"DAT_10176af8",Label,true,false
10176afc,"DAT_10176afc",Label,true,false
10176b0c,"DAT_10176b0c",Label,true,false
10176b10,"DAT_10176b10",Label,true,false
10176b24,"DAT_10176b24",Label,true,false
10176b28,"DAT_10176b28",Label,true,false
10176b2c,"DAT_10176b2c",Label,true,false
10176b30,"DAT_10176b30",Label,true,false
10176b44,"DAT_10176b44",Label,true,false
10176b48,"DAT_10176b48",Label,true,false
101c0e30,"DAT_101c0e30",Label,true,false
101c12e0,"DAT_101c12e0",Label,true,false
101c12e4,"DAT_101c12e4",Label,true,false
101c1794,"DAT_101c1794",Label,true,false
101c1798,"DAT_101c1798",Label,true,false
101c1c48,"DAT_101c1c48",Label,true,false
101c1c4c,"DAT_101c1c4c",Label,true,false
101c20fc,"DAT_101c20fc",Label,true,false
101c2100,"DAT_101c2100",Label,true,false
101c25b0,"DAT_101c25b0",Label,true,false
101c25b4,"DAT_101c25b4",Label,true,false
101c2a64,"DAT_101c2a64",Label,true,false
101c2a68,"DAT_101c2a68",Label,true,false
101c2f18,"DAT_101c2f18",Label,true,false
101c2f1c,"DAT_101c2f1c",Label,true,false
101c33cc,"DAT_101c33cc",Label,true,false
101c33d0,"DAT_101c33d0",Label,true,false
101c3880,"DAT_101c3880",Label,true,false
101c3884,"DAT_101c3884",Label,true,false
101c3d34,"DAT_101c3d34",Label,true,false
101c3d38,"DAT_101c3d38",Label,true,false
101c41e8,"DAT_101c41e8",Label,true,false
101c41ec,"DAT_101c41ec",Label,true,false
101c469c,"DAT_101c469c",Label,true,false
101c46a0,"DAT_101c46a0",Label,true,false
101c4b50,"DAT_101c4b50",Label,true,false
101c4b54,"DAT_101c4b54",Label,true,false
101c5004,"DAT_101c5004",Label,true,false
101c5008,"DAT_101c5008",Label,true,false
101c54b8,"DAT_101c54b8",Label,true,false
101c54bc,"DAT_101c54bc",Label,true,false
101c596c,"DAT_101c596c",Label,true,false
101c5970,"DAT_101c5970",Label,true,false
101c5e20,"DAT_101c5e20",Label,true,false
101c5e24,"DAT_101c5e24",Label,true,false
101c62d4,"DAT_101c62d4",Label,true,false
101c62d8,"DAT_101c62d8",Label,true,false
101c6788,"DAT_101c6788",Label,true,false
101c678c,"DAT_101c678c",Label,true,false
101c6c3c,"DAT_101c6c3c",Label,true,false
101c6c40,"DAT_101c6c40",Label,true,false
101c70f0,"DAT_101c70f0",Label,true,false
101c70f4,"DAT_101c70f4",Label,true,false
101c75a4,"DAT_101c75a4",Label,true,false
101c75a8,"DAT_101c75a8",Label,true,false
101c7a58,"DAT_101c7a58",Label,true,false
101c7a5c,"DAT_101c7a5c",Label,true,false
101c7f0c,"DAT_101c7f0c",Label,true,false
101c7f10,"DAT_101c7f10",Label,true,false
101c83c0,"DAT_101c83c0",Label,true,false
101c83c4,"DAT_101c83c4",Label,true,false
101c8874,"DAT_101c8874",Label,true,false
101c8878,"DAT_101c8878",Label,true,false
101c8d28,"DAT_101c8d28",Label,true,false
101c8d2c,"DAT_101c8d2c",Label,true,false
101c91dc,"DAT_101c91dc",Label,true,false
101c91e0,"DAT_101c91e0",Label,true,false
101c9690,"DAT_101c9690",Label,true,false
101c9694,"DAT_101c9694",Label,true,false
101c9b44,"DAT_101c9b44",Label,true,false
101c9b48,"DAT_101c9b48",Label,true,false
101c9ff8,"DAT_101c9ff8",Label,true,false
101c9ffc,"DAT_101c9ffc",Label,true,false
101ca4ac,"DAT_101ca4ac",Label,true,false
101ca4b0,"DAT_101ca4b0",Label,true,false
101ca960,"DAT_101ca960",Label,true,false
101ca964,"DAT_101ca964",Label,true,false
101cae14,"DAT_101cae14",Label,true,false
101cae18,"DAT_101cae18",Label,true,false
101cb2c8,"DAT_101cb2c8",Label,true,false
101cb2cc,"DAT_101cb2cc",Label,true,false
101cb77c,"DAT_101cb77c",Label,true,false
101cb780,"DAT_101cb780",Label,true,false
101cde90,"DAT_101cde90",Label,true,false
101cde94,"DAT_101cde94",Label,true,false
101cde98,"DAT_101cde98",Label,true,false
101cde9c,"DAT_101cde9c",Label,true,false
101cdea0,"DAT_101cdea0",Label,true,false
101cdea4,"DAT_101cdea4",Label,true,false
101cdea8,"DAT_101cdea8",Label,true,false
101cdeac,"DAT_101cdeac",Label,true,false
101cdeb0,"DAT_101cdeb0",Label,true,false
101cdeb8,"DAT_101cdeb8",Label,true,false
101cdebc,"FUN_101cdebc",Function,true,true
101cdec0,"LAB_101cdec0",Label,true,false
101cded0,"LAB_101cded0",Label,true,false
101cded4,"LAB_101cded4",Label,true,false
101cece0,"DAT_101cece0",Label,true,false
101cece4,"DAT_101cece4",Label,true,false
101cece8,"DAT_101cece8",Label,true,false
101cecec,"DAT_101cecec",Label,true,false
101ced60,"DAT_101ced60",Label,true,false
101ced64,"DAT_101ced64",Label,true,false
101ced68,"DAT_101ced68",Label,true,false
101ceddc,"DAT_101ceddc",Label,true,false
101cede0,"DAT_101cede0",Label,true,false
101cede4,"DAT_101cede4",Label,true,false
101cee58,"DAT_101cee58",Label,true,false
101cee5c,"DAT_101cee5c",Label,true,false
101cee60,"DAT_101cee60",Label,true,false
101ceed4,"DAT_101ceed4",Label,true,false
101ceed8,"DAT_101ceed8",Label,true,false
101ceedc,"DAT_101ceedc",Label,true,false
101cef50,"DAT_101cef50",Label,true,false
101cef54,"DAT_101cef54",Label,true,false
101cef58,"DAT_101cef58",Label,true,false
101cefcc,"DAT_101cefcc",Label,true,false
101cefd0,"DAT_101cefd0",Label,true,false
101cf048,"DAT_101cf048",Label,true,false
101cf04c,"DAT_101cf04c",Label,true,false
101cf0c4,"DAT_101cf0c4",Label,true,false
101cf0c8,"DAT_101cf0c8",Label,true,false
101cf140,"DAT_101cf140",Label,true,false
101cf144,"DAT_101cf144",Label,true,false
101cf1bc,"DAT_101cf1bc",Label,true,false
101cf1c0,"DAT_101cf1c0",Label,true,false
101cf238,"DAT_101cf238",Label,true,false
101cf23c,"DAT_101cf23c",Label,true,false
101cf2b4,"DAT_101cf2b4",Label,true,false
101cf2b8,"DAT_101cf2b8",Label,true,false
101cf330,"DAT_101cf330",Label,true,false
101cf334,"DAT_101cf334",Label,true,false
101cf338,"DAT_101cf338",Label,true,false
101cf33c,"DAT_101cf33c",Label,true,false
101cf340,"DAT_101cf340",Label,true,false
101cf44c,"DAT_101cf44c",Label,true,false
101cf538,"DAT_101cf538",Label,true,false
101cf540,"DAT_101cf540",Label,true,false
101cf541,"DAT_101cf541",Label,true,false
101cf542,"DAT_101cf542",Label,true,false
101cf543,"DAT_101cf543",Label,true,false
101cf593,"DAT_101cf593",Label,true,false
101cf5e3,"DAT_101cf5e3",Label,true,false
101cf5f0,"DAT_101cf5f0",Label,true,false
101cf5f4,"DAT_101cf5f4",Label,true,false
101cf5f8,"DAT_101cf5f8",Label,true,false
101cf5fc,"DAT_101cf5fc",Label,true,false
101cf600,"DAT_101cf600",Label,true,false
101cf604,"DAT_101cf604",Label,true,false
101cf7d0,"DAT_101cf7d0",Label,true,false
101cf7d2,"DAT_101cf7d2",Label,true,false
101cf7d4,"DAT_101cf7d4",Label,true,false
101cf7d5,"DAT_101cf7d4+1",Label,true,false
101cf7d6,"DAT_101cf7d4+2",Label,true,false
101cf7d8,"DAT_101cf7d8",Label,true,false
101cf7f4,"DAT_101cf7f4",Label,true,false
101cf7f6,"DAT_101cf7f6",Label,true,false
101cf7f8,"DAT_101cf7f8",Label,true,false
101cf7fa,"DAT_101cf7fa",Label,true,false
101cf7fc,"DAT_101cf7fc",Label,true,false
101cf7fe,"DAT_101cf7fe",Label,true,false
101cf800,"DAT_101cf800",Label,true,false
101cf802,"DAT_101cf802",Label,true,false
101cf803,"DAT_101cf803",Label,true,false
101cf808,"DAT_101cf808",Label,true,false
101cf80c,"DAT_101cf80c",Label,true,false
101cf810,"DAT_101cf810",Label,true,false
101cf91c,"DAT_101cf91c",Label,true,false
101cf920,"DAT_101cf920",Label,true,false
101cf924,"DAT_101cf924",Label,true,false
101cf928,"DAT_101cf928",Label,true,false
101cf92c,"DAT_101cf92c",Label,true,false
101cf930,"DAT_101cf930",Label,true,false
101cf948,"DAT_101cf948",Label,true,false
101cf94c,"DAT_101cf94c",Label,true,false
101cf950,"DAT_101cf950",Label,true,false
101cf960,"DAT_101cf960",Label,true,false
101cfa68,"DAT_101cfa68",Label,true,false
101cfa70,"DAT_101cfa70",Label,true,false
101cfb78,"DAT_101cfb78",Label,true,false
101cfb7c,"DAT_101cfb7c",Label,true,false
101cfb80,"DAT_101cfb80",Label,true,false
101cfb84,"DAT_101cfb84",Label,true,false
101cfb88,"DAT_101cfb88",Label,true,false
101cfb90,"DAT_101cfb90",Label,true,false
101cfb94,"DAT_101cfb94",Label,true,false
101cfb98,"DAT_101cfb98",Label,true,false
101cfb9c,"DAT_101cfb9c",Label,true,false
101cfba0,"DAT_101cfba0",Label,true,false
101cfba4,"DAT_101cfba4",Label,true,false
101cfc50,"DAT_101cfc50",Label,true,false
102012d0,"DAT_102012d0",Label,true,false
102012d4,"DAT_102012d4",Label,true,false
10201ad0,"DAT_10201ad0",Label,true,false
10201ad4,"DAT_10201ad4",Label,true,false
102022d0,"DAT_102022d0",Label,true,false
102022d4,"DAT_102022d4",Label,true,false
10202ad0,"DAT_10202ad0",Label,true,false
10202ad2,"DAT_10202ad2",Label,true,false
10202ad4,"DAT_10202ad4",Label,true,false
10202ad5,"DAT_10202ad5",Label,true,false
10202ad6,"DAT_10202ad6",Label,true,false
10202ad7,"DAT_10202ad7",Label,true,false
10202ed3,"DAT_10202ed3",Label,true,false
10202ee0,"DAT_10202ee0",Label,true,false
10204010,"DAT_10204010",Label,true,false
1020440c,"DAT_1020440c",Label,true,false
102050b0,"DAT_102050b0",Label,true,false
102050b4,"DAT_102050b4",Label,true,false
102050b8,"DAT_102050b8",Label,true,false
102050bc,"DAT_102050bc",Label,true,false
10205b20,"DAT_10205b20",Label,true,false
10205fd4,"DAT_10205fd4",Label,true,false
10206488,"DAT_10206488",Label,true,false
1020693c,"DAT_1020693c",Label,true,false
10206df0,"DAT_10206df0",Label,true,false
102072a4,"DAT_102072a4",Label,true,false
102121b0,"DAT_102121b0",Label,true,false
102121b1,"DAT_102121b1",Label,true,false
102129f4,"_OpponFace",Label,true,false
102129f4,"Ordinal_2",Label,true,false
102129fc,"DAT_102129fc",Label,true,false
10212a00,"DAT_10212a00",Label,true,false
10212a10,"deck",Label,true,false
10212a10,"Ordinal_4",Label,true,false
102131e0,"DAT_102131e0",Label,true,false
102131e1,"DAT_102131e1",Label,true,false
102135e0,"DAT_102135e0",Label,true,false
102151e4,"DAT_102151e4",Label,true,false
102151e8,"_PlayerFace",Label,true,false
102151e8,"Ordinal_3",Label,true,false
102151ec,"DAT_102151ec",Label,true,false
102151f8,"DAT_102151f8",Label,true,false
10215208,"DAT_10215208",Label,true,false
1021520c,"DAT_1021520c",Label,true,false
10216000,"DWORD_10216000",Label,true,false
1021661c,"PTR_RegCreateKeyExA_1021661c",Label,true,false
10216620,"PTR_RegOpenKeyExA_10216620",Label,true,false
10216624,"PTR_RegCloseKey_10216624",Label,true,false
10216628,"PTR_RegSetValueExA_10216628",Label,true,false
1021662c,"PTR_RegFlushKey_1021662c",Label,true,false
10216630,"PTR_RegQueryValueExA_10216630",Label,true,false
10216664,"PTR_Ordinal_17_10216664",Label,true,false
10216694,"PTR_DeleteDC_10216694",Label,true,false
10216698,"PTR_DeleteObject_10216698",Label,true,false
1021669c,"PTR_RestoreDC_1021669c",Label,true,false
102166a0,"PTR_SetBkColor_102166a0",Label,true,false
102166a4,"PTR_Rectangle_102166a4",Label,true,false
102166a8,"PTR_GetStockObject_102166a8",Label,true,false
102166ac,"PTR_SetDIBitsToDevice_102166ac",Label,true,false
102166b0,"PTR_StretchBlt_102166b0",Label,true,false
102166b4,"PTR_GetObjectA_102166b4",Label,true,false
102166b8,"PTR_SelectObject_102166b8",Label,true,false
102166bc,"PTR_CreateCompatibleDC_102166bc",Label,true,false
102166c0,"PTR_LineTo_102166c0",Label,true,false
102166c4,"PTR_MoveToEx_102166c4",Label,true,false
102166c8,"PTR_TextOutA_102166c8",Label,true,false
102166cc,"PTR_SetTextColor_102166cc",Label,true,false
102166d0,"PTR_SetBkMode_102166d0",Label,true,false
102166d4,"PTR_SaveDC_102166d4",Label,true,false
102166d8,"PTR_CreatePen_102166d8",Label,true,false
102166dc,"PTR_GetTextExtentPointA_102166dc",Label,true,false
102166e0,"PTR_BitBlt_102166e0",Label,true,false
102166e4,"PTR_SetTextAlign_102166e4",Label,true,false
102166e8,"PTR_SetViewportOrgEx_102166e8",Label,true,false
102166ec,"PTR_CreateRectRgn_102166ec",Label,true,false
102166f0,"PTR_SetRectRgn_102166f0",Label,true,false
102166f4,"PTR_SelectClipRgn_102166f4",Label,true,false
102166f8,"PTR_UnrealizeObject_102166f8",Label,true,false
102166fc,"PTR_CreateDCA_102166fc",Label,true,false
10216700,"PTR_CreatePalette_10216700",Label,true,false
10216704,"PTR_SetPaletteEntries_10216704",Label,true,false
10216708,"PTR_GetPaletteEntries_10216708",Label,true,false
1021670c,"PTR_SetDIBits_1021670c",Label,true,false
10216710,"PTR_SetBitmapDimensionEx_10216710",Label,true,false
10216714,"PTR_GdiFlush_10216714",Label,true,false
10216718,"PTR_SetDIBColorTable_10216718",Label,true,false
1021671c,"PTR_SetStretchBltMode_1021671c",Label,true,false
10216720,"PTR_CreateFontA_10216720",Label,true,false
10216724,"PTR_SelectPalette_10216724",Label,true,false
10216728,"PTR_RealizePalette_10216728",Label,true,false
1021672c,"PTR_SetROP2_1021672c",Label,true,false
10216730,"PTR_CreateHatchBrush_10216730",Label,true,false
10216734,"PTR_SetWindowExtEx_10216734",Label,true,false
10216738,"PTR_SetViewportExtEx_10216738",Label,true,false
1021673c,"PTR_DPtoLP_1021673c",Label,true,false
10216740,"PTR_Ellipse_10216740",Label,true,false
10216744,"PTR_GetTextExtentPoint32A_10216744",Label,true,false
10216748,"PTR_IntersectClipRect_10216748",Label,true,false
1021674c,"PTR_GetTextAlign_1021674c",Label,true,false
10216750,"PTR_GetCharABCWidthsA_10216750",Label,true,false
10216754,"PTR_GetCharWidthA_10216754",Label,true,false
10216758,"PTR_SetWindowOrgEx_10216758",Label,true,false
1021675c,"PTR_RoundRect_1021675c",Label,true,false
10216760,"PTR_GetTextMetricsA_10216760",Label,true,false
10216764,"PTR_RemoveFontResourceA_10216764",Label,true,false
10216768,"PTR_AddFontResourceA_10216768",Label,true,false
1021676c,"PTR_CreateFontIndirectA_1021676c",Label,true,false
10216770,"PTR_CreateDIBSection_10216770",Label,true,false
10216774,"PTR_CreateSolidBrush_10216774",Label,true,false
10216778,"PTR_CreateCompatibleBitmap_10216778",Label,true,false
1021677c,"PTR_GetDeviceCaps_1021677c",Label,true,false
10216780,"PTR_LPtoDP_10216780",Label,true,false
10216784,"PTR_SetMapMode_10216784",Label,true,false
102167e4,"PTR_LoadLibraryA_102167e4",Label,true,false
102167e8,"PTR_FreeLibrary_102167e8",Label,true,false
102167ec,"PTR_GetPrivateProfileIntA_102167ec",Label,true,false
102167f0,"PTR_GetPrivateProfileStringA_102167f0",Label,true,false
102167f4,"PTR_CreateFileMappingA_102167f4",Label,true,false
102167f8,"PTR_MapViewOfFile_102167f8",Label,true,false
102167fc,"PTR_UnmapViewOfFile_102167fc",Label,true,false
10216800,"PTR_FindResourceA_10216800",Label,true,false
10216804,"PTR_LoadResource_10216804",Label,true,false
10216808,"PTR_LockResource_10216808",Label,true,false
1021680c,"PTR_lstrlenA_1021680c",Label,true,false
10216810,"PTR_CreateFileA_10216810",Label,true,false
10216814,"PTR_GetFileSize_10216814",Label,true,false
10216818,"PTR_ReadFile_10216818",Label,true,false
1021681c,"PTR_CloseHandle_1021681c",Label,true,false
10216820,"PTR_GlobalUnlock_10216820",Label,true,false
10216824,"PTR_GlobalFree_10216824",Label,true,false
10216828,"PTR_GlobalHandle_10216828",Label,true,false
1021682c,"PTR_GetModuleFileNameA_1021682c",Label,true,false
10216830,"PTR_GetVersion_10216830",Label,true,false
10216834,"PTR_OutputDebugStringA_10216834",Label,true,false
10216838,"PTR_EnterCriticalSection_10216838",Label,true,false
1021683c,"PTR_GetDateFormatA_1021683c",Label,true,false
10216840,"PTR_Sleep_10216840",Label,true,false
10216844,"PTR_LeaveCriticalSection_10216844",Label,true,false
10216848,"PTR_DeleteCriticalSection_10216848",Label,true,false
1021684c,"PTR_GetProcAddress_1021684c",Label,true,false
10216850,"PTR_GetModuleHandleA_10216850",Label,true,false
10216854,"PTR_InitializeCriticalSection_10216854",Label,true,false
10216858,"PTR_GlobalAlloc_10216858",Label,true,false
1021685c,"PTR_GlobalLock_1021685c",Label,true,false
102168a4,"PTR__strnicmp_102168a4",Label,true,false
102168a8,"PTR__getcwd_102168a8",Label,true,false
102168ac,"PTR__chdir_102168ac",Label,true,false
102168b0,"PTR__onexit_102168b0",Label,true,false
102168b4,"PTR___dllonexit_102168b4",Label,true,false
102168b8,"PTR__strlwr_102168b8",Label,true,false
102168bc,"PTR__adjust_fdiv_102168bc",Label,true,false
102168c0,"PTR_malloc_dbg_102168c0",Label,true,false
102168c4,"PTR_free_dbg_102168c4",Label,true,false
102168c8,"PTR__read_102168c8",Label,true,false
102168cc,"PTR_initterm_102168cc",Label,true,false
102168d0,"PTR__open_102168d0",Label,true,false
102168d4,"PTR_realloc_102168d4",Label,true,false
102168d8,"PTR__close_102168d8",Label,true,false
102168dc,"PTR___p___mb_cur_max_102168dc",Label,true,false
102168e0,"PTR__isctype_102168e0",Label,true,false
102168e4,"PTR_fscanf_102168e4",Label,true,false
102168e8,"PTR_clock_102168e8",Label,true,false
102168ec,"PTR_fwrite_102168ec",Label,true,false
102168f0,"PTR___p__pctype_102168f0",Label,true,false
102168f4,"PTR__vsnprintf_102168f4",Label,true,false
102168f8,"PTR_time_102168f8",Label,true,false
102168fc,"PTR_strncmp_102168fc",Label,true,false
10216900,"PTR_exit_10216900",Label,true,false
10216904,"PTR_fgetc_10216904",Label,true,false
10216908,"PTR_ctime_10216908",Label,true,false
1021690c,"PTR_strrchr_1021690c",Label,true,false
10216910,"PTR_strcspn_10216910",Label,true,false
10216914,"PTR_fprintf_10216914",Label,true,false
10216918,"PTR_memcpy_10216918",Label,true,false
1021691c,"PTR_sscanf_1021691c",Label,true,false
10216920,"PTR_strspn_10216920",Label,true,false
10216924,"PTR_fgets_10216924",Label,true,false
10216928,"PTR_memset_10216928",Label,true,false
1021692c,"PTR_strchr_1021692c",Label,true,false
10216930,"PTR_bsearch_10216930",Label,true,false
10216934,"PTR_fclose_10216934",Label,true,false
10216938,"PTR_fseek_10216938",Label,true,false
1021693c,"PTR_fread_1021693c",Label,true,false
10216940,"PTR_strncpy_10216940",Label,true,false
10216944,"PTR_fopen_10216944",Label,true,false
10216948,"PTR_atoi_10216948",Label,true,false
1021694c,"PTR_strcmp_1021694c",Label,true,false
10216950,"PTR_strcat_10216950",Label,true,false
10216954,"PTR_strlen_10216954",Label,true,false
10216958,"PTR_sprintf_10216958",Label,true,false
1021695c,"PTR_abs_1021695c",Label,true,false
10216960,"PTR_rand_10216960",Label,true,false
10216964,"PTR_malloc_10216964",Label,true,false
10216968,"PTR_strcpy_10216968",Label,true,false
1021696c,"PTR__stricmp_1021696c",Label,true,false
10216970,"PTR__strcmpi_10216970",Label,true,false
10216974,"PTR__splitpath_10216974",Label,true,false
10216978,"PTR_free_10216978",Label,true,false
102169d0,"PTR_CreateWindowExA_102169d0",Label,true,false
102169d4,"PTR_InflateRect_102169d4",Label,true,false
102169d8,"PTR_SetWindowTextA_102169d8",Label,true,false
102169dc,"PTR_BeginPaint_102169dc",Label,true,false
102169e0,"PTR_SetRect_102169e0",Label,true,false
102169e4,"PTR_EndPaint_102169e4",Label,true,false
102169e8,"PTR_RemoveMenu_102169e8",Label,true,false
102169ec,"PTR_InsertMenuA_102169ec",Label,true,false
102169f0,"PTR_GetParent_102169f0",Label,true,false
102169f4,"PTR_CreatePopupMenu_102169f4",Label,true,false
102169f8,"PTR_LockWindowUpdate_102169f8",Label,true,false
102169fc,"PTR_InvalidateRect_102169fc",Label,true,false
10216a00,"PTR_CheckMenuItem_10216a00",Label,true,false
10216a04,"PTR_BringWindowToTop_10216a04",Label,true,false
10216a08,"PTR_SetFocus_10216a08",Label,true,false
10216a0c,"PTR_DeleteMenu_10216a0c",Label,true,false
10216a10,"PTR_CopyRect_10216a10",Label,true,false
10216a14,"PTR_GetFocus_10216a14",Label,true,false
10216a18,"PTR_DefWindowProcA_10216a18",Label,true,false
10216a1c,"PTR_LoadIconA_10216a1c",Label,true,false
10216a20,"PTR_LoadCursorA_10216a20",Label,true,false
10216a24,"PTR_RegisterClassA_10216a24",Label,true,false
10216a28,"PTR_GetDC_10216a28",Label,true,false
10216a2c,"PTR_GetClientRect_10216a2c",Label,true,false
10216a30,"PTR_FillRect_10216a30",Label,true,false
10216a34,"PTR_ReleaseDC_10216a34",Label,true,false
10216a38,"PTR_GetSystemMetrics_10216a38",Label,true,false
10216a3c,"PTR_LoadAcceleratorsA_10216a3c",Label,true,false
10216a40,"PTR_ShowWindow_10216a40",Label,true,false
10216a44,"PTR_SetTimer_10216a44",Label,true,false
10216a48,"PTR_SetForegroundWindow_10216a48",Label,true,false
10216a4c,"PTR_GetMessageA_10216a4c",Label,true,false
10216a50,"PTR_TranslateAcceleratorA_10216a50",Label,true,false
10216a54,"PTR_TranslateMessage_10216a54",Label,true,false
10216a58,"PTR_DispatchMessageA_10216a58",Label,true,false
10216a5c,"PTR_GetSysColor_10216a5c",Label,true,false
10216a60,"PTR_OffsetRect_10216a60",Label,true,false
10216a64,"PTR_GetTopWindow_10216a64",Label,true,false
10216a68,"PTR_PtInRect_10216a68",Label,true,false
10216a6c,"PTR_GetWindow_10216a6c",Label,true,false
10216a70,"PTR_SetWindowPos_10216a70",Label,true,false
10216a74,"PTR_GetDlgCtrlID_10216a74",Label,true,false
10216a78,"PTR_DestroyWindow_10216a78",Label,true,false
10216a7c,"PTR_EndDialog_10216a7c",Label,true,false
10216a80,"PTR_MessageBoxA_10216a80",Label,true,false
10216a84,"PTR_DialogBoxParamA_10216a84",Label,true,false
10216a88,"PTR_GetWindowRect_10216a88",Label,true,false
10216a8c,"PTR_GetWindowTextA_10216a8c",Label,true,false
10216a90,"PTR_GetDlgItem_10216a90",Label,true,false
10216a94,"PTR_EnableWindow_10216a94",Label,true,false
10216a98,"PTR_SendDlgItemMessageA_10216a98",Label,true,false
10216a9c,"PTR_IsDlgButtonChecked_10216a9c",Label,true,false
10216aa0,"PTR_GetWindowWord_10216aa0",Label,true,false
10216aa4,"PTR_GetWindowLongA_10216aa4",Label,true,false
10216aa8,"PTR_ScreenToClient_10216aa8",Label,true,false
10216aac,"PTR_SetWindowWord_10216aac",Label,true,false
10216ab0,"PTR_PeekMessageA_10216ab0",Label,true,false
10216ab4,"PTR_GetDoubleClickTime_10216ab4",Label,true,false
10216ab8,"PTR_SetWindowLongA_10216ab8",Label,true,false
10216abc,"PTR_KillTimer_10216abc",Label,true,false
10216ac0,"PTR_PostQuitMessage_10216ac0",Label,true,false
10216ac4,"PTR_GetCursorPos_10216ac4",Label,true,false
10216ac8,"PTR_MessageBeep_10216ac8",Label,true,false
10216acc,"PTR_WindowFromPoint_10216acc",Label,true,false
10216ad0,"PTR_SetParent_10216ad0",Label,true,false
10216ad4,"PTR_wsprintfA_10216ad4",Label,true,false
10216ad8,"PTR_MoveWindow_10216ad8",Label,true,false
10216adc,"PTR_SetScrollRange_10216adc",Label,true,false
10216ae0,"PTR_FrameRect_10216ae0",Label,true,false
10216ae4,"PTR_UpdateWindow_10216ae4",Label,true,false
10216ae8,"PTR_GetScrollPos_10216ae8",Label,true,false
10216aec,"PTR_GetScrollRange_10216aec",Label,true,false
10216af0,"PTR_GetWindowThreadProcessId_10216af0",Label,true,false
10216af4,"PTR_ScrollWindow_10216af4",Label,true,false
10216af8,"PTR_SetScrollPos_10216af8",Label,true,false
10216afc,"PTR_CallWindowProcA_10216afc",Label,true,false
10216b00,"PTR_IsWindowVisible_10216b00",Label,true,false
10216b04,"PTR_GetClassNameA_10216b04",Label,true,false
10216b08,"PTR_SetCursor_10216b08",Label,true,false
10216b0c,"PTR_EnumChildWindows_10216b0c",Label,true,false
10216b10,"PTR_DrawFocusRect_10216b10",Label,true,false
10216b14,"PTR_ClientToScreen_10216b14",Label,true,false
10216b18,"PTR_DrawTextA_10216b18",Label,true,false
10216b1c,"PTR_GetDesktopWindow_10216b1c",Label,true,false
10216b20,"PTR_PostMessageA_10216b20",Label,true,false
10216b24,"PTR_TrackPopupMenu_10216b24",Label,true,false
10216b28,"PTR_SendMessageA_10216b28",Label,true,false
10216b2c,"PTR_AppendMenuA_10216b2c",Label,true,false
10216b30,"PTR_MapWindowPoints_10216b30",Label,true,false
10216b34,"PTR_DestroyMenu_10216b34",Label,true,false
10218000,"FUN_10218000",Function,true,true
10218008,"LAB_10218008",Label,true,false
10218028,"LAB_10218028",Label,true,false
10218051,"LAB_10218051",Label,true,false
1021805e,"LAB_1021805e",Label,true,false
10218061,"LAB_10218061",Label,true,false
10218084,"LAB_10218084",Label,true,false
10218099,"LAB_10218099",Label,true,false
102180b9,"LAB_102180b9",Label,true,false
102180ca,"LAB_102180ca",Label,true,false
102180de,"LAB_102180de",Label,true,false
102180e3,"LAB_102180e3",Label,true,false
1021810c,"LAB_1021810c",Label,true,false
1021813e,"LAB_1021813e",Label,true,false
10218170,"LAB_10218170",Label,true,false
10218245,"FUN_10218245",Function,true,true
10218253,"LAB_10218253",Label,true,false
1021828c,"LAB_1021828c",Label,true,false
1021829f,"LAB_1021829f",Label,true,false
102182b5,"FUN_102182b5",Function,true,true
102182dd,"LAB_102182dd",Label,true,false
102182f2,"LAB_102182f2",Label,true,false
10218300,"FUN_10218300",Function,true,true
1021830c,"LAB_1021830c",Label,true,false
1021831e,"LAB_1021831e",Label,true,false
10218337,"LAB_10218337",Label,true,false
10218349,"LAB_10218349",Label,true,false
10218350,"LAB_10218350",Label,true,false
1021835b,"LAB_1021835b",Label,true,false
1021837c,"LAB_1021837c",Label,true,false
10218385,"LAB_10218385",Label,true,false
10218392,"FUN_10218392",Function,true,true
1021839b,"LAB_1021839b",Label,true,false
1021839e,"LAB_1021839e",Label,true,false
102183b2,"LAB_102183b2",Label,true,false
102183d4,"LAB_102183d4",Label,true,false
102183e9,"LAB_102183e9",Label,true,false
10218411,"LAB_10218411",Label,true,false
1021842d,"LAB_1021842d",Label,true,false
10218467,"LAB_10218467",Label,true,false
10218479,"LAB_10218479",Label,true,false
10218484,"FUN_10218484",Function,true,true
10219000,"IMAGE_RESOURCE_DIRECTORY_10219000",Label,true,false
10219460,"Rsrc_Icon_1_409",Label,true,false
10219748,"Rsrc_Icon_2_409",Label,true,false
10219ff0,"Rsrc_GroupIcon_65_409",Label,true,false
1021a014,"Rsrc_Accelerator_66_409",Label,true,false
1021a024,"Rsrc_Dialog_dd_409",Label,true,false
1021a108,"Rsrc_Dialog_7f_409",Label,true,false
1021a1bc,"Rsrc_Dialog_80_409",Label,true,false
1021a310,"Rsrc_Dialog_c5_409",Label,true,false
1021a620,"Rsrc_Dialog_c6_409",Label,true,false
1021a670,"Rsrc_Dialog_c7_409",Label,true,false
1021a7d4,"Rsrc_Dialog_c8_409",Label,true,false
1021a97c,"Rsrc_Version_1_409",Label,true,false
1021c000,"IMAGE_BASE_RELOCATION_1021c000",Label,true,false
