Address,FunctionName,ReturnType,ParameterCount,BodySize,Status,Filename
00401000,"UI_CreateWindow_00401000","undefined",1,183,SUCCESS,"UI_CreateWindow_00401000_00401000.c"
004010b7,"FUN_004010b7","undefined",0,46,SUCCESS,"FUN_004010b7_004010b7.c"
004010e5,"UI_WndProc_004010e5","undefined",4,1007,SUCCESS,"UI_WndProc_004010e5_004010e5.c"
004014e0,"FUN_004014e0","undefined",3,701,SUCCESS,"FUN_004014e0_004014e0.c"
0040179d,"FUN_0040179d","undefined",3,355,SUCCESS,"FUN_0040179d_0040179d.c"
00401900,"Palette_Color_0049ae00","undefined",3,936,SUCCESS,"Palette_Color_0049ae00_00401900.c"
00401ca8,"Palette_Color_0049ae00","undefined",3,529,SUCCESS,"Palette_Color_0049ae00_00401ca8.c"
00401eb9,"FUN_00401eb9","undefined",3,529,SUCCESS,"FUN_00401eb9_00401eb9.c"
004020ca,"FUN_004020ca","undefined",3,379,SUCCESS,"FUN_004020ca_004020ca.c"
00402245,"FUN_00402245","undefined",3,283,SUCCESS,"FUN_00402245_00402245.c"
00402360,"FUN_00402360","undefined",3,477,SUCCESS,"FUN_00402360_00402360.c"
0040253d,"FUN_0040253d","undefined",3,323,SUCCESS,"FUN_0040253d_0040253d.c"
00402680,"FUN_00402680","undefined",3,521,SUCCESS,"FUN_00402680_00402680.c"
00402889,"FUN_00402889","undefined",2,91,SUCCESS,"FUN_00402889_00402889.c"
004028e4,"FUN_004028e4","undefined",3,140,SUCCESS,"FUN_004028e4_004028e4.c"
00402970,"Palette_Color_0049ae00","undefined",3,849,SUCCESS,"Palette_Color_0049ae00_00402970.c"
00402cc1,"Palette_Color_0049ae00","undefined",3,572,SUCCESS,"Palette_Color_0049ae00_00402cc1.c"
00402efd,"FUN_00402efd","undefined",3,237,SUCCESS,"FUN_00402efd_00402efd.c"
00402fea,"Glue_Subsystem_004dec09","undefined",3,1851,SUCCESS,"Glue_Subsystem_004dec09_00402fea.c"
00403725,"FUN_00403725","undefined",3,542,SUCCESS,"FUN_00403725_00403725.c"
00403943,"FUN_00403943","undefined",3,540,SUCCESS,"FUN_00403943_00403943.c"
00403b5f,"FUN_00403b5f","undefined",3,237,SUCCESS,"FUN_00403b5f_00403b5f.c"
00403c4c,"FUN_00403c4c","undefined",3,314,SUCCESS,"FUN_00403c4c_00403c4c.c"
00403d86,"Palette_Color_0049ae00","undefined",3,1153,SUCCESS,"Palette_Color_0049ae00_00403d86.c"
0040420c,"Palette_Color_0049ae00","undefined",3,679,SUCCESS,"Palette_Color_0049ae00_0040420c.c"
004044b3,"Palette_Color_0049ae00","undefined",3,1470,SUCCESS,"Palette_Color_0049ae00_004044b3.c"
00404a71,"FUN_00404a71","undefined",2,149,SUCCESS,"FUN_00404a71_00404a71.c"
00404b06,"FUN_00404b06","undefined",3,206,SUCCESS,"FUN_00404b06_00404b06.c"
00404bd4,"Palette_Color_0049ae00","undefined",3,3165,SUCCESS,"Palette_Color_0049ae00_00404bd4.c"
00405831,"Palette_Color_0049ae00","undefined",3,906,SUCCESS,"Palette_Color_0049ae00_00405831.c"
00405bc0,"FUN_00405bc0","undefined",3,322,SUCCESS,"FUN_00405bc0_00405bc0.c"
00405d02,"Palette_Color_0049ae00","undefined",3,1316,SUCCESS,"Palette_Color_0049ae00_00405d02.c"
00406226,"Pic_Load_0042a1c9","undefined",3,1103,SUCCESS,"Pic_Load_0042a1c9_00406226.c"
00406675,"Glue_Subsystem_004e4508","undefined",3,706,SUCCESS,"Glue_Subsystem_004e4508_00406675.c"
00406937,"Pic_Load_0042a1c9","undefined",3,889,SUCCESS,"Pic_Load_0042a1c9_00406937.c"
00406cb0,"Glue_Subsystem_004e4508","undefined",3,576,SUCCESS,"Glue_Subsystem_004e4508_00406cb0.c"
00406ef0,"Palette_Color_0049ae00","undefined",3,712,SUCCESS,"Palette_Color_0049ae00_00406ef0.c"
004071cd,"Palette_Color_0049ae00","undefined",3,880,SUCCESS,"Palette_Color_0049ae00_004071cd.c"
0040753d,"Palette_Color_0049ae00","undefined",3,559,SUCCESS,"Palette_Color_0049ae00_0040753d.c"
0040776c,"Glue_Subsystem_004e4508","undefined",3,690,SUCCESS,"Glue_Subsystem_004e4508_0040776c.c"
00407a1e,"Palette_Color_0049ae00","undefined",3,533,SUCCESS,"Palette_Color_0049ae00_00407a1e.c"
00407c33,"FUN_00407c33","undefined",3,608,SUCCESS,"FUN_00407c33_00407c33.c"
00407e93,"FUN_00407e93","undefined",3,380,SUCCESS,"FUN_00407e93_00407e93.c"
0040800f,"FUN_0040800f","undefined",2,274,SUCCESS,"FUN_0040800f_0040800f.c"
00408121,"FUN_00408121","undefined",3,334,SUCCESS,"FUN_00408121_00408121.c"
0040826f,"FUN_0040826f","undefined",4,299,SUCCESS,"FUN_0040826f_0040826f.c"
0040839a,"FUN_0040839a","undefined",3,237,SUCCESS,"FUN_0040839a_0040839a.c"
00408487,"FUN_00408487","undefined",3,314,SUCCESS,"FUN_00408487_00408487.c"
004085c1,"FUN_004085c1","undefined",3,237,SUCCESS,"FUN_004085c1_004085c1.c"
004086ae,"Palette_Color_0049ae00","undefined",3,1568,SUCCESS,"Palette_Color_0049ae00_004086ae.c"
00408cce,"Palette_Color_0049ae00","undefined",3,642,SUCCESS,"Palette_Color_0049ae00_00408cce.c"
00408f50,"FUN_00408f50","undefined",3,182,SUCCESS,"FUN_00408f50_00408f50.c"
00409006,"Palette_Color_0049ae00","undefined",3,1451,SUCCESS,"Palette_Color_0049ae00_00409006.c"
004095b1,"Palette_Color_0049ae00","undefined",3,542,SUCCESS,"Palette_Color_0049ae00_004095b1.c"
004097cf,"Palette_Color_0049ae00","undefined",3,492,SUCCESS,"Palette_Color_0049ae00_004097cf.c"
004099bb,"FUN_004099bb","undefined",3,228,SUCCESS,"FUN_004099bb_004099bb.c"
00409aa0,"Mem_AllocOrFree_00409aa0","undefined",3,38,SUCCESS,"Mem_AllocOrFree_00409aa0_00409aa0.c"
00409ac6,"Mem_AllocOrFree_00409ac6","undefined",3,38,SUCCESS,"Mem_AllocOrFree_00409ac6_00409ac6.c"
00409aec,"Mem_AllocOrFree_00409aec","undefined",3,38,SUCCESS,"Mem_AllocOrFree_00409aec_00409aec.c"
00409b12,"Mem_AllocOrFree_00409b12","undefined",3,38,SUCCESS,"Mem_AllocOrFree_00409b12_00409b12.c"
00409b38,"Mem_AllocOrFree_00409b38","undefined",3,38,SUCCESS,"Mem_AllocOrFree_00409b38_00409b38.c"
00409b5e,"FUN_00409b5e","undefined",4,347,SUCCESS,"FUN_00409b5e_00409b5e.c"
00409cb9,"Mana_Init_00456f29","undefined",3,897,SUCCESS,"Mana_Init_00456f29_00409cb9.c"
0040a03a,"Minit_Subsystem_004572aa","undefined",3,1180,SUCCESS,"Minit_Subsystem_004572aa_0040a03a.c"
0040a4d6,"FUN_0040a4d6","undefined",3,564,SUCCESS,"FUN_0040a4d6_0040a4d6.c"
0040a70a,"FUN_0040a70a","undefined",3,566,SUCCESS,"FUN_0040a70a_0040a70a.c"
0040a940,"FUN_0040a940","undefined",3,428,SUCCESS,"FUN_0040a940_0040a940.c"
0040aaec,"FUN_0040aaec","undefined",3,268,SUCCESS,"FUN_0040aaec_0040aaec.c"
0040abf8,"Minit_Subsystem_00457e67","undefined",3,1839,SUCCESS,"Minit_Subsystem_00457e67_0040abf8.c"
0040b327,"FUN_0040b327","undefined",3,322,SUCCESS,"FUN_0040b327_0040b327.c"
0040b469,"FUN_0040b469","undefined",3,445,SUCCESS,"FUN_0040b469_0040b469.c"
0040b626,"FUN_0040b626","undefined",3,882,SUCCESS,"FUN_0040b626_0040b626.c"
0040b998,"FUN_0040b998","undefined",3,102,SUCCESS,"FUN_0040b998_0040b998.c"
0040b9fe,"FUN_0040b9fe","undefined",2,63,SUCCESS,"FUN_0040b9fe_0040b9fe.c"
0040ba3d,"FUN_0040ba3d","undefined",3,1030,SUCCESS,"FUN_0040ba3d_0040ba3d.c"
0040be43,"Card_Setup_004590b4","undefined",3,506,SUCCESS,"Card_Setup_004590b4_0040be43.c"
0040c03d,"Minit_Subsystem_004592ae","undefined",3,554,SUCCESS,"Minit_Subsystem_004592ae_0040c03d.c"
0040c267,"Minit_Subsystem_004594d8","undefined",3,756,SUCCESS,"Minit_Subsystem_004594d8_0040c267.c"
0040c560,"Minit_Subsystem_004597d4","undefined",3,1322,SUCCESS,"Minit_Subsystem_004597d4_0040c560.c"
0040ca8f,"Minit_Subsystem_00459d0a","undefined",3,1041,SUCCESS,"Minit_Subsystem_00459d0a_0040ca8f.c"
0040cea5,"FUN_0040cea5","undefined",2,306,SUCCESS,"FUN_0040cea5_0040cea5.c"
0040cfd7,"Minit_Subsystem_0045a252","undefined",3,472,SUCCESS,"Minit_Subsystem_0045a252_0040cfd7.c"
0040d1af,"FUN_0040d1af","undefined",2,331,SUCCESS,"FUN_0040d1af_0040d1af.c"
0040d2fa,"Minit_Subsystem_0045a575","undefined",2,532,SUCCESS,"Minit_Subsystem_0045a575_0040d2fa.c"
0040d50e,"FUN_0040d50e","undefined",3,154,SUCCESS,"FUN_0040d50e_0040d50e.c"
0040d5a8,"Minit_Subsystem_0045a825","undefined",3,478,SUCCESS,"Minit_Subsystem_0045a825_0040d5a8.c"
0040d786,"Minit_Subsystem_0045a9ff","undefined",3,1858,SUCCESS,"Minit_Subsystem_0045a9ff_0040d786.c"
0040dedd,"Minit_Subsystem_0045b156","undefined",3,940,SUCCESS,"Minit_Subsystem_0045b156_0040dedd.c"
0040e289,"Mana_Init_0045b502","undefined",3,727,SUCCESS,"Mana_Init_0045b502_0040e289.c"
0040e560,"Mana_Init_0045b7d9","undefined",3,1202,SUCCESS,"Mana_Init_0045b7d9_0040e560.c"
0040ea12,"FUN_0040ea12","undefined",3,197,SUCCESS,"FUN_0040ea12_0040ea12.c"
0040ead7,"Minit_Subsystem_0045bd50","undefined",3,2117,SUCCESS,"Minit_Subsystem_0045bd50_0040ead7.c"
0040f321,"Minit_Subsystem_0045c59a","undefined",3,2708,SUCCESS,"Minit_Subsystem_0045c59a_0040f321.c"
0040fdb5,"FUN_0040fdb5","undefined",3,457,SUCCESS,"FUN_0040fdb5_0040fdb5.c"
0040ff7e,"Minit_Subsystem_0045d1f0","undefined",3,1617,SUCCESS,"Minit_Subsystem_0045d1f0_0040ff7e.c"
004105cf,"FUN_004105cf","undefined",3,77,SUCCESS,"FUN_004105cf_004105cf.c"
0041061c,"FUN_0041061c","undefined",3,77,SUCCESS,"FUN_0041061c_0041061c.c"
00410669,"Minit_Subsystem_0045d8dc","undefined",3,1225,SUCCESS,"Minit_Subsystem_0045d8dc_00410669.c"
00410b32,"Minit_Subsystem_0045dda5","undefined",3,716,SUCCESS,"Minit_Subsystem_0045dda5_00410b32.c"
00410dfe,"FUN_00410dfe","undefined",3,395,SUCCESS,"FUN_00410dfe_00410dfe.c"
00410f89,"FUN_00410f89","undefined",3,169,SUCCESS,"FUN_00410f89_00410f89.c"
00411032,"FUN_00411032","undefined",3,170,SUCCESS,"FUN_00411032_00411032.c"
004110dc,"Mem_AllocOrFree_004110dc","undefined",3,34,SUCCESS,"Mem_AllocOrFree_004110dc_004110dc.c"
004110fe,"Mem_AllocOrFree_004110fe","undefined",3,38,SUCCESS,"Mem_AllocOrFree_004110fe_004110fe.c"
00411124,"Mem_AllocOrFree_00411124","undefined",3,38,SUCCESS,"Mem_AllocOrFree_00411124_00411124.c"
0041114a,"Mem_AllocOrFree_0041114a","undefined",3,38,SUCCESS,"Mem_AllocOrFree_0041114a_0041114a.c"
00411170,"Mem_AllocOrFree_00411170","undefined",3,38,SUCCESS,"Mem_AllocOrFree_00411170_00411170.c"
00411196,"Mem_AllocOrFree_00411196","undefined",3,38,SUCCESS,"Mem_AllocOrFree_00411196_00411196.c"
004111bc,"Mana_Init_0045e430","undefined",4,1568,SUCCESS,"Mana_Init_0045e430_004111bc.c"
004117e6,"FUN_004117e6","undefined",3,387,SUCCESS,"FUN_004117e6_004117e6.c"
0041196e,"Minit_Subsystem_0045ebe4","undefined",3,1645,SUCCESS,"Minit_Subsystem_0045ebe4_0041196e.c"
00411fe0,"FUN_00411fe0","undefined",3,371,SUCCESS,"FUN_00411fe0_00411fe0.c"
00412153,"Mem_AllocOrFree_00412153","undefined",3,38,SUCCESS,"Mem_AllocOrFree_00412153_00412153.c"
00412179,"Mem_AllocOrFree_00412179","undefined",3,38,SUCCESS,"Mem_AllocOrFree_00412179_00412179.c"
0041219f,"Mem_AllocOrFree_0041219f","undefined",3,38,SUCCESS,"Mem_AllocOrFree_0041219f_0041219f.c"
004121c5,"Mem_AllocOrFree_004121c5","undefined",3,38,SUCCESS,"Mem_AllocOrFree_004121c5_004121c5.c"
004121eb,"Mem_AllocOrFree_004121eb","undefined",3,38,SUCCESS,"Mem_AllocOrFree_004121eb_004121eb.c"
00412211,"Mem_AllocOrFree_00412211","undefined",3,38,SUCCESS,"Mem_AllocOrFree_00412211_00412211.c"
00412237,"FUN_00412237","undefined",4,467,SUCCESS,"FUN_00412237_00412237.c"
0041240a,"FUN_0041240a","undefined",3,425,SUCCESS,"FUN_0041240a_0041240a.c"
004125b3,"FUN_004125b3","undefined",3,1408,SUCCESS,"FUN_004125b3_004125b3.c"
00412b3d,"FUN_00412b3d","undefined",3,712,SUCCESS,"FUN_00412b3d_00412b3d.c"
00412e05,"FUN_00412e05","undefined",3,823,SUCCESS,"FUN_00412e05_00412e05.c"
0041313c,"FUN_0041313c","undefined",3,301,SUCCESS,"FUN_0041313c_0041313c.c"
00413269,"FUN_00413269","undefined",3,258,SUCCESS,"FUN_00413269_00413269.c"
0041336b,"Minit_Subsystem_004605e4","undefined",3,1084,SUCCESS,"Minit_Subsystem_004605e4_0041336b.c"
004137a7,"FUN_004137a7","undefined",3,470,SUCCESS,"FUN_004137a7_004137a7.c"
0041397d,"FUN_0041397d","undefined",3,1096,SUCCESS,"FUN_0041397d_0041397d.c"
00413dc5,"FUN_00413dc5","undefined",3,429,SUCCESS,"FUN_00413dc5_00413dc5.c"
00413f72,"FUN_00413f72","undefined",3,412,SUCCESS,"FUN_00413f72_00413f72.c"
0041410e,"FUN_0041410e","undefined",3,1053,SUCCESS,"FUN_0041410e_0041410e.c"
0041452b,"Minit_Subsystem_004617ad","undefined",3,1012,SUCCESS,"Minit_Subsystem_004617ad_0041452b.c"
0041491f,"Minit_Subsystem_00461ba1","undefined",3,920,SUCCESS,"Minit_Subsystem_00461ba1_0041491f.c"
00414cbc,"FUN_00414cbc","undefined",3,389,SUCCESS,"FUN_00414cbc_00414cbc.c"
00414e41,"FUN_00414e41","undefined",3,460,SUCCESS,"FUN_00414e41_00414e41.c"
0041500d,"FUN_0041500d","undefined",3,74,SUCCESS,"FUN_0041500d_0041500d.c"
00415057,"Minit_Subsystem_004622d9","undefined",3,1012,SUCCESS,"Minit_Subsystem_004622d9_00415057.c"
00415450,"FUN_00415450","undefined",3,824,SUCCESS,"FUN_00415450_00415450.c"
00415788,"Minit_Subsystem_00462a0a","undefined",3,788,SUCCESS,"Minit_Subsystem_00462a0a_00415788.c"
00415a9c,"FUN_00415a9c","undefined",3,608,SUCCESS,"FUN_00415a9c_00415a9c.c"
00415cfc,"Minit_Subsystem_00462f7e","undefined",3,1948,SUCCESS,"Minit_Subsystem_00462f7e_00415cfc.c"
0041649d,"FUN_0041649d","undefined",3,1261,SUCCESS,"FUN_0041649d_0041649d.c"
0041698a,"FUN_0041698a","undefined",3,193,SUCCESS,"FUN_0041698a_0041698a.c"
00416a4b,"Minit_Subsystem_00463cd1","undefined",3,543,SUCCESS,"Minit_Subsystem_00463cd1_00416a4b.c"
00416c6a,"Minit_Subsystem_00463ef0","undefined",3,537,SUCCESS,"Minit_Subsystem_00463ef0_00416c6a.c"
00416e83,"Pic_Subsystem_00439408","undefined",3,1157,SUCCESS,"Pic_Subsystem_00439408_00416e83.c"
00417308,"FUN_00417308","undefined",3,404,SUCCESS,"FUN_00417308_00417308.c"
0041749c,"FUN_0041749c","undefined",3,1032,SUCCESS,"FUN_0041749c_0041749c.c"
004178a4,"Mem_AllocOrFree_004178a4","undefined",3,38,SUCCESS,"Mem_AllocOrFree_004178a4_004178a4.c"
004178ca,"Mem_AllocOrFree_004178ca","undefined",3,38,SUCCESS,"Mem_AllocOrFree_004178ca_004178ca.c"
004178f0,"FUN_004178f0","undefined",4,1108,SUCCESS,"FUN_004178f0_004178f0.c"
00417d49,"FUN_00417d49","undefined",3,408,SUCCESS,"FUN_00417d49_00417d49.c"
00417ee1,"Minit_Subsystem_00465165","undefined",3,1183,SUCCESS,"Minit_Subsystem_00465165_00417ee1.c"
00418380,"FUN_00418380","undefined",3,981,SUCCESS,"FUN_00418380_00418380.c"
00418755,"FUN_00418755","undefined",3,64,SUCCESS,"FUN_00418755_00418755.c"
00418795,"FUN_00418795","undefined",2,92,SUCCESS,"FUN_00418795_00418795.c"
004187f1,"Minit_Subsystem_00465a75","undefined",3,1066,SUCCESS,"Minit_Subsystem_00465a75_004187f1.c"
00418c1b,"Minit_Subsystem_00465e9c","undefined",3,1094,SUCCESS,"Minit_Subsystem_00465e9c_00418c1b.c"
00419061,"FUN_00419061","undefined",3,607,SUCCESS,"FUN_00419061_00419061.c"
004192c0,"Minit_Subsystem_00466541","undefined",3,1055,SUCCESS,"Minit_Subsystem_00466541_004192c0.c"
004196df,"Card_Setup_0046695e","undefined",3,349,SUCCESS,"Card_Setup_0046695e_004196df.c"
0041983c,"FUN_0041983c","undefined",3,618,SUCCESS,"FUN_0041983c_0041983c.c"
00419aab,"Palette_Subsystem_004a9137","undefined",3,563,SUCCESS,"Palette_Subsystem_004a9137_00419aab.c"
00419cde,"FUN_00419cde","undefined",3,320,SUCCESS,"FUN_00419cde_00419cde.c"
00419e1e,"Player_Init_0046709c","undefined",3,718,SUCCESS,"Player_Init_0046709c_00419e1e.c"
0041a0ec,"FUN_0041a0ec","undefined",3,255,SUCCESS,"FUN_0041a0ec_0041a0ec.c"
0041a1eb,"FUN_0041a1eb","undefined",3,288,SUCCESS,"FUN_0041a1eb_0041a1eb.c"
0041a30b,"FUN_0041a30b","undefined",0,546,SUCCESS,"FUN_0041a30b_0041a30b.c"
0041a52d,"FUN_0041a52d","undefined",3,203,SUCCESS,"FUN_0041a52d_0041a52d.c"
0041a600,"UI_CreateWindow_0041a600","undefined",1,152,SUCCESS,"UI_CreateWindow_0041a600_0041a600.c"
0041a698,"FUN_0041a698","undefined",0,46,SUCCESS,"FUN_0041a698_0041a698.c"
0041a6c6,"Palette_Subsystem_004997e6","undefined",4,4921,SUCCESS,"Palette_Subsystem_004997e6_0041a6c6.c"
0041bcf0,"FUN_0041bcf0","undefined",19,955,SUCCESS,"FUN_0041bcf0_0041bcf0.c"
0041c0ab,"Rules_ParseFilter_0041c0ab","undefined",20,7256,SUCCESS,"Rules_ParseFilter_0041c0ab_0041c0ab.c"
0041dd17,"FUN_0041dd17","undefined",2,249,SUCCESS,"FUN_0041dd17_0041dd17.c"
0041de10,"Ai_Subsystem_004bc029","undefined",3,832,SUCCESS,"Ai_Subsystem_004bc029_0041de10.c"
0041e2a2,"Duel_ChooseTarget","undefined",20,1736,SUCCESS,"Action_ValidateTarget_0041e2a2_0041e2a2.c"
0041e97e,"FUN_0041e97e","undefined",2,184,SUCCESS,"FUN_0041e97e_0041e97e.c"
0041ea36,"FUN_0041ea36","undefined",2,324,SUCCESS,"FUN_0041ea36_0041ea36.c"
0041eb80,"Palette_Color_0049ae00","undefined",0,2793,SUCCESS,"Palette_Color_0049ae00_0041eb80.c"
0041f669,"Palette_Color_0049ae00","undefined",0,2066,SUCCESS,"Palette_Color_0049ae00_0041f669.c"
0041fe7b,"FUN_0041fe7b","undefined",0,677,SUCCESS,"FUN_0041fe7b_0041fe7b.c"
00420120,"Palette_Subsystem_0049c3ac","undefined",1,793,SUCCESS,"Palette_Subsystem_0049c3ac_00420120.c"
0042043e,"FUN_0042043e","undefined",2,252,SUCCESS,"FUN_0042043e_0042043e.c"
0042053a,"Palette_Subsystem_0049c7c7","undefined",6,4227,SUCCESS,"Palette_Subsystem_0049c7c7_0042053a.c"
004215c2,"FUN_004215c2","undefined",7,576,SUCCESS,"FUN_004215c2_004215c2.c"
00421802,"FUN_00421802","undefined",3,398,SUCCESS,"FUN_00421802_00421802.c"
00421990,"FUN_00421990","undefined",3,196,SUCCESS,"FUN_00421990_00421990.c"
00421a54,"FUN_00421a54","undefined",2,213,SUCCESS,"FUN_00421a54_00421a54.c"
00421b29,"FUN_00421b29","undefined",2,519,SUCCESS,"FUN_00421b29_00421b29.c"
00421d30,"Palette_Subsystem_0049dfb1","undefined",5,735,SUCCESS,"Palette_Subsystem_0049dfb1_00421d30.c"
0042200f,"FUN_0042200f","undefined",6,682,SUCCESS,"FUN_0042200f_0042200f.c"
004222b9,"FUN_004222b9","undefined",3,129,SUCCESS,"FUN_004222b9_004222b9.c"
0042233a,"FUN_0042233a","undefined",4,1600,SUCCESS,"FUN_0042233a_0042233a.c"
0042297a,"FUN_0042297a","undefined",4,435,SUCCESS,"FUN_0042297a_0042297a.c"
00422b2d,"Palette_Subsystem_0049eda9","undefined",5,2852,SUCCESS,"Palette_Subsystem_0049eda9_00422b2d.c"
00423651,"FUN_00423651","undefined",5,662,SUCCESS,"FUN_00423651_00423651.c"
004238e7,"Palette_Subsystem_0049c7c7","undefined",3,900,SUCCESS,"Palette_Subsystem_0049c7c7_004238e7.c"
00423c6b,"FUN_00423c6b","undefined",4,490,SUCCESS,"FUN_00423c6b_00423c6b.c"
00423e55,"FUN_00423e55","undefined",3,360,SUCCESS,"FUN_00423e55_00423e55.c"
00423fbd,"FUN_00423fbd","undefined",3,343,SUCCESS,"FUN_00423fbd_00423fbd.c"
00424114,"FUN_00424114","undefined",2,212,SUCCESS,"FUN_00424114_00424114.c"
004241e8,"FUN_004241e8","undefined",5,547,SUCCESS,"FUN_004241e8_004241e8.c"
0042440b,"FUN_0042440b","undefined",4,385,SUCCESS,"FUN_0042440b_0042440b.c"
0042458c,"FUN_0042458c","undefined",3,446,SUCCESS,"FUN_0042458c_0042458c.c"
0042474a,"FUN_0042474a","undefined",5,823,SUCCESS,"FUN_0042474a_0042474a.c"
00424a81,"FUN_00424a81","undefined",3,663,SUCCESS,"FUN_00424a81_00424a81.c"
00424d18,"FUN_00424d18","undefined",4,611,SUCCESS,"FUN_00424d18_00424d18.c"
00424f7b,"FUN_00424f7b","undefined",5,445,SUCCESS,"FUN_00424f7b_00424f7b.c"
00425138,"FUN_00425138","undefined",5,424,SUCCESS,"FUN_00425138_00425138.c"
004252e0,"Palette_Subsystem_0049eda9","undefined",5,1533,SUCCESS,"Palette_Subsystem_0049eda9_004252e0.c"
004258dd,"Palette_Subsystem_004a155f","undefined",7,682,SUCCESS,"Palette_Subsystem_004a155f_004258dd.c"
00425b87,"Palette_Subsystem_004a155f","undefined",4,1530,SUCCESS,"Palette_Subsystem_004a155f_00425b87.c"
00426181,"FUN_00426181","undefined",4,760,SUCCESS,"FUN_00426181_00426181.c"
00426479,"FUN_00426479","undefined",2,135,SUCCESS,"FUN_00426479_00426479.c"
00426500,"FUN_00426500","undefined",2,135,SUCCESS,"FUN_00426500_00426500.c"
00426587,"FUN_00426587","undefined",2,153,SUCCESS,"FUN_00426587_00426587.c"
00426620,"FUN_00426620","undefined",4,294,SUCCESS,"FUN_00426620_00426620.c"
00426746,"FUN_00426746","undefined",3,150,SUCCESS,"FUN_00426746_00426746.c"
004267dc,"FUN_004267dc","undefined",3,72,SUCCESS,"FUN_004267dc_004267dc.c"
00426824,"FUN_00426824","undefined",2,221,SUCCESS,"FUN_00426824_00426824.c"
00426901,"FUN_00426901","undefined",1,592,SUCCESS,"FUN_00426901_00426901.c"
00426b51,"FUN_00426b51","undefined",3,267,SUCCESS,"FUN_00426b51_00426b51.c"
00426c5c,"Mem_AllocOrFree_00426c5c","undefined",0,11,SUCCESS,"Mem_AllocOrFree_00426c5c_00426c5c.c"
00426c70,"FUN_00426c70","undefined",1,15615,SUCCESS,"FUN_00426c70_00426c70.c"
0042a99c,"FUN_0042a99c","undefined",0,172,SUCCESS,"FUN_0042a99c_0042a99c.c"
0042aa48,"FUN_0042aa48","undefined",1,287,SUCCESS,"FUN_0042aa48_0042aa48.c"
0042ab67,"FUN_0042ab67","undefined",1,104,SUCCESS,"FUN_0042ab67_0042ab67.c"
0042abcf,"FUN_0042abcf","undefined",1,386,SUCCESS,"FUN_0042abcf_0042abcf.c"
0042ad51,"FUN_0042ad51","undefined",1,207,SUCCESS,"FUN_0042ad51_0042ad51.c"
0042ae2a,"FUN_0042ae2a","undefined",0,433,SUCCESS,"FUN_0042ae2a_0042ae2a.c"
0042afdb,"FUN_0042afdb","undefined",0,220,SUCCESS,"FUN_0042afdb_0042afdb.c"
0042b0b7,"FUN_0042b0b7","undefined",4,105,SUCCESS,"FUN_0042b0b7_0042b0b7.c"
0042b120,"FUN_0042b120","undefined",2,238,SUCCESS,"FUN_0042b120_0042b120.c"
0042b213,"FUN_0042b213","undefined",2,139,SUCCESS,"FUN_0042b213_0042b213.c"
0042b2a0,"UI_CreateWindow_0042b2a0","undefined",1,132,SUCCESS,"UI_CreateWindow_0042b2a0_0042b2a0.c"
0042b324,"UI_WndProc_0042b324","undefined",4,878,SUCCESS,"UI_WndProc_0042b324_0042b324.c"
0042b6b0,"Ai_CalcManaRequirement_004ba890","undefined",3,4254,SUCCESS,"Ai_CalcManaRequirement_004ba890_0042b6b0.c"
0042c815,"FUN_0042c815","undefined",4,425,SUCCESS,"FUN_0042c815_0042c815.c"
0042c9be,"FUN_0042c9be","undefined",6,509,SUCCESS,"FUN_0042c9be_0042c9be.c"
0042cbbb,"FUN_0042cbbb","undefined",6,507,SUCCESS,"FUN_0042cbbb_0042cbbb.c"
0042cdb6,"FUN_0042cdb6","undefined",3,155,SUCCESS,"FUN_0042cdb6_0042cdb6.c"
0042ce51,"Ai_Subsystem_004bc029","undefined",4,1014,SUCCESS,"Ai_Subsystem_004bc029_0042ce51.c"
0042d247,"FUN_0042d247","undefined",5,2317,SUCCESS,"FUN_0042d247_0042d247.c"
0042db54,"FUN_0042db54","undefined",3,522,SUCCESS,"FUN_0042db54_0042db54.c"
0042dd5e,"FUN_0042dd5e","undefined",2,426,SUCCESS,"FUN_0042dd5e_0042dd5e.c"
0042df08,"FUN_0042df08","undefined",9,112,SUCCESS,"FUN_0042df08_0042df08.c"
0042df78,"FUN_0042df78","undefined",7,151,SUCCESS,"FUN_0042df78_0042df78.c"
0042e00f,"FUN_0042e00f","undefined",0,109,SUCCESS,"FUN_0042e00f_0042e00f.c"
0042e081,"FUN_0042e081","undefined",2,71,SUCCESS,"FUN_0042e081_0042e081.c"
0042e0cd,"Mem_AllocOrFree_0042e0cd","undefined",0,47,SUCCESS,"Mem_AllocOrFree_0042e0cd_0042e0cd.c"
0042e101,"FUN_0042e101","undefined",1,154,SUCCESS,"FUN_0042e101_0042e101.c"
0042e1a0,"FUN_0042e1a0","undefined",1,114,SUCCESS,"FUN_0042e1a0_0042e1a0.c"
0042e217,"Ai_Subsystem_004bd6f9","undefined",3,2683,SUCCESS,"Ai_Subsystem_004bd6f9_0042e217.c"
0042ecaf,"FUN_0042ecaf","undefined",4,169,SUCCESS,"FUN_0042ecaf_0042ecaf.c"
0042ed60,"Ai_ChooseCardToPlay","undefined",1,3718,SUCCESS,"FUN_0042ed60_0042ed60.c"
0042fbf0,"Ai_SaveGameState","undefined",0,697,SUCCESS,"Ai_SaveGameState_0042fbf0.c"
0042fea9,"FUN_0042fea9","undefined",0,631,SUCCESS,"FUN_0042fea9_0042fea9.c"
00430120,"FUN_00430120","undefined",0,583,SUCCESS,"FUN_00430120_00430120.c"
00430367,"FUN_00430367","undefined",0,583,SUCCESS,"FUN_00430367_00430367.c"
004305ae,"Ai_ClearPlan","undefined",0,37,SUCCESS,"Mem_AllocOrFree_004305ae_004305ae.c"
004305d3,"Ai_BeginTrial","undefined",0,119,SUCCESS,"FUN_004305d3_004305d3.c"
0043064a,"Ai_RecordChoice","undefined",0,211,SUCCESS,"FUN_0043064a_0043064a.c"
0043071d,"FUN_0043071d","undefined",1,75,SUCCESS,"FUN_0043071d_0043071d.c"
00430768,"FUN_00430768","undefined",1,74,SUCCESS,"FUN_00430768_00430768.c"
004307b2,"Ai_ReplayChoice","undefined",0,108,SUCCESS,"FUN_004307b2_004307b2.c"
0043081e,"Ai_CommitBestPlan","undefined",0,177,SUCCESS,"FUN_0043081e_0043081e.c"
004308cf,"Ai_GetPlanCursor","undefined",0,21,SUCCESS,"Mem_AllocOrFree_004308cf_004308cf.c"
004308e4,"Mem_AllocOrFree_004308e4","undefined",0,45,SUCCESS,"Mem_AllocOrFree_004308e4_004308e4.c"
00430911,"Ai_EvaluateBoard","undefined",1,2728,SUCCESS,"FUN_00430911_00430911.c"
004313b9,"Ai_PenalizeCounterattack","undefined",2,2380,SUCCESS,"FUN_004313b9_004313b9.c"
00431d05,"Ai_ChooseBlockers","undefined",2,572,SUCCESS,"Ai_ChooseBlockers_00431d05.c"
00431f41,"FUN_00431f41","undefined",2,155,SUCCESS,"FUN_00431f41_00431f41.c"
00431fe0,"Mem_AllocOrFree_00431fe0","undefined",0,21,SUCCESS,"Mem_AllocOrFree_00431fe0_00431fe0.c"
004327e0,"FUN_004327e0","undefined",0,66,SUCCESS,"FUN_004327e0_004327e0.c"
00432822,"FUN_00432822","undefined",0,54,SUCCESS,"FUN_00432822_00432822.c"
00432860,"FUN_00432860","undefined",1,80,SUCCESS,"FUN_00432860_00432860.c"
004328ba,"FUN_004328ba","undefined",1,329,SUCCESS,"FUN_004328ba_004328ba.c"
00432a0b,"FUN_00432a0b","undefined",2,178,SUCCESS,"FUN_00432a0b_00432a0b.c"
00432ac7,"FUN_00432ac7","undefined",1,286,SUCCESS,"FUN_00432ac7_00432ac7.c"
00432be5,"FUN_00432be5","undefined",1,69,SUCCESS,"FUN_00432be5_00432be5.c"
00432c2a,"FUN_00432c2a","undefined",3,67,SUCCESS,"FUN_00432c2a_00432c2a.c"
00432c72,"Mem_AllocOrFree_00432c72","undefined",0,21,SUCCESS,"Mem_AllocOrFree_00432c72_00432c72.c"
00432c87,"Mem_AllocOrFree_00432c87","undefined",0,18,SUCCESS,"Mem_AllocOrFree_00432c87_00432c87.c"
00432c99,"FUN_00432c99","undefined",1,226,SUCCESS,"FUN_00432c99_00432c99.c"
00432d7b,"FUN_00432d7b","undefined",1,137,SUCCESS,"FUN_00432d7b_00432d7b.c"
00432e04,"FUN_00432e04","undefined",0,3506,SUCCESS,"FUN_00432e04_00432e04.c"
00433bb6,"FUN_00433bb6","undefined",2,131,SUCCESS,"FUN_00433bb6_00433bb6.c"
00433c39,"FUN_00433c39","undefined",1,77,SUCCESS,"FUN_00433c39_00433c39.c"
00433c86,"Mem_AllocOrFree_00433c86","undefined",0,18,SUCCESS,"Mem_AllocOrFree_00433c86_00433c86.c"
00433c98,"Mem_AllocOrFree_00433c98","undefined",0,18,SUCCESS,"Mem_AllocOrFree_00433c98_00433c98.c"
00433caa,"FUN_00433caa","undefined",1,155,SUCCESS,"FUN_00433caa_00433caa.c"
00433d45,"FUN_00433d45","undefined",1,237,SUCCESS,"FUN_00433d45_00433d45.c"
00433e40,"UI_CreateWindow_00433e40","undefined",1,146,SUCCESS,"UI_CreateWindow_00433e40_00433e40.c"
00433ed2,"UI_WndProc_00433ed2","undefined",4,516,SUCCESS,"UI_WndProc_00433ed2_00433ed2.c"
004340f0,"Catalog_Open","undefined",1,586,SUCCESS,"Catalog_Open_004340f0.c"
0043433a,"FUN_0043433a","undefined",1,188,SUCCESS,"FUN_0043433a_0043433a.c"
004343f6,"FUN_004343f6","undefined",2,70,SUCCESS,"FUN_004343f6_004343f6.c"
00434446,"FUN_00434446","undefined",2,123,SUCCESS,"FUN_00434446_00434446.c"
004344c1,"FUN_004344c1","undefined",3,169,SUCCESS,"FUN_004344c1_004344c1.c"
0043456a,"FUN_0043456a","undefined",1,234,SUCCESS,"FUN_0043456a_0043456a.c"
00434660,"FUN_00434660","undefined",2,589,SUCCESS,"FUN_00434660_00434660.c"
004348b2,"FUN_004348b2","undefined",2,340,SUCCESS,"FUN_004348b2_004348b2.c"
00434a10,"FUN_00434a10","undefined",0,51,SUCCESS,"FUN_00434a10_00434a10.c"
00434a43,"Catalog_LoadPaletteMap","undefined",2,596,SUCCESS,"Catalog_LoadPaletteMap_00434a43.c"
00434c97,"FUN_00434c97","undefined",0,114,SUCCESS,"FUN_00434c97_00434c97.c"
00434d09,"FUN_00434d09","undefined",3,127,SUCCESS,"FUN_00434d09_00434d09.c"
00434d88,"FUN_00434d88","undefined",1,319,SUCCESS,"FUN_00434d88_00434d88.c"
00434ec7,"FUN_00434ec7","undefined",3,218,SUCCESS,"FUN_00434ec7_00434ec7.c"
00434fa1,"FUN_00434fa1","undefined",1,172,SUCCESS,"FUN_00434fa1_00434fa1.c"
0043504d,"FUN_0043504d","undefined",2,100,SUCCESS,"FUN_0043504d_0043504d.c"
004350b1,"FUN_004350b1","undefined",0,260,SUCCESS,"FUN_004350b1_004350b1.c"
004351b5,"FUN_004351b5","undefined",1,393,SUCCESS,"FUN_004351b5_004351b5.c"
00435343,"FUN_00435343","undefined",1,371,SUCCESS,"FUN_00435343_00435343.c"
004354bb,"FUN_004354bb","undefined",2,150,SUCCESS,"FUN_004354bb_004354bb.c"
00435551,"FUN_00435551","undefined",4,152,SUCCESS,"FUN_00435551_00435551.c"
004355e9,"FUN_004355e9","undefined",4,230,SUCCESS,"FUN_004355e9_004355e9.c"
004356cf,"FUN_004356cf","undefined",6,1440,SUCCESS,"FUN_004356cf_004356cf.c"
00435c74,"FUN_00435c74","undefined",2,65,SUCCESS,"FUN_00435c74_00435c74.c"
00435cb5,"Palette_AllocErrorDiffusionTable","undefined",2,441,SUCCESS,"Palette_AllocErrorDiffusionTable_00435cb5.c"
00435e6e,"FUN_00435e6e","undefined",5,1061,SUCCESS,"FUN_00435e6e_00435e6e.c"
00436293,"FUN_00436293","undefined",6,1345,SUCCESS,"FUN_00436293_00436293.c"
004367d4,"Mem_AllocOrFree_004367d4","undefined",0,35,SUCCESS,"Mem_AllocOrFree_004367d4_004367d4.c"
00436800,"Mem_AllocOrFree_00436800","undefined",1,24,SUCCESS,"Mem_AllocOrFree_00436800_00436800.c"
00436820,"UI_Register_FACE_BLACK_00436820","undefined",1,562,SUCCESS,"UI_Register_FACE_BLACK_00436820_00436820.c"
00436a52,"FUN_00436a52","undefined",0,164,SUCCESS,"FUN_00436a52_00436a52.c"
00436af6,"Ai_CalcManaRequirement_004b9284","undefined",4,1760,SUCCESS,"Ai_CalcManaRequirement_004b9284_00436af6.c"
004371ec,"FUN_004371ec","undefined",3,846,SUCCESS,"FUN_004371ec_004371ec.c"
0043753a,"FUN_0043753a","undefined",2,327,SUCCESS,"FUN_0043753a_0043753a.c"
00437681,"FUN_00437681","undefined",1,63,SUCCESS,"FUN_00437681_00437681.c"
004376c0,"FUN_004376c0","undefined",1,74,SUCCESS,"FUN_004376c0_004376c0.c"
00437710,"Palette_Color_00495430","undefined",1,1013,SUCCESS,"Palette_Color_00495430_00437710.c"
00437b05,"FUN_00437b05","undefined",0,135,SUCCESS,"FUN_00437b05_00437b05.c"
00437b8c,"Palette_Subsystem_004958b1","undefined",1,167,SUCCESS,"Palette_Subsystem_004958b1_00437b8c.c"
00437c33,"Palette_Subsystem_00495958","undefined",1,901,SUCCESS,"Palette_Subsystem_00495958_00437c33.c"
00437fb8,"FUN_00437fb8","undefined",1,526,SUCCESS,"FUN_00437fb8_00437fb8.c"
004381c6,"FUN_004381c6","undefined",2,408,SUCCESS,"FUN_004381c6_004381c6.c"
00438368,"Palette_Subsystem_0049608e","undefined",0,418,SUCCESS,"Palette_Subsystem_0049608e_00438368.c"
0043850a,"Palette_Subsystem_0049608e","undefined",0,258,SUCCESS,"Palette_Subsystem_0049608e_0043850a.c"
0043860c,"Mem_AllocOrFree_0043860c","undefined",0,37,SUCCESS,"Mem_AllocOrFree_0043860c_0043860c.c"
00438636,"FUN_00438636","undefined",4,134,SUCCESS,"FUN_00438636_00438636.c"
004386c1,"Palette_Subsystem_004963e7","undefined",0,176,SUCCESS,"Palette_Subsystem_004963e7_004386c1.c"
00438771,"Palette_Subsystem_00496497","undefined",4,487,SUCCESS,"Palette_Subsystem_00496497_00438771.c"
00438980,"FUN_00438980","undefined",4,619,SUCCESS,"FUN_00438980_00438980.c"
00438bf0,"FUN_00438bf0","undefined",2,130,SUCCESS,"FUN_00438bf0_00438bf0.c"
00438c81,"FUN_00438c81","undefined",4,221,SUCCESS,"FUN_00438c81_00438c81.c"
00438d5e,"FUN_00438d5e","undefined",4,271,SUCCESS,"FUN_00438d5e_00438d5e.c"
00438e72,"FUN_00438e72","undefined",1,80,SUCCESS,"FUN_00438e72_00438e72.c"
00438ec2,"FUN_00438ec2","undefined",4,683,SUCCESS,"FUN_00438ec2_00438ec2.c"
00439172,"FUN_00439172","undefined",2,150,SUCCESS,"FUN_00439172_00439172.c"
00439208,"FUN_00439208","undefined",4,235,SUCCESS,"FUN_00439208_00439208.c"
004392f3,"FUN_004392f3","undefined",4,165,SUCCESS,"FUN_004392f3_004392f3.c"
004393a2,"FUN_004393a2","undefined",2,372,SUCCESS,"FUN_004393a2_004393a2.c"
00439516,"FUN_00439516","undefined",0,79,SUCCESS,"FUN_00439516_00439516.c"
00439570,"FUN_00439570","undefined",1,102,SUCCESS,"FUN_00439570_00439570.c"
004395d6,"FUN_004395d6","undefined",2,131,SUCCESS,"FUN_004395d6_004395d6.c"
00439659,"FUN_00439659","undefined",4,145,SUCCESS,"FUN_00439659_00439659.c"
004396ea,"FUN_004396ea","undefined",1,324,SUCCESS,"FUN_004396ea_004396ea.c"
0043982e,"FUN_0043982e","undefined",0,53,SUCCESS,"FUN_0043982e_0043982e.c"
00439863,"Mem_AllocOrFree_00439863","undefined",0,47,SUCCESS,"Mem_AllocOrFree_00439863_00439863.c"
00439892,"FUN_00439892","undefined",1,44,SUCCESS,"FUN_00439892_00439892.c"
004398be,"FUN_004398be","undefined",0,64,SUCCESS,"FUN_004398be_004398be.c"
004398fe,"Mem_AllocOrFree_004398fe","undefined",0,21,SUCCESS,"Mem_AllocOrFree_004398fe_004398fe.c"
00439913,"FUN_00439913","undefined",1,101,SUCCESS,"FUN_00439913_00439913.c"
00439980,"UI_DialogProc_00439980","undefined",3,246,SUCCESS,"UI_DialogProc_00439980_00439980.c"
00439a76,"Palette_Subsystem_00496497","undefined",4,1556,SUCCESS,"Palette_Subsystem_00496497_00439a76.c"
0043a094,"FUN_0043a094","undefined",1,775,SUCCESS,"FUN_0043a094_0043a094.c"
0043a3a0,"Pic_Subsystem_00449340","undefined",1,401,SUCCESS,"Pic_Subsystem_00449340_0043a3a0.c"
0043a531,"FUN_0043a531","undefined",0,46,SUCCESS,"FUN_0043a531_0043a531.c"
0043a55f,"Pic_Subsystem_004494ff","undefined",4,2639,SUCCESS,"Pic_Subsystem_004494ff_0043a55f.c"
0043b02a,"UI_WndProc_0043b02a","undefined",4,366,SUCCESS,"UI_WndProc_0043b02a_0043b02a.c"
0043b1a4,"UI_WndProc_0043b1a4","undefined",4,705,SUCCESS,"UI_WndProc_0043b1a4_0043b1a4.c"
0043b471,"Pic_Subsystem_00449340","undefined",2,970,SUCCESS,"Pic_Subsystem_00449340_0043b471.c"
0043b83b,"FUN_0043b83b","undefined",1,21,SUCCESS,"FUN_0043b83b_0043b83b.c"
0043b850,"FUN_0043b850","undefined",1,83,SUCCESS,"FUN_0043b850_0043b850.c"
0043b8a8,"Mem_AllocOrFree_0043b8a8","undefined",0,41,SUCCESS,"Mem_AllocOrFree_0043b8a8_0043b8a8.c"
0043b8d1,"Pic_Load_0044a862","undefined",4,2562,SUCCESS,"Pic_Load_0044a862_0043b8d1.c"
0043c2dd,"FUN_0043c2dd","undefined",4,496,SUCCESS,"FUN_0043c2dd_0043c2dd.c"
0043c4d0,"Ai_CalcManaRequirement_004b9284","undefined",1,2423,SUCCESS,"Ai_CalcManaRequirement_004b9284_0043c4d0.c"
0043ce47,"Mem_AllocOrFree_0043ce47","undefined",0,48,SUCCESS,"Mem_AllocOrFree_0043ce47_0043ce47.c"
0043ce77,"FUN_0043ce77","undefined",1,594,SUCCESS,"FUN_0043ce77_0043ce77.c"
0043d0c9,"Mem_AllocOrFree_0043d0c9","undefined",0,48,SUCCESS,"Mem_AllocOrFree_0043d0c9_0043d0c9.c"
0043d0f9,"FUN_0043d0f9","undefined",1,202,SUCCESS,"FUN_0043d0f9_0043d0f9.c"
0043d1d0,"FUN_0043d1d0","undefined",3,559,SUCCESS,"FUN_0043d1d0_0043d1d0.c"
0043d3ff,"Pic_Load_0042351b","undefined",5,788,SUCCESS,"Pic_Load_0042351b_0043d3ff.c"
0043d713,"Pic_Load_00423833","undefined",1,134,SUCCESS,"Pic_Load_00423833_0043d713.c"
0043d799,"FUN_0043d799","undefined",2,51,SUCCESS,"FUN_0043d799_0043d799.c"
0043d7cc,"FUN_0043d7cc","undefined",1,42,SUCCESS,"FUN_0043d7cc_0043d7cc.c"
0043d7f6,"Mem_AllocOrFree_0043d7f6","undefined",1,39,SUCCESS,"Mem_AllocOrFree_0043d7f6_0043d7f6.c"
0043d81d,"FUN_0043d81d","undefined",0,59,SUCCESS,"FUN_0043d81d_0043d81d.c"
0043d858,"Mem_AllocOrFree_0043d858","undefined",0,11,SUCCESS,"Mem_AllocOrFree_0043d858_0043d858.c"
0043d863,"Mem_AllocOrFree_0043d863","undefined",0,11,SUCCESS,"Mem_AllocOrFree_0043d863_0043d863.c"
0043d870,"Sound_Init","undefined",3,351,SUCCESS,"Sound_Init_0043d870.c"
0043d9cf,"CloseSnd","undefined",0,118,SUCCESS,"CloseSnd_0043d9cf.c"
0043da45,"InitSndTrack","undefined",3,60,SUCCESS,"InitSndTrack_0043da45.c"
0043da81,"CloseSndTrack","undefined",1,52,SUCCESS,"CloseSndTrack_0043da81.c"
0043dab5,"StopSndTrack","undefined",0,45,SUCCESS,"StopSndTrack_0043dab5.c"
0043dae2,"PlaySnd","undefined",2,69,SUCCESS,"PlaySnd_0043dae2.c"
0043db27,"PlaySndFile","undefined",3,73,SUCCESS,"PlaySndFile_0043db27.c"
0043db70,"StopSnd","undefined",1,65,SUCCESS,"StopSnd_0043db70.c"
0043dbb1,"PauseSnd","undefined",0,48,SUCCESS,"PauseSnd_0043dbb1.c"
0043dbe1,"ResumeSnd","undefined",2,69,SUCCESS,"ResumeSnd_0043dbe1.c"
0043dc26,"SetPitch","undefined",2,69,SUCCESS,"SetPitch_0043dc26.c"
0043dc6b,"GetPitch","undefined",2,69,SUCCESS,"GetPitch_0043dc6b.c"
0043dcb0,"SetVol","undefined",2,69,SUCCESS,"SetVol_0043dcb0.c"
0043dcf5,"GetVol","undefined",2,69,SUCCESS,"GetVol_0043dcf5.c"
0043dd3a,"SetPan","undefined",2,69,SUCCESS,"SetPan_0043dd3a.c"
0043dd7f,"GetPan","undefined",2,69,SUCCESS,"GetPan_0043dd7f.c"
0043ddc4,"UpdateSnd","undefined",0,58,SUCCESS,"UpdateSnd_0043ddc4.c"
0043ddfe,"SetSndMarker","undefined",2,69,SUCCESS,"SetSndMarker_0043ddfe.c"
0043de43,"PlaySndMarker","undefined",2,69,SUCCESS,"PlaySndMarker_0043de43.c"
0043de88,"GetSndTime","undefined",1,65,SUCCESS,"GetSndTime_0043de88.c"
0043dec9,"ResetSnd","undefined",2,69,SUCCESS,"ResetSnd_0043dec9.c"
0043df0e,"GetSndState","undefined",2,69,SUCCESS,"GetSndState_0043df0e.c"
0043df53,"GetAVISndBuff","undefined",2,66,SUCCESS,"GetAVISndBuff_0043df53.c"
0043df95,"ReleaseAVISndBuff","undefined",2,69,SUCCESS,"ReleaseAVISndBuff_0043df95.c"
0043dfda,"GetSndHWND","undefined",0,55,SUCCESS,"GetSndHWND_0043dfda.c"
0043e011,"IsSndLoaded","undefined",2,66,SUCCESS,"IsSndLoaded_0043e011.c"
0043e053,"GetLRUSnd","undefined",3,73,SUCCESS,"GetLRUSnd_0043e053.c"
0043e09c,"FUN_0043e09c","undefined",0,58,SUCCESS,"FUN_0043e09c_0043e09c.c"
0043e0e0,"Duel_ShowStartOfDuelDialog","undefined",9,538,SUCCESS,"Ai_AssignCombatDamage_0043e0e0.c"
0043e2fa,"Ai_DuelDialogProc","undefined",4,2163,SUCCESS,"Ai_DuelDialogProc_0043e2fa.c"
0043eb81,"Ai_LoadStartDuel2Backdrop","undefined",6,179,SUCCESS,"Ai_LoadStartDuel2Backdrop_0043eb81.c"
0043ec34,"FUN_0043ec34","undefined",3,77,SUCCESS,"FUN_0043ec34_0043ec34.c"
0043ec81,"Ai_StartDuelWndProc","undefined",4,3683,SUCCESS,"Ai_StartDuelWndProc_0043ec81.c"
0043faee,"Ai_LoadStartDuelBackdrop","undefined",7,224,SUCCESS,"Ai_LoadStartDuelBackdrop_0043faee.c"
0043fbce,"FUN_0043fbce","undefined",4,99,SUCCESS,"FUN_0043fbce_0043fbce.c"
0043fc31,"Ai_Subsystem_004ae779","undefined",1,298,SUCCESS,"Ai_Subsystem_004ae779_0043fc31.c"
0043fd5b,"Ai_Subsystem_004ae8a3","undefined",5,241,SUCCESS,"Ai_Subsystem_004ae8a3_0043fd5b.c"
0043fe4c,"Ai_DuelMainWndProc","undefined",4,2918,SUCCESS,"Ai_DuelMainWndProc_0043fe4c.c"
004409b7,"Ai_LoadEndDuelBackdrop","undefined",8,229,SUCCESS,"Ai_LoadEndDuelBackdrop_004409b7.c"
00440a9c,"FUN_00440a9c","undefined",4,93,SUCCESS,"FUN_00440a9c_00440a9c.c"
00440af9,"FUN_00440af9","undefined",2,293,SUCCESS,"FUN_00440af9_00440af9.c"
00440c1e,"FUN_00440c1e","undefined",11,737,SUCCESS,"FUN_00440c1e_00440c1e.c"
00440eff,"FUN_00440eff","undefined",0,35,SUCCESS,"FUN_00440eff_00440eff.c"
00440f22,"Ai_ScoreCardPlay_004afa69","undefined",6,445,SUCCESS,"Ai_ScoreCardPlay_004afa69_00440f22.c"
004410df,"Ai_ScoreCardPlay_004afc26","undefined",4,4321,SUCCESS,"Ai_ScoreCardPlay_004afc26_004410df.c"
004421e2,"FUN_004421e2","undefined",6,237,SUCCESS,"FUN_004421e2_004421e2.c"
004422cf,"FUN_004422cf","undefined",5,111,SUCCESS,"FUN_004422cf_004422cf.c"
0044233e,"UI_WndProc_0044233e","undefined",4,1024,SUCCESS,"UI_WndProc_0044233e_0044233e.c"
0044274a,"Mem_AllocOrFree_0044274a","undefined",0,19,SUCCESS,"Mem_AllocOrFree_0044274a_0044274a.c"
00442839,"FUN_00442839","undefined",3,137,SUCCESS,"FUN_00442839_00442839.c"
004428c2,"Mem_AllocOrFree_004428c2","undefined",0,16,SUCCESS,"Mem_AllocOrFree_004428c2_004428c2.c"
004428d2,"FUN_004428d2","undefined",6,452,SUCCESS,"FUN_004428d2_004428d2.c"
00442a9b,"UI_DialogProc_00442a9b","undefined",4,924,SUCCESS,"UI_DialogProc_00442a9b_00442a9b.c"
00442e3c,"FUN_00442e3c","undefined",3,87,SUCCESS,"FUN_00442e3c_00442e3c.c"
00442e98,"UI_DialogProc_00442e98","undefined",4,355,SUCCESS,"UI_DialogProc_00442e98_00442e98.c"
00443000,"FUN_00443000","undefined",3,94,SUCCESS,"FUN_00443000_00443000.c"
00443063,"UI_DialogProc_00443063","undefined",4,1344,SUCCESS,"UI_DialogProc_00443063_00443063.c"
004435ad,"FUN_004435ad","undefined",4,148,SUCCESS,"FUN_004435ad_004435ad.c"
0044364b,"Ai_Subsystem_004b2183","undefined",7,220,SUCCESS,"Ai_Subsystem_004b2183_0044364b.c"
00443727,"FUN_00443727","undefined",4,93,SUCCESS,"FUN_00443727_00443727.c"
00443784,"FUN_00443784","undefined",5,698,SUCCESS,"FUN_00443784_00443784.c"
00443a43,"Ai_Subsystem_004b257c","undefined",4,3381,SUCCESS,"Ai_Subsystem_004b257c_00443a43.c"
004447aa,"Ai_CalcManaRequirement_004b32d1","undefined",10,549,SUCCESS,"Ai_CalcManaRequirement_004b32d1_004447aa.c"
004449cf,"FUN_004449cf","undefined",6,182,SUCCESS,"FUN_004449cf_004449cf.c"
00444a85,"FUN_00444a85","undefined",3,451,SUCCESS,"FUN_00444a85_00444a85.c"
00444c48,"FUN_00444c48","undefined",5,193,SUCCESS,"FUN_00444c48_00444c48.c"
00444d18,"Ai_Subsystem_004b3847","undefined",4,2369,SUCCESS,"Ai_Subsystem_004b3847_00444d18.c"
0044565e,"Ai_Subsystem_004b4197","undefined",7,220,SUCCESS,"Ai_Subsystem_004b4197_0044565e.c"
0044573a,"FUN_0044573a","undefined",4,93,SUCCESS,"FUN_0044573a_0044573a.c"
00445797,"Mem_AllocOrFree_00445797","undefined",0,11,SUCCESS,"Mem_AllocOrFree_00445797_00445797.c"
004457a2,"FUN_004457a2","undefined",0,1891,SUCCESS,"FUN_004457a2_004457a2.c"
00445f05,"Duel_RefreshAllWindows","undefined",2,2404,SUCCESS,"Ai_EvalAttackCandidate_004b4a3f_00445f05.c"
00446869,"Mem_AllocOrFree_00446869","undefined",0,37,SUCCESS,"Mem_AllocOrFree_00446869_00446869.c"
0044688e,"FUN_0044688e","undefined",0,39,SUCCESS,"FUN_0044688e_0044688e.c"
004468b5,"FUN_004468b5","undefined",0,64,SUCCESS,"FUN_004468b5_004468b5.c"
004468f5,"Mem_AllocOrFree_004468f5","undefined",0,16,SUCCESS,"Mem_AllocOrFree_004468f5_004468f5.c"
00446905,"Mem_AllocOrFree_00446905","undefined",0,16,SUCCESS,"Mem_AllocOrFree_00446905_00446905.c"
00446915,"Ai_Subsystem_004b544d","undefined",0,180,SUCCESS,"Ai_Subsystem_004b544d_00446915.c"
004469c9,"FUN_004469c9","undefined",1,62,SUCCESS,"FUN_004469c9_004469c9.c"
00446a07,"FUN_00446a07","undefined",1,527,SUCCESS,"FUN_00446a07_00446a07.c"
00446c16,"FUN_00446c16","undefined",6,252,SUCCESS,"FUN_00446c16_00446c16.c"
00446d17,"FUN_00446d17","undefined",0,139,SUCCESS,"FUN_00446d17_00446d17.c"
00446da2,"FUN_00446da2","undefined",1,64,SUCCESS,"FUN_00446da2_00446da2.c"
00446de2,"FUN_00446de2","undefined",2,78,SUCCESS,"FUN_00446de2_00446de2.c"
00446e30,"FUN_00446e30","undefined",2,114,SUCCESS,"FUN_00446e30_00446e30.c"
00446ea2,"FUN_00446ea2","undefined",2,109,SUCCESS,"FUN_00446ea2_00446ea2.c"
00446f0f,"FUN_00446f0f","undefined",2,114,SUCCESS,"FUN_00446f0f_00446f0f.c"
00446f81,"FUN_00446f81","undefined",5,183,SUCCESS,"FUN_00446f81_00446f81.c"
00447038,"FUN_00447038","undefined",2,110,SUCCESS,"FUN_00447038_00447038.c"
004470a6,"FUN_004470a6","undefined",2,110,SUCCESS,"FUN_004470a6_004470a6.c"
00447114,"FUN_00447114","undefined",2,112,SUCCESS,"FUN_00447114_00447114.c"
00447184,"FUN_00447184","undefined",2,110,SUCCESS,"FUN_00447184_00447184.c"
004471f7,"FUN_004471f7","undefined",2,182,SUCCESS,"FUN_004471f7_004471f7.c"
004472ad,"FUN_004472ad","undefined",2,400,SUCCESS,"FUN_004472ad_004472ad.c"
0044743d,"FUN_0044743d","undefined",3,175,SUCCESS,"FUN_0044743d_0044743d.c"
004474ec,"FUN_004474ec","undefined",3,280,SUCCESS,"FUN_004474ec_004474ec.c"
00447604,"FUN_00447604","undefined",2,108,SUCCESS,"FUN_00447604_00447604.c"
00447675,"FUN_00447675","undefined",2,110,SUCCESS,"FUN_00447675_00447675.c"
004476e3,"FUN_004476e3","undefined",2,110,SUCCESS,"FUN_004476e3_004476e3.c"
00447751,"FUN_00447751","undefined",2,206,SUCCESS,"FUN_00447751_00447751.c"
0044781f,"FUN_0044781f","undefined",2,110,SUCCESS,"FUN_0044781f_0044781f.c"
0044788d,"FUN_0044788d","undefined",2,110,SUCCESS,"FUN_0044788d_0044788d.c"
004478fb,"FUN_004478fb","undefined",2,109,SUCCESS,"FUN_004478fb_004478fb.c"
00447968,"FUN_00447968","undefined",2,109,SUCCESS,"FUN_00447968_00447968.c"
004479d5,"FUN_004479d5","undefined",4,161,SUCCESS,"FUN_004479d5_004479d5.c"
00447a76,"Mem_AllocOrFree_00447a76","undefined",0,18,SUCCESS,"Mem_AllocOrFree_00447a76_00447a76.c"
00447a88,"FUN_00447a88","undefined",2,100,SUCCESS,"FUN_00447a88_00447a88.c"
00447aec,"FUN_00447aec","undefined",2,115,SUCCESS,"FUN_00447aec_00447aec.c"
00447b5f,"FUN_00447b5f","undefined",2,168,SUCCESS,"FUN_00447b5f_00447b5f.c"
00447c07,"FUN_00447c07","undefined",2,109,SUCCESS,"FUN_00447c07_00447c07.c"
00447c74,"FUN_00447c74","undefined",2,132,SUCCESS,"FUN_00447c74_00447c74.c"
00447cf8,"FUN_00447cf8","undefined",2,132,SUCCESS,"FUN_00447cf8_00447cf8.c"
00447d7c,"FUN_00447d7c","undefined",3,263,SUCCESS,"FUN_00447d7c_00447d7c.c"
00447e83,"Ai_Subsystem_004b69ba","undefined",3,494,SUCCESS,"Ai_Subsystem_004b69ba_00447e83.c"
00448071,"FUN_00448071","undefined",3,179,SUCCESS,"FUN_00448071_00448071.c"
00448124,"FUN_00448124","undefined",2,109,SUCCESS,"FUN_00448124_00448124.c"
00448191,"FUN_00448191","undefined",2,109,SUCCESS,"FUN_00448191_00448191.c"
004481fe,"FUN_004481fe","undefined",2,112,SUCCESS,"FUN_004481fe_004481fe.c"
0044826e,"FUN_0044826e","undefined",3,150,SUCCESS,"FUN_0044826e_0044826e.c"
00448304,"FUN_00448304","undefined",2,112,SUCCESS,"FUN_00448304_00448304.c"
00448374,"FUN_00448374","undefined",2,110,SUCCESS,"FUN_00448374_00448374.c"
004483e2,"Mem_AllocOrFree_004483e2","undefined",1,48,SUCCESS,"Mem_AllocOrFree_004483e2_004483e2.c"
00448412,"FUN_00448412","undefined",1,93,SUCCESS,"FUN_00448412_00448412.c"
0044846f,"FUN_0044846f","undefined",1,102,SUCCESS,"FUN_0044846f_0044846f.c"
004484d5,"FUN_004484d5","undefined",1,102,SUCCESS,"FUN_004484d5_004484d5.c"
0044853b,"FUN_0044853b","undefined",2,140,SUCCESS,"FUN_0044853b_0044853b.c"
004485c7,"FUN_004485c7","undefined",3,140,SUCCESS,"FUN_004485c7_004485c7.c"
00448653,"FUN_00448653","undefined",2,163,SUCCESS,"FUN_00448653_00448653.c"
004486f6,"FUN_004486f6","undefined",2,163,SUCCESS,"FUN_004486f6_004486f6.c"
00448799,"FUN_00448799","undefined",2,163,SUCCESS,"FUN_00448799_00448799.c"
0044883c,"FUN_0044883c","undefined",1,91,SUCCESS,"FUN_0044883c_0044883c.c"
00448897,"FUN_00448897","undefined",4,227,SUCCESS,"FUN_00448897_00448897.c"
0044897a,"FUN_0044897a","undefined",2,73,SUCCESS,"FUN_0044897a_0044897a.c"
004489c3,"FUN_004489c3","undefined",2,117,SUCCESS,"FUN_004489c3_004489c3.c"
00448a38,"FUN_00448a38","undefined",1,53,SUCCESS,"FUN_00448a38_00448a38.c"
00448a6d,"FUN_00448a6d","undefined",0,52,SUCCESS,"FUN_00448a6d_00448a6d.c"
00448aa1,"FUN_00448aa1","undefined",1,81,SUCCESS,"FUN_00448aa1_00448aa1.c"
00448af2,"FUN_00448af2","undefined",0,52,SUCCESS,"FUN_00448af2_00448af2.c"
00448b26,"FUN_00448b26","undefined",2,73,SUCCESS,"FUN_00448b26_00448b26.c"
00448b6f,"FUN_00448b6f","undefined",4,423,SUCCESS,"FUN_00448b6f_00448b6f.c"
00448d16,"FUN_00448d16","undefined",2,74,SUCCESS,"FUN_00448d16_00448d16.c"
00448d60,"Ai_CalcManaRequirement_004b7897","undefined",4,1177,SUCCESS,"Ai_CalcManaRequirement_004b7897_00448d60.c"
004491fe,"FUN_004491fe","undefined",1,175,SUCCESS,"FUN_004491fe_004491fe.c"
004492ad,"Ai_Subsystem_004b7de8","undefined",4,1276,SUCCESS,"Ai_Subsystem_004b7de8_004492ad.c"
004497ae,"FUN_004497ae","undefined",2,36,SUCCESS,"FUN_004497ae_004497ae.c"
004497d2,"FUN_004497d2","undefined",1,31,SUCCESS,"FUN_004497d2_004497d2.c"
004497f1,"FUN_004497f1","undefined",7,234,SUCCESS,"FUN_004497f1_004497f1.c"
004498e5,"Ai_Subsystem_004b8421","undefined",4,2209,SUCCESS,"Ai_Subsystem_004b8421_004498e5.c"
0044a18b,"Ai_Subsystem_004b8cc3","undefined",7,220,SUCCESS,"Ai_Subsystem_004b8cc3_0044a18b.c"
0044a267,"FUN_0044a267","undefined",4,93,SUCCESS,"FUN_0044a267_0044a267.c"
0044a2c4,"FUN_0044a2c4","undefined",2,80,SUCCESS,"FUN_0044a2c4_0044a2c4.c"
0044a314,"Ai_Subsystem_004b8e4d","undefined",2,656,SUCCESS,"Ai_Subsystem_004b8e4d_0044a314.c"
0044a5a4,"FUN_0044a5a4","undefined",2,60,SUCCESS,"FUN_0044a5a4_0044a5a4.c"
0044a5e0,"UI_Register_WINBK_ManaPool_004b9120","undefined",1,238,SUCCESS,"UI_Register_WINBK_ManaPool_004b9120_0044a5e0.c"
0044a6ce,"FUN_0044a6ce","undefined",0,118,SUCCESS,"FUN_0044a6ce_0044a6ce.c"
0044a744,"Ai_CalcManaRequirement_004b9284","undefined",4,5167,SUCCESS,"Ai_CalcManaRequirement_004b9284_0044a744.c"
0044bb84,"FUN_0044bb84","undefined",3,475,SUCCESS,"FUN_0044bb84_0044bb84.c"
0044bd60,"UI_CreateWindow_0044bd60","undefined",1,132,SUCCESS,"UI_CreateWindow_0044bd60_0044bd60.c"
0044bde4,"UI_WndProc_0044bde4","undefined",4,1003,SUCCESS,"UI_WndProc_0044bde4_0044bde4.c"
0044c1e0,"FUN_0044c1e0","undefined",3,535,SUCCESS,"FUN_0044c1e0_0044c1e0.c"
0044c3f7,"FUN_0044c3f7","undefined",2,131,SUCCESS,"FUN_0044c3f7_0044c3f7.c"
0044c47a,"FUN_0044c47a","undefined",1,486,SUCCESS,"FUN_0044c47a_0044c47a.c"
0044c660,"FUN_0044c660","undefined",1,220,SUCCESS,"FUN_0044c660_0044c660.c"
0044c73c,"FUN_0044c73c","undefined",7,240,SUCCESS,"FUN_0044c73c_0044c73c.c"
0044c82c,"FUN_0044c82c","undefined",2,196,SUCCESS,"FUN_0044c82c_0044c82c.c"
0044c8f0,"FUN_0044c8f0","undefined",2,275,SUCCESS,"FUN_0044c8f0_0044c8f0.c"
0044ca03,"FUN_0044ca03","undefined",1,77,SUCCESS,"FUN_0044ca03_0044ca03.c"
0044ca50,"FUN_0044ca50","undefined",3,95,SUCCESS,"FUN_0044ca50_0044ca50.c"
0044caaf,"FUN_0044caaf","undefined",1,72,SUCCESS,"FUN_0044caaf_0044caaf.c"
0044cb00,"Pic_Load_004248b0","undefined",1,248,SUCCESS,"Pic_Load_004248b0_0044cb00.c"
0044cbf8,"FUN_0044cbf8","undefined",0,118,SUCCESS,"FUN_0044cbf8_0044cbf8.c"
0044cc6e,"Pic_Load_00424a1e","undefined",1,209,SUCCESS,"Pic_Load_00424a1e_0044cc6e.c"
0044cd3f,"Mem_AllocOrFree_0044cd3f","undefined",0,48,SUCCESS,"Mem_AllocOrFree_0044cd3f_0044cd3f.c"
0044cd6f,"Pic_Load_00424b1f","undefined",4,4970,SUCCESS,"Pic_Load_00424b1f_0044cd6f.c"
0044e141,"FUN_0044e141","undefined",4,1004,SUCCESS,"FUN_0044e141_0044e141.c"
0044e52d,"FUN_0044e52d","undefined",5,585,SUCCESS,"FUN_0044e52d_0044e52d.c"
0044e776,"FUN_0044e776","undefined",2,685,SUCCESS,"FUN_0044e776_0044e776.c"
0044ea23,"Pic_Load_004267c5","undefined",4,4223,SUCCESS,"Pic_Load_004267c5_0044ea23.c"
0044fab8,"FUN_0044fab8","undefined",3,445,SUCCESS,"FUN_0044fab8_0044fab8.c"
0044fc75,"FUN_0044fc75","undefined",4,449,SUCCESS,"FUN_0044fc75_0044fc75.c"
0044fe36,"FUN_0044fe36","undefined",2,619,SUCCESS,"FUN_0044fe36_0044fe36.c"
004500a1,"Pic_Draw_00427e36","undefined",3,563,SUCCESS,"Pic_Draw_00427e36_004500a1.c"
0045033a,"Mem_AllocOrFree_0045033a","undefined",0,19,SUCCESS,"Mem_AllocOrFree_0045033a_0045033a.c"
00450590,"FUN_00450590","undefined",2,52,SUCCESS,"FUN_00450590_00450590.c"
004505c4,"Mem_AllocOrFree_004505c4","undefined",2,47,SUCCESS,"Mem_AllocOrFree_004505c4_004505c4.c"
004505f3,"FUN_004505f3","undefined",2,106,SUCCESS,"FUN_004505f3_004505f3.c"
00450667,"Mem_AllocOrFree_00450667","undefined",2,48,SUCCESS,"Mem_AllocOrFree_00450667_00450667.c"
00450697,"Mem_AllocOrFree_00450697","undefined",2,48,SUCCESS,"Mem_AllocOrFree_00450697_00450697.c"
004506c7,"Mem_AllocOrFree_004506c7","undefined",2,47,SUCCESS,"Mem_AllocOrFree_004506c7_004506c7.c"
004506f6,"Mem_AllocOrFree_004506f6","undefined",2,47,SUCCESS,"Mem_AllocOrFree_004506f6_004506f6.c"
00450725,"FUN_00450725","undefined",2,106,SUCCESS,"FUN_00450725_00450725.c"
00450799,"CardTypeFromID","undefined",1,137,SUCCESS,"CardTypeFromID_00450799.c"
00450827,"CardIDFromType","undefined",1,61,SUCCESS,"CardIDFromType_00450827.c"
00450869,"CardInDeck","undefined",1,44,SUCCESS,"CardInDeck_00450869.c"
0045089a,"SetCardInDeck","undefined",2,54,SUCCESS,"SetCardInDeck_0045089a.c"
004508d0,"FUN_004508d0","undefined",2,66,SUCCESS,"FUN_004508d0_004508d0.c"
00450917,"FUN_00450917","undefined",2,283,SUCCESS,"FUN_00450917_00450917.c"
00450a32,"FUN_00450a32","undefined",2,94,SUCCESS,"FUN_00450a32_00450a32.c"
00450a90,"FUN_00450a90","undefined",3,131,SUCCESS,"FUN_00450a90_00450a90.c"
00450b13,"FUN_00450b13","undefined",2,111,SUCCESS,"FUN_00450b13_00450b13.c"
00450b87,"Mem_AllocOrFree_00450b87","undefined",2,48,SUCCESS,"Mem_AllocOrFree_00450b87_00450b87.c"
00450bb7,"Mem_AllocOrFree_00450bb7","undefined",2,48,SUCCESS,"Mem_AllocOrFree_00450bb7_00450bb7.c"
00450be7,"FUN_00450be7","undefined",2,92,SUCCESS,"FUN_00450be7_00450be7.c"
00450c48,"Mem_AllocOrFree_00450c48","undefined",2,48,SUCCESS,"Mem_AllocOrFree_00450c48_00450c48.c"
00450c78,"Mem_AllocOrFree_00450c78","undefined",2,48,SUCCESS,"Mem_AllocOrFree_00450c78_00450c78.c"
00450ca8,"Ai_Subsystem_004cc1e8","undefined",2,110,SUCCESS,"Ai_Subsystem_004cc1e8_00450ca8.c"
00450d1b,"FUN_00450d1b","undefined",2,108,SUCCESS,"FUN_00450d1b_00450d1b.c"
00450d8c,"FUN_00450d8c","undefined",2,108,SUCCESS,"FUN_00450d8c_00450d8c.c"
00450dfd,"FUN_00450dfd","undefined",3,135,SUCCESS,"FUN_00450dfd_00450dfd.c"
00450e84,"FUN_00450e84","undefined",2,52,SUCCESS,"FUN_00450e84_00450e84.c"
00450eb8,"FUN_00450eb8","undefined",4,53,SUCCESS,"FUN_00450eb8_00450eb8.c"
00450eed,"Mem_AllocOrFree_00450eed","undefined",1,40,SUCCESS,"Mem_AllocOrFree_00450eed_00450eed.c"
00450f15,"FUN_00450f15","undefined",5,69,SUCCESS,"FUN_00450f15_00450f15.c"
00450f5a,"FUN_00450f5a","undefined",6,71,SUCCESS,"FUN_00450f5a_00450f5a.c"
00450fa1,"Mem_AllocOrFree_00450fa1","undefined",1,41,SUCCESS,"Mem_AllocOrFree_00450fa1_00450fa1.c"
00450fca,"FUN_00450fca","undefined",4,99,SUCCESS,"FUN_00450fca_00450fca.c"
0045102d,"Ai_Subsystem_004cc56d","undefined",7,592,SUCCESS,"Ai_Subsystem_004cc56d_0045102d.c"
00451282,"FUN_00451282","undefined",2,79,SUCCESS,"FUN_00451282_00451282.c"
004512d1,"FUN_004512d1","undefined",6,107,SUCCESS,"FUN_004512d1_004512d1.c"
0045133c,"FUN_0045133c","undefined",3,95,SUCCESS,"FUN_0045133c_0045133c.c"
0045139b,"FUN_0045139b","undefined",3,95,SUCCESS,"FUN_0045139b_0045139b.c"
004513fa,"FUN_004513fa","undefined",5,65,SUCCESS,"FUN_004513fa_004513fa.c"
0045143b,"FUN_0045143b","undefined",1,71,SUCCESS,"FUN_0045143b_0045143b.c"
00451482,"FUN_00451482","undefined",2,734,SUCCESS,"FUN_00451482_00451482.c"
00451760,"FUN_00451760","undefined",0,565,SUCCESS,"FUN_00451760_00451760.c"
00451995,"FUN_00451995","undefined",0,631,SUCCESS,"FUN_00451995_00451995.c"
00451c0c,"FUN_00451c0c","undefined",1,73,SUCCESS,"FUN_00451c0c_00451c0c.c"
00451c55,"FUN_00451c55","undefined",0,57,SUCCESS,"FUN_00451c55_00451c55.c"
00451c8e,"FUN_00451c8e","undefined",0,61,SUCCESS,"FUN_00451c8e_00451c8e.c"
00451ccb,"Ai_Subsystem_004cd20e","undefined",0,372,SUCCESS,"Ai_Subsystem_004cd20e_00451ccb.c"
00451e58,"FUN_00451e58","undefined",0,592,SUCCESS,"FUN_00451e58_00451e58.c"
004520a8,"Glue_Timer_004cd63b","undefined",0,171,SUCCESS,"Glue_Timer_004cd63b_004520a8.c"
00452153,"FUN_00452153","undefined",0,50,SUCCESS,"FUN_00452153_00452153.c"
00452185,"Mem_AllocOrFree_00452185","undefined",0,21,SUCCESS,"Mem_AllocOrFree_00452185_00452185.c"
0045219a,"FUN_0045219a","undefined",0,53,SUCCESS,"FUN_0045219a_0045219a.c"
004521d0,"Card_DefaultEventHandler","undefined",0,18,SUCCESS,"Mem_AllocOrFree_004521d0_004521d0.c"
004521e2,"Card_GetColorAndTypeFlags","undefined",2,645,SUCCESS,"FUN_004521e2_004521e2.c"
0045247b,"Glue_Subsystem_004d0cdb","undefined",3,959,SUCCESS,"Glue_Subsystem_004d0cdb_0045247b.c"
0045283a,"Glue_Subsystem_004d109a","undefined",3,3108,SUCCESS,"Glue_Subsystem_004d109a_0045283a.c"
00453463,"Palette_Subsystem_004a9137","undefined",3,332,SUCCESS,"Palette_Subsystem_004a9137_00453463.c"
004535af,"FUN_004535af","undefined",3,796,SUCCESS,"FUN_004535af_004535af.c"
004538cb,"Glue_Subsystem_004d212c","undefined",3,1247,SUCCESS,"Glue_Subsystem_004d212c_004538cb.c"
00453daf,"Glue_Subsystem_004d2610","undefined",3,970,SUCCESS,"Glue_Subsystem_004d2610_00453daf.c"
00454179,"Glue_Subsystem_004d29da","undefined",3,573,SUCCESS,"Glue_Subsystem_004d29da_00454179.c"
004543b6,"Glue_Subsystem_004d2c17","undefined",3,273,SUCCESS,"Glue_Subsystem_004d2c17_004543b6.c"
004544c7,"FUN_004544c7","undefined",2,258,SUCCESS,"FUN_004544c7_004544c7.c"
004545c9,"FUN_004545c9","undefined",2,322,SUCCESS,"FUN_004545c9_004545c9.c"
0045470b,"FUN_0045470b","undefined",2,322,SUCCESS,"FUN_0045470b_0045470b.c"
0045484d,"FUN_0045484d","undefined",3,150,SUCCESS,"FUN_0045484d_0045484d.c"
004548e3,"FUN_004548e3","undefined",3,101,SUCCESS,"FUN_004548e3_004548e3.c"
00454948,"FUN_00454948","undefined",3,128,SUCCESS,"FUN_00454948_00454948.c"
004549c8,"FUN_004549c8","undefined",3,99,SUCCESS,"FUN_004549c8_004549c8.c"
00454a2b,"FUN_00454a2b","undefined",3,158,SUCCESS,"FUN_00454a2b_00454a2b.c"
00454ac9,"FUN_00454ac9","undefined",3,531,SUCCESS,"FUN_00454ac9_00454ac9.c"
00454cdc,"FUN_00454cdc","undefined",3,528,SUCCESS,"FUN_00454cdc_00454cdc.c"
00454eec,"FUN_00454eec","undefined",3,528,SUCCESS,"FUN_00454eec_00454eec.c"
004550fc,"FUN_004550fc","undefined",3,960,SUCCESS,"FUN_004550fc_004550fc.c"
004554bc,"FUN_004554bc","undefined",3,101,SUCCESS,"FUN_004554bc_004554bc.c"
00455521,"FUN_00455521","undefined",3,125,SUCCESS,"FUN_00455521_00455521.c"
0045559e,"FUN_0045559e","undefined",3,418,SUCCESS,"FUN_0045559e_0045559e.c"
00455740,"FUN_00455740","undefined",3,248,SUCCESS,"FUN_00455740_00455740.c"
00455838,"FUN_00455838","undefined",3,373,SUCCESS,"FUN_00455838_00455838.c"
004559ad,"Glue_Subsystem_004d420e","undefined",3,1364,SUCCESS,"Glue_Subsystem_004d420e_004559ad.c"
00455f01,"Glue_Subsystem_004d4762","undefined",3,1468,SUCCESS,"Glue_Subsystem_004d4762_00455f01.c"
004564bd,"FUN_004564bd","undefined",3,596,SUCCESS,"FUN_004564bd_004564bd.c"
00456711,"FUN_00456711","undefined",3,1715,SUCCESS,"FUN_00456711_00456711.c"
00456dc4,"FUN_00456dc4","undefined",3,1528,SUCCESS,"FUN_00456dc4_00456dc4.c"
004573bc,"FUN_004573bc","undefined",3,1907,SUCCESS,"FUN_004573bc_004573bc.c"
00457b2f,"FUN_00457b2f","undefined",2,111,SUCCESS,"FUN_00457b2f_00457b2f.c"
00457b9e,"FUN_00457b9e","undefined",3,773,SUCCESS,"FUN_00457b9e_00457b9e.c"
00457ea3,"FUN_00457ea3","undefined",3,313,SUCCESS,"FUN_00457ea3_00457ea3.c"
00457fdc,"FUN_00457fdc","undefined",3,661,SUCCESS,"FUN_00457fdc_00457fdc.c"
00458271,"FUN_00458271","undefined",3,367,SUCCESS,"FUN_00458271_00458271.c"
004583e0,"FUN_004583e0","undefined",3,319,SUCCESS,"FUN_004583e0_004583e0.c"
0045851f,"FUN_0045851f","undefined",3,247,SUCCESS,"FUN_0045851f_0045851f.c"
00458616,"FUN_00458616","undefined",3,492,SUCCESS,"FUN_00458616_00458616.c"
00458802,"Glue_Subsystem_004d7065","undefined",3,1727,SUCCESS,"Glue_Subsystem_004d7065_00458802.c"
00458ec1,"FUN_00458ec1","undefined",3,87,SUCCESS,"FUN_00458ec1_00458ec1.c"
00458f18,"FUN_00458f18","undefined",3,274,SUCCESS,"FUN_00458f18_00458f18.c"
0045902a,"FUN_0045902a","undefined",3,69,SUCCESS,"FUN_0045902a_0045902a.c"
0045906f,"FUN_0045906f","undefined",3,212,SUCCESS,"FUN_0045906f_0045906f.c"
00459143,"FUN_00459143","undefined",3,117,SUCCESS,"FUN_00459143_00459143.c"
004591b8,"Glue_Subsystem_004d7a1b","undefined",3,333,SUCCESS,"Glue_Subsystem_004d7a1b_004591b8.c"
00459305,"FUN_00459305","undefined",3,77,SUCCESS,"FUN_00459305_00459305.c"
00459352,"Glue_Subsystem_004d7bb5","undefined",3,171,SUCCESS,"Glue_Subsystem_004d7bb5_00459352.c"
004593fd,"FUN_004593fd","undefined",5,560,SUCCESS,"FUN_004593fd_004593fd.c"
0045962d,"FUN_0045962d","undefined",2,579,SUCCESS,"FUN_0045962d_0045962d.c"
00459870,"FUN_00459870","undefined",3,168,SUCCESS,"FUN_00459870_00459870.c"
00459918,"FUN_00459918","undefined",3,1616,SUCCESS,"FUN_00459918_00459918.c"
00459f68,"FUN_00459f68","undefined",3,1665,SUCCESS,"FUN_00459f68_00459f68.c"
0045a5e9,"FUN_0045a5e9","undefined",3,1685,SUCCESS,"FUN_0045a5e9_0045a5e9.c"
0045ac7e,"FUN_0045ac7e","undefined",3,1564,SUCCESS,"FUN_0045ac7e_0045ac7e.c"
0045b29a,"Glue_Subsystem_004d9afd","undefined",3,1153,SUCCESS,"Glue_Subsystem_004d9afd_0045b29a.c"
0045b71b,"Glue_Subsystem_004d9f7e","undefined",3,1284,SUCCESS,"Glue_Subsystem_004d9f7e_0045b71b.c"
0045bc1f,"Glue_Subsystem_004da482","undefined",3,982,SUCCESS,"Glue_Subsystem_004da482_0045bc1f.c"
0045bff5,"Glue_Subsystem_004da858","undefined",3,504,SUCCESS,"Glue_Subsystem_004da858_0045bff5.c"
0045c1ed,"Glue_Subsystem_004daa50","undefined",3,449,SUCCESS,"Glue_Subsystem_004daa50_0045c1ed.c"
0045c3ae,"Glue_Subsystem_004dac11","undefined",3,613,SUCCESS,"Glue_Subsystem_004dac11_0045c3ae.c"
0045c613,"FUN_0045c613","undefined",4,430,SUCCESS,"FUN_0045c613_0045c613.c"
0045c7c1,"Glue_Subsystem_004db024","undefined",3,989,SUCCESS,"Glue_Subsystem_004db024_0045c7c1.c"
0045cb9e,"FUN_0045cb9e","undefined",3,1222,SUCCESS,"FUN_0045cb9e_0045cb9e.c"
0045d064,"FUN_0045d064","undefined",3,339,SUCCESS,"FUN_0045d064_0045d064.c"
0045d1b7,"Glue_Subsystem_004dba1c","undefined",3,1469,SUCCESS,"Glue_Subsystem_004dba1c_0045d1b7.c"
0045d774,"FUN_0045d774","undefined",3,746,SUCCESS,"FUN_0045d774_0045d774.c"
0045da63,"Glue_Subsystem_004dc2ca","undefined",3,1021,SUCCESS,"Glue_Subsystem_004dc2ca_0045da63.c"
0045de60,"Glue_Subsystem_004dc6c7","undefined",3,806,SUCCESS,"Glue_Subsystem_004dc6c7_0045de60.c"
0045e186,"Glue_Subsystem_004dc9ed","undefined",3,1124,SUCCESS,"Glue_Subsystem_004dc9ed_0045e186.c"
0045e5ea,"Glue_Subsystem_004dce51","undefined",3,1258,SUCCESS,"Glue_Subsystem_004dce51_0045e5ea.c"
0045ead4,"FUN_0045ead4","undefined",3,753,SUCCESS,"FUN_0045ead4_0045ead4.c"
0045edca,"Glue_Subsystem_004dd632","undefined",3,861,SUCCESS,"Glue_Subsystem_004dd632_0045edca.c"
0045f127,"FUN_0045f127","undefined",3,869,SUCCESS,"FUN_0045f127_0045f127.c"
0045f48c,"FUN_0045f48c","undefined",3,344,SUCCESS,"FUN_0045f48c_0045f48c.c"
0045f5e4,"FUN_0045f5e4","undefined",3,168,SUCCESS,"FUN_0045f5e4_0045f5e4.c"
0045f68c,"FUN_0045f68c","undefined",2,81,SUCCESS,"FUN_0045f68c_0045f68c.c"
0045f6dd,"FUN_0045f6dd","undefined",3,77,SUCCESS,"FUN_0045f6dd_0045f6dd.c"
0045f72a,"FUN_0045f72a","undefined",3,199,SUCCESS,"FUN_0045f72a_0045f72a.c"
0045f7f1,"FUN_0045f7f1","undefined",3,84,SUCCESS,"FUN_0045f7f1_0045f7f1.c"
0045f845,"FUN_0045f845","undefined",3,77,SUCCESS,"FUN_0045f845_0045f845.c"
0045f892,"FUN_0045f892","undefined",3,192,SUCCESS,"FUN_0045f892_0045f892.c"
0045f952,"Glue_Subsystem_004de1c0","undefined",3,414,SUCCESS,"Glue_Subsystem_004de1c0_0045f952.c"
0045faf0,"FUN_0045faf0","undefined",3,308,SUCCESS,"FUN_0045faf0_0045faf0.c"
0045fc24,"FUN_0045fc24","undefined",3,939,SUCCESS,"FUN_0045fc24_0045fc24.c"
0045ffcf,"FUN_0045ffcf","undefined",3,967,SUCCESS,"FUN_0045ffcf_0045ffcf.c"
00460396,"Glue_Subsystem_004dec09","undefined",3,610,SUCCESS,"Glue_Subsystem_004dec09_00460396.c"
004605f8,"Glue_Subsystem_004dee6b","undefined",3,343,SUCCESS,"Glue_Subsystem_004dee6b_004605f8.c"
0046074f,"FUN_0046074f","undefined",3,136,SUCCESS,"FUN_0046074f_0046074f.c"
004607d7,"Glue_Subsystem_004df04a","undefined",3,450,SUCCESS,"Glue_Subsystem_004df04a_004607d7.c"
00460999,"FUN_00460999","undefined",3,264,SUCCESS,"FUN_00460999_00460999.c"
00460aa1,"Glue_Subsystem_004df314","undefined",3,868,SUCCESS,"Glue_Subsystem_004df314_00460aa1.c"
00460e05,"Glue_Subsystem_004df678","undefined",3,578,SUCCESS,"Glue_Subsystem_004df678_00460e05.c"
00461047,"FUN_00461047","undefined",2,612,SUCCESS,"FUN_00461047_00461047.c"
004612b0,"FUN_004612b0","undefined",4,529,SUCCESS,"FUN_004612b0_004612b0.c"
004614c6,"Glue_Subsystem_004dfd39","undefined",3,347,SUCCESS,"Glue_Subsystem_004dfd39_004614c6.c"
00461621,"FUN_00461621","undefined",3,244,SUCCESS,"FUN_00461621_00461621.c"
00461715,"FUN_00461715","undefined",3,175,SUCCESS,"FUN_00461715_00461715.c"
004617c4,"FUN_004617c4","undefined",3,176,SUCCESS,"FUN_004617c4_004617c4.c"
00461874,"Glue_Subsystem_004e00e7","undefined",3,718,SUCCESS,"Glue_Subsystem_004e00e7_00461874.c"
00461b42,"FUN_00461b42","undefined",3,265,SUCCESS,"FUN_00461b42_00461b42.c"
00461c4b,"FUN_00461c4b","undefined",3,194,SUCCESS,"FUN_00461c4b_00461c4b.c"
00461d0d,"FUN_00461d0d","undefined",3,565,SUCCESS,"FUN_00461d0d_00461d0d.c"
00461f42,"FUN_00461f42","undefined",3,247,SUCCESS,"FUN_00461f42_00461f42.c"
00462039,"FUN_00462039","undefined",3,175,SUCCESS,"FUN_00462039_00462039.c"
004620e8,"FUN_004620e8","undefined",3,348,SUCCESS,"FUN_004620e8_004620e8.c"
00462244,"Glue_Subsystem_004e0ab7","undefined",3,357,SUCCESS,"Glue_Subsystem_004e0ab7_00462244.c"
004623a9,"Glue_Subsystem_004e0c1c","undefined",3,580,SUCCESS,"Glue_Subsystem_004e0c1c_004623a9.c"
004625ed,"FUN_004625ed","undefined",3,368,SUCCESS,"FUN_004625ed_004625ed.c"
0046275d,"FUN_0046275d","undefined",3,382,SUCCESS,"FUN_0046275d_0046275d.c"
004628db,"FUN_004628db","undefined",3,385,SUCCESS,"FUN_004628db_004628db.c"
00462a5c,"FUN_00462a5c","undefined",3,1614,SUCCESS,"FUN_00462a5c_00462a5c.c"
004630aa,"FUN_004630aa","undefined",3,270,SUCCESS,"FUN_004630aa_004630aa.c"
004631b8,"FUN_004631b8","undefined",3,269,SUCCESS,"FUN_004631b8_004631b8.c"
004632c5,"Glue_Subsystem_004e1b38","undefined",3,340,SUCCESS,"Glue_Subsystem_004e1b38_004632c5.c"
00463419,"FUN_00463419","undefined",3,266,SUCCESS,"FUN_00463419_00463419.c"
00463523,"FUN_00463523","undefined",3,213,SUCCESS,"FUN_00463523_00463523.c"
004635f8,"FUN_004635f8","undefined",3,161,SUCCESS,"FUN_004635f8_004635f8.c"
00463699,"FUN_00463699","undefined",2,190,SUCCESS,"FUN_00463699_00463699.c"
00463757,"Glue_Subsystem_004e1fcb","undefined",3,310,SUCCESS,"Glue_Subsystem_004e1fcb_00463757.c"
0046388d,"FUN_0046388d","undefined",3,433,SUCCESS,"FUN_0046388d_0046388d.c"
00463a3e,"Glue_Subsystem_004e22b2","undefined",3,988,SUCCESS,"Glue_Subsystem_004e22b2_00463a3e.c"
00463e1a,"Glue_Subsystem_004e268e","undefined",3,435,SUCCESS,"Glue_Subsystem_004e268e_00463e1a.c"
00463fcd,"Glue_Subsystem_004e2841","undefined",3,856,SUCCESS,"Glue_Subsystem_004e2841_00463fcd.c"
00464325,"FUN_00464325","undefined",2,230,SUCCESS,"FUN_00464325_00464325.c"
0046440b,"Glue_Subsystem_004e2c7f","undefined",3,873,SUCCESS,"Glue_Subsystem_004e2c7f_0046440b.c"
00464774,"FUN_00464774","undefined",3,315,SUCCESS,"FUN_00464774_00464774.c"
004648af,"FUN_004648af","undefined",3,93,SUCCESS,"FUN_004648af_004648af.c"
0046490c,"FUN_0046490c","undefined",3,364,SUCCESS,"FUN_0046490c_0046490c.c"
00464a78,"Glue_Subsystem_004e32f3","undefined",3,497,SUCCESS,"Glue_Subsystem_004e32f3_00464a78.c"
00464c69,"FUN_00464c69","undefined",3,127,SUCCESS,"FUN_00464c69_00464c69.c"
00464ce8,"FUN_00464ce8","undefined",3,129,SUCCESS,"FUN_00464ce8_00464ce8.c"
00464d69,"FUN_00464d69","undefined",3,332,SUCCESS,"FUN_00464d69_00464d69.c"
00464eb5,"FUN_00464eb5","undefined",3,90,SUCCESS,"FUN_00464eb5_00464eb5.c"
00464f0f,"Glue_Subsystem_004e378b","undefined",3,970,SUCCESS,"Glue_Subsystem_004e378b_00464f0f.c"
004652d9,"Glue_Subsystem_004e3b55","undefined",3,753,SUCCESS,"Glue_Subsystem_004e3b55_004652d9.c"
004655ca,"Glue_Subsystem_004e3e46","undefined",3,766,SUCCESS,"Glue_Subsystem_004e3e46_004655ca.c"
004658c8,"FUN_004658c8","undefined",3,355,SUCCESS,"FUN_004658c8_004658c8.c"
00465a30,"FUN_00465a30","undefined",3,604,SUCCESS,"FUN_00465a30_00465a30.c"
00465c8c,"Pic_Load_0042a1c9","undefined",3,582,SUCCESS,"Pic_Load_0042a1c9_00465c8c.c"
00465ed2,"FUN_00465ed2","undefined",3,185,SUCCESS,"FUN_00465ed2_00465ed2.c"
00465f8b,"Glue_Subsystem_004e4807","undefined",3,1959,SUCCESS,"Glue_Subsystem_004e4807_00465f8b.c"
00466732,"FUN_00466732","undefined",3,992,SUCCESS,"FUN_00466732_00466732.c"
00466b12,"FUN_00466b12","undefined",3,583,SUCCESS,"FUN_00466b12_00466b12.c"
00466d59,"FUN_00466d59","undefined",3,568,SUCCESS,"FUN_00466d59_00466d59.c"
00466f91,"FUN_00466f91","undefined",3,287,SUCCESS,"FUN_00466f91_00466f91.c"
004670b0,"FUN_004670b0","undefined",3,269,SUCCESS,"FUN_004670b0_004670b0.c"
004671bd,"FUN_004671bd","undefined",3,1026,SUCCESS,"FUN_004671bd_004671bd.c"
004675bf,"Glue_Subsystem_004e5e3b","undefined",3,875,SUCCESS,"Glue_Subsystem_004e5e3b_004675bf.c"
0046792a,"Glue_Subsystem_004e61a6","undefined",3,932,SUCCESS,"Glue_Subsystem_004e61a6_0046792a.c"
00467cce,"FUN_00467cce","undefined",2,151,SUCCESS,"FUN_00467cce_00467cce.c"
00467d65,"FUN_00467d65","undefined",2,210,SUCCESS,"FUN_00467d65_00467d65.c"
00467e37,"FUN_00467e37","undefined",2,184,SUCCESS,"FUN_00467e37_00467e37.c"
00467eef,"FUN_00467eef","undefined",2,118,SUCCESS,"FUN_00467eef_00467eef.c"
00467f65,"FUN_00467f65","undefined",3,186,SUCCESS,"FUN_00467f65_00467f65.c"
0046801f,"FUN_0046801f","undefined",3,120,SUCCESS,"FUN_0046801f_0046801f.c"
00468097,"FUN_00468097","undefined",3,101,SUCCESS,"FUN_00468097_00468097.c"
004680fc,"FUN_004680fc","undefined",2,52,SUCCESS,"FUN_004680fc_004680fc.c"
00468130,"FUN_00468130","undefined",3,300,SUCCESS,"FUN_00468130_00468130.c"
00468261,"FUN_00468261","undefined",3,285,SUCCESS,"FUN_00468261_00468261.c"
00468383,"FUN_00468383","undefined",1,461,SUCCESS,"FUN_00468383_00468383.c"
00468550,"FUN_00468550","undefined",3,300,SUCCESS,"FUN_00468550_00468550.c"
00468681,"FUN_00468681","undefined",3,285,SUCCESS,"FUN_00468681_00468681.c"
004687a3,"FUN_004687a3","undefined",1,142,SUCCESS,"FUN_004687a3_004687a3.c"
00468831,"FUN_00468831","undefined",3,300,SUCCESS,"FUN_00468831_00468831.c"
00468962,"FUN_00468962","undefined",3,285,SUCCESS,"FUN_00468962_00468962.c"
00468a84,"FUN_00468a84","undefined",1,142,SUCCESS,"FUN_00468a84_00468a84.c"
00468b20,"FUN_00468b20","undefined",3,408,SUCCESS,"FUN_00468b20_00468b20.c"
00468cb8,"FUN_00468cb8","undefined",1,104,SUCCESS,"FUN_00468cb8_00468cb8.c"
00468def,"Palette_Subsystem_004a6fef","undefined",3,1486,SUCCESS,"Palette_Subsystem_004a6fef_00468def.c"
004693bd,"FUN_004693bd","undefined",1,147,SUCCESS,"FUN_004693bd_004693bd.c"
00469450,"FUN_00469450","undefined",2,203,SUCCESS,"FUN_00469450_00469450.c"
0046951b,"FUN_0046951b","undefined",3,249,SUCCESS,"FUN_0046951b_0046951b.c"
00469614,"FUN_00469614","undefined",3,529,SUCCESS,"FUN_00469614_00469614.c"
00469825,"FUN_00469825","undefined",3,424,SUCCESS,"FUN_00469825_00469825.c"
004699cd,"FUN_004699cd","undefined",3,312,SUCCESS,"FUN_004699cd_004699cd.c"
00469b05,"FUN_00469b05","undefined",2,311,SUCCESS,"FUN_00469b05_00469b05.c"
00469c3c,"FUN_00469c3c","undefined",3,238,SUCCESS,"FUN_00469c3c_00469c3c.c"
00469d2a,"FUN_00469d2a","undefined",3,487,SUCCESS,"FUN_00469d2a_00469d2a.c"
00469f11,"Palette_Subsystem_004a8111","undefined",3,3040,SUCCESS,"Palette_Subsystem_004a8111_00469f11.c"
0046ab46,"Palette_Subsystem_004a8d46","undefined",3,658,SUCCESS,"Palette_Subsystem_004a8d46_0046ab46.c"
0046add8,"FUN_0046add8","undefined",4,351,SUCCESS,"FUN_0046add8_0046add8.c"
0046af37,"Palette_Subsystem_004a9137","undefined",3,2076,SUCCESS,"Palette_Subsystem_004a9137_0046af37.c"
0046b7a0,"Pic_Subsystem_004458b0","undefined",2,4139,SUCCESS,"Pic_Subsystem_004458b0_0046b7a0.c"
0046c7d0,"Ai_ChooseChainResponse","undefined",1,1141,SUCCESS,"FUN_0046c7d0_0046c7d0.c"
0046cc45,"FUN_0046cc45","undefined",2,1260,SUCCESS,"FUN_0046cc45_0046cc45.c"
0046d140,"FUN_0046d140","undefined",0,840,SUCCESS,"FUN_0046d140_0046d140.c"
0046d497,"Pic_Subsystem_004475a4","undefined",0,1142,SUCCESS,"Pic_Subsystem_004475a4_0046d497.c"
0046d90d,"FUN_0046d90d","undefined",0,317,SUCCESS,"FUN_0046d90d_0046d90d.c"
0046da4a,"FUN_0046da4a","undefined",2,2677,SUCCESS,"FUN_0046da4a_0046da4a.c"
0046e4c9,"FUN_0046e4c9","undefined",4,168,SUCCESS,"FUN_0046e4c9_0046e4c9.c"
0046e571,"FUN_0046e571","undefined",3,546,SUCCESS,"FUN_0046e571_0046e571.c"
0046e793,"Pic_Subsystem_004488a0","undefined",0,191,SUCCESS,"Pic_Subsystem_004488a0_0046e793.c"
0046e852,"Pic_Subsystem_0044895f","undefined",2,1226,SUCCESS,"Pic_Subsystem_0044895f_0046e852.c"
0046ed1c,"FUN_0046ed1c","undefined",2,785,SUCCESS,"FUN_0046ed1c_0046ed1c.c"
0046f02d,"FUN_0046f02d","undefined",2,233,SUCCESS,"FUN_0046f02d_0046f02d.c"
0046f116,"FUN_0046f116","undefined",2,121,SUCCESS,"FUN_0046f116_0046f116.c"
0046f18f,"FUN_0046f18f","undefined",2,164,SUCCESS,"FUN_0046f18f_0046f18f.c"
0046f240,"UI_CreateWindow_0046f240","undefined",1,181,SUCCESS,"UI_CreateWindow_0046f240_0046f240.c"
0046f2f5,"FUN_0046f2f5","undefined",0,51,SUCCESS,"FUN_0046f2f5_0046f2f5.c"
0046f328,"UI_WndProc_0046f328","undefined",4,4272,SUCCESS,"UI_WndProc_0046f328_0046f328.c"
00470437,"FUN_00470437","undefined",2,150,SUCCESS,"FUN_00470437_00470437.c"
004704cd,"FUN_004704cd","undefined",2,147,SUCCESS,"FUN_004704cd_004704cd.c"
00470560,"FUN_00470560","undefined",2,365,SUCCESS,"FUN_00470560_00470560.c"
004706d0,"FUN_004706d0","undefined",0,93,SUCCESS,"FUN_004706d0_004706d0.c"
0047072d,"FUN_0047072d","undefined",0,65,SUCCESS,"FUN_0047072d_0047072d.c"
0047076e,"FUN_0047076e","undefined",1,54,SUCCESS,"FUN_0047076e_0047076e.c"
004707a4,"FUN_004707a4","undefined",1,79,SUCCESS,"FUN_004707a4_004707a4.c"
004707f3,"FUN_004707f3","undefined",7,387,SUCCESS,"FUN_004707f3_004707f3.c"
0047097b,"FUN_0047097b","undefined",2,51,SUCCESS,"FUN_0047097b_0047097b.c"
004709ae,"FUN_004709ae","undefined",3,104,SUCCESS,"FUN_004709ae_004709ae.c"
00470a16,"FUN_00470a16","undefined",7,330,SUCCESS,"FUN_00470a16_00470a16.c"
00470b60,"FUN_00470b60","undefined",3,280,SUCCESS,"FUN_00470b60_00470b60.c"
00470c78,"FUN_00470c78","undefined",3,130,SUCCESS,"FUN_00470c78_00470c78.c"
00470cfa,"FUN_00470cfa","undefined",9,379,SUCCESS,"FUN_00470cfa_00470cfa.c"
00470e75,"FUN_00470e75","undefined",4,192,SUCCESS,"FUN_00470e75_00470e75.c"
00470f35,"FUN_00470f35","undefined",3,256,SUCCESS,"FUN_00470f35_00470f35.c"
00471035,"FUN_00471035","undefined",2,794,SUCCESS,"FUN_00471035_00471035.c"
00471395,"FUN_00471395","undefined",1,145,SUCCESS,"FUN_00471395_00471395.c"
00471426,"FUN_00471426","undefined",0,753,SUCCESS,"FUN_00471426_00471426.c"
00471717,"FUN_00471717","undefined",0,38,SUCCESS,"FUN_00471717_00471717.c"
0047173d,"FUN_0047173d","undefined",3,417,SUCCESS,"FUN_0047173d_0047173d.c"
004718de,"FUN_004718de","undefined",4,584,SUCCESS,"FUN_004718de_004718de.c"
00471b26,"FUN_00471b26","undefined",3,454,SUCCESS,"FUN_00471b26_00471b26.c"
00471cf1,"FUN_00471cf1","undefined",2,261,SUCCESS,"FUN_00471cf1_00471cf1.c"
00471df6,"UI_WndProc_00471df6","undefined",4,134,SUCCESS,"UI_WndProc_00471df6_00471df6.c"
00471e86,"FUN_00471e86","undefined",3,191,SUCCESS,"FUN_00471e86_00471e86.c"
00471f45,"FUN_00471f45","undefined",6,978,SUCCESS,"FUN_00471f45_00471f45.c"
00472317,"FUN_00472317","undefined",6,571,SUCCESS,"FUN_00472317_00472317.c"
00472552,"FUN_00472552","undefined",1,28,SUCCESS,"FUN_00472552_00472552.c"
0047256e,"FUN_0047256e","undefined",1,65,SUCCESS,"FUN_0047256e_0047256e.c"
004725af,"FUN_004725af","undefined",4,309,SUCCESS,"FUN_004725af_004725af.c"
004726e4,"FUN_004726e4","undefined",1,72,SUCCESS,"FUN_004726e4_004726e4.c"
00472731,"FUN_00472731","undefined",2,268,SUCCESS,"FUN_00472731_00472731.c"
0047283d,"FUN_0047283d","undefined",0,383,SUCCESS,"FUN_0047283d_0047283d.c"
004729bc,"FUN_004729bc","undefined",2,131,SUCCESS,"FUN_004729bc_004729bc.c"
00472a3f,"FUN_00472a3f","undefined",3,190,SUCCESS,"FUN_00472a3f_00472a3f.c"
00472b02,"FUN_00472b02","undefined",1,94,SUCCESS,"FUN_00472b02_00472b02.c"
00472b60,"FUN_00472b60","undefined",4,421,SUCCESS,"FUN_00472b60_00472b60.c"
00472d0a,"FUN_00472d0a","undefined",2,84,SUCCESS,"FUN_00472d0a_00472d0a.c"
00472d60,"FUN_00472d60","undefined",5,305,SUCCESS,"FUN_00472d60_00472d60.c"
00472ea0,"FUN_00472ea0","undefined",6,278,SUCCESS,"FUN_00472ea0_00472ea0.c"
00472fc0,"FUN_00472fc0","undefined",1,2674,SUCCESS,"FUN_00472fc0_00472fc0.c"
00473a32,"FUN_00473a32","undefined",1,4945,SUCCESS,"FUN_00473a32_00473a32.c"
00474d83,"FUN_00474d83","undefined",1,6885,SUCCESS,"FUN_00474d83_00474d83.c"
00476868,"FUN_00476868","undefined",1,317,SUCCESS,"FUN_00476868_00476868.c"
004769a5,"FUN_004769a5","undefined",2,388,SUCCESS,"FUN_004769a5_004769a5.c"
00476b29,"FUN_00476b29","undefined",0,2276,SUCCESS,"FUN_00476b29_00476b29.c"
0047740d,"Ai_EvalAttackCandidate_004c864d","undefined",1,6381,SUCCESS,"Ai_EvalAttackCandidate_004c864d_0047740d.c"
00478cfa,"FUN_00478cfa","undefined",2,78,SUCCESS,"FUN_00478cfa_00478cfa.c"
00478d48,"FUN_00478d48","undefined",1,243,SUCCESS,"FUN_00478d48_00478d48.c"
00478e3b,"FUN_00478e3b","undefined",0,94,SUCCESS,"FUN_00478e3b_00478e3b.c"
00478e99,"FUN_00478e99","undefined",8,1595,SUCCESS,"FUN_00478e99_00478e99.c"
004794d4,"FUN_004794d4","undefined",8,1150,SUCCESS,"FUN_004794d4_004794d4.c"
00479952,"FUN_00479952","undefined",0,467,SUCCESS,"FUN_00479952_00479952.c"
00479b25,"FUN_00479b25","undefined",3,96,SUCCESS,"FUN_00479b25_00479b25.c"
00479b85,"FUN_00479b85","undefined",3,96,SUCCESS,"FUN_00479b85_00479b85.c"
00479be5,"FUN_00479be5","undefined",1,34,SUCCESS,"FUN_00479be5_00479be5.c"
00479c07,"FUN_00479c07","undefined",2,524,SUCCESS,"FUN_00479c07_00479c07.c"
00479e13,"FUN_00479e13","undefined",2,396,SUCCESS,"FUN_00479e13_00479e13.c"
00479f9f,"FUN_00479f9f","undefined",2,237,SUCCESS,"FUN_00479f9f_00479f9f.c"
0047a090,"FUN_0047a090","undefined",4,494,SUCCESS,"FUN_0047a090_0047a090.c"
0047a283,"Mem_AllocOrFree_0047a283","undefined",3,38,SUCCESS,"Mem_AllocOrFree_0047a283_0047a283.c"
0047a2a9,"Mem_AllocOrFree_0047a2a9","undefined",3,38,SUCCESS,"Mem_AllocOrFree_0047a2a9_0047a2a9.c"
0047a2cf,"Mem_AllocOrFree_0047a2cf","undefined",3,38,SUCCESS,"Mem_AllocOrFree_0047a2cf_0047a2cf.c"
0047a2f5,"Mem_AllocOrFree_0047a2f5","undefined",3,38,SUCCESS,"Mem_AllocOrFree_0047a2f5_0047a2f5.c"
0047a31b,"Mem_AllocOrFree_0047a31b","undefined",3,38,SUCCESS,"Mem_AllocOrFree_0047a31b_0047a31b.c"
0047a341,"Mana_Init_00452b71","undefined",5,779,SUCCESS,"Mana_Init_00452b71_0047a341.c"
0047a651,"Mem_AllocOrFree_0047a651","undefined",3,42,SUCCESS,"Mem_AllocOrFree_0047a651_0047a651.c"
0047a67b,"Mem_AllocOrFree_0047a67b","undefined",3,42,SUCCESS,"Mem_AllocOrFree_0047a67b_0047a67b.c"
0047a6a5,"Mem_AllocOrFree_0047a6a5","undefined",3,42,SUCCESS,"Mem_AllocOrFree_0047a6a5_0047a6a5.c"
0047a6cf,"Mem_AllocOrFree_0047a6cf","undefined",3,42,SUCCESS,"Mem_AllocOrFree_0047a6cf_0047a6cf.c"
0047a6f9,"Mem_AllocOrFree_0047a6f9","undefined",3,42,SUCCESS,"Mem_AllocOrFree_0047a6f9_0047a6f9.c"
0047a723,"Mem_AllocOrFree_0047a723","undefined",3,42,SUCCESS,"Mem_AllocOrFree_0047a723_0047a723.c"
0047a74d,"Mem_AllocOrFree_0047a74d","undefined",3,42,SUCCESS,"Mem_AllocOrFree_0047a74d_0047a74d.c"
0047a777,"Mem_AllocOrFree_0047a777","undefined",3,42,SUCCESS,"Mem_AllocOrFree_0047a777_0047a777.c"
0047a7a1,"Mem_AllocOrFree_0047a7a1","undefined",3,42,SUCCESS,"Mem_AllocOrFree_0047a7a1_0047a7a1.c"
0047a7cb,"Mem_AllocOrFree_0047a7cb","undefined",3,42,SUCCESS,"Mem_AllocOrFree_0047a7cb_0047a7cb.c"
0047a7f5,"FUN_0047a7f5","undefined",3,716,SUCCESS,"FUN_0047a7f5_0047a7f5.c"
0047aac1,"Mana_Init_004532f1","undefined",3,514,SUCCESS,"Mana_Init_004532f1_0047aac1.c"
0047acdd,"Ai_Subsystem_004b8e4d","undefined",3,670,SUCCESS,"Ai_Subsystem_004b8e4d_0047acdd.c"
0047af80,"Minit_Subsystem_004537b0","undefined",3,1200,SUCCESS,"Minit_Subsystem_004537b0_0047af80.c"
0047b430,"Minit_Subsystem_00453c60","undefined",3,886,SUCCESS,"Minit_Subsystem_00453c60_0047b430.c"
0047b7ab,"Mana_Init_00453fdb","undefined",3,1016,SUCCESS,"Mana_Init_00453fdb_0047b7ab.c"
0047bba3,"FUN_0047bba3","undefined",3,495,SUCCESS,"FUN_0047bba3_0047bba3.c"
0047bd97,"FUN_0047bd97","undefined",3,310,SUCCESS,"FUN_0047bd97_0047bd97.c"
0047bed2,"Mana_Init_00453fdb","undefined",3,739,SUCCESS,"Mana_Init_00453fdb_0047bed2.c"
0047c1ba,"Mana_Init_00453fdb","undefined",3,3033,SUCCESS,"Mana_Init_00453fdb_0047c1ba.c"
0047cd98,"Mana_Init_004555c8","undefined",3,2960,SUCCESS,"Mana_Init_004555c8_0047cd98.c"
0047d928,"FUN_0047d928","undefined",3,192,SUCCESS,"FUN_0047d928_0047d928.c"
0047d9e8,"FUN_0047d9e8","undefined",3,477,SUCCESS,"FUN_0047d9e8_0047d9e8.c"
0047dbca,"FUN_0047dbca","undefined",3,339,SUCCESS,"FUN_0047dbca_0047dbca.c"
0047dd22,"FUN_0047dd22","undefined",3,133,SUCCESS,"FUN_0047dd22_0047dd22.c"
0047dda7,"FUN_0047dda7","undefined",3,339,SUCCESS,"FUN_0047dda7_0047dda7.c"
0047deff,"Minit_Subsystem_0045672f","undefined",3,1366,SUCCESS,"Minit_Subsystem_0045672f_0047deff.c"
0047e4e0,"Glue_Subsystem_004f15c0","undefined",3,709,SUCCESS,"Glue_Subsystem_004f15c0_0047e4e0.c"
0047e7a5,"FUN_0047e7a5","undefined",0,46,SUCCESS,"FUN_0047e7a5_0047e7a5.c"
0047e7d3,"Haar_DecompressWaveletImage","undefined",2,1106,SUCCESS,"Haar_DecompressWaveletImage_0047e7d3.c"
0047ec25,"FUN_0047ec25","undefined",7,103,SUCCESS,"FUN_0047ec25_0047ec25.c"
0047ec8c,"FUN_0047ec8c","undefined",7,412,SUCCESS,"FUN_0047ec8c_0047ec8c.c"
0047ee28,"FUN_0047ee28","undefined",3,59,SUCCESS,"FUN_0047ee28_0047ee28.c"
0047ee63,"FUN_0047ee63","undefined",3,105,SUCCESS,"FUN_0047ee63_0047ee63.c"
0047eecc,"FUN_0047eecc","undefined",3,325,SUCCESS,"FUN_0047eecc_0047eecc.c"
0047f011,"FUN_0047f011","undefined",7,213,SUCCESS,"FUN_0047f011_0047f011.c"
0047f0e6,"FUN_0047f0e6","undefined",7,219,SUCCESS,"FUN_0047f0e6_0047f0e6.c"
0047f1c1,"Mem_AllocOrFree_0047f1c1","undefined",2,38,SUCCESS,"Mem_AllocOrFree_0047f1c1_0047f1c1.c"
0047f1e7,"FUN_0047f1e7","undefined",9,713,SUCCESS,"FUN_0047f1e7_0047f1e7.c"
0047f4b0,"FUN_0047f4b0","undefined",2,567,SUCCESS,"FUN_0047f4b0_0047f4b0.c"
0047f6e7,"FUN_0047f6e7","undefined",1,105,SUCCESS,"FUN_0047f6e7_0047f6e7.c"
0047f750,"FUN_0047f750","undefined",6,131,SUCCESS,"FUN_0047f750_0047f750.c"
0047f7d3,"FUN_0047f7d3","undefined",3,292,SUCCESS,"FUN_0047f7d3_0047f7d3.c"
0047f8f7,"Mem_AllocOrFree_0047f8f7","undefined",1,33,SUCCESS,"Mem_AllocOrFree_0047f8f7_0047f8f7.c"
0047f918,"FUN_0047f918","undefined",4,757,SUCCESS,"FUN_0047f918_0047f918.c"
0047fc0d,"FUN_0047fc0d","undefined",4,106,SUCCESS,"FUN_0047fc0d_0047fc0d.c"
0047fc77,"FUN_0047fc77","undefined",4,1831,SUCCESS,"FUN_0047fc77_0047fc77.c"
0048039e,"FUN_0048039e","undefined",4,193,SUCCESS,"FUN_0048039e_0048039e.c"
0048045f,"FUN_0048045f","undefined",1,82,SUCCESS,"FUN_0048045f_0048045f.c"
004804b1,"FUN_004804b1","undefined",1,58,SUCCESS,"FUN_004804b1_004804b1.c"
004804eb,"FUN_004804eb","undefined",6,420,SUCCESS,"FUN_004804eb_004804eb.c"
00480690,"FUN_00480690","undefined",1,374,SUCCESS,"FUN_00480690_00480690.c"
00480806,"UI_DialogProc_00480806","undefined",4,2001,SUCCESS,"UI_DialogProc_00480806_00480806.c"
00480fdc,"Pic_Load_s_WINBK_Options_00480fdc","undefined",8,229,SUCCESS,"Pic_Load_s_WINBK_Options_00480fdc_00480fdc.c"
004810c1,"FUN_004810c1","undefined",4,93,SUCCESS,"FUN_004810c1_004810c1.c"
0048111e,"Rules_ParseFilter_0048111e","undefined",0,1906,SUCCESS,"Rules_ParseFilter_0048111e_0048111e.c"
00481890,"Rules_ParseFilter_00481890","undefined",0,1022,SUCCESS,"Rules_ParseFilter_00481890_00481890.c"
00481c8e,"FUN_00481c8e","undefined",0,628,SUCCESS,"FUN_00481c8e_00481c8e.c"
00481f02,"FUN_00481f02","undefined",0,418,SUCCESS,"FUN_00481f02_00481f02.c"
004820b0,"Minit_Subsystem_00467880","undefined",1,287,SUCCESS,"Minit_Subsystem_00467880_004820b0.c"
004821cf,"FUN_004821cf","undefined",0,202,SUCCESS,"FUN_004821cf_004821cf.c"
00482299,"Card_Setup_00467a68","undefined",4,12135,SUCCESS,"Card_Setup_00467a68_00482299.c"
004852b1,"FUN_004852b1","undefined",1,176,SUCCESS,"FUN_004852b1_004852b1.c"
00485361,"FUN_00485361","undefined",1,550,SUCCESS,"FUN_00485361_00485361.c"
00485587,"FUN_00485587","undefined",1,114,SUCCESS,"FUN_00485587_00485587.c"
004855f9,"FUN_004855f9","undefined",2,654,SUCCESS,"FUN_004855f9_004855f9.c"
00485887,"Palette_Subsystem_0049c7c7","undefined",2,921,SUCCESS,"Palette_Subsystem_0049c7c7_00485887.c"
00485c20,"FUN_00485c20","undefined",2,54,SUCCESS,"FUN_00485c20_00485c20.c"
00485c56,"FUN_00485c56","undefined",2,159,SUCCESS,"FUN_00485c56_00485c56.c"
00485cf5,"Mem_AllocOrFree_00485cf5","undefined",2,32,SUCCESS,"Mem_AllocOrFree_00485cf5_00485cf5.c"
00485d15,"FUN_00485d15","undefined",3,917,SUCCESS,"FUN_00485d15_00485d15.c"
004860aa,"FUN_004860aa","undefined",3,161,SUCCESS,"FUN_004860aa_004860aa.c"
0048614b,"Mem_AllocOrFree_0048614b","undefined",0,19,SUCCESS,"Mem_AllocOrFree_0048614b_0048614b.c"
00486239,"FUN_00486239","undefined",4,271,SUCCESS,"FUN_00486239_00486239.c"
00486348,"FUN_00486348","undefined",2,125,SUCCESS,"FUN_00486348_00486348.c"
004863ca,"FUN_004863ca","undefined",2,127,SUCCESS,"FUN_004863ca_004863ca.c"
0048644e,"FUN_0048644e","undefined",1,99,SUCCESS,"FUN_0048644e_0048644e.c"
004864b1,"FUN_004864b1","undefined",1,41,SUCCESS,"FUN_004864b1_004864b1.c"
004864e0,"FUN_004864e0","undefined",4,741,SUCCESS,"FUN_004864e0_004864e0.c"
004867ca,"FUN_004867ca","undefined",2,151,SUCCESS,"FUN_004867ca_004867ca.c"
00486861,"FUN_00486861","undefined",4,112,SUCCESS,"FUN_00486861_00486861.c"
004868d1,"FUN_004868d1","undefined",4,236,SUCCESS,"FUN_004868d1_004868d1.c"
004869bd,"FUN_004869bd","undefined",4,135,SUCCESS,"FUN_004869bd_004869bd.c"
00486a4e,"FUN_00486a4e","undefined",2,373,SUCCESS,"FUN_00486a4e_00486a4e.c"
00486bc3,"FUN_00486bc3","undefined",0,79,SUCCESS,"FUN_00486bc3_00486bc3.c"
00486c12,"FUN_00486c12","undefined",3,113,SUCCESS,"FUN_00486c12_00486c12.c"
00486c90,"UI_CreateWindow_00486c90","undefined",1,310,SUCCESS,"UI_CreateWindow_00486c90_00486c90.c"
00486dc6,"FUN_00486dc6","undefined",0,81,SUCCESS,"FUN_00486dc6_00486dc6.c"
00486e17,"Ai_CalcManaRequirement_004b9284","undefined",4,2807,SUCCESS,"Ai_CalcManaRequirement_004b9284_00486e17.c"
00487924,"Mem_AllocOrFree_00487924","undefined",1,41,SUCCESS,"Mem_AllocOrFree_00487924_00487924.c"
0048794d,"UI_WndProc_0048794d","undefined",4,179,SUCCESS,"UI_WndProc_0048794d_0048794d.c"
00487a10,"FUN_00487a10","undefined",0,721,SUCCESS,"FUN_00487a10_00487a10.c"
00487ce1,"Magic_ExecuteDrawPhase","undefined",1,1130,SUCCESS,"FUN_00487ce1_00487ce1.c"
00488150,"Palette_Color_0049ae00","undefined",3,1096,SUCCESS,"Palette_Color_0049ae00_00488150.c"
00488598,"FUN_00488598","undefined",2,202,SUCCESS,"FUN_00488598_00488598.c"
00488662,"FUN_00488662","undefined",3,2992,SUCCESS,"FUN_00488662_00488662.c"
00489247,"Ai_ChooseBlockers","undefined",2,877,SUCCESS,"Ai_ChooseBlockers_00489247.c"
004895b4,"FUN_004895b4","undefined",3,408,SUCCESS,"FUN_004895b4_004895b4.c"
0048974c,"FUN_0048974c","undefined",2,2353,SUCCESS,"FUN_0048974c_0048974c.c"
0048a07d,"FUN_0048a07d","undefined",2,330,SUCCESS,"FUN_0048a07d_0048a07d.c"
0048a1c7,"FUN_0048a1c7","undefined",3,262,SUCCESS,"FUN_0048a1c7_0048a1c7.c"
0048a2cd,"FUN_0048a2cd","undefined",2,114,SUCCESS,"FUN_0048a2cd_0048a2cd.c"
0048a33f,"FUN_0048a33f","undefined",2,114,SUCCESS,"FUN_0048a33f_0048a33f.c"
0048a3b1,"FUN_0048a3b1","undefined",2,114,SUCCESS,"FUN_0048a3b1_0048a3b1.c"
0048a423,"Card_Setup_00467a68","undefined",1,722,SUCCESS,"Card_Setup_00467a68_0048a423.c"
0048acd3,"FUN_0048acd3","undefined",1,175,SUCCESS,"FUN_0048acd3_0048acd3.c"
0048ad82,"FUN_0048ad82","undefined",2,510,SUCCESS,"FUN_0048ad82_0048ad82.c"
0048af80,"FUN_0048af80","undefined",2,66,SUCCESS,"FUN_0048af80_0048af80.c"
0048afc2,"FUN_0048afc2","undefined",1,261,SUCCESS,"FUN_0048afc2_0048afc2.c"
0048b0c7,"FUN_0048b0c7","undefined",1,391,SUCCESS,"FUN_0048b0c7_0048b0c7.c"
0048b24e,"FUN_0048b24e","undefined",4,123,SUCCESS,"FUN_0048b24e_0048b24e.c"
0048b2c9,"FUN_0048b2c9","undefined",6,508,SUCCESS,"FUN_0048b2c9_0048b2c9.c"
0048b4c5,"FUN_0048b4c5","undefined",4,260,SUCCESS,"FUN_0048b4c5_0048b4c5.c"
0048b5c9,"FUN_0048b5c9","undefined",2,134,SUCCESS,"FUN_0048b5c9_0048b5c9.c"
0048b64f,"FUN_0048b64f","undefined",0,459,SUCCESS,"FUN_0048b64f_0048b64f.c"
0048b81a,"FUN_0048b81a","undefined",4,2824,SUCCESS,"FUN_0048b81a_0048b81a.c"
0048c367,"FUN_0048c367","undefined",1,121,SUCCESS,"FUN_0048c367_0048c367.c"
0048c420,"Mem_AllocOrFree_0048c420","undefined",1,26,SUCCESS,"Mem_AllocOrFree_0048c420_0048c420.c"
0048c43a,"FUN_0048c43a","undefined",1,209,SUCCESS,"FUN_0048c43a_0048c43a.c"
0048c50b,"FUN_0048c50b","undefined",3,157,SUCCESS,"FUN_0048c50b_0048c50b.c"
0048c5a8,"Magic_ScanCards","undefined",1,863,SUCCESS,"Magic_ScanCards_0048c5a8.c"
0048c907,"FUN_0048c907","undefined",5,291,SUCCESS,"FUN_0048c907_0048c907.c"
0048ca2a,"Magic_IsManaSource","undefined",2,159,SUCCESS,"FUN_0048ca2a_0048ca2a.c"
0048cac9,"FUN_0048cac9","undefined",0,182,SUCCESS,"FUN_0048cac9_0048cac9.c"
0048cb7f,"FUN_0048cb7f","undefined",0,170,SUCCESS,"FUN_0048cb7f_0048cb7f.c"
0048cc29,"FUN_0048cc29","undefined",0,945,SUCCESS,"FUN_0048cc29_0048cc29.c"
0048cfda,"FUN_0048cfda","undefined",2,50,SUCCESS,"FUN_0048cfda_0048cfda.c"
0048d00c,"FUN_0048d00c","undefined",1,788,SUCCESS,"FUN_0048d00c_0048d00c.c"
0048d320,"Duel_PreloadSoundEffects","undefined",0,143,SUCCESS,"FUN_0048d320_0048d320.c"
0048d3af,"FUN_0048d3af","undefined",0,16,SUCCESS,"FUN_0048d3af_0048d3af.c"
0048d3bf,"Magic_ClearSpellStack","undefined",0,44,SUCCESS,"Mem_AllocOrFree_0048d3bf_0048d3bf.c"
0048d3eb,"FUN_0048d3eb","undefined",0,51,SUCCESS,"FUN_0048d3eb_0048d3eb.c"
0048d41e,"FUN_0048d41e","undefined",1,1114,SUCCESS,"FUN_0048d41e_0048d41e.c"
0048d878,"Magic_PushSpellStack","undefined",5,1062,SUCCESS,"FUN_0048d878_0048d878.c"
0048dc9e,"FUN_0048dc9e","undefined",0,165,SUCCESS,"FUN_0048dc9e_0048dc9e.c"
0048dd43,"FUN_0048dd43","undefined",0,1294,SUCCESS,"FUN_0048dd43_0048dd43.c"
0048e251,"FUN_0048e251","undefined",0,177,SUCCESS,"FUN_0048e251_0048e251.c"
0048e302,"Mem_AllocOrFree_0048e302","undefined",0,41,SUCCESS,"Mem_AllocOrFree_0048e302_0048e302.c"
0048e32b,"FUN_0048e32b","undefined",4,218,SUCCESS,"FUN_0048e32b_0048e32b.c"
0048e405,"FUN_0048e405","undefined",4,1187,SUCCESS,"FUN_0048e405_0048e405.c"
0048e8a8,"FUN_0048e8a8","undefined",4,74,SUCCESS,"FUN_0048e8a8_0048e8a8.c"
0048e8f2,"Magic_RunTurnStep","undefined",4,495,SUCCESS,"FUN_0048e8f2_0048e8f2.c"
0048eae1,"FUN_0048eae1","undefined",0,68,SUCCESS,"FUN_0048eae1_0048eae1.c"
0048eb25,"FUN_0048eb25","undefined",2,142,SUCCESS,"FUN_0048eb25_0048eb25.c"
0048ebb3,"FUN_0048ebb3","undefined",0,357,SUCCESS,"FUN_0048ebb3_0048ebb3.c"
0048ed18,"FUN_0048ed18","undefined",2,377,SUCCESS,"FUN_0048ed18_0048ed18.c"
0048ee91,"FUN_0048ee91","undefined",1,470,SUCCESS,"FUN_0048ee91_0048ee91.c"
0048f067,"FUN_0048f067","undefined",2,183,SUCCESS,"FUN_0048f067_0048f067.c"
0048f123,"FUN_0048f123","undefined",0,142,SUCCESS,"FUN_0048f123_0048f123.c"
0048f1b1,"FUN_0048f1b1","undefined",0,361,SUCCESS,"FUN_0048f1b1_0048f1b1.c"
0048f31a,"FUN_0048f31a","undefined",4,475,SUCCESS,"FUN_0048f31a_0048f31a.c"
0048f500,"Palette_Subsystem_0049608e","undefined",4,3217,SUCCESS,"Palette_Subsystem_0049608e_0048f500.c"
00490196,"UI_CreateWindow_00490196","undefined",1,146,SUCCESS,"UI_CreateWindow_00490196_00490196.c"
00490228,"Mem_AllocOrFree_00490228","undefined",0,11,SUCCESS,"Mem_AllocOrFree_00490228_00490228.c"
00490233,"UI_WndProc_00490233","undefined",4,309,SUCCESS,"UI_WndProc_00490233_00490233.c"
0049036d,"UI_Register_WINBK_BigCard_0049036d","undefined",1,219,SUCCESS,"UI_Register_WINBK_BigCard_0049036d_0049036d.c"
00490448,"Mem_AllocOrFree_00490448","undefined",0,48,SUCCESS,"Mem_AllocOrFree_00490448_00490448.c"
00490478,"UI_WndProc_00490478","undefined",4,4331,SUCCESS,"UI_WndProc_00490478_00490478.c"
00491688,"FUN_00491688","undefined",2,185,SUCCESS,"FUN_00491688_00491688.c"
00491750,"FUN_00491750","undefined",3,118,SUCCESS,"FUN_00491750_00491750.c"
004917d0,"UI_CreateWindow_004917d0","undefined",1,289,SUCCESS,"UI_CreateWindow_004917d0_004917d0.c"
004918f1,"FUN_004918f1","undefined",0,153,SUCCESS,"FUN_004918f1_004918f1.c"
0049198a,"UI_WndProc_0049198a","undefined",4,1114,SUCCESS,"UI_WndProc_0049198a_0049198a.c"
00491ef3,"FUN_00491ef3","undefined",1,1064,SUCCESS,"FUN_00491ef3_00491ef3.c"
00492440,"Pic_Subsystem_00452551","undefined",0,595,SUCCESS,"Pic_Subsystem_00452551_00492440.c"
00492693,"Csv_LoadMaster_00492693","undefined",0,315,SUCCESS,"Csv_LoadMaster_00492693_00492693.c"
004927ce,"Csv_ReadConcise_004927ce","undefined",0,164,SUCCESS,"Csv_ReadConcise_004927ce_004927ce.c"
00492872,"Csv_ReadConcise_00492872","undefined",0,223,SUCCESS,"Csv_ReadConcise_00492872_00492872.c"
00492951,"Csv_LoadMaster_00492951","undefined",4,436,SUCCESS,"Csv_LoadMaster_00492951_00492951.c"
00492b05,"Mem_AllocOrFree_00492b05","undefined",0,18,SUCCESS,"Mem_AllocOrFree_00492b05_00492b05.c"
00492b17,"FUN_00492b17","undefined",2,121,SUCCESS,"FUN_00492b17_00492b17.c"
00492b90,"FUN_00492b90","undefined",1,73,SUCCESS,"FUN_00492b90_00492b90.c"
00492bd9,"Deck_FilterAttributes_00492bd9","undefined",4,1297,SUCCESS,"Deck_FilterAttributes_00492bd9_00492bd9.c"
004930ea,"Tale_Load_004930ea","undefined",1,192,SUCCESS,"Tale_Load_004930ea_004930ea.c"
004931aa,"Hints_Load_004931aa","undefined",0,578,SUCCESS,"Hints_Load_004931aa_004931aa.c"
004933ec,"Hints_Load_004933ec","undefined",1,122,SUCCESS,"Hints_Load_004933ec_004933ec.c"
00493466,"FUN_00493466","undefined",1,681,SUCCESS,"FUN_00493466_00493466.c"
00493714,"FUN_00493714","undefined",1,103,SUCCESS,"FUN_00493714_00493714.c"
0049377b,"FUN_0049377b","undefined",1,144,SUCCESS,"FUN_0049377b_0049377b.c"
00493810,"UI_Register_WINBK_Attack_00493810","undefined",1,1020,SUCCESS,"UI_Register_WINBK_Attack_00493810_00493810.c"
00493c0c,"FUN_00493c0c","undefined",0,548,SUCCESS,"FUN_00493c0c_00493c0c.c"
00493e30,"SpellChain_WndProc","undefined",4,14669,SUCCESS,"Glue_Subsystem_004cdb4f_00493e30.c"
00497849,"FUN_00497849","undefined",3,245,SUCCESS,"FUN_00497849_00497849.c"
0049793e,"FUN_0049793e","undefined",1,2707,SUCCESS,"FUN_0049793e_0049793e.c"
004983d1,"FUN_004983d1","undefined",2,578,SUCCESS,"FUN_004983d1_004983d1.c"
00498613,"FUN_00498613","undefined",2,91,SUCCESS,"FUN_00498613_00498613.c"
0049866e,"UI_WndProc_0049866e","undefined",4,2734,SUCCESS,"UI_WndProc_0049866e_0049866e.c"
00499128,"FUN_00499128","undefined",1,103,SUCCESS,"FUN_00499128_00499128.c"
0049918f,"SpellChain_MinimizedWndProc","undefined",4,861,SUCCESS,"Glue_Subsystem_004d0602_0049918f.c"
004994f8,"FUN_004994f8","undefined",5,688,SUCCESS,"FUN_004994f8_004994f8.c"
004997a8,"FUN_004997a8","undefined",2,417,SUCCESS,"FUN_004997a8_004997a8.c"
00499950,"Assert_Handler_00499950","undefined",4,293,SUCCESS,"Assert_Handler_00499950_00499950.c"
00499a78,"Assert_Handler_00499a78","undefined",4,283,SUCCESS,"Assert_Handler_00499a78_00499a78.c"
00499ba0,"UI_Register_sPoison_00499ba0","undefined",1,243,SUCCESS,"UI_Register_sPoison_00499ba0_00499ba0.c"
00499c93,"FUN_00499c93","undefined",0,118,SUCCESS,"FUN_00499c93_00499c93.c"
00499d09,"Ai_CalcManaRequirement_004b9284","undefined",4,3071,SUCCESS,"Ai_CalcManaRequirement_004b9284_00499d09.c"
0049a93a,"FUN_0049a93a","undefined",1,63,SUCCESS,"FUN_0049a93a_0049a93a.c"
0049a979,"FUN_0049a979","undefined",1,74,SUCCESS,"FUN_0049a979_0049a979.c"
0049a9d0,"FUN_0049a9d0","undefined",0,68,SUCCESS,"FUN_0049a9d0_0049a9d0.c"
0049aa14,"FUN_0049aa14","undefined",3,55,SUCCESS,"FUN_0049aa14_0049aa14.c"
0049aa4b,"FUN_0049aa4b","undefined",0,51,SUCCESS,"FUN_0049aa4b_0049aa4b.c"
0049aa7e,"FUN_0049aa7e","undefined",2,114,SUCCESS,"FUN_0049aa7e_0049aa7e.c"
0049aaf0,"Mem_AllocOrFree_0049aaf0","undefined",0,11,SUCCESS,"Mem_AllocOrFree_0049aaf0_0049aaf0.c"
0049aafb,"Mem_AllocOrFree_0049aafb","undefined",0,11,SUCCESS,"Mem_AllocOrFree_0049aafb_0049aafb.c"
0049ab06,"Mem_AllocOrFree_0049ab06","undefined",0,18,SUCCESS,"Mem_AllocOrFree_0049ab06_0049ab06.c"
0049ab18,"FUN_0049ab18","undefined",3,40,SUCCESS,"FUN_0049ab18_0049ab18.c"
0049ab40,"FUN_0049ab40","undefined",3,40,SUCCESS,"FUN_0049ab40_0049ab40.c"
0049ab68,"Mem_AllocOrFree_0049ab68","undefined",0,18,SUCCESS,"Mem_AllocOrFree_0049ab68_0049ab68.c"
0049ab7a,"FUN_0049ab7a","undefined",0,120,SUCCESS,"FUN_0049ab7a_0049ab7a.c"
0049ac00,"Pic_Subsystem_0044eca0","undefined",0,341,SUCCESS,"Pic_Subsystem_0044eca0_0049ac00.c"
0049ad55,"Pic_Subsystem_0044edf5","undefined",1,270,SUCCESS,"Pic_Subsystem_0044edf5_0049ad55.c"
0049ae63,"Pic_Subsystem_0044edf5","undefined",1,98,SUCCESS,"Pic_Subsystem_0044edf5_0049ae63.c"
0049aed0,"FUN_0049aed0","undefined",3,66,SUCCESS,"FUN_0049aed0_0049aed0.c"
0049af12,"FUN_0049af12","undefined",3,74,SUCCESS,"FUN_0049af12_0049af12.c"
0049af5c,"FUN_0049af5c","undefined",3,176,SUCCESS,"FUN_0049af5c_0049af5c.c"
0049b00c,"FUN_0049b00c","undefined",3,223,SUCCESS,"FUN_0049b00c_0049b00c.c"
0049b0eb,"FUN_0049b0eb","undefined",3,190,SUCCESS,"FUN_0049b0eb_0049b0eb.c"
0049b1a9,"FUN_0049b1a9","undefined",3,66,SUCCESS,"FUN_0049b1a9_0049b1a9.c"
0049b1eb,"FUN_0049b1eb","undefined",3,74,SUCCESS,"FUN_0049b1eb_0049b1eb.c"
0049b235,"FUN_0049b235","undefined",3,66,SUCCESS,"FUN_0049b235_0049b235.c"
0049b277,"FUN_0049b277","undefined",3,74,SUCCESS,"FUN_0049b277_0049b277.c"
0049b2c1,"FUN_0049b2c1","undefined",3,72,SUCCESS,"FUN_0049b2c1_0049b2c1.c"
0049b309,"FUN_0049b309","undefined",3,895,SUCCESS,"FUN_0049b309_0049b309.c"
0049b68d,"FUN_0049b68d","undefined",4,338,SUCCESS,"FUN_0049b68d_0049b68d.c"
0049b7f0,"Palette_Subsystem_00495958","undefined",3,675,SUCCESS,"Palette_Subsystem_00495958_0049b7f0.c"
0049ba93,"Pic_Load_004420a1","undefined",2,1859,SUCCESS,"Pic_Load_004420a1_0049ba93.c"
0049c211,"FUN_0049c211","undefined",0,62,SUCCESS,"FUN_0049c211_0049c211.c"
0049c24f,"FUN_0049c24f","undefined",1,129,SUCCESS,"FUN_0049c24f_0049c24f.c"
0049c2d0,"UI_DialogProc_0049c2d0","undefined",4,3256,SUCCESS,"UI_DialogProc_0049c2d0_0049c2d0.c"
0049cff7,"Pic_Load_s_GAUN_Startup_0049cff7","undefined",8,229,SUCCESS,"Pic_Load_s_GAUN_Startup_0049cff7_0049cff7.c"
0049d0dc,"FUN_0049d0dc","undefined",4,93,SUCCESS,"FUN_0049d0dc_0049d0dc.c"
0049d139,"FUN_0049d139","undefined",2,68,SUCCESS,"FUN_0049d139_0049d139.c"
0049d17d,"Palette_Subsystem_00496497","undefined",1,579,SUCCESS,"Palette_Subsystem_00496497_0049d17d.c"
0049d3c0,"Deck_FilterAttributes_0049d3c0","undefined",1,4627,SUCCESS,"Deck_FilterAttributes_0049d3c0_0049d3c0.c"
0049e5d3,"FUN_0049e5d3","undefined",3,137,SUCCESS,"FUN_0049e5d3_0049e5d3.c"
0049e65c,"FUN_0049e65c","undefined",2,157,SUCCESS,"FUN_0049e65c_0049e65c.c"
0049e6f9,"FUN_0049e6f9","undefined",0,270,SUCCESS,"FUN_0049e6f9_0049e6f9.c"
0049e807,"FUN_0049e807","undefined",2,282,SUCCESS,"FUN_0049e807_0049e807.c"
0049e921,"FUN_0049e921","undefined",2,383,SUCCESS,"FUN_0049e921_0049e921.c"
0049eaa0,"UI_DialogProc_0049eaa0","undefined",4,1944,SUCCESS,"UI_DialogProc_0049eaa0_0049eaa0.c"
0049f242,"Pic_Load_s_GAUN_Options_0049f242","undefined",8,229,SUCCESS,"Pic_Load_s_GAUN_Options_0049f242_0049f242.c"
0049f327,"FUN_0049f327","undefined",4,93,SUCCESS,"FUN_0049f327_0049f327.c"
0049f384,"FUN_0049f384","undefined",1,340,SUCCESS,"FUN_0049f384_0049f384.c"
0049f4d8,"FUN_0049f4d8","undefined",2,82,SUCCESS,"FUN_0049f4d8_0049f4d8.c"
0049f52a,"Mem_AllocOrFree_0049f52a","undefined",1,41,SUCCESS,"Mem_AllocOrFree_0049f52a_0049f52a.c"
0049f553,"Mem_AllocOrFree_0049f553","undefined",0,21,SUCCESS,"Mem_AllocOrFree_0049f553_0049f553.c"
0049f568,"Mem_AllocOrFree_0049f568","undefined",0,21,SUCCESS,"Mem_AllocOrFree_0049f568_0049f568.c"
0049f57d,"Mem_AllocOrFree_0049f57d","undefined",0,11,SUCCESS,"Mem_AllocOrFree_0049f57d_0049f57d.c"
0049f588,"Mem_AllocOrFree_0049f588","undefined",0,18,SUCCESS,"Mem_AllocOrFree_0049f588_0049f588.c"
0049f59a,"Mem_AllocOrFree_0049f59a","undefined",0,11,SUCCESS,"Mem_AllocOrFree_0049f59a_0049f59a.c"
0049f5a5,"Mem_AllocOrFree_0049f5a5","undefined",0,11,SUCCESS,"Mem_AllocOrFree_0049f5a5_0049f5a5.c"
0049f5b0,"Mem_AllocOrFree_0049f5b0","undefined",0,11,SUCCESS,"Mem_AllocOrFree_0049f5b0_0049f5b0.c"
0049f5bb,"Mem_AllocOrFree_0049f5bb","undefined",0,11,SUCCESS,"Mem_AllocOrFree_0049f5bb_0049f5bb.c"
0049f5c6,"Mem_AllocOrFree_0049f5c6","undefined",0,18,SUCCESS,"Mem_AllocOrFree_0049f5c6_0049f5c6.c"
0049f5d8,"Mem_AllocOrFree_0049f5d8","undefined",0,11,SUCCESS,"Mem_AllocOrFree_0049f5d8_0049f5d8.c"
0049f5e3,"Mem_AllocOrFree_0049f5e3","undefined",0,11,SUCCESS,"Mem_AllocOrFree_0049f5e3_0049f5e3.c"
0049f5ee,"Mem_AllocOrFree_0049f5ee","undefined",0,11,SUCCESS,"Mem_AllocOrFree_0049f5ee_0049f5ee.c"
0049f5f9,"Mem_AllocOrFree_0049f5f9","undefined",0,11,SUCCESS,"Mem_AllocOrFree_0049f5f9_0049f5f9.c"
0049f604,"Mem_AllocOrFree_0049f604","undefined",0,18,SUCCESS,"Mem_AllocOrFree_0049f604_0049f604.c"
0049f616,"Mem_AllocOrFree_0049f616","undefined",0,18,SUCCESS,"Mem_AllocOrFree_0049f616_0049f616.c"
0049f628,"Mem_AllocOrFree_0049f628","undefined",0,11,SUCCESS,"Mem_AllocOrFree_0049f628_0049f628.c"
0049f633,"FUN_0049f633","undefined",1,100,SUCCESS,"FUN_0049f633_0049f633.c"
0049f697,"Mem_AllocOrFree_0049f697","undefined",0,18,SUCCESS,"Mem_AllocOrFree_0049f697_0049f697.c"
0049f6a9,"Mem_AllocOrFree_0049f6a9","undefined",0,11,SUCCESS,"Mem_AllocOrFree_0049f6a9_0049f6a9.c"
0049f6b4,"Mem_AllocOrFree_0049f6b4","undefined",0,11,SUCCESS,"Mem_AllocOrFree_0049f6b4_0049f6b4.c"
0049f6bf,"Mem_AllocOrFree_0049f6bf","undefined",0,11,SUCCESS,"Mem_AllocOrFree_0049f6bf_0049f6bf.c"
0049f6ca,"Mem_AllocOrFree_0049f6ca","undefined",0,11,SUCCESS,"Mem_AllocOrFree_0049f6ca_0049f6ca.c"
0049f6d5,"Mem_AllocOrFree_0049f6d5","undefined",0,18,SUCCESS,"Mem_AllocOrFree_0049f6d5_0049f6d5.c"
0049f6e7,"Mem_AllocOrFree_0049f6e7","undefined",0,18,SUCCESS,"Mem_AllocOrFree_0049f6e7_0049f6e7.c"
0049f6f9,"Mem_AllocOrFree_0049f6f9","undefined",0,11,SUCCESS,"Mem_AllocOrFree_0049f6f9_0049f6f9.c"
0049f704,"Mem_AllocOrFree_0049f704","undefined",0,11,SUCCESS,"Mem_AllocOrFree_0049f704_0049f704.c"
0049f70f,"Mem_AllocOrFree_0049f70f","undefined",0,11,SUCCESS,"Mem_AllocOrFree_0049f70f_0049f70f.c"
0049f71a,"Mem_AllocOrFree_0049f71a","undefined",0,11,SUCCESS,"Mem_AllocOrFree_0049f71a_0049f71a.c"
0049f725,"Mem_AllocOrFree_0049f725","undefined",0,18,SUCCESS,"Mem_AllocOrFree_0049f725_0049f725.c"
0049f737,"Mem_AllocOrFree_0049f737","undefined",0,18,SUCCESS,"Mem_AllocOrFree_0049f737_0049f737.c"
0049f749,"Mem_AllocOrFree_0049f749","undefined",0,11,SUCCESS,"Mem_AllocOrFree_0049f749_0049f749.c"
0049f754,"Mem_AllocOrFree_0049f754","undefined",0,11,SUCCESS,"Mem_AllocOrFree_0049f754_0049f754.c"
0049f75f,"Mem_AllocOrFree_0049f75f","undefined",0,18,SUCCESS,"Mem_AllocOrFree_0049f75f_0049f75f.c"
0049f771,"Mem_AllocOrFree_0049f771","undefined",0,18,SUCCESS,"Mem_AllocOrFree_0049f771_0049f771.c"
0049f783,"Mem_AllocOrFree_0049f783","undefined",0,18,SUCCESS,"Mem_AllocOrFree_0049f783_0049f783.c"
0049f795,"Mem_AllocOrFree_0049f795","undefined",0,11,SUCCESS,"Mem_AllocOrFree_0049f795_0049f795.c"
0049f7a0,"Mem_AllocOrFree_0049f7a0","undefined",0,18,SUCCESS,"Mem_AllocOrFree_0049f7a0_0049f7a0.c"
0049f7b2,"Mem_AllocOrFree_0049f7b2","undefined",0,18,SUCCESS,"Mem_AllocOrFree_0049f7b2_0049f7b2.c"
0049f7c4,"Mem_AllocOrFree_0049f7c4","undefined",0,21,SUCCESS,"Mem_AllocOrFree_0049f7c4_0049f7c4.c"
0049f7d9,"Mem_AllocOrFree_0049f7d9","undefined",0,21,SUCCESS,"Mem_AllocOrFree_0049f7d9_0049f7d9.c"
0049f7ee,"Mem_AllocOrFree_0049f7ee","undefined",0,19,SUCCESS,"Mem_AllocOrFree_0049f7ee_0049f7ee.c"
0049f801,"Mem_AllocOrFree_0049f801","undefined",0,19,SUCCESS,"Mem_AllocOrFree_0049f801_0049f801.c"
0049f820,"SpellChain_RegisterClass","undefined",1,673,SUCCESS,"Glue_Subsystem_004cd760_0049f820.c"
0049fac1,"SpellChain_CleanupUI","undefined",0,334,SUCCESS,"FUN_0049fac1_0049fac1.c"
0049fc0f,"SpellChain_WndProc","undefined",4,7410,SUCCESS,"Glue_Subsystem_004cdb4f_0049fc0f.c"
004a197e,"SpellChain_FindEntryIndex","undefined",1,175,SUCCESS,"FUN_004a197e_004a197e.c"
004a1a2d,"SpellChain_RemoveEntry","undefined",2,333,SUCCESS,"FUN_004a1a2d_004a1a2d.c"
004a1b7a,"SpellChain_EntryTargetsMatch","undefined",0,125,SUCCESS,"FUN_004a1b7a_004a1b7a.c"
004a1bf7,"Palette_Subsystem_0049608e","undefined",3,569,SUCCESS,"Palette_Subsystem_0049608e_004a1bf7.c"
004a1e30,"SpellChain_ClearEntryTargets","undefined",2,229,SUCCESS,"FUN_004a1e30_004a1e30.c"
004a1f15,"Palette_Subsystem_0049608e","undefined",1,397,SUCCESS,"Palette_Subsystem_0049608e_004a1f15.c"
004a20a2,"SpellChain_UpdateLayout","undefined",2,1546,SUCCESS,"FUN_004a20a2_004a20a2.c"
004a26ac,"SpellChain_GetContentRect","undefined",2,26,SUCCESS,"FUN_004a26ac_004a26ac.c"
004a26c6,"SpellChain_MinimizedWndProc","undefined",4,861,SUCCESS,"Glue_Subsystem_004d0602_004a26c6.c"
004a2a2f,"SpellChain_MinimizeIfShown","undefined",0,88,SUCCESS,"FUN_004a2a2f_004a2a2f.c"
004a2a87,"SpellChain_RestoreIfMinimized","undefined",0,112,SUCCESS,"FUN_004a2a87_004a2a87.c"
004a2b00,"FUN_004a2b00","undefined",5,561,SUCCESS,"FUN_004a2b00_004a2b00.c"
004a2d31,"FUN_004a2d31","undefined",3,622,SUCCESS,"FUN_004a2d31_004a2d31.c"
004a2f9f,"FUN_004a2f9f","undefined",3,162,SUCCESS,"FUN_004a2f9f_004a2f9f.c"
004a3041,"FUN_004a3041","undefined",3,269,SUCCESS,"FUN_004a3041_004a3041.c"
004a314e,"FUN_004a314e","undefined",3,1093,SUCCESS,"FUN_004a314e_004a314e.c"
004a3593,"FUN_004a3593","undefined",3,341,SUCCESS,"FUN_004a3593_004a3593.c"
004a36e8,"FUN_004a36e8","undefined",3,1774,SUCCESS,"FUN_004a36e8_004a36e8.c"
004a3dd6,"FUN_004a3dd6","undefined",3,435,SUCCESS,"FUN_004a3dd6_004a3dd6.c"
004a3f89,"FUN_004a3f89","undefined",3,251,SUCCESS,"FUN_004a3f89_004a3f89.c"
004a4084,"FUN_004a4084","undefined",3,461,SUCCESS,"FUN_004a4084_004a4084.c"
004a4251,"FUN_004a4251","undefined",3,371,SUCCESS,"FUN_004a4251_004a4251.c"
004a43c4,"FUN_004a43c4","undefined",3,260,SUCCESS,"FUN_004a43c4_004a43c4.c"
004a44c8,"FUN_004a44c8","undefined",3,437,SUCCESS,"FUN_004a44c8_004a44c8.c"
004a467d,"FUN_004a467d","undefined",3,1748,SUCCESS,"FUN_004a467d_004a467d.c"
004a4d51,"FUN_004a4d51","undefined",3,1617,SUCCESS,"FUN_004a4d51_004a4d51.c"
004a53ac,"FUN_004a53ac","undefined",3,761,SUCCESS,"FUN_004a53ac_004a53ac.c"
004a56a5,"FUN_004a56a5","undefined",3,457,SUCCESS,"FUN_004a56a5_004a56a5.c"
004a586e,"FUN_004a586e","undefined",3,376,SUCCESS,"FUN_004a586e_004a586e.c"
004a59e6,"FUN_004a59e6","undefined",3,343,SUCCESS,"FUN_004a59e6_004a59e6.c"
004a5b3d,"FUN_004a5b3d","undefined",2,139,SUCCESS,"FUN_004a5b3d_004a5b3d.c"
004a5bc8,"FUN_004a5bc8","undefined",3,551,SUCCESS,"FUN_004a5bc8_004a5bc8.c"
004a5def,"FUN_004a5def","undefined",3,699,SUCCESS,"FUN_004a5def_004a5def.c"
004a60aa,"FUN_004a60aa","undefined",3,814,SUCCESS,"FUN_004a60aa_004a60aa.c"
004a63d8,"FUN_004a63d8","undefined",3,519,SUCCESS,"FUN_004a63d8_004a63d8.c"
004a65df,"FUN_004a65df","undefined",3,189,SUCCESS,"FUN_004a65df_004a65df.c"
004a66b0,"FUN_004a66b0","undefined",3,210,SUCCESS,"FUN_004a66b0_004a66b0.c"
004a6782,"FUN_004a6782","undefined",3,378,SUCCESS,"FUN_004a6782_004a6782.c"
004a68fc,"FUN_004a68fc","undefined",3,723,SUCCESS,"FUN_004a68fc_004a68fc.c"
004a6bd4,"Palette_Color_0049ae00","undefined",3,448,SUCCESS,"Palette_Color_0049ae00_004a6bd4.c"
004a6d94,"FUN_004a6d94","undefined",3,295,SUCCESS,"FUN_004a6d94_004a6d94.c"
004a6ebb,"FUN_004a6ebb","undefined",3,126,SUCCESS,"FUN_004a6ebb_004a6ebb.c"
004a6f39,"Palette_Color_0049ae00","undefined",3,412,SUCCESS,"Palette_Color_0049ae00_004a6f39.c"
004a70d5,"Palette_Color_0049ae00","undefined",3,637,SUCCESS,"Palette_Color_0049ae00_004a70d5.c"
004a7352,"Palette_Color_0049ae00","undefined",3,434,SUCCESS,"Palette_Color_0049ae00_004a7352.c"
004a7504,"Palette_Color_0049ae00","undefined",3,599,SUCCESS,"Palette_Color_0049ae00_004a7504.c"
004a775b,"Palette_Color_0049ae00","undefined",3,1064,SUCCESS,"Palette_Color_0049ae00_004a775b.c"
004a7b83,"FUN_004a7b83","undefined",2,176,SUCCESS,"FUN_004a7b83_004a7b83.c"
004a7c33,"Palette_Color_0049ae00","undefined",3,609,SUCCESS,"Palette_Color_0049ae00_004a7c33.c"
004a7e94,"FUN_004a7e94","undefined",3,208,SUCCESS,"FUN_004a7e94_004a7e94.c"
004a7f64,"FUN_004a7f64","undefined",3,249,SUCCESS,"FUN_004a7f64_004a7f64.c"
004a805d,"Palette_Color_0049ae00","undefined",3,777,SUCCESS,"Palette_Color_0049ae00_004a805d.c"
004a8366,"Palette_Color_0049ae00","undefined",3,641,SUCCESS,"Palette_Color_0049ae00_004a8366.c"
004a85e7,"Palette_Color_0049ae00","undefined",3,702,SUCCESS,"Palette_Color_0049ae00_004a85e7.c"
004a88a5,"Palette_Color_0049ae00","undefined",3,624,SUCCESS,"Palette_Color_0049ae00_004a88a5.c"
004a8b15,"FUN_004a8b15","undefined",3,92,SUCCESS,"FUN_004a8b15_004a8b15.c"
004a8b71,"Palette_Color_0049ae00","undefined",3,484,SUCCESS,"Palette_Color_0049ae00_004a8b71.c"
004a8d55,"Palette_Color_0049ae00","undefined",3,908,SUCCESS,"Palette_Color_0049ae00_004a8d55.c"
004a90e1,"Palette_Color_0049ae00","undefined",3,951,SUCCESS,"Palette_Color_0049ae00_004a90e1.c"
004a9498,"Palette_Color_0049ae00","undefined",3,700,SUCCESS,"Palette_Color_0049ae00_004a9498.c"
004a9754,"FUN_004a9754","undefined",3,139,SUCCESS,"FUN_004a9754_004a9754.c"
004a97df,"FUN_004a97df","undefined",3,179,SUCCESS,"FUN_004a97df_004a97df.c"
004a9892,"FUN_004a9892","undefined",2,178,SUCCESS,"FUN_004a9892_004a9892.c"
004a9944,"FUN_004a9944","undefined",3,176,SUCCESS,"FUN_004a9944_004a9944.c"
004a99f4,"FUN_004a99f4","undefined",2,221,SUCCESS,"FUN_004a99f4_004a99f4.c"
004a9ad1,"FUN_004a9ad1","undefined",3,673,SUCCESS,"FUN_004a9ad1_004a9ad1.c"
004a9d72,"Palette_Color_0049ae00","undefined",3,189,SUCCESS,"Palette_Color_0049ae00_004a9d72.c"
004a9e2f,"Palette_Color_0049ae00","undefined",3,607,SUCCESS,"Palette_Color_0049ae00_004a9e2f.c"
004aa08e,"Palette_Color_0049ae00","undefined",3,653,SUCCESS,"Palette_Color_0049ae00_004aa08e.c"
004aa31b,"Palette_Color_0049ae00","undefined",3,459,SUCCESS,"Palette_Color_0049ae00_004aa31b.c"
004aa4e6,"FUN_004aa4e6","undefined",3,126,SUCCESS,"FUN_004aa4e6_004aa4e6.c"
004aa569,"FUN_004aa569","undefined",2,86,SUCCESS,"FUN_004aa569_004aa569.c"
004aa5bf,"Palette_Color_0049ae00","undefined",3,1231,SUCCESS,"Palette_Color_0049ae00_004aa5bf.c"
004aaa93,"FUN_004aaa93","undefined",4,209,SUCCESS,"FUN_004aaa93_004aaa93.c"
004aab64,"Palette_Color_0049ae00","undefined",3,1904,SUCCESS,"Palette_Color_0049ae00_004aab64.c"
004ab2e3,"FUN_004ab2e3","undefined",4,209,SUCCESS,"FUN_004ab2e3_004ab2e3.c"
004ab3b4,"Palette_Color_0049ae00","undefined",3,1926,SUCCESS,"Palette_Color_0049ae00_004ab3b4.c"
004abb49,"Palette_Color_0049ae00","undefined",3,1250,SUCCESS,"Palette_Color_0049ae00_004abb49.c"
004ac030,"FUN_004ac030","undefined",3,636,SUCCESS,"FUN_004ac030_004ac030.c"
004ac2b1,"FUN_004ac2b1","undefined",3,695,SUCCESS,"FUN_004ac2b1_004ac2b1.c"
004ac56d,"FUN_004ac56d","undefined",3,1594,SUCCESS,"FUN_004ac56d_004ac56d.c"
004acbac,"FUN_004acbac","undefined",3,995,SUCCESS,"FUN_004acbac_004acbac.c"
004acf99,"Palette_Color_0049ae00","undefined",3,1250,SUCCESS,"Palette_Color_0049ae00_004acf99.c"
004ad480,"FUN_004ad480","undefined",3,519,SUCCESS,"FUN_004ad480_004ad480.c"
004ad687,"FUN_004ad687","undefined",3,158,SUCCESS,"FUN_004ad687_004ad687.c"
004ad725,"Mem_AllocOrFree_004ad725","undefined",3,42,SUCCESS,"Mem_AllocOrFree_004ad725_004ad725.c"
004ad74f,"Mem_AllocOrFree_004ad74f","undefined",3,38,SUCCESS,"Mem_AllocOrFree_004ad74f_004ad74f.c"
004ad775,"Palette_Color_0049ae00","undefined",4,2213,SUCCESS,"Palette_Color_0049ae00_004ad775.c"
004ae01a,"Glue_Subsystem_004dd632","undefined",3,1704,SUCCESS,"Glue_Subsystem_004dd632_004ae01a.c"
004ae6cc,"Palette_Color_0049ae00","undefined",3,697,SUCCESS,"Palette_Color_0049ae00_004ae6cc.c"
004ae985,"FUN_004ae985","undefined",3,1027,SUCCESS,"FUN_004ae985_004ae985.c"
004aed88,"FUN_004aed88","undefined",3,117,SUCCESS,"FUN_004aed88_004aed88.c"
004aee02,"FUN_004aee02","undefined",3,402,SUCCESS,"FUN_004aee02_004aee02.c"
004aef94,"Palette_Color_0049ae00","undefined",3,614,SUCCESS,"Palette_Color_0049ae00_004aef94.c"
004af1fa,"FUN_004af1fa","undefined",3,1173,SUCCESS,"FUN_004af1fa_004af1fa.c"
004af68f,"FUN_004af68f","undefined",1,156,SUCCESS,"FUN_004af68f_004af68f.c"
004af72b,"Mem_AllocOrFree_004af72b","undefined",1,33,SUCCESS,"Mem_AllocOrFree_004af72b_004af72b.c"
004af74c,"FUN_004af74c","undefined",3,106,SUCCESS,"FUN_004af74c_004af74c.c"
004af7bb,"FUN_004af7bb","undefined",3,106,SUCCESS,"FUN_004af7bb_004af7bb.c"
004af82a,"Pic_Subsystem_0044895f","undefined",2,294,SUCCESS,"Pic_Subsystem_0044895f_004af82a.c"
004af950,"FUN_004af950","undefined",5,972,SUCCESS,"FUN_004af950_004af950.c"
004afd1c,"Mem_AllocOrFree_004afd1c","undefined",4,37,SUCCESS,"Mem_AllocOrFree_004afd1c_004afd1c.c"
004afd50,"Glue_Subsystem_004ecee0","undefined",1,180,SUCCESS,"Glue_Subsystem_004ecee0_004afd50.c"
004afe04,"FUN_004afe04","undefined",0,81,SUCCESS,"FUN_004afe04_004afe04.c"
004afe55,"Glue_UI_004ecfe5","undefined",4,7257,SUCCESS,"Glue_UI_004ecfe5_004afe55.c"
004b1bba,"FUN_004b1bba","undefined",1,263,SUCCESS,"FUN_004b1bba_004b1bba.c"
004b1cc1,"FUN_004b1cc1","undefined",1,529,SUCCESS,"FUN_004b1cc1_004b1cc1.c"
004b1ed2,"FUN_004b1ed2","undefined",1,253,SUCCESS,"FUN_004b1ed2_004b1ed2.c"
004b1fcf,"FUN_004b1fcf","undefined",6,1271,SUCCESS,"FUN_004b1fcf_004b1fcf.c"
004b24c6,"FUN_004b24c6","undefined",2,245,SUCCESS,"FUN_004b24c6_004b24c6.c"
004b25bb,"FUN_004b25bb","undefined",3,265,SUCCESS,"FUN_004b25bb_004b25bb.c"
004b26c4,"FUN_004b26c4","undefined",4,295,SUCCESS,"FUN_004b26c4_004b26c4.c"
004b27eb,"FUN_004b27eb","undefined",2,171,SUCCESS,"FUN_004b27eb_004b27eb.c"
004b289b,"FUN_004b289b","undefined",2,154,SUCCESS,"FUN_004b289b_004b289b.c"
004b2935,"FUN_004b2935","undefined",2,129,SUCCESS,"FUN_004b2935_004b2935.c"
004b29b6,"UI_DialogProc_004b29b6","undefined",3,259,SUCCESS,"UI_DialogProc_004b29b6_004b29b6.c"
004b2bd0,"Ai_Subsystem_004bc029","undefined",7,1932,SUCCESS,"Ai_Subsystem_004bc029_004b2bd0.c"
004b3360,"UI_CreateWindow_004b3360","undefined",1,145,SUCCESS,"UI_CreateWindow_004b3360_004b3360.c"
004b33f1,"Pic_Load_004420a1","undefined",4,6694,SUCCESS,"Pic_Load_004420a1_004b33f1.c"
004b4ea6,"FUN_004b4ea6","undefined",0,86,SUCCESS,"FUN_004b4ea6_004b4ea6.c"
004b4efc,"Pic_Clip_00443b63","undefined",1,1636,SUCCESS,"Pic_Clip_00443b63_004b4efc.c"
004b5565,"FUN_004b5565","undefined",2,3841,SUCCESS,"FUN_004b5565_004b5565.c"
004b6466,"Palette_Subsystem_0049c3ac","undefined",3,1239,SUCCESS,"Palette_Subsystem_0049c3ac_004b6466.c"
004b693d,"FUN_004b693d","undefined",0,69,SUCCESS,"FUN_004b693d_004b693d.c"
004b6982,"Palette_Subsystem_0049608e","undefined",4,705,SUCCESS,"Palette_Subsystem_0049608e_004b6982.c"
004b6c50,"Palette_Color_0049ae00","undefined",1,604,SUCCESS,"Palette_Color_0049ae00_004b6c50.c"
004b6eac,"FUN_004b6eac","undefined",0,318,SUCCESS,"FUN_004b6eac_004b6eac.c"
004b6fea,"UI_Register_WINBK_TellUser_004b6fea","undefined",4,2920,SUCCESS,"UI_Register_WINBK_TellUser_004b6fea_004b6fea.c"
004b7b63,"FUN_004b7b63","undefined",3,1009,SUCCESS,"FUN_004b7b63_004b7b63.c"
004b7f54,"FUN_004b7f54","undefined",1,173,SUCCESS,"FUN_004b7f54_004b7f54.c"
004b8001,"FUN_004b8001","undefined",3,350,SUCCESS,"FUN_004b8001_004b8001.c"
004b8160,"FUN_004b8160","undefined",3,209,SUCCESS,"FUN_004b8160_004b8160.c"
004b8231,"UI_DialogProc_004b8231","undefined",4,1597,SUCCESS,"UI_DialogProc_004b8231_004b8231.c"
004b8899,"FUN_004b8899","undefined",3,846,SUCCESS,"FUN_004b8899_004b8899.c"
004b8bf0,"FUN_004b8bf0","undefined",0,303,SUCCESS,"FUN_004b8bf0_004b8bf0.c"
004b921d,"FUN_004b921d","undefined",0,81,SUCCESS,"FUN_004b921d_004b921d.c"
004b926e,"Mem_AllocOrFree_004b926e","undefined",0,16,SUCCESS,"Mem_AllocOrFree_004b926e_004b926e.c"
004b927e,"FUN_004b927e","undefined",4,326,SUCCESS,"FUN_004b927e_004b927e.c"
004b93c4,"FUN_004b93c4","undefined",0,84,SUCCESS,"FUN_004b93c4_004b93c4.c"
004b9420,"Mem_AllocOrFree_004b9420","undefined",0,18,SUCCESS,"Mem_AllocOrFree_004b9420_004b9420.c"
004b9432,"Mem_AllocOrFree_004b9432","undefined",0,11,SUCCESS,"Mem_AllocOrFree_004b9432_004b9432.c"
004b943d,"Mem_AllocOrFree_004b943d","undefined",0,11,SUCCESS,"Mem_AllocOrFree_004b943d_004b943d.c"
004b9448,"Mem_AllocOrFree_004b9448","undefined",0,11,SUCCESS,"Mem_AllocOrFree_004b9448_004b9448.c"
004b9460,"UI_CreateWindow_004b9460","undefined",1,195,SUCCESS,"UI_CreateWindow_004b9460_004b9460.c"
004b9523,"FUN_004b9523","undefined",0,81,SUCCESS,"FUN_004b9523_004b9523.c"
004b9574,"Pic_Subsystem_0044bad4","undefined",4,5262,SUCCESS,"Pic_Subsystem_0044bad4_004b9574.c"
004baa8b,"FUN_004baa8b","undefined",1,823,SUCCESS,"FUN_004baa8b_004baa8b.c"
004badc2,"FUN_004badc2","undefined",9,629,SUCCESS,"FUN_004badc2_004badc2.c"
004bb037,"FUN_004bb037","undefined",10,139,SUCCESS,"FUN_004bb037_004bb037.c"
004bb0c2,"Pic_Subsystem_0044d61a","undefined",3,92,SUCCESS,"Pic_Subsystem_0044d61a_004bb0c2.c"
004bb120,"FUN_004bb120","undefined",3,1278,SUCCESS,"FUN_004bb120_004bb120.c"
004bb61e,"FUN_004bb61e","undefined",3,1340,SUCCESS,"FUN_004bb61e_004bb61e.c"
004bbb5a,"FUN_004bbb5a","undefined",3,1245,SUCCESS,"FUN_004bbb5a_004bbb5a.c"
004bc037,"Pic_Subsystem_00429237","undefined",3,1463,SUCCESS,"Pic_Subsystem_00429237_004bc037.c"
004bc5ee,"Pic_Subsystem_004297ed","undefined",3,1675,SUCCESS,"Pic_Subsystem_004297ed_004bc5ee.c"
004bcc7e,"Pic_Subsystem_00429e7d","undefined",3,601,SUCCESS,"Pic_Subsystem_00429e7d_004bcc7e.c"
004bced7,"FUN_004bced7","undefined",3,243,SUCCESS,"FUN_004bced7_004bced7.c"
004bcfca,"Pic_Load_0042a1c9","undefined",3,2641,SUCCESS,"Pic_Load_0042a1c9_004bcfca.c"
004bda20,"Pic_Subsystem_0042ac1f","undefined",2,510,SUCCESS,"Pic_Subsystem_0042ac1f_004bda20.c"
004bdc1e,"Pic_Subsystem_0042ae1d","undefined",3,2008,SUCCESS,"Pic_Subsystem_0042ae1d_004bdc1e.c"
004be3f6,"FUN_004be3f6","undefined",3,1208,SUCCESS,"FUN_004be3f6_004be3f6.c"
004be8ae,"FUN_004be8ae","undefined",3,64,SUCCESS,"FUN_004be8ae_004be8ae.c"
004be8ee,"FUN_004be8ee","undefined",3,64,SUCCESS,"FUN_004be8ee_004be8ee.c"
004be92e,"Pic_Subsystem_0042bb2e","undefined",3,951,SUCCESS,"Pic_Subsystem_0042bb2e_004be92e.c"
004bece5,"Pic_Subsystem_0042bee5","undefined",3,96,SUCCESS,"Pic_Subsystem_0042bee5_004bece5.c"
004bed45,"Pic_Subsystem_0042bf45","undefined",3,96,SUCCESS,"Pic_Subsystem_0042bf45_004bed45.c"
004beda5,"FUN_004beda5","undefined",4,2442,SUCCESS,"FUN_004beda5_004beda5.c"
004bf72f,"FUN_004bf72f","undefined",3,292,SUCCESS,"FUN_004bf72f_004bf72f.c"
004bf853,"FUN_004bf853","undefined",2,1040,SUCCESS,"FUN_004bf853_004bf853.c"
004bfc63,"FUN_004bfc63","undefined",4,2028,SUCCESS,"FUN_004bfc63_004bfc63.c"
004c044f,"FUN_004c044f","undefined",3,1242,SUCCESS,"FUN_004c044f_004c044f.c"
004c0929,"FUN_004c0929","undefined",3,502,SUCCESS,"FUN_004c0929_004c0929.c"
004c0b1f,"Pic_Subsystem_0042dd1f","undefined",3,1461,SUCCESS,"Pic_Subsystem_0042dd1f_004c0b1f.c"
004c10d9,"Pic_Subsystem_0042e2d9","undefined",3,1335,SUCCESS,"Pic_Subsystem_0042e2d9_004c10d9.c"
004c1610,"FUN_004c1610","undefined",3,178,SUCCESS,"FUN_004c1610_004c1610.c"
004c16c2,"Pic_Subsystem_0042e8c0","undefined",3,935,SUCCESS,"Pic_Subsystem_0042e8c0_004c16c2.c"
004c1a69,"FUN_004c1a69","undefined",2,314,SUCCESS,"FUN_004c1a69_004c1a69.c"
004c1ba3,"Pic_Subsystem_0042ed9f","undefined",3,1370,SUCCESS,"Pic_Subsystem_0042ed9f_004c1ba3.c"
004c20fd,"FUN_004c20fd","undefined",3,915,SUCCESS,"FUN_004c20fd_004c20fd.c"
004c2495,"FUN_004c2495","undefined",3,249,SUCCESS,"FUN_004c2495_004c2495.c"
004c258e,"FUN_004c258e","undefined",3,243,SUCCESS,"FUN_004c258e_004c258e.c"
004c2681,"Pic_Subsystem_0042f87b","undefined",3,1562,SUCCESS,"Pic_Subsystem_0042f87b_004c2681.c"
004c2ca0,"Pic_Subsystem_0042fe9a","undefined",3,387,SUCCESS,"Pic_Subsystem_0042fe9a_004c2ca0.c"
004c2e23,"FUN_004c2e23","undefined",3,408,SUCCESS,"FUN_004c2e23_004c2e23.c"
004c2fbb,"FUN_004c2fbb","undefined",3,158,SUCCESS,"FUN_004c2fbb_004c2fbb.c"
004c3059,"FUN_004c3059","undefined",3,922,SUCCESS,"FUN_004c3059_004c3059.c"
004c33f8,"FUN_004c33f8","undefined",3,283,SUCCESS,"FUN_004c33f8_004c33f8.c"
004c3513,"Pic_Subsystem_0043070c","undefined",3,2036,SUCCESS,"Pic_Subsystem_0043070c_004c3513.c"
004c3d11,"Pic_Subsystem_00430f0a","undefined",3,1326,SUCCESS,"Pic_Subsystem_00430f0a_004c3d11.c"
004c4244,"FUN_004c4244","undefined",3,650,SUCCESS,"FUN_004c4244_004c4244.c"
004c44d3,"FUN_004c44d3","undefined",3,756,SUCCESS,"FUN_004c44d3_004c44d3.c"
004c47cc,"Pic_Subsystem_004319c5","undefined",3,1294,SUCCESS,"Pic_Subsystem_004319c5_004c47cc.c"
004c4cda,"Pic_Subsystem_00431ed3","undefined",3,1831,SUCCESS,"Pic_Subsystem_00431ed3_004c4cda.c"
004c5406,"Pic_Subsystem_004325fe","undefined",3,1300,SUCCESS,"Pic_Subsystem_004325fe_004c5406.c"
004c591a,"Pic_Subsystem_00432b12","undefined",3,1118,SUCCESS,"Pic_Subsystem_00432b12_004c591a.c"
004c5d78,"FUN_004c5d78","undefined",3,231,SUCCESS,"FUN_004c5d78_004c5d78.c"
004c5e5f,"FUN_004c5e5f","undefined",3,474,SUCCESS,"FUN_004c5e5f_004c5e5f.c"
004c6039,"FUN_004c6039","undefined",3,258,SUCCESS,"FUN_004c6039_004c6039.c"
004c613b,"FUN_004c613b","undefined",3,306,SUCCESS,"FUN_004c613b_004c613b.c"
004c626d,"FUN_004c626d","undefined",3,438,SUCCESS,"FUN_004c626d_004c626d.c"
004c6423,"FUN_004c6423","undefined",3,220,SUCCESS,"FUN_004c6423_004c6423.c"
004c64ff,"Pic_Subsystem_004336f8","undefined",3,934,SUCCESS,"Pic_Subsystem_004336f8_004c64ff.c"
004c68a5,"FUN_004c68a5","undefined",3,229,SUCCESS,"FUN_004c68a5_004c68a5.c"
004c698a,"FUN_004c698a","undefined",3,223,SUCCESS,"FUN_004c698a_004c698a.c"
004c6a69,"Pic_Subsystem_00433c62","undefined",3,853,SUCCESS,"Pic_Subsystem_00433c62_004c6a69.c"
004c6dbe,"Palette_Color_0049ae00","undefined",3,1401,SUCCESS,"Palette_Color_0049ae00_004c6dbe.c"
004c7337,"FUN_004c7337","undefined",4,123,SUCCESS,"FUN_004c7337_004c7337.c"
004c73b2,"Pic_Subsystem_004345a9","undefined",3,1398,SUCCESS,"Pic_Subsystem_004345a9_004c73b2.c"
004c7928,"Pic_Subsystem_00434b1f","undefined",3,1043,SUCCESS,"Pic_Subsystem_00434b1f_004c7928.c"
004c7d3b,"Pic_Subsystem_00434f32","undefined",3,1153,SUCCESS,"Pic_Subsystem_00434f32_004c7d3b.c"
004c81bc,"Pic_Subsystem_004353b3","undefined",3,1804,SUCCESS,"Pic_Subsystem_004353b3_004c81bc.c"
004c88c8,"Pic_Subsystem_00435abf","undefined",3,2625,SUCCESS,"Pic_Subsystem_00435abf_004c88c8.c"
004c9309,"Pic_Subsystem_00436500","undefined",3,2656,SUCCESS,"Pic_Subsystem_00436500_004c9309.c"
004c9d69,"Pic_Subsystem_00436f60","undefined",3,2521,SUCCESS,"Pic_Subsystem_00436f60_004c9d69.c"
004ca742,"Pic_Subsystem_0043793a","undefined",3,387,SUCCESS,"Pic_Subsystem_0043793a_004ca742.c"
004ca8ca,"Palette_Color_0049ae00","undefined",3,820,SUCCESS,"Palette_Color_0049ae00_004ca8ca.c"
004cabfe,"Pic_Subsystem_00437df6","undefined",3,819,SUCCESS,"Pic_Subsystem_00437df6_004cabfe.c"
004caf31,"Palette_Color_0049ae00","undefined",3,754,SUCCESS,"Palette_Color_0049ae00_004caf31.c"
004cb223,"FUN_004cb223","undefined",3,1143,SUCCESS,"FUN_004cb223_004cb223.c"
004cb69a,"FUN_004cb69a","undefined",3,258,SUCCESS,"FUN_004cb69a_004cb69a.c"
004cb79c,"FUN_004cb79c","undefined",3,856,SUCCESS,"FUN_004cb79c_004cb79c.c"
004cbaf4,"Pic_Subsystem_00438ced","undefined",3,1820,SUCCESS,"Pic_Subsystem_00438ced_004cbaf4.c"
004cc210,"Pic_Subsystem_00439408","undefined",3,987,SUCCESS,"Pic_Subsystem_00439408_004cc210.c"
004cc5eb,"FUN_004cc5eb","undefined",3,938,SUCCESS,"FUN_004cc5eb_004cc5eb.c"
004cc99a,"Pic_Subsystem_00439b92","undefined",3,500,SUCCESS,"Pic_Subsystem_00439b92_004cc99a.c"
004ccb93,"Pic_Subsystem_00439d8b","undefined",3,123,SUCCESS,"Pic_Subsystem_00439d8b_004ccb93.c"
004ccc0e,"Pic_Subsystem_00439e06","undefined",3,1313,SUCCESS,"Pic_Subsystem_00439e06_004ccc0e.c"
004cd134,"Pic_Subsystem_0043a32c","undefined",3,2364,SUCCESS,"Pic_Subsystem_0043a32c_004cd134.c"
004cda70,"Pic_Subsystem_0043ac68","undefined",3,811,SUCCESS,"Pic_Subsystem_0043ac68_004cda70.c"
004cdd9b,"FUN_004cdd9b","undefined",3,212,SUCCESS,"FUN_004cdd9b_004cdd9b.c"
004cde6f,"FUN_004cde6f","undefined",3,366,SUCCESS,"FUN_004cde6f_004cde6f.c"
004cdfdd,"FUN_004cdfdd","undefined",3,77,SUCCESS,"FUN_004cdfdd_004cdfdd.c"
004ce02a,"Pic_Subsystem_0043b224","undefined",3,512,SUCCESS,"Pic_Subsystem_0043b224_004ce02a.c"
004ce22a,"Pic_Subsystem_0043b424","undefined",3,710,SUCCESS,"Pic_Subsystem_0043b424_004ce22a.c"
004ce4f0,"Pic_Subsystem_0043b6eb","undefined",3,99,SUCCESS,"Pic_Subsystem_0043b6eb_004ce4f0.c"
004ce553,"Pic_Subsystem_0043b74e","undefined",3,123,SUCCESS,"Pic_Subsystem_0043b74e_004ce553.c"
004ce5ce,"FUN_004ce5ce","undefined",4,677,SUCCESS,"FUN_004ce5ce_004ce5ce.c"
004ce873,"Pic_Subsystem_0043ba6e","undefined",3,98,SUCCESS,"Pic_Subsystem_0043ba6e_004ce873.c"
004ce8d5,"Pic_Subsystem_0043bad0","undefined",3,98,SUCCESS,"Pic_Subsystem_0043bad0_004ce8d5.c"
004ce937,"Pic_Subsystem_0043bb32","undefined",3,97,SUCCESS,"Pic_Subsystem_0043bb32_004ce937.c"
004ce998,"Pic_Subsystem_0043bb94","undefined",3,98,SUCCESS,"Pic_Subsystem_0043bb94_004ce998.c"
004ce9fa,"Pic_Subsystem_0043bbf6","undefined",3,98,SUCCESS,"Pic_Subsystem_0043bbf6_004ce9fa.c"
004cea5c,"Pic_Subsystem_0043bc58","undefined",3,98,SUCCESS,"Pic_Subsystem_0043bc58_004cea5c.c"
004ceabe,"FUN_004ceabe","undefined",5,1006,SUCCESS,"FUN_004ceabe_004ceabe.c"
004ceeb6,"FUN_004ceeb6","undefined",3,194,SUCCESS,"FUN_004ceeb6_004ceeb6.c"
004cef78,"FUN_004cef78","undefined",3,55,SUCCESS,"FUN_004cef78_004cef78.c"
004cefaf,"FUN_004cefaf","undefined",3,55,SUCCESS,"FUN_004cefaf_004cefaf.c"
004cefe6,"FUN_004cefe6","undefined",3,55,SUCCESS,"FUN_004cefe6_004cefe6.c"
004cf01d,"FUN_004cf01d","undefined",3,55,SUCCESS,"FUN_004cf01d_004cf01d.c"
004cf054,"FUN_004cf054","undefined",3,55,SUCCESS,"FUN_004cf054_004cf054.c"
004cf08b,"Pic_Subsystem_0043c287","undefined",4,1644,SUCCESS,"Pic_Subsystem_0043c287_004cf08b.c"
004cf6f7,"Pic_Subsystem_0043c8f5","undefined",3,2249,SUCCESS,"Pic_Subsystem_0043c8f5_004cf6f7.c"
004cffc5,"Pic_Subsystem_0043d1c3","undefined",3,2124,SUCCESS,"Pic_Subsystem_0043d1c3_004cffc5.c"
004d0811,"Pic_Subsystem_0043da0f","undefined",3,1447,SUCCESS,"Pic_Subsystem_0043da0f_004d0811.c"
004d0dbd,"Pic_Subsystem_0043dfbb","undefined",3,309,SUCCESS,"Pic_Subsystem_0043dfbb_004d0dbd.c"
004d0ef2,"Pic_Subsystem_0043e0f6","undefined",3,1696,SUCCESS,"Pic_Subsystem_0043e0f6_004d0ef2.c"
004d1597,"FUN_004d1597","undefined",3,1054,SUCCESS,"FUN_004d1597_004d1597.c"
004d19ba,"Pic_Subsystem_0043ebbf","undefined",3,1503,SUCCESS,"Pic_Subsystem_0043ebbf_004d19ba.c"
004d1f99,"Pic_Subsystem_0043f19e","undefined",3,895,SUCCESS,"Pic_Subsystem_0043f19e_004d1f99.c"
004d2318,"Pic_Subsystem_0043f51d","undefined",3,1498,SUCCESS,"Pic_Subsystem_0043f51d_004d2318.c"
004d28f2,"Pic_Subsystem_0043faf7","undefined",3,639,SUCCESS,"Pic_Subsystem_0043faf7_004d28f2.c"
004d2b76,"FUN_004d2b76","undefined",3,55,SUCCESS,"FUN_004d2b76_004d2b76.c"
004d2bad,"FUN_004d2bad","undefined",3,55,SUCCESS,"FUN_004d2bad_004d2bad.c"
004d2be4,"FUN_004d2be4","undefined",3,55,SUCCESS,"FUN_004d2be4_004d2be4.c"
004d2c1b,"FUN_004d2c1b","undefined",3,55,SUCCESS,"FUN_004d2c1b_004d2c1b.c"
004d2c52,"FUN_004d2c52","undefined",3,55,SUCCESS,"FUN_004d2c52_004d2c52.c"
004d2c89,"Pic_Subsystem_0043fe8e","undefined",4,1014,SUCCESS,"Pic_Subsystem_0043fe8e_004d2c89.c"
004d3084,"Pic_Subsystem_0043fe8e","undefined",3,1028,SUCCESS,"Pic_Subsystem_0043fe8e_004d3084.c"
004d3488,"Pic_Subsystem_0044068c","undefined",3,1213,SUCCESS,"Pic_Subsystem_0044068c_004d3488.c"
004d3945,"FUN_004d3945","undefined",3,620,SUCCESS,"FUN_004d3945_004d3945.c"
004d3bb1,"Pic_Subsystem_00440db5","undefined",3,946,SUCCESS,"Pic_Subsystem_00440db5_004d3bb1.c"
004d3f63,"Pic_Subsystem_00441167","undefined",3,885,SUCCESS,"Pic_Subsystem_00441167_004d3f63.c"
004d42d8,"FUN_004d42d8","undefined",3,686,SUCCESS,"FUN_004d42d8_004d42d8.c"
004d458b,"FUN_004d458b","undefined",3,686,SUCCESS,"FUN_004d458b_004d458b.c"
004d483e,"FUN_004d483e","undefined",2,1481,SUCCESS,"FUN_004d483e_004d483e.c"
004d4e10,"Mem_AllocOrFree_004d4e10","undefined",0,46,SUCCESS,"Mem_AllocOrFree_004d4e10_004d4e10.c"
004d4e3e,"Pic_Load_0044ef70","undefined",2,5412,SUCCESS,"Pic_Load_0044ef70_004d4e3e.c"
004d6362,"FUN_004d6362","undefined",3,302,SUCCESS,"FUN_004d6362_004d6362.c"
004d6490,"FUN_004d6490","undefined",2,310,SUCCESS,"FUN_004d6490_004d6490.c"
004d65c6,"FUN_004d65c6","undefined",1,39,SUCCESS,"FUN_004d65c6_004d65c6.c"
004d65f2,"FUN_004d65f2","undefined",7,71,SUCCESS,"FUN_004d65f2_004d65f2.c"
004d6639,"Palette_Subsystem_004a5722","undefined",6,797,SUCCESS,"Palette_Subsystem_004a5722_004d6639.c"
004d695b,"Pic_Subsystem_00451291","undefined",2,186,SUCCESS,"Pic_Subsystem_00451291_004d695b.c"
004d6a15,"FUN_004d6a15","undefined",3,1837,SUCCESS,"FUN_004d6a15_004d6a15.c"
004d714c,"FUN_004d714c","undefined",0,154,SUCCESS,"FUN_004d714c_004d714c.c"
004d71e6,"FUN_004d71e6","undefined",2,412,SUCCESS,"FUN_004d71e6_004d71e6.c"
004d7382,"FUN_004d7382","undefined",0,222,SUCCESS,"FUN_004d7382_004d7382.c"
004d7460,"FUN_004d7460","undefined",2,176,SUCCESS,"FUN_004d7460_004d7460.c"
004d7510,"Ai_Subsystem_004cc1e8","undefined",1,461,SUCCESS,"Ai_Subsystem_004cc1e8_004d7510.c"
004d76dd,"FUN_004d76dd","undefined",1,88,SUCCESS,"FUN_004d76dd_004d76dd.c"
004d7735,"FUN_004d7735","undefined",1,77,SUCCESS,"FUN_004d7735_004d7735.c"
004d7782,"FUN_004d7782","undefined",0,244,SUCCESS,"FUN_004d7782_004d7782.c"
004d7876,"FUN_004d7876","undefined",3,208,SUCCESS,"FUN_004d7876_004d7876.c"
004d7946,"FUN_004d7946","undefined",1,390,SUCCESS,"FUN_004d7946_004d7946.c"
004d7acc,"FUN_004d7acc","undefined",2,97,SUCCESS,"FUN_004d7acc_004d7acc.c"
004d7b2d,"FUN_004d7b2d","undefined",2,125,SUCCESS,"FUN_004d7b2d_004d7b2d.c"
004d7baa,"FUN_004d7baa","undefined",2,118,SUCCESS,"FUN_004d7baa_004d7baa.c"
004d7c20,"Pic_Subsystem_00452551","undefined",1,318,SUCCESS,"Pic_Subsystem_00452551_004d7c20.c"
004d7d5e,"FUN_004d7d5e","undefined",1,121,SUCCESS,"FUN_004d7d5e_004d7d5e.c"
004d7dd7,"FUN_004d7dd7","undefined",1,82,SUCCESS,"FUN_004d7dd7_004d7dd7.c"
004d7e29,"FUN_004d7e29","undefined",1,57,SUCCESS,"FUN_004d7e29_004d7e29.c"
004d7e62,"FUN_004d7e62","undefined",1,67,SUCCESS,"FUN_004d7e62_004d7e62.c"
004d7ea5,"Mem_AllocOrFree_004d7ea5","undefined",0,11,SUCCESS,"Mem_AllocOrFree_004d7ea5_004d7ea5.c"
004d7eb0,"Mem_AllocOrFree_004d7eb0","undefined",0,27,SUCCESS,"Mem_AllocOrFree_004d7eb0_004d7eb0.c"
004d7ecb,"FUN_004d7ecb","undefined",0,141,SUCCESS,"FUN_004d7ecb_004d7ecb.c"
004d7f60,"FUN_004d7f60","undefined",2,88,SUCCESS,"FUN_004d7f60_004d7f60.c"
004d7fb8,"FUN_004d7fb8","undefined",3,444,SUCCESS,"FUN_004d7fb8_004d7fb8.c"
004d8174,"FUN_004d8174","undefined",1,771,SUCCESS,"FUN_004d8174_004d8174.c"
004d8477,"FUN_004d8477","undefined",3,372,SUCCESS,"FUN_004d8477_004d8477.c"
004d85eb,"FUN_004d85eb","undefined",3,280,SUCCESS,"FUN_004d85eb_004d85eb.c"
004d8703,"FUN_004d8703","undefined",1,848,SUCCESS,"FUN_004d8703_004d8703.c"
004d8a53,"FUN_004d8a53","undefined",1,411,SUCCESS,"FUN_004d8a53_004d8a53.c"
004d8bee,"FUN_004d8bee","undefined",3,272,SUCCESS,"FUN_004d8bee_004d8bee.c"
004d8cfe,"FUN_004d8cfe","undefined",3,653,SUCCESS,"FUN_004d8cfe_004d8cfe.c"
004d8f90,"FUN_004d8f90","undefined",1,221,SUCCESS,"FUN_004d8f90_004d8f90.c"
004d9080,"FUN_004d9080","undefined",0,137,SUCCESS,"FUN_004d9080_004d9080.c"
004d910a,"MCIWndCreateA","undefined",0,6,SUCCESS,"MCIWndCreateA_004d910a.c"
004d95f0,"GetOpenFileNameA","BOOL",1,6,SUCCESS,"GetOpenFileNameA_004d95f0.c"
004d95f6,"GetSaveFileNameA","BOOL",1,6,SUCCESS,"GetSaveFileNameA_004d95f6.c"
004d9626,"DeckBuilderMain","undefined",0,6,SUCCESS,"DeckBuilderMain_004d9626.c"
004d9630,"Mem_AllocOrFree_004d9630","undefined",2,7,SUCCESS,"Mem_AllocOrFree_004d9630_004d9630.c"
004d9640,"FUN_004d9640","undefined",2,224,SUCCESS,"FUN_004d9640_004d9640.c"
004d9720,"_sprintf","int",2,236,SUCCESS,"_sprintf_004d9720.c"
004d9810,"Mem_AllocOrFree_004d9810","undefined",1,24,SUCCESS,"Mem_AllocOrFree_004d9810_004d9810.c"
004d9830,"Mem_AllocOrFree_004d9830","undefined",1,19,SUCCESS,"Mem_AllocOrFree_004d9830_004d9830.c"
004d9850,"_rand","int",0,65,SUCCESS,"_rand_004d9850.c"
004d98a0,"_strlen","size_t",1,123,SUCCESS,"_strlen_004d98a0.c"
004d9920,"_strcmp","int",2,129,SUCCESS,"_strcmp_004d9920.c"
004d99b0,"FID_conflict:_memcpy","void *",3,285,SUCCESS,"FID_conflict__memcpy_004d99b0.c"
004d9b00,"_strncmp","int",3,56,SUCCESS,"_strncmp_004d9b00.c"
004d9b40,"_atol","long",1,282,SUCCESS,"_atol_004d9b40.c"
004d9c60,"_atoi","int",1,28,SUCCESS,"_atoi_004d9c60.c"
004d9c80,"__atoi64","longlong",1,324,SUCCESS,"__atoi64_004d9c80.c"
004d9dd0,"__assert","undefined",3,951,SUCCESS,"__assert_004d9dd0.c"
004da190,"_memset","void *",3,88,SUCCESS,"_memset_004da190.c"
004da1f0,"__cinit","int",1,66,SUCCESS,"__cinit_004da1f0.c"
004da240,"_exit","void",1,27,SUCCESS,"_exit_004da240.c"
004da260,"__exit","undefined",1,27,SUCCESS,"__exit_004da260.c"
004da280,"__cexit","void",0,25,SUCCESS,"__cexit_004da280.c"
004da2a0,"__c_exit","void",0,25,SUCCESS,"__c_exit_004da2a0.c"
004da2c0,"doexit","undefined",3,251,SUCCESS,"doexit_004da2c0.c"
004da3c0,"__initterm","undefined",2,49,SUCCESS,"__initterm_004da3c0.c"
004da400,"_fread","size_t",4,456,SUCCESS,"_fread_004da400.c"
004da5d0,"_malloc","void *",1,40,SUCCESS,"_malloc_004da5d0.c"
004da600,"__malloc_dbg","undefined",4,46,SUCCESS,"__malloc_dbg_004da600.c"
004da630,"__nh_malloc","void *",2,38,SUCCESS,"__nh_malloc_004da630.c"
004da660,"__nh_malloc_dbg","undefined",5,101,SUCCESS,"__nh_malloc_dbg_004da660.c"
004da6d0,"__heap_alloc","void *",1,34,SUCCESS,"__heap_alloc_004da6d0.c"
004da700,"__heap_alloc_dbg","undefined",4,818,SUCCESS,"__heap_alloc_dbg_004da700.c"
004daa40,"_calloc","void *",2,38,SUCCESS,"_calloc_004daa40.c"
004daa70,"__calloc_dbg","undefined",5,110,SUCCESS,"__calloc_dbg_004daa70.c"
004daae0,"FID_conflict:__expand","void *",2,38,SUCCESS,"FID_conflict___expand_004daae0.c"
004dab10,"__realloc_dbg","undefined",5,55,SUCCESS,"__realloc_dbg_004dab10.c"
004dab50,"realloc_help","undefined",6,1409,SUCCESS,"realloc_help_004dab50.c"
004db0e0,"FID_conflict:__expand","void *",2,38,SUCCESS,"FID_conflict___expand_004db0e0.c"
004db110,"__expand_dbg","undefined",5,55,SUCCESS,"__expand_dbg_004db110.c"
004db150,"FUN_004db150","undefined",1,25,SUCCESS,"FUN_004db150_004db150.c"
004db170,"__free_dbg","undefined",2,1057,SUCCESS,"__free_dbg_004db170.c"
004db5a0,"__msize","size_t",1,30,SUCCESS,"__msize_004db5a0.c"
004db5c0,"__msize_dbg","undefined",2,358,SUCCESS,"__msize_dbg_004db5c0.c"
004db730,"Mem_AllocOrFree_004db730","undefined",1,38,SUCCESS,"Mem_AllocOrFree_004db730_004db730.c"
004db760,"__CrtSetDbgBlockType","undefined",2,160,SUCCESS,"__CrtSetDbgBlockType_004db760.c"
004db800,"Mem_AllocOrFree_004db800","undefined",1,38,SUCCESS,"Mem_AllocOrFree_004db800_004db800.c"
004db830,"_CheckBytes","undefined",3,140,SUCCESS,"_CheckBytes_004db830.c"
004db8c0,"__CrtCheckMemory","undefined",0,873,SUCCESS,"__CrtCheckMemory_004db8c0.c"
004dbc40,"__CrtSetDbgFlag","undefined",1,48,SUCCESS,"__CrtSetDbgFlag_004dbc40.c"
004dbc70,"__CrtDoForAllClientObjects","undefined",2,105,SUCCESS,"__CrtDoForAllClientObjects_004dbc70.c"
004dbce0,"__CrtIsValidPointer","undefined",3,92,SUCCESS,"__CrtIsValidPointer_004dbce0.c"
004dbd40,"__CrtIsValidHeapPointer","undefined",1,182,SUCCESS,"__CrtIsValidHeapPointer_004dbd40.c"
004dbe10,"__CrtIsMemoryBlock","undefined",5,255,SUCCESS,"__CrtIsMemoryBlock_004dbe10.c"
004dbf10,"Mem_AllocOrFree_004dbf10","undefined",1,38,SUCCESS,"Mem_AllocOrFree_004dbf10_004dbf10.c"
004dbf40,"__CrtMemCheckpoint","undefined",1,316,SUCCESS,"__CrtMemCheckpoint_004dbf40.c"
004dc080,"__CrtMemDifference","undefined",3,312,SUCCESS,"__CrtMemDifference_004dc080.c"
004dc1c0,"__CrtMemDumpAllObjectsSince","undefined",1,704,SUCCESS,"__CrtMemDumpAllObjectsSince_004dc1c0.c"
004dc480,"__printMemBlockData","undefined",1,252,SUCCESS,"__printMemBlockData_004dc480.c"
004dc580,"__CrtDumpMemoryLeaks","undefined",0,132,SUCCESS,"__CrtDumpMemoryLeaks_004dc580.c"
004dc610,"__CrtMemDumpStatistics","undefined",1,199,SUCCESS,"__CrtMemDumpStatistics_004dc610.c"
004dc6e0,"__fsopen","FILE *",3,258,SUCCESS,"__fsopen_004dc6e0.c"
004dc7f0,"_fopen","FILE *",2,34,SUCCESS,"_fopen_004dc7f0.c"
004dc820,"_fclose","int",1,237,SUCCESS,"_fclose_004dc820.c"
004dc910,"_bsearch","void *",5,277,SUCCESS,"_bsearch_004dc910.c"
004dca30,"_fseek","int",3,304,SUCCESS,"_fseek_004dca30.c"
004dcb60,"__splitpath","void",5,578,SUCCESS,"__splitpath_004dcb60.c"
004dcdb0,"_fgets","char *",3,301,SUCCESS,"_fgets_004dcdb0.c"
004dcee0,"_fscanf","int",2,139,SUCCESS,"_fscanf_004dcee0.c"
004dcf80,"_strchr","char *",2,193,SUCCESS,"_strchr_004dcf80.c"
004dd040,"_sscanf","int",2,193,SUCCESS,"_sscanf_004dd040.c"
004dd110,"_strspn","size_t",2,62,SUCCESS,"_strspn_004dd110.c"
004dd150,"_strcspn","size_t",2,62,SUCCESS,"_strcspn_004dd150.c"
004dd190,"FID_conflict:__mkdir","int",1,94,SUCCESS,"FID_conflict___mkdir_004dd190.c"
004dd1f0,"_fgetc","int",1,126,SUCCESS,"_fgetc_004dd1f0.c"
004dd270,"_getc","int",1,28,SUCCESS,"_getc_004dd270.c"
004dd290,"__open","int",2,67,SUCCESS,"__open_004dd290.c"
004dd2e0,"__sopen","int",3,1355,SUCCESS,"__sopen_004dd2e0.c"
004dd880,"__close","int",1,267,SUCCESS,"__close_004dd880.c"
004dd990,"__read","int",3,1156,SUCCESS,"__read_004dd990.c"
004dde30,"_memcmp","int",3,172,SUCCESS,"_memcmp_004dde30.c"
004ddee0,"Mem_AllocOrFree_004ddee0","undefined",0,47,SUCCESS,"Mem_AllocOrFree_004ddee0_004ddee0.c"
004ddf10,"FID_conflict:__fwrite_lk","size_t",4,536,SUCCESS,"FID_conflict___fwrite_lk_004ddf10.c"
004de130,"_strrchr","char *",2,39,SUCCESS,"_strrchr_004de130.c"
004de160,"__isctype","int",2,182,SUCCESS,"__isctype_004de160.c"
004de220,"__allshl","undefined",2,31,SUCCESS,"__allshl_004de220.c"
004de240,"_ftell","long",1,674,SUCCESS,"_ftell_004de240.c"
004de4f0,"_fprintf","int",2,176,SUCCESS,"_fprintf_004de4f0.c"
004de5a0,"_ctime","char *",1,63,SUCCESS,"_ctime_004de5a0.c"
004de5f0,"_time","time_t",1,390,SUCCESS,"_time_004de5f0.c"
004de780,"__vsnprintf","int",4,229,SUCCESS,"__vsnprintf_004de780.c"
004de870,"_strncpy","char *",3,254,SUCCESS,"_strncpy_004de870.c"
004de970,"__fpmath","void",1,38,SUCCESS,"__fpmath_004de970.c"
004de9a0,"Mem_AllocOrFree_004de9a0","undefined",0,16,SUCCESS,"Mem_AllocOrFree_004de9a0_004de9a0.c"
004de9b0,"__cfltcvt_init","undefined",0,71,SUCCESS,"__cfltcvt_init_004de9b0.c"
004dea00,"Mem_AllocOrFree_004dea00","undefined",1,38,SUCCESS,"Mem_AllocOrFree_004dea00_004dea00.c"
004dea30,"entry","undefined",0,494,SUCCESS,"entry_004dea30.c"
004dec80,"__amsg_exit","void",1,55,SUCCESS,"__amsg_exit_004dec80.c"
004decc0,"__flsbuf","int",2,660,SUCCESS,"__flsbuf_004decc0.c"
004def60,"__output","undefined",3,3177,SUCCESS,"__output_004def60.c"
004dfcf0,"write_char","undefined",3,117,SUCCESS,"write_char_004dfcf0.c"
004dfd70,"write_multi_char","undefined",4,75,SUCCESS,"write_multi_char_004dfd70.c"
004dfdc0,"write_string","undefined",4,87,SUCCESS,"write_string_004dfdc0.c"
004dfe20,"get_int_arg","undefined",1,30,SUCCESS,"get_int_arg_004dfe20.c"
004dfe40,"get_int64_arg","undefined",1,35,SUCCESS,"get_int64_arg_004dfe40.c"
004dfe70,"get_short_arg","undefined",1,31,SUCCESS,"get_short_arg_004dfe70.c"
004dfe90,"__CrtDbgBreak","undefined",0,17,SUCCESS,"__CrtDbgBreak_004dfe90.c"
004dfeb0,"__CrtSetReportMode","undefined",2,126,SUCCESS,"__CrtSetReportMode_004dfeb0.c"
004dff30,"__CrtSetReportFile","undefined",2,169,SUCCESS,"__CrtSetReportFile_004dff30.c"
004dffe0,"Mem_AllocOrFree_004dffe0","undefined",1,38,SUCCESS,"Mem_AllocOrFree_004dffe0_004dffe0.c"
004e0010,"__CrtDbgReport","undefined",5,998,SUCCESS,"__CrtDbgReport_004e0010.c"
004e0400,"_CrtMessageWindow","undefined",0,813,SUCCESS,"_CrtMessageWindow_004e0400.c"
004e0730,"__allmul","undefined",4,52,SUCCESS,"__allmul_004e0730.c"
004e0770,"_abort","void",0,41,SUCCESS,"_abort_004e0770.c"
004e07a0,"_signal","void",1,432,SUCCESS,"_signal_004e07a0.c"
004e0980,"ctrlevent_capture","undefined",1,136,SUCCESS,"ctrlevent_capture_004e0980.c"
004e0a10,"_raise","int",1,475,SUCCESS,"_raise_004e0a10.c"
004e0c30,"siglookup","undefined",1,99,SUCCESS,"siglookup_004e0c30.c"
004e0ca0,"___crtMessageBoxA","int",3,223,SUCCESS,"___crtMessageBoxA_004e0ca0.c"
004e0d80,"_strncat","char *",3,291,SUCCESS,"_strncat_004e0d80.c"
004e0eb0,"__itoa","char *",3,88,SUCCESS,"__itoa_004e0eb0.c"
004e0f10,"xtoa","undefined",4,181,SUCCESS,"xtoa_004e0f10.c"
004e0fd0,"__ltoa","char *",3,85,SUCCESS,"__ltoa_004e0fd0.c"
004e1030,"__ultoa","char *",3,41,SUCCESS,"__ultoa_004e1030.c"
004e1060,"__i64toa","char *",3,102,SUCCESS,"__i64toa_004e1060.c"
004e10d0,"x64toa","undefined",5,216,SUCCESS,"x64toa_004e10d0.c"
004e11b0,"__ui64toa","char *",3,42,SUCCESS,"__ui64toa_004e11b0.c"
004e11e0,"_fflush","int",1,126,SUCCESS,"_fflush_004e11e0.c"
004e1260,"__flush","int",1,186,SUCCESS,"__flush_004e1260.c"
004e1320,"__flushall","int",0,26,SUCCESS,"__flushall_004e1320.c"
004e1340,"flsall","undefined",1,247,SUCCESS,"flsall_004e1340.c"
004e1440,"___initstdio","undefined",0,338,SUCCESS,"___initstdio_004e1440.c"
004e15a0,"___endstdio","undefined",0,36,SUCCESS,"___endstdio_004e15a0.c"
004e15d0,"_setvbuf","int",4,347,SUCCESS,"_setvbuf_004e15d0.c"
004e1730,"__filbuf","int",1,479,SUCCESS,"__filbuf_004e1730.c"
004e1910,"Mem_AllocOrFree_004e1910","undefined",1,38,SUCCESS,"Mem_AllocOrFree_004e1910_004e1910.c"
004e1940,"Mem_AllocOrFree_004e1940","undefined",0,21,SUCCESS,"Mem_AllocOrFree_004e1940_004e1940.c"
004e1960,"__callnewh","int",1,62,SUCCESS,"__callnewh_004e1960.c"
004e19a0,"__malloc_base","undefined",1,34,SUCCESS,"__malloc_base_004e19a0.c"
004e19d0,"__nh_malloc_base","undefined",2,150,SUCCESS,"__nh_malloc_base_004e19d0.c"
004e1a70,"__heap_alloc_base","undefined",1,99,SUCCESS,"__heap_alloc_base_004e1a70.c"
004e1ae0,"Mem_AllocOrFree_004e1ae0","undefined",0,21,SUCCESS,"Mem_AllocOrFree_004e1ae0_004e1ae0.c"
004e1b00,"__expand_base","undefined",2,195,SUCCESS,"__expand_base_004e1b00.c"
004e1bd0,"__realloc_base","undefined",2,518,SUCCESS,"__realloc_base_004e1bd0.c"
004e1de0,"__free_base","undefined",1,105,SUCCESS,"__free_base_004e1de0.c"
004e1e50,"__heapchk","int",0,120,SUCCESS,"__heapchk_004e1e50.c"
004e1ed0,"__heapset","int",1,21,SUCCESS,"__heapset_004e1ed0.c"
004e1ef0,"__heap_init","int",0,93,SUCCESS,"__heap_init_004e1ef0.c"
004e1f50,"__heap_term","void",0,93,SUCCESS,"__heap_term_004e1f50.c"
004e1fb0,"Mem_AllocOrFree_004e1fb0","undefined",0,21,SUCCESS,"Mem_AllocOrFree_004e1fb0_004e1fb0.c"
004e1fd0,"__set_sbh_threshold","undefined",1,61,SUCCESS,"__set_sbh_threshold_004e1fd0.c"
004e2020,"___sbh_new_region","undefined",0,508,SUCCESS,"___sbh_new_region_004e2020.c"
004e2230,"___sbh_release_region","undefined",1,132,SUCCESS,"___sbh_release_region_004e2230.c"
004e22c0,"___sbh_decommit_pages","undefined",1,376,SUCCESS,"___sbh_decommit_pages_004e22c0.c"
004e2440,"___sbh_find_block","undefined",3,162,SUCCESS,"___sbh_find_block_004e2440.c"
004e24f0,"___sbh_free_block","undefined",3,136,SUCCESS,"___sbh_free_block_004e24f0.c"
004e2580,"___sbh_alloc_block","undefined",1,1207,SUCCESS,"___sbh_alloc_block_004e2580.c"
004e2a50,"___sbh_alloc_block_from_page","undefined",3,763,SUCCESS,"___sbh_alloc_block_from_page_004e2a50.c"
004e2d50,"___sbh_resize_block","undefined",4,439,SUCCESS,"___sbh_resize_block_004e2d50.c"
004e2f10,"___sbh_heap_check","undefined",0,617,SUCCESS,"___sbh_heap_check_004e2f10.c"
004e3180,"__openfile","FILE *",4,831,SUCCESS,"__openfile_004e3180.c"
004e3540,"__getstream","FILE *",0,274,SUCCESS,"__getstream_004e3540.c"
004e3660,"__freebuf","void",1,138,SUCCESS,"__freebuf_004e3660.c"
004e36f0,"__lseek","long",3,285,SUCCESS,"__lseek_004e36f0.c"
004e3810,"__mbsnbcpy","uchar *",3,277,SUCCESS,"__mbsnbcpy_004e3810.c"
004e3930,"__setmbcp","int",1,815,SUCCESS,"__setmbcp_004e3930.c"
004e3c60,"getSystemCP","undefined",1,121,SUCCESS,"getSystemCP_004e3c60.c"
004e3cf0,"_CPtoLCID","undefined",1,107,SUCCESS,"_CPtoLCID_004e3cf0.c"
004e3d90,"setSBCS","undefined",0,120,SUCCESS,"setSBCS_004e3d90.c"
004e3e10,"Mem_AllocOrFree_004e3e10","undefined",0,21,SUCCESS,"Mem_AllocOrFree_004e3e10_004e3e10.c"
004e3e30,"___initmbctable","undefined",0,21,SUCCESS,"___initmbctable_004e3e30.c"
004e3e50,"__input","undefined",3,4808,SUCCESS,"__input_004e3e50.c"
004e5200,"__hextodec","undefined",1,102,SUCCESS,"__hextodec_004e5200.c"
004e5270,"__inc","undefined",1,79,SUCCESS,"__inc_004e5270.c"
004e52c0,"__un_inc","undefined",2,37,SUCCESS,"__un_inc_004e52c0.c"
004e52f0,"__whiteout","undefined",2,67,SUCCESS,"__whiteout_004e52f0.c"
004e5340,"__dosmaperr","void",1,177,SUCCESS,"__dosmaperr_004e5340.c"
004e5400,"__ioinit","int",0,808,SUCCESS,"__ioinit_004e5400.c"
004e5730,"__ioterm","void",0,104,SUCCESS,"__ioterm_004e5730.c"
004e57a0,"__chsize","int",2,675,SUCCESS,"__chsize_004e57a0.c"
004e5a50,"__alloc_osfhnd","int",0,333,SUCCESS,"__alloc_osfhnd_004e5a50.c"
004e5ba0,"__set_osfhnd","int",2,234,SUCCESS,"__set_osfhnd_004e5ba0.c"
004e5ca0,"__free_osfhnd","int",1,263,SUCCESS,"__free_osfhnd_004e5ca0.c"
004e5dc0,"__get_osfhandle","intptr_t",1,118,SUCCESS,"__get_osfhandle_004e5dc0.c"
004e5e40,"__open_osfhandle","int",2,256,SUCCESS,"__open_osfhandle_004e5e40.c"
004e5f40,"__write","int",3,744,SUCCESS,"__write_004e5f40.c"
004e6240,"___crtGetStringTypeW","undefined",6,607,SUCCESS,"___crtGetStringTypeW_004e6240.c"
004e64a0,"___crtGetStringTypeA","BOOL",7,406,SUCCESS,"___crtGetStringTypeA_004e64a0.c"
004e6640,"__stbuf","int",1,330,SUCCESS,"__stbuf_004e6640.c"
004e6790,"__ftbuf","void",2,182,SUCCESS,"__ftbuf_004e6790.c"
004e6850,"_asctime","char *",1,345,SUCCESS,"_asctime_004e6850.c"
004e69b0,"store_dt","undefined",2,63,SUCCESS,"store_dt_004e69b0.c"
004e69f0,"_localtime","tm *",1,597,SUCCESS,"_localtime_004e69f0.c"
004e6c50,"___loctotime_t","undefined",7,274,SUCCESS,"___loctotime_t_004e6c50.c"
004e6d70,"__setdefaultprecision","undefined",0,29,SUCCESS,"__setdefaultprecision_004e6d70.c"
004e6d90,"__ms_p5_test_fdiv","undefined",0,94,SUCCESS,"__ms_p5_test_fdiv_004e6d90.c"
004e6df0,"__ms_p5_mp_test_fdiv","undefined",0,86,SUCCESS,"__ms_p5_mp_test_fdiv_004e6df0.c"
004e6e50,"__forcdecpt","void",1,179,SUCCESS,"__forcdecpt_004e6e50.c"
004e6f10,"__cropzeros","void",1,223,SUCCESS,"__cropzeros_004e6f10.c"
004e6ff0,"__positive","int",1,50,SUCCESS,"__positive_004e6ff0.c"
004e7030,"__fassign","void",3,83,SUCCESS,"__fassign_004e7030.c"
004e7090,"__cftoe","errno_t",5,458,SUCCESS,"__cftoe_004e7090.c"
004e7260,"__cftof","errno_t",4,393,SUCCESS,"__cftof_004e7260.c"
004e73f0,"__cftog","undefined",4,281,SUCCESS,"__cftog_004e73f0.c"
004e7510,"__cftoe_g","undefined",4,63,SUCCESS,"__cftoe_g_004e7510.c"
004e7550,"__cftof_g","undefined",3,59,SUCCESS,"__cftof_g_004e7550.c"
004e7590,"__cfltcvt","errno_t",6,119,SUCCESS,"__cfltcvt_004e7590.c"
004e7610,"__shift","undefined",2,54,SUCCESS,"__shift_004e7610.c"
004e7648,"__global_unwind2","undefined",1,32,SUCCESS,"__global_unwind2_004e7648.c"
004e768a,"__local_unwind2","undefined",2,104,SUCCESS,"__local_unwind2_004e768a.c"
004e771e,"Mem_AllocOrFree_004e771e","undefined",0,24,SUCCESS,"Mem_AllocOrFree_004e771e_004e771e.c"
004e7740,"__XcptFilter","int",2,500,SUCCESS,"__XcptFilter_004e7740.c"
004e7940,"xcptlookup","undefined",1,97,SUCCESS,"xcptlookup_004e7940.c"
004e79b0,"__ismbbkalnum","int",1,32,SUCCESS,"__ismbbkalnum_004e79b0.c"
004e79d0,"__ismbbkprint","int",1,32,SUCCESS,"__ismbbkprint_004e79d0.c"
004e79f0,"__ismbbkpunct","int",1,32,SUCCESS,"__ismbbkpunct_004e79f0.c"
004e7a10,"__ismbbalnum","int",1,35,SUCCESS,"__ismbbalnum_004e7a10.c"
004e7a40,"__ismbbalpha","int",1,35,SUCCESS,"__ismbbalpha_004e7a40.c"
004e7a70,"__ismbbgraph","int",1,35,SUCCESS,"__ismbbgraph_004e7a70.c"
004e7aa0,"__ismbbprint","int",1,35,SUCCESS,"__ismbbprint_004e7aa0.c"
004e7ad0,"__ismbbpunct","int",1,32,SUCCESS,"__ismbbpunct_004e7ad0.c"
004e7af0,"__ismbblead","int",1,32,SUCCESS,"__ismbblead_004e7af0.c"
004e7b10,"__ismbbtrail","int",1,32,SUCCESS,"__ismbbtrail_004e7b10.c"
004e7b30,"__ismbbkana","int",1,68,SUCCESS,"__ismbbkana_004e7b30.c"
004e7b80,"x_ismbbtype","undefined",3,110,SUCCESS,"x_ismbbtype_004e7b80.c"
004e7bf0,"__setargv","int",0,204,SUCCESS,"__setargv_004e7bf0.c"
004e7cc0,"parse_cmdline","undefined",5,958,SUCCESS,"parse_cmdline_004e7cc0.c"
004e8080,"___crtGetEnvironmentStringsW","LPVOID",0,689,SUCCESS,"___crtGetEnvironmentStringsW_004e8080.c"
004e8340,"___crtGetEnvironmentStringsA","LPVOID",0,602,SUCCESS,"___crtGetEnvironmentStringsA_004e8340.c"
004e8661,"FUN_004e8661","undefined",1,27,SUCCESS,"FUN_004e8661_004e8661.c"
004e8680,"__FF_MSGBANNER","void",0,95,SUCCESS,"__FF_MSGBANNER_004e8680.c"
004e86e0,"__NMSG_WRITE","void",1,537,SUCCESS,"__NMSG_WRITE_004e86e0.c"
004e8900,"__GET_RTERRMSG","wchar_t *",1,109,SUCCESS,"__GET_RTERRMSG_004e8900.c"
004e8980,"__getbuf","void",1,188,SUCCESS,"__getbuf_004e8980.c"
004e8a40,"__isatty","int",1,66,SUCCESS,"__isatty_004e8a40.c"
004e8a90,"_wctomb","int",2,198,SUCCESS,"_wctomb_004e8a90.c"
004e8b60,"__aulldiv","undefined",4,104,SUCCESS,"__aulldiv_004e8b60.c"
004e8bd0,"__aullrem","undefined",4,117,SUCCESS,"__aullrem_004e8bd0.c"
004e8c50,"__snprintf","int",3,235,SUCCESS,"__snprintf_004e8c50.c"
004e8d40,"__commit","int",1,217,SUCCESS,"__commit_004e8d40.c"
004e8e20,"__fcloseall","int",0,187,SUCCESS,"__fcloseall_004e8e20.c"
004e8ee0,"_mbtowc","int",3,410,SUCCESS,"_mbtowc_004e8ee0.c"
004e9080,"_isalpha","int",1,74,SUCCESS,"_isalpha_004e9080.c"
004e90d0,"_isupper","int",1,68,SUCCESS,"_isupper_004e90d0.c"
004e9120,"_islower","int",1,68,SUCCESS,"_islower_004e9120.c"
004e9170,"_isdigit","int",1,68,SUCCESS,"_isdigit_004e9170.c"
004e91c0,"_isxdigit","int",1,74,SUCCESS,"_isxdigit_004e91c0.c"
004e9210,"_isspace","int",1,68,SUCCESS,"_isspace_004e9210.c"
004e9260,"_ispunct","int",1,68,SUCCESS,"_ispunct_004e9260.c"
004e92b0,"_isalnum","int",1,74,SUCCESS,"_isalnum_004e92b0.c"
004e9300,"_isprint","int",1,74,SUCCESS,"_isprint_004e9300.c"
004e9350,"_isgraph","int",1,74,SUCCESS,"_isgraph_004e9350.c"
004e93a0,"_iscntrl","int",1,68,SUCCESS,"_iscntrl_004e93a0.c"
004e93f0,"___isascii","int",1,41,SUCCESS,"___isascii_004e93f0.c"
004e9420,"Mem_AllocOrFree_004e9420","undefined",1,22,SUCCESS,"Mem_AllocOrFree_004e9420_004e9420.c"
004e9440,"___iscsymf","int",1,113,SUCCESS,"___iscsymf_004e9440.c"
004e94c0,"___iscsym","int",1,113,SUCCESS,"___iscsym_004e94c0.c"
004e9540,"_ungetc","int",2,299,SUCCESS,"_ungetc_004e9540.c"
004e9670,"__setmode","int",2,308,SUCCESS,"__setmode_004e9670.c"
004e97b0,"FID_conflict:_memcpy","void *",3,285,SUCCESS,"FID_conflict__memcpy_004e97b0.c"
004e9900,"___tzset","undefined",0,35,SUCCESS,"___tzset_004e9900.c"
004e9930,"__tzset","void",0,861,SUCCESS,"__tzset_004e9930.c"
004e9c90,"__isindst","int",1,859,SUCCESS,"__isindst_004e9c90.c"
004ea000,"cvtdate","undefined",11,515,SUCCESS,"cvtdate_004ea000.c"
004ea210,"_gmtime","tm *",1,487,SUCCESS,"_gmtime_004ea210.c"
004ea400,"__statusfp","uint",0,35,SUCCESS,"__statusfp_004ea400.c"
004ea430,"__clearfp","uint",0,36,SUCCESS,"__clearfp_004ea430.c"
004ea460,"__control87","uint",2,79,SUCCESS,"__control87_004ea460.c"
004ea4b0,"__controlfp","uint",2,37,SUCCESS,"__controlfp_004ea4b0.c"
004ea4e0,"__fpreset","void",0,89,SUCCESS,"__fpreset_004ea4e0.c"
004ea540,"__abstract_cw","undefined",1,308,SUCCESS,"__abstract_cw_004ea540.c"
004ea690,"__hw_cw","undefined",1,431,SUCCESS,"__hw_cw_004ea690.c"
004ea860,"__abstract_sw","undefined",1,116,SUCCESS,"__abstract_sw_004ea860.c"
004ea8e0,"__fptrap","void",0,21,SUCCESS,"__fptrap_004ea8e0.c"
004ea900,"Mem_AllocOrFree_004ea900","undefined",1,22,SUCCESS,"Mem_AllocOrFree_004ea900_004ea900.c"
004ea920,"_tolower","int",1,313,SUCCESS,"_tolower_004ea920.c"
004eaa60,"__ZeroTail","undefined",2,153,SUCCESS,"__ZeroTail_004eaa60.c"
004eab00,"__IncMan","undefined",2,179,SUCCESS,"__IncMan_004eab00.c"
004eabc0,"__RoundMan","undefined",2,220,SUCCESS,"__RoundMan_004eabc0.c"
004eaca0,"__CopyMan","undefined",2,74,SUCCESS,"__CopyMan_004eaca0.c"
004eacf0,"__FillZeroMan","undefined",1,57,SUCCESS,"__FillZeroMan_004eacf0.c"
004ead30,"__IsZeroMan","undefined",1,77,SUCCESS,"__IsZeroMan_004ead30.c"
004ead80,"__ShrMan","undefined",2,235,SUCCESS,"__ShrMan_004ead80.c"
004eae70,"__ld12cvt","undefined",3,616,SUCCESS,"__ld12cvt_004eae70.c"
004eb0e0,"FID_conflict:__ld12tod","INTRNCVT_STATUS",2,37,SUCCESS,"FID_conflict___ld12tod_004eb0e0.c"
004eb110,"FID_conflict:__ld12tod","INTRNCVT_STATUS",2,37,SUCCESS,"FID_conflict___ld12tod_004eb110.c"
004eb140,"__ld12told","INTRNCVT_STATUS",2,201,SUCCESS,"__ld12told_004eb140.c"
004eb210,"FID_conflict:__atodbl","int",2,58,SUCCESS,"FID_conflict___atodbl_004eb210.c"
004eb250,"__atoldbl","int",2,58,SUCCESS,"__atoldbl_004eb250.c"
004eb290,"FID_conflict:__atodbl","int",2,58,SUCCESS,"FID_conflict___atodbl_004eb290.c"
004eb2d0,"__fptostr","errno_t",4,215,SUCCESS,"__fptostr_004eb2d0.c"
004eb3b0,"__fltout","undefined",0,111,SUCCESS,"__fltout_004eb3b0.c"
004eb420,"___dtold","undefined",2,375,SUCCESS,"___dtold_004eb420.c"
004eb5a0,"_wcslen","size_t",1,66,SUCCESS,"_wcslen_004eb5a0.c"
004eb5f0,"_wcstombs","size_t",3,829,SUCCESS,"_wcstombs_004eb5f0.c"
004eb950,"wcsncnt","undefined",2,110,SUCCESS,"wcsncnt_004eb950.c"
004eb9c0,"_getenv","char *",1,227,SUCCESS,"_getenv_004eb9c0.c"
004ebab0,"___crtLCMapStringW","int",6,760,SUCCESS,"___crtLCMapStringW_004ebab0.c"
004ebdb0,"wcsncnt","undefined",2,108,SUCCESS,"wcsncnt_004ebdb0.c"
004ebe20,"___crtLCMapStringA","int",9,791,SUCCESS,"___crtLCMapStringA_004ebe20.c"
004ec140,"_strncnt","size_t",2,100,SUCCESS,"_strncnt_004ec140.c"
004ec1b0,"___addl","undefined",3,73,SUCCESS,"___addl_004ec1b0.c"
004ec200,"___add_12","undefined",2,171,SUCCESS,"___add_12_004ec200.c"
004ec2b0,"___shl_12","undefined",1,118,SUCCESS,"___shl_12_004ec2b0.c"
004ec330,"___shr_12","undefined",1,119,SUCCESS,"___shr_12_004ec330.c"
004ec3b0,"___mtold12","undefined",3,312,SUCCESS,"___mtold12_004ec3b0.c"
004ec4f0,"___strgtold12","uint",7,2795,SUCCESS,"___strgtold12_004ec4f0.c"
004ed110,"___STRINGTOLD","uint",4,88,SUCCESS,"___STRINGTOLD_004ed110.c"
004ed170,"$I10_OUTPUT","undefined",6,1335,SUCCESS,"_I10_OUTPUT_004ed170.c"
004ed6b0,"__mbsnbicoll","int",3,103,SUCCESS,"__mbsnbicoll_004ed6b0.c"
004ed720,"___wtomb_environ","int",0,205,SUCCESS,"___wtomb_environ_004ed720.c"
004ed7f0,"___ld12mul","undefined",2,1063,SUCCESS,"___ld12mul_004ed7f0.c"
004edc20,"___multtenpow12","undefined",3,216,SUCCESS,"___multtenpow12_004edc20.c"
004edd00,"___crtCompareStringW","int",6,746,SUCCESS,"___crtCompareStringW_004edd00.c"
004edff0,"wcsncnt","undefined",2,108,SUCCESS,"wcsncnt_004edff0.c"
004ee060,"___crtCompareStringA","int",8,1107,SUCCESS,"___crtCompareStringA_004ee060.c"
004ee4c0,"_strncnt","size_t",2,100,SUCCESS,"_strncnt_004ee4c0.c"
004ee530,"___crtsetenv","int",2,867,SUCCESS,"___crtsetenv_004ee530.c"
004ee8a0,"findenv","undefined",2,155,SUCCESS,"findenv_004ee8a0.c"
004ee940,"copy_environ","undefined",1,255,SUCCESS,"copy_environ_004ee940.c"
004eea40,"__mbschr","uchar *",2,229,SUCCESS,"__mbschr_004eea40.c"
004eec20,"RtlUnwind","void",4,6,SUCCESS,"RtlUnwind_004eec20.c"
004eec70,"__chdir","int",1,226,SUCCESS,"__chdir_004eec70.c"
004eed60,"__strcmpi","int",2,140,SUCCESS,"__strcmpi_004eed60.c"
004eedf0,"__strnicmp","int",3,173,SUCCESS,"__strnicmp_004eedf0.c"
004eeea0,"__strlwr","char *",1,293,SUCCESS,"__strlwr_004eeea0.c"
004eefd0,"__mbctoupper","uint",1,188,SUCCESS,"__mbctoupper_004eefd0.c"
006c5000,"FUN_006c5000","undefined",3,396,SUCCESS,"FUN_006c5000_006c5000.c"
006c5245,"FUN_006c5245","undefined",2,112,SUCCESS,"FUN_006c5245_006c5245.c"
006c52b5,"FUN_006c52b5","undefined",0,75,SUCCESS,"FUN_006c52b5_006c52b5.c"
006c5300,"FUN_006c5300","undefined",1,146,SUCCESS,"FUN_006c5300_006c5300.c"
006c5392,"FUN_006c5392","undefined",3,242,SUCCESS,"FUN_006c5392_006c5392.c"
006c5484,"Mem_AllocOrFree_006c5484","undefined",2,36,SUCCESS,"Mem_AllocOrFree_006c5484_006c5484.c"
