Address,FunctionName,SourceFile,ModuleGroup
00401000,"UI_CreateWindow_00401000","unattributed/duel_core.c","unattributed"
004010b7,"FUN_004010b7","unattributed/duel_core.c","unattributed"
004010e5,"UI_WndProc_004010e5","unattributed/duel_core.c","unattributed"
004014e0,"FUN_004014e0","unattributed/duel_core.c","unattributed"
0040179d,"FUN_0040179d","unattributed/duel_core.c","unattributed"
00401900,"Palette_Color_0049ae00","unattributed/duel_core.c","unattributed"
00401ca8,"Palette_Color_0049ae00","unattributed/duel_core.c","unattributed"
00401eb9,"FUN_00401eb9","unattributed/duel_core.c","unattributed"
004020ca,"FUN_004020ca","unattributed/duel_core.c","unattributed"
00402245,"FUN_00402245","unattributed/duel_core.c","unattributed"
00402360,"FUN_00402360","unattributed/duel_core.c","unattributed"
0040253d,"FUN_0040253d","unattributed/duel_core.c","unattributed"
00402680,"FUN_00402680","unattributed/duel_core.c","unattributed"
00402889,"FUN_00402889","unattributed/duel_core.c","unattributed"
004028e4,"FUN_004028e4","unattributed/duel_core.c","unattributed"
00402970,"Palette_Color_0049ae00","unattributed/duel_core.c","unattributed"
00402cc1,"Palette_Color_0049ae00","unattributed/duel_core.c","unattributed"
00402efd,"FUN_00402efd","unattributed/duel_core.c","unattributed"
00402fea,"Glue_Subsystem_004dec09","unattributed/duel_core.c","unattributed"
00403725,"FUN_00403725","unattributed/duel_core.c","unattributed"
00403943,"FUN_00403943","unattributed/duel_core.c","unattributed"
00403b5f,"FUN_00403b5f","unattributed/duel_core.c","unattributed"
00403c4c,"FUN_00403c4c","unattributed/duel_core.c","unattributed"
00403d86,"Palette_Color_0049ae00","unattributed/duel_core.c","unattributed"
0040420c,"Palette_Color_0049ae00","unattributed/duel_core.c","unattributed"
004044b3,"Palette_Color_0049ae00","unattributed/duel_core.c","unattributed"
00404a71,"FUN_00404a71","unattributed/duel_core.c","unattributed"
00404b06,"FUN_00404b06","unattributed/duel_core.c","unattributed"
00404bd4,"Palette_Color_0049ae00","unattributed/duel_core.c","unattributed"
00405831,"Palette_Color_0049ae00","unattributed/duel_core.c","unattributed"
00405bc0,"FUN_00405bc0","unattributed/duel_core.c","unattributed"
00405d02,"Palette_Color_0049ae00","unattributed/duel_core.c","unattributed"
00406226,"Pic_Load_0042a1c9","unattributed/duel_core.c","unattributed"
00406675,"Glue_Subsystem_004e4508","unattributed/duel_core.c","unattributed"
00406937,"Pic_Load_0042a1c9","unattributed/duel_core.c","unattributed"
00406cb0,"Glue_Subsystem_004e4508","unattributed/duel_core.c","unattributed"
00406ef0,"Palette_Color_0049ae00","unattributed/duel_core.c","unattributed"
004071cd,"Palette_Color_0049ae00","unattributed/duel_core.c","unattributed"
0040753d,"Palette_Color_0049ae00","unattributed/duel_core.c","unattributed"
0040776c,"Glue_Subsystem_004e4508","unattributed/duel_core.c","unattributed"
00407a1e,"Palette_Color_0049ae00","unattributed/duel_core.c","unattributed"
00407c33,"FUN_00407c33","unattributed/duel_core.c","unattributed"
00407e93,"FUN_00407e93","unattributed/duel_core.c","unattributed"
0040800f,"FUN_0040800f","unattributed/duel_core.c","unattributed"
00408121,"FUN_00408121","unattributed/duel_core.c","unattributed"
0040826f,"FUN_0040826f","unattributed/duel_core.c","unattributed"
0040839a,"FUN_0040839a","unattributed/duel_core.c","unattributed"
00408487,"FUN_00408487","unattributed/duel_core.c","unattributed"
004085c1,"FUN_004085c1","unattributed/duel_core.c","unattributed"
004086ae,"Palette_Color_0049ae00","unattributed/duel_core.c","unattributed"
00408cce,"Palette_Color_0049ae00","unattributed/duel_core.c","unattributed"
00408f50,"FUN_00408f50","unattributed/duel_core.c","unattributed"
00409006,"Palette_Color_0049ae00","unattributed/duel_core.c","unattributed"
004095b1,"Palette_Color_0049ae00","unattributed/duel_core.c","unattributed"
004097cf,"Palette_Color_0049ae00","unattributed/duel_core.c","unattributed"
004099bb,"FUN_004099bb","unattributed/duel_core.c","unattributed"
00409aa0,"Mem_AllocOrFree_00409aa0","unattributed/duel_core.c","unattributed"
00409ac6,"Mem_AllocOrFree_00409ac6","unattributed/duel_core.c","unattributed"
00409aec,"Mem_AllocOrFree_00409aec","unattributed/duel_core.c","unattributed"
00409b12,"Mem_AllocOrFree_00409b12","unattributed/duel_core.c","unattributed"
00409b38,"Mem_AllocOrFree_00409b38","unattributed/duel_core.c","unattributed"
00409b5e,"FUN_00409b5e","unattributed/duel_core.c","unattributed"
00409cb9,"Mana_Init_00456f29","unattributed/duel_core.c","unattributed"
0040a03a,"Minit_Subsystem_004572aa","unattributed/duel_core.c","unattributed"
0040a4d6,"FUN_0040a4d6","unattributed/duel_core.c","unattributed"
0040a70a,"FUN_0040a70a","unattributed/duel_core.c","unattributed"
0040a940,"FUN_0040a940","unattributed/duel_core.c","unattributed"
0040aaec,"FUN_0040aaec","unattributed/duel_core.c","unattributed"
0040abf8,"Minit_Subsystem_00457e67","unattributed/duel_core.c","unattributed"
0040b327,"FUN_0040b327","unattributed/duel_core.c","unattributed"
0040b469,"FUN_0040b469","unattributed/duel_core.c","unattributed"
0040b626,"FUN_0040b626","unattributed/duel_core.c","unattributed"
0040b998,"FUN_0040b998","unattributed/duel_core.c","unattributed"
0040b9fe,"FUN_0040b9fe","unattributed/duel_core.c","unattributed"
0040ba3d,"FUN_0040ba3d","unattributed/duel_core.c","unattributed"
0040be43,"Card_Setup_004590b4","unattributed/duel_core.c","unattributed"
0040c03d,"Minit_Subsystem_004592ae","unattributed/duel_core.c","unattributed"
0040c267,"Minit_Subsystem_004594d8","unattributed/duel_core.c","unattributed"
0040c560,"Minit_Subsystem_004597d4","unattributed/duel_core.c","unattributed"
0040ca8f,"Minit_Subsystem_00459d0a","unattributed/duel_core.c","unattributed"
0040cea5,"FUN_0040cea5","unattributed/duel_core.c","unattributed"
0040cfd7,"Minit_Subsystem_0045a252","unattributed/duel_core.c","unattributed"
0040d1af,"FUN_0040d1af","unattributed/duel_core.c","unattributed"
0040d2fa,"Minit_Subsystem_0045a575","unattributed/duel_core.c","unattributed"
0040d50e,"FUN_0040d50e","unattributed/duel_core.c","unattributed"
0040d5a8,"Minit_Subsystem_0045a825","unattributed/duel_core.c","unattributed"
0040d786,"Minit_Subsystem_0045a9ff","unattributed/duel_core.c","unattributed"
0040dedd,"Minit_Subsystem_0045b156","unattributed/duel_core.c","unattributed"
0040e289,"Mana_Init_0045b502","unattributed/duel_core.c","unattributed"
0040e560,"Mana_Init_0045b7d9","unattributed/duel_core.c","unattributed"
0040ea12,"FUN_0040ea12","unattributed/duel_core.c","unattributed"
0040ead7,"Minit_Subsystem_0045bd50","unattributed/duel_core.c","unattributed"
0040f321,"Minit_Subsystem_0045c59a","unattributed/duel_core.c","unattributed"
0040fdb5,"FUN_0040fdb5","unattributed/duel_core.c","unattributed"
0040ff7e,"Minit_Subsystem_0045d1f0","unattributed/duel_core.c","unattributed"
004105cf,"FUN_004105cf","unattributed/duel_core.c","unattributed"
0041061c,"FUN_0041061c","unattributed/duel_core.c","unattributed"
00410669,"Minit_Subsystem_0045d8dc","unattributed/duel_core.c","unattributed"
00410b32,"Minit_Subsystem_0045dda5","unattributed/duel_core.c","unattributed"
00410dfe,"FUN_00410dfe","unattributed/duel_core.c","unattributed"
00410f89,"FUN_00410f89","unattributed/duel_core.c","unattributed"
00411032,"FUN_00411032","unattributed/duel_core.c","unattributed"
004110dc,"Mem_AllocOrFree_004110dc","unattributed/duel_core.c","unattributed"
004110fe,"Mem_AllocOrFree_004110fe","unattributed/duel_core.c","unattributed"
00411124,"Mem_AllocOrFree_00411124","unattributed/duel_core.c","unattributed"
0041114a,"Mem_AllocOrFree_0041114a","unattributed/duel_core.c","unattributed"
00411170,"Mem_AllocOrFree_00411170","unattributed/duel_core.c","unattributed"
00411196,"Mem_AllocOrFree_00411196","unattributed/duel_core.c","unattributed"
004111bc,"Mana_Init_0045e430","unattributed/duel_core.c","unattributed"
004117e6,"FUN_004117e6","unattributed/duel_core.c","unattributed"
0041196e,"Minit_Subsystem_0045ebe4","unattributed/duel_core.c","unattributed"
00411fe0,"FUN_00411fe0","unattributed/duel_core.c","unattributed"
00412153,"Mem_AllocOrFree_00412153","unattributed/duel_core.c","unattributed"
00412179,"Mem_AllocOrFree_00412179","unattributed/duel_core.c","unattributed"
0041219f,"Mem_AllocOrFree_0041219f","unattributed/duel_core.c","unattributed"
004121c5,"Mem_AllocOrFree_004121c5","unattributed/duel_core.c","unattributed"
004121eb,"Mem_AllocOrFree_004121eb","unattributed/duel_core.c","unattributed"
00412211,"Mem_AllocOrFree_00412211","unattributed/duel_core.c","unattributed"
00412237,"FUN_00412237","unattributed/duel_core.c","unattributed"
0041240a,"FUN_0041240a","unattributed/duel_core.c","unattributed"
004125b3,"FUN_004125b3","unattributed/duel_core.c","unattributed"
00412b3d,"FUN_00412b3d","unattributed/duel_core.c","unattributed"
00412e05,"FUN_00412e05","unattributed/duel_core.c","unattributed"
0041313c,"FUN_0041313c","unattributed/duel_core.c","unattributed"
00413269,"FUN_00413269","unattributed/duel_core.c","unattributed"
0041336b,"Minit_Subsystem_004605e4","unattributed/duel_core.c","unattributed"
004137a7,"FUN_004137a7","unattributed/duel_core.c","unattributed"
0041397d,"FUN_0041397d","unattributed/duel_core.c","unattributed"
00413dc5,"FUN_00413dc5","unattributed/duel_core.c","unattributed"
00413f72,"FUN_00413f72","unattributed/duel_core.c","unattributed"
0041410e,"FUN_0041410e","unattributed/duel_core.c","unattributed"
0041452b,"Minit_Subsystem_004617ad","unattributed/duel_core.c","unattributed"
0041491f,"Minit_Subsystem_00461ba1","unattributed/duel_core.c","unattributed"
00414cbc,"FUN_00414cbc","unattributed/duel_core.c","unattributed"
00414e41,"FUN_00414e41","unattributed/duel_core.c","unattributed"
0041500d,"FUN_0041500d","unattributed/duel_core.c","unattributed"
00415057,"Minit_Subsystem_004622d9","unattributed/duel_core.c","unattributed"
00415450,"FUN_00415450","unattributed/duel_core.c","unattributed"
00415788,"Minit_Subsystem_00462a0a","unattributed/duel_core.c","unattributed"
00415a9c,"FUN_00415a9c","unattributed/duel_core.c","unattributed"
00415cfc,"Minit_Subsystem_00462f7e","unattributed/duel_core.c","unattributed"
0041649d,"FUN_0041649d","unattributed/duel_core.c","unattributed"
0041698a,"FUN_0041698a","unattributed/duel_core.c","unattributed"
00416a4b,"Minit_Subsystem_00463cd1","unattributed/duel_core.c","unattributed"
00416c6a,"Minit_Subsystem_00463ef0","unattributed/duel_core.c","unattributed"
00416e83,"Pic_Subsystem_00439408","unattributed/duel_core.c","unattributed"
00417308,"FUN_00417308","unattributed/duel_core.c","unattributed"
0041749c,"FUN_0041749c","unattributed/duel_core.c","unattributed"
004178a4,"Mem_AllocOrFree_004178a4","unattributed/duel_core.c","unattributed"
004178ca,"Mem_AllocOrFree_004178ca","unattributed/duel_core.c","unattributed"
004178f0,"FUN_004178f0","unattributed/duel_core.c","unattributed"
00417d49,"FUN_00417d49","unattributed/duel_core.c","unattributed"
00417ee1,"Minit_Subsystem_00465165","unattributed/duel_core.c","unattributed"
00418380,"FUN_00418380","unattributed/duel_core.c","unattributed"
00418755,"FUN_00418755","unattributed/duel_core.c","unattributed"
00418795,"FUN_00418795","unattributed/duel_core.c","unattributed"
004187f1,"Minit_Subsystem_00465a75","unattributed/duel_core.c","unattributed"
00418c1b,"Minit_Subsystem_00465e9c","unattributed/duel_core.c","unattributed"
00419061,"FUN_00419061","unattributed/duel_core.c","unattributed"
004192c0,"Minit_Subsystem_00466541","unattributed/duel_core.c","unattributed"
004196df,"Card_Setup_0046695e","unattributed/duel_core.c","unattributed"
0041983c,"FUN_0041983c","unattributed/duel_core.c","unattributed"
00419aab,"Palette_Subsystem_004a9137","unattributed/duel_core.c","unattributed"
00419cde,"FUN_00419cde","unattributed/duel_core.c","unattributed"
00419e1e,"Player_Init_0046709c","unattributed/duel_core.c","unattributed"
0041a0ec,"FUN_0041a0ec","unattributed/duel_core.c","unattributed"
0041a1eb,"FUN_0041a1eb","unattributed/duel_core.c","unattributed"
0041a30b,"FUN_0041a30b","unattributed/duel_core.c","unattributed"
0041a52d,"FUN_0041a52d","unattributed/duel_core.c","unattributed"
0041a600,"UI_CreateWindow_0041a600","unattributed/duel_core.c","unattributed"
0041a698,"FUN_0041a698","unattributed/duel_core.c","unattributed"
0041a6c6,"Palette_Subsystem_004997e6","unattributed/duel_core.c","unattributed"
0041bcf0,"FUN_0041bcf0","unattributed/duel_core.c","unattributed"
0041c0ab,"Rules_ParseFilter_0041c0ab","unattributed/duel_core.c","unattributed"
0041dd17,"FUN_0041dd17","unattributed/duel_core.c","unattributed"
0041de10,"Ai_Subsystem_004bc029","unattributed/duel_core.c","unattributed"
0041e2a2,"Duel_ChooseTarget","unattributed/duel_core.c","unattributed"
0041e97e,"FUN_0041e97e","unattributed/duel_core.c","unattributed"
0041ea36,"FUN_0041ea36","unattributed/duel_core.c","unattributed"
0041eb80,"Palette_Color_0049ae00","unattributed/duel_core.c","unattributed"
0041f669,"Palette_Color_0049ae00","unattributed/duel_core.c","unattributed"
0041fe7b,"FUN_0041fe7b","unattributed/duel_core.c","unattributed"
00420120,"Palette_Subsystem_0049c3ac","unattributed/duel_core.c","unattributed"
0042043e,"FUN_0042043e","unattributed/duel_core.c","unattributed"
0042053a,"Palette_Subsystem_0049c7c7","unattributed/duel_core.c","unattributed"
004215c2,"FUN_004215c2","unattributed/duel_core.c","unattributed"
00421802,"FUN_00421802","unattributed/duel_core.c","unattributed"
00421990,"FUN_00421990","unattributed/duel_core.c","unattributed"
00421a54,"FUN_00421a54","unattributed/duel_core.c","unattributed"
00421b29,"FUN_00421b29","unattributed/duel_core.c","unattributed"
00421d30,"Palette_Subsystem_0049dfb1","unattributed/duel_core.c","unattributed"
0042200f,"FUN_0042200f","unattributed/duel_core.c","unattributed"
004222b9,"FUN_004222b9","unattributed/duel_core.c","unattributed"
0042233a,"FUN_0042233a","unattributed/duel_core.c","unattributed"
0042297a,"FUN_0042297a","unattributed/duel_core.c","unattributed"
00422b2d,"Palette_Subsystem_0049eda9","unattributed/duel_core.c","unattributed"
00423651,"FUN_00423651","unattributed/duel_core.c","unattributed"
004238e7,"Palette_Subsystem_0049c7c7","unattributed/duel_core.c","unattributed"
00423c6b,"FUN_00423c6b","unattributed/duel_core.c","unattributed"
00423e55,"FUN_00423e55","unattributed/duel_core.c","unattributed"
00423fbd,"FUN_00423fbd","unattributed/duel_core.c","unattributed"
00424114,"FUN_00424114","unattributed/duel_core.c","unattributed"
004241e8,"FUN_004241e8","unattributed/duel_core.c","unattributed"
0042440b,"FUN_0042440b","unattributed/duel_core.c","unattributed"
0042458c,"FUN_0042458c","unattributed/duel_core.c","unattributed"
0042474a,"FUN_0042474a","unattributed/duel_core.c","unattributed"
00424a81,"FUN_00424a81","unattributed/duel_core.c","unattributed"
00424d18,"FUN_00424d18","unattributed/duel_core.c","unattributed"
00424f7b,"FUN_00424f7b","unattributed/duel_core.c","unattributed"
00425138,"FUN_00425138","unattributed/duel_core.c","unattributed"
004252e0,"Palette_Subsystem_0049eda9","unattributed/duel_core.c","unattributed"
004258dd,"Palette_Subsystem_004a155f","unattributed/duel_core.c","unattributed"
00425b87,"Palette_Subsystem_004a155f","unattributed/duel_core.c","unattributed"
00426181,"FUN_00426181","unattributed/duel_core.c","unattributed"
00426479,"FUN_00426479","unattributed/duel_core.c","unattributed"
00426500,"FUN_00426500","unattributed/duel_core.c","unattributed"
00426587,"FUN_00426587","unattributed/duel_core.c","unattributed"
00426620,"FUN_00426620","unattributed/duel_core.c","unattributed"
00426746,"FUN_00426746","unattributed/duel_core.c","unattributed"
004267dc,"FUN_004267dc","unattributed/duel_core.c","unattributed"
00426824,"FUN_00426824","unattributed/duel_core.c","unattributed"
00426901,"FUN_00426901","unattributed/duel_core.c","unattributed"
00426b51,"FUN_00426b51","unattributed/duel_core.c","unattributed"
00426c5c,"Mem_AllocOrFree_00426c5c","unattributed/duel_core.c","unattributed"
00426c70,"FUN_00426c70","unattributed/duel_core.c","unattributed"
0042a99c,"FUN_0042a99c","unattributed/duel_core.c","unattributed"
0042aa48,"FUN_0042aa48","unattributed/duel_core.c","unattributed"
0042ab67,"FUN_0042ab67","unattributed/duel_core.c","unattributed"
0042abcf,"FUN_0042abcf","unattributed/duel_core.c","unattributed"
0042ad51,"FUN_0042ad51","unattributed/duel_core.c","unattributed"
0042ae2a,"FUN_0042ae2a","unattributed/duel_core.c","unattributed"
0042afdb,"FUN_0042afdb","unattributed/duel_core.c","unattributed"
0042b0b7,"FUN_0042b0b7","unattributed/duel_core.c","unattributed"
0042b120,"FUN_0042b120","unattributed/duel_core.c","unattributed"
0042b213,"FUN_0042b213","unattributed/duel_core.c","unattributed"
0042b2a0,"UI_CreateWindow_0042b2a0","unattributed/duel_core.c","unattributed"
0042b324,"UI_WndProc_0042b324","unattributed/duel_core.c","unattributed"
0042b6b0,"Ai_CalcManaRequirement_004ba890","unattributed/duel_core.c","unattributed"
0042c815,"FUN_0042c815","unattributed/duel_core.c","unattributed"
0042c9be,"FUN_0042c9be","unattributed/duel_core.c","unattributed"
0042cbbb,"FUN_0042cbbb","unattributed/duel_core.c","unattributed"
0042cdb6,"FUN_0042cdb6","unattributed/duel_core.c","unattributed"
0042ce51,"Ai_Subsystem_004bc029","unattributed/duel_core.c","unattributed"
0042d247,"FUN_0042d247","unattributed/duel_core.c","unattributed"
0042db54,"FUN_0042db54","unattributed/duel_core.c","unattributed"
0042dd5e,"FUN_0042dd5e","unattributed/duel_core.c","unattributed"
0042df08,"FUN_0042df08","unattributed/duel_core.c","unattributed"
0042df78,"FUN_0042df78","unattributed/duel_core.c","unattributed"
0042e00f,"FUN_0042e00f","unattributed/duel_core.c","unattributed"
0042e081,"FUN_0042e081","unattributed/duel_core.c","unattributed"
0042e0cd,"Mem_AllocOrFree_0042e0cd","unattributed/duel_core.c","unattributed"
0042e101,"FUN_0042e101","unattributed/duel_core.c","unattributed"
0042e1a0,"FUN_0042e1a0","unattributed/duel_core.c","unattributed"
0042e217,"Ai_Subsystem_004bd6f9","unattributed/duel_core.c","unattributed"
0042ecaf,"FUN_0042ecaf","unattributed/duel_core.c","unattributed"
0042ed60,"Ai_ChooseCardToPlay","unattributed/duel_core.c","unattributed"
0042fbf0,"Ai_SaveGameState","sid/Ai.c","sid"
0042fea9,"FUN_0042fea9","sid/Ai.c","sid"
00430120,"FUN_00430120","sid/Ai.c","sid"
00430367,"FUN_00430367","sid/Ai.c","sid"
004305ae,"Ai_ClearPlan","sid/Ai.c","sid"
004305d3,"Ai_BeginTrial","sid/Ai.c","sid"
0043064a,"Ai_RecordChoice","sid/Ai.c","sid"
0043071d,"FUN_0043071d","sid/Ai.c","sid"
00430768,"FUN_00430768","sid/Ai.c","sid"
004307b2,"Ai_ReplayChoice","sid/Ai.c","sid"
0043081e,"Ai_CommitBestPlan","sid/Ai.c","sid"
004308cf,"Ai_GetPlanCursor","sid/Ai.c","sid"
004308e4,"Mem_AllocOrFree_004308e4","sid/Ai.c","sid"
00430911,"Ai_EvaluateBoard","sid/Ai.c","sid"
004313b9,"Ai_PenalizeCounterattack","sid/Ai.c","sid"
00431d05,"Ai_ChooseBlockers","sid/Ai.c","sid"
00431f41,"FUN_00431f41","sid/Ai.c","sid"
00431fe0,"Mem_AllocOrFree_00431fe0","sid/Ai.c","sid"
004327e0,"FUN_004327e0","sid/Ai.c","sid"
00432822,"FUN_00432822","sid/Ai.c","sid"
00432860,"FUN_00432860","sid/Ai.c","sid"
004328ba,"FUN_004328ba","sid/Ai.c","sid"
00432a0b,"FUN_00432a0b","sid/Ai.c","sid"
00432ac7,"FUN_00432ac7","sid/Ai.c","sid"
00432be5,"FUN_00432be5","sid/Ai.c","sid"
00432c2a,"FUN_00432c2a","sid/Ai.c","sid"
00432c72,"Mem_AllocOrFree_00432c72","sid/Ai.c","sid"
00432c87,"Mem_AllocOrFree_00432c87","sid/Ai.c","sid"
00432c99,"FUN_00432c99","sid/Ai.c","sid"
00432d7b,"FUN_00432d7b","sid/Ai.c","sid"
00432e04,"FUN_00432e04","sid/Ai.c","sid"
00433bb6,"FUN_00433bb6","sid/Ai.c","sid"
00433c39,"FUN_00433c39","sid/Ai.c","sid"
00433c86,"Mem_AllocOrFree_00433c86","sid/Ai.c","sid"
00433c98,"Mem_AllocOrFree_00433c98","sid/Ai.c","sid"
00433caa,"FUN_00433caa","sid/Ai.c","sid"
00433d45,"FUN_00433d45","sid/Ai.c","sid"
00433e40,"UI_CreateWindow_00433e40","sid/Ai.c","sid"
00433ed2,"UI_WndProc_00433ed2","sid/Ai.c","sid"
004340f0,"Catalog_Open","NedCard/Catalog.c","NedCard"
0043433a,"FUN_0043433a","NedCard/Catalog.c","NedCard"
004343f6,"FUN_004343f6","NedCard/Catalog.c","NedCard"
00434446,"FUN_00434446","NedCard/Catalog.c","NedCard"
004344c1,"FUN_004344c1","NedCard/Catalog.c","NedCard"
0043456a,"FUN_0043456a","NedCard/Catalog.c","NedCard"
00434660,"FUN_00434660","NedCard/Catalog.c","NedCard"
004348b2,"FUN_004348b2","NedCard/Catalog.c","NedCard"
00434a10,"FUN_00434a10","NedCard/Catalog.c","NedCard"
00434a43,"Palette_LoadTRFile","NedCard/Catalog.c","NedCard"
00434c97,"FUN_00434c97","NedCard/Catalog.c","NedCard"
00434d09,"FUN_00434d09","NedCard/Catalog.c","NedCard"
00434d88,"FUN_00434d88","NedCard/Catalog.c","NedCard"
00434ec7,"FUN_00434ec7","NedCard/Catalog.c","NedCard"
00434fa1,"FUN_00434fa1","NedCard/Catalog.c","NedCard"
0043504d,"Color_RGBToOctreePath","NedCard/Catalog.c","NedCard"
004350b1,"FUN_004350b1","NedCard/Catalog.c","NedCard"
004351b5,"FUN_004351b5","NedCard/Catalog.c","NedCard"
00435343,"FUN_00435343","NedCard/Catalog.c","NedCard"
004354bb,"FUN_004354bb","NedCard/Catalog.c","NedCard"
00435551,"FUN_00435551","NedCard/Catalog.c","NedCard"
004355e9,"FUN_004355e9","NedCard/Catalog.c","NedCard"
004356cf,"FUN_004356cf","NedCard/Catalog.c","NedCard"
00435c74,"FUN_00435c74","NedCard/Catalog.c","NedCard"
00435cb5,"Palette_AllocErrorDiffusionTable","NedCard/Palette.c","NedCard"
00435e6e,"FUN_00435e6e","NedCard/Palette.c","NedCard"
00436293,"FUN_00436293","NedCard/Palette.c","NedCard"
004367d4,"Mem_AllocOrFree_004367d4","NedCard/Palette.c","NedCard"
00436800,"Mem_AllocOrFree_00436800","NedCard/Palette.c","NedCard"
00436820,"UI_Register_FACE_BLACK_00436820","NedCard/Palette.c","NedCard"
00436a52,"FUN_00436a52","NedCard/Palette.c","NedCard"
00436af6,"Ai_CalcManaRequirement_004b9284","NedCard/Palette.c","NedCard"
004371ec,"FUN_004371ec","NedCard/Palette.c","NedCard"
0043753a,"FUN_0043753a","NedCard/Palette.c","NedCard"
00437681,"FUN_00437681","NedCard/Palette.c","NedCard"
004376c0,"FUN_004376c0","NedCard/Palette.c","NedCard"
00437710,"Palette_Color_00495430","NedCard/Palette.c","NedCard"
00437b05,"FUN_00437b05","NedCard/Palette.c","NedCard"
00437b8c,"Palette_Subsystem_004958b1","NedCard/Palette.c","NedCard"
00437c33,"Palette_Subsystem_00495958","NedCard/Palette.c","NedCard"
00437fb8,"FUN_00437fb8","NedCard/Palette.c","NedCard"
004381c6,"FUN_004381c6","NedCard/Palette.c","NedCard"
00438368,"Palette_Subsystem_0049608e","NedCard/Palette.c","NedCard"
0043850a,"Palette_Subsystem_0049608e","NedCard/Palette.c","NedCard"
0043860c,"Mem_AllocOrFree_0043860c","NedCard/Palette.c","NedCard"
00438636,"FUN_00438636","NedCard/Palette.c","NedCard"
004386c1,"Palette_Subsystem_004963e7","NedCard/Palette.c","NedCard"
00438771,"Palette_Subsystem_00496497","NedCard/Palette.c","NedCard"
00438980,"FUN_00438980","NedCard/Palette.c","NedCard"
00438bf0,"FUN_00438bf0","NedCard/Palette.c","NedCard"
00438c81,"FUN_00438c81","NedCard/Palette.c","NedCard"
00438d5e,"FUN_00438d5e","NedCard/Palette.c","NedCard"
00438e72,"FUN_00438e72","NedCard/Palette.c","NedCard"
00438ec2,"FUN_00438ec2","NedCard/Palette.c","NedCard"
00439172,"FUN_00439172","NedCard/Palette.c","NedCard"
00439208,"FUN_00439208","NedCard/Palette.c","NedCard"
004392f3,"FUN_004392f3","NedCard/Palette.c","NedCard"
004393a2,"FUN_004393a2","NedCard/Palette.c","NedCard"
00439516,"FUN_00439516","NedCard/Palette.c","NedCard"
00439570,"FUN_00439570","NedCard/Palette.c","NedCard"
004395d6,"FUN_004395d6","NedCard/Palette.c","NedCard"
00439659,"FUN_00439659","NedCard/Palette.c","NedCard"
004396ea,"FUN_004396ea","NedCard/Palette.c","NedCard"
0043982e,"FUN_0043982e","NedCard/Palette.c","NedCard"
00439863,"Mem_AllocOrFree_00439863","NedCard/Palette.c","NedCard"
00439892,"FUN_00439892","NedCard/Palette.c","NedCard"
004398be,"FUN_004398be","NedCard/Palette.c","NedCard"
004398fe,"Mem_AllocOrFree_004398fe","NedCard/Palette.c","NedCard"
00439913,"FUN_00439913","NedCard/Palette.c","NedCard"
00439980,"UI_DialogProc_00439980","NedCard/Palette.c","NedCard"
00439a76,"Palette_Subsystem_00496497","NedCard/Palette.c","NedCard"
0043a094,"FUN_0043a094","NedCard/Palette.c","NedCard"
0043a3a0,"Pic_Subsystem_00449340","NedCard/Palette.c","NedCard"
0043a531,"FUN_0043a531","NedCard/Palette.c","NedCard"
0043a55f,"Pic_Subsystem_004494ff","NedCard/Palette.c","NedCard"
0043b02a,"UI_WndProc_0043b02a","NedCard/Palette.c","NedCard"
0043b1a4,"UI_WndProc_0043b1a4","NedCard/Palette.c","NedCard"
0043b471,"Pic_Subsystem_00449340","NedCard/Palette.c","NedCard"
0043b83b,"FUN_0043b83b","NedCard/Palette.c","NedCard"
0043b850,"FUN_0043b850","NedCard/Palette.c","NedCard"
0043b8a8,"Mem_AllocOrFree_0043b8a8","NedCard/Palette.c","NedCard"
0043b8d1,"Pic_Load_0044a862","NedCard/Palette.c","NedCard"
0043c2dd,"FUN_0043c2dd","NedCard/Palette.c","NedCard"
0043c4d0,"Ai_CalcManaRequirement_004b9284","NedCard/Palette.c","NedCard"
0043ce47,"Mem_AllocOrFree_0043ce47","NedCard/Palette.c","NedCard"
0043ce77,"FUN_0043ce77","NedCard/Palette.c","NedCard"
0043d0c9,"Mem_AllocOrFree_0043d0c9","NedCard/Palette.c","NedCard"
0043d0f9,"FUN_0043d0f9","NedCard/Palette.c","NedCard"
0043d1d0,"FUN_0043d1d0","NedCard/Palette.c","NedCard"
0043d3ff,"Pic_Load_0042351b","sidlib/Kimpic.c","sidlib"
0043d713,"Pic_Load_00423833","sidlib/Kimpic.c","sidlib"
0043d799,"FUN_0043d799","sidlib/Kimpic.c","sidlib"
0043d7cc,"FUN_0043d7cc","sidlib/Kimpic.c","sidlib"
0043d7f6,"Mem_AllocOrFree_0043d7f6","sidlib/Kimpic.c","sidlib"
0043d81d,"FUN_0043d81d","sidlib/Kimpic.c","sidlib"
0043d858,"Mem_AllocOrFree_0043d858","sidlib/Kimpic.c","sidlib"
0043d863,"Mem_AllocOrFree_0043d863","sidlib/Kimpic.c","sidlib"
0043d870,"Sound_Init","sidlib/Kimpic.c","sidlib"
0043d9cf,"CloseSnd","sidlib/Kimpic.c","sidlib"
0043da45,"InitSndTrack","sidlib/Kimpic.c","sidlib"
0043da81,"CloseSndTrack","sidlib/Kimpic.c","sidlib"
0043dab5,"StopSndTrack","sidlib/Kimpic.c","sidlib"
0043dae2,"PlaySnd","sidlib/Kimpic.c","sidlib"
0043db27,"PlaySndFile","sidlib/Kimpic.c","sidlib"
0043db70,"StopSnd","sidlib/Kimpic.c","sidlib"
0043dbb1,"PauseSnd","sidlib/Kimpic.c","sidlib"
0043dbe1,"ResumeSnd","sidlib/Kimpic.c","sidlib"
0043dc26,"SetPitch","sidlib/Kimpic.c","sidlib"
0043dc6b,"GetPitch","sidlib/Kimpic.c","sidlib"
0043dcb0,"SetVol","sidlib/Kimpic.c","sidlib"
0043dcf5,"GetVol","sidlib/Kimpic.c","sidlib"
0043dd3a,"SetPan","sidlib/Kimpic.c","sidlib"
0043dd7f,"GetPan","sidlib/Kimpic.c","sidlib"
0043ddc4,"UpdateSnd","sidlib/Kimpic.c","sidlib"
0043ddfe,"SetSndMarker","sidlib/Kimpic.c","sidlib"
0043de43,"PlaySndMarker","sidlib/Kimpic.c","sidlib"
0043de88,"GetSndTime","sidlib/Kimpic.c","sidlib"
0043dec9,"ResetSnd","sidlib/Kimpic.c","sidlib"
0043df0e,"GetSndState","sidlib/Kimpic.c","sidlib"
0043df53,"GetAVISndBuff","sidlib/Kimpic.c","sidlib"
0043df95,"ReleaseAVISndBuff","sidlib/Kimpic.c","sidlib"
0043dfda,"GetSndHWND","sidlib/Kimpic.c","sidlib"
0043e011,"IsSndLoaded","sidlib/Kimpic.c","sidlib"
0043e053,"GetLRUSnd","sidlib/Kimpic.c","sidlib"
0043e09c,"FUN_0043e09c","sidlib/Kimpic.c","sidlib"
0043e0e0,"Duel_ShowStartOfDuelDialog","sidlib/Kimpic.c","sidlib"
0043e2fa,"Ai_DuelDialogProc","sidlib/Kimpic.c","sidlib"
0043eb81,"Ai_LoadStartDuel2Backdrop","sidlib/Kimpic.c","sidlib"
0043ec34,"FUN_0043ec34","sidlib/Kimpic.c","sidlib"
0043ec81,"Ai_StartDuelWndProc","sidlib/Kimpic.c","sidlib"
0043faee,"Ai_LoadStartDuelBackdrop","sidlib/Kimpic.c","sidlib"
0043fbce,"FUN_0043fbce","sidlib/Kimpic.c","sidlib"
0043fc31,"Ai_Subsystem_004ae779","sidlib/Kimpic.c","sidlib"
0043fd5b,"Ai_Subsystem_004ae8a3","sidlib/Kimpic.c","sidlib"
0043fe4c,"Ai_DuelMainWndProc","sidlib/Kimpic.c","sidlib"
004409b7,"Ai_LoadEndDuelBackdrop","sidlib/Kimpic.c","sidlib"
00440a9c,"FUN_00440a9c","sidlib/Kimpic.c","sidlib"
00440af9,"FUN_00440af9","sidlib/Kimpic.c","sidlib"
00440c1e,"FUN_00440c1e","sidlib/Kimpic.c","sidlib"
00440eff,"FUN_00440eff","sidlib/Kimpic.c","sidlib"
00440f22,"Ai_ScoreCardPlay_004afa69","sidlib/Kimpic.c","sidlib"
004410df,"Ai_ScoreCardPlay_004afc26","sidlib/Kimpic.c","sidlib"
004421e2,"FUN_004421e2","sidlib/Kimpic.c","sidlib"
004422cf,"FUN_004422cf","sidlib/Kimpic.c","sidlib"
0044233e,"UI_WndProc_0044233e","sidlib/Kimpic.c","sidlib"
0044274a,"Mem_AllocOrFree_0044274a","sidlib/Kimpic.c","sidlib"
00442839,"FUN_00442839","sidlib/Kimpic.c","sidlib"
004428c2,"Mem_AllocOrFree_004428c2","sidlib/Kimpic.c","sidlib"
004428d2,"FUN_004428d2","sidlib/Kimpic.c","sidlib"
00442a9b,"UI_DialogProc_00442a9b","sidlib/Kimpic.c","sidlib"
00442e3c,"FUN_00442e3c","sidlib/Kimpic.c","sidlib"
00442e98,"UI_DialogProc_00442e98","sidlib/Kimpic.c","sidlib"
00443000,"FUN_00443000","sidlib/Kimpic.c","sidlib"
00443063,"UI_DialogProc_00443063","sidlib/Kimpic.c","sidlib"
004435ad,"FUN_004435ad","sidlib/Kimpic.c","sidlib"
0044364b,"Ai_Subsystem_004b2183","sidlib/Kimpic.c","sidlib"
00443727,"FUN_00443727","sidlib/Kimpic.c","sidlib"
00443784,"FUN_00443784","sidlib/Kimpic.c","sidlib"
00443a43,"Ai_Subsystem_004b257c","sidlib/Kimpic.c","sidlib"
004447aa,"Ai_CalcManaRequirement_004b32d1","sidlib/Kimpic.c","sidlib"
004449cf,"FUN_004449cf","sidlib/Kimpic.c","sidlib"
00444a85,"FUN_00444a85","sidlib/Kimpic.c","sidlib"
00444c48,"FUN_00444c48","sidlib/Kimpic.c","sidlib"
00444d18,"Ai_Subsystem_004b3847","sidlib/Kimpic.c","sidlib"
0044565e,"Ai_Subsystem_004b4197","sidlib/Kimpic.c","sidlib"
0044573a,"FUN_0044573a","sidlib/Kimpic.c","sidlib"
00445797,"Mem_AllocOrFree_00445797","sidlib/Kimpic.c","sidlib"
004457a2,"FUN_004457a2","sidlib/Kimpic.c","sidlib"
00445f05,"Duel_RefreshAllWindows","sidlib/Kimpic.c","sidlib"
00446869,"Mem_AllocOrFree_00446869","sidlib/Kimpic.c","sidlib"
0044688e,"FUN_0044688e","sidlib/Kimpic.c","sidlib"
004468b5,"FUN_004468b5","sidlib/Kimpic.c","sidlib"
004468f5,"Mem_AllocOrFree_004468f5","sidlib/Kimpic.c","sidlib"
00446905,"Mem_AllocOrFree_00446905","sidlib/Kimpic.c","sidlib"
00446915,"Ai_Subsystem_004b544d","sidlib/Kimpic.c","sidlib"
004469c9,"FUN_004469c9","sidlib/Kimpic.c","sidlib"
00446a07,"FUN_00446a07","sidlib/Kimpic.c","sidlib"
00446c16,"FUN_00446c16","sidlib/Kimpic.c","sidlib"
00446d17,"FUN_00446d17","sidlib/Kimpic.c","sidlib"
00446da2,"FUN_00446da2","sidlib/Kimpic.c","sidlib"
00446de2,"FUN_00446de2","sidlib/Kimpic.c","sidlib"
00446e30,"FUN_00446e30","sidlib/Kimpic.c","sidlib"
00446ea2,"FUN_00446ea2","sidlib/Kimpic.c","sidlib"
00446f0f,"FUN_00446f0f","sidlib/Kimpic.c","sidlib"
00446f81,"FUN_00446f81","sidlib/Kimpic.c","sidlib"
00447038,"FUN_00447038","sidlib/Kimpic.c","sidlib"
004470a6,"FUN_004470a6","sidlib/Kimpic.c","sidlib"
00447114,"FUN_00447114","sidlib/Kimpic.c","sidlib"
00447184,"FUN_00447184","sidlib/Kimpic.c","sidlib"
004471f7,"FUN_004471f7","sidlib/Kimpic.c","sidlib"
004472ad,"FUN_004472ad","sidlib/Kimpic.c","sidlib"
0044743d,"FUN_0044743d","sidlib/Kimpic.c","sidlib"
004474ec,"FUN_004474ec","sidlib/Kimpic.c","sidlib"
00447604,"FUN_00447604","sidlib/Kimpic.c","sidlib"
00447675,"FUN_00447675","sidlib/Kimpic.c","sidlib"
004476e3,"FUN_004476e3","sidlib/Kimpic.c","sidlib"
00447751,"FUN_00447751","sidlib/Kimpic.c","sidlib"
0044781f,"FUN_0044781f","sidlib/Kimpic.c","sidlib"
0044788d,"FUN_0044788d","sidlib/Kimpic.c","sidlib"
004478fb,"FUN_004478fb","sidlib/Kimpic.c","sidlib"
00447968,"FUN_00447968","sidlib/Kimpic.c","sidlib"
004479d5,"FUN_004479d5","sidlib/Kimpic.c","sidlib"
00447a76,"Mem_AllocOrFree_00447a76","sidlib/Kimpic.c","sidlib"
00447a88,"FUN_00447a88","sidlib/Kimpic.c","sidlib"
00447aec,"FUN_00447aec","sidlib/Kimpic.c","sidlib"
00447b5f,"FUN_00447b5f","sidlib/Kimpic.c","sidlib"
00447c07,"FUN_00447c07","sidlib/Kimpic.c","sidlib"
00447c74,"FUN_00447c74","sidlib/Kimpic.c","sidlib"
00447cf8,"FUN_00447cf8","sidlib/Kimpic.c","sidlib"
00447d7c,"FUN_00447d7c","sidlib/Kimpic.c","sidlib"
00447e83,"Ai_Subsystem_004b69ba","sidlib/Kimpic.c","sidlib"
00448071,"FUN_00448071","sidlib/Kimpic.c","sidlib"
00448124,"FUN_00448124","sidlib/Kimpic.c","sidlib"
00448191,"FUN_00448191","sidlib/Kimpic.c","sidlib"
004481fe,"FUN_004481fe","sidlib/Kimpic.c","sidlib"
0044826e,"FUN_0044826e","sidlib/Kimpic.c","sidlib"
00448304,"FUN_00448304","sidlib/Kimpic.c","sidlib"
00448374,"FUN_00448374","sidlib/Kimpic.c","sidlib"
004483e2,"Mem_AllocOrFree_004483e2","sidlib/Kimpic.c","sidlib"
00448412,"FUN_00448412","sidlib/Kimpic.c","sidlib"
0044846f,"FUN_0044846f","sidlib/Kimpic.c","sidlib"
004484d5,"FUN_004484d5","sidlib/Kimpic.c","sidlib"
0044853b,"FUN_0044853b","sidlib/Kimpic.c","sidlib"
004485c7,"FUN_004485c7","sidlib/Kimpic.c","sidlib"
00448653,"FUN_00448653","sidlib/Kimpic.c","sidlib"
004486f6,"FUN_004486f6","sidlib/Kimpic.c","sidlib"
00448799,"FUN_00448799","sidlib/Kimpic.c","sidlib"
0044883c,"FUN_0044883c","sidlib/Kimpic.c","sidlib"
00448897,"FUN_00448897","sidlib/Kimpic.c","sidlib"
0044897a,"FUN_0044897a","sidlib/Kimpic.c","sidlib"
004489c3,"FUN_004489c3","sidlib/Kimpic.c","sidlib"
00448a38,"FUN_00448a38","sidlib/Kimpic.c","sidlib"
00448a6d,"FUN_00448a6d","sidlib/Kimpic.c","sidlib"
00448aa1,"FUN_00448aa1","sidlib/Kimpic.c","sidlib"
00448af2,"FUN_00448af2","sidlib/Kimpic.c","sidlib"
00448b26,"FUN_00448b26","sidlib/Kimpic.c","sidlib"
00448b6f,"FUN_00448b6f","sidlib/Kimpic.c","sidlib"
00448d16,"FUN_00448d16","sidlib/Kimpic.c","sidlib"
00448d60,"Ai_CalcManaRequirement_004b7897","sidlib/Kimpic.c","sidlib"
004491fe,"FUN_004491fe","sidlib/Kimpic.c","sidlib"
004492ad,"Ai_Subsystem_004b7de8","sidlib/Kimpic.c","sidlib"
004497ae,"FUN_004497ae","sidlib/Kimpic.c","sidlib"
004497d2,"FUN_004497d2","sidlib/Kimpic.c","sidlib"
004497f1,"FUN_004497f1","sidlib/Kimpic.c","sidlib"
004498e5,"Ai_Subsystem_004b8421","sidlib/Kimpic.c","sidlib"
0044a18b,"Ai_Subsystem_004b8cc3","sidlib/Kimpic.c","sidlib"
0044a267,"FUN_0044a267","sidlib/Kimpic.c","sidlib"
0044a2c4,"FUN_0044a2c4","sidlib/Kimpic.c","sidlib"
0044a314,"Ai_Subsystem_004b8e4d","sidlib/Kimpic.c","sidlib"
0044a5a4,"FUN_0044a5a4","sidlib/Kimpic.c","sidlib"
0044a5e0,"UI_Register_WINBK_ManaPool_004b9120","sidlib/Kimpic.c","sidlib"
0044a6ce,"FUN_0044a6ce","sidlib/Kimpic.c","sidlib"
0044a744,"Ai_CalcManaRequirement_004b9284","sidlib/Kimpic.c","sidlib"
0044bb84,"FUN_0044bb84","sidlib/Kimpic.c","sidlib"
0044bd60,"UI_CreateWindow_0044bd60","sidlib/Kimpic.c","sidlib"
0044bde4,"UI_WndProc_0044bde4","sidlib/Kimpic.c","sidlib"
0044c1e0,"FUN_0044c1e0","sidlib/Pcxw.c","sidlib"
0044c3f7,"FUN_0044c3f7","sidlib/Pcxw.c","sidlib"
0044c47a,"FUN_0044c47a","sidlib/Pcxw.c","sidlib"
0044c660,"FUN_0044c660","sidlib/Pcxw.c","sidlib"
0044c73c,"FUN_0044c73c","sidlib/Pcxw.c","sidlib"
0044c82c,"FUN_0044c82c","sidlib/Pcxw.c","sidlib"
0044c8f0,"FUN_0044c8f0","sidlib/Pcxw.c","sidlib"
0044ca03,"FUN_0044ca03","sidlib/Pcxw.c","sidlib"
0044ca50,"FUN_0044ca50","sidlib/Pcxw.c","sidlib"
0044caaf,"FUN_0044caaf","sidlib/Pcxw.c","sidlib"
0044cb00,"Pic_Load_004248b0","sidlib/Pcxw.c","sidlib"
0044cbf8,"FUN_0044cbf8","sidlib/Pcxw.c","sidlib"
0044cc6e,"Pic_Load_00424a1e","sidlib/Pcxw.c","sidlib"
0044cd3f,"Mem_AllocOrFree_0044cd3f","sidlib/Pcxw.c","sidlib"
0044cd6f,"Pic_Load_00424b1f","sidlib/Pcxw.c","sidlib"
0044e141,"FUN_0044e141","sidlib/Pcxw.c","sidlib"
0044e52d,"FUN_0044e52d","sidlib/Pcxw.c","sidlib"
0044e776,"FUN_0044e776","sidlib/Pcxw.c","sidlib"
0044ea23,"Pic_Load_004267c5","sidlib/Pcxw.c","sidlib"
0044fab8,"FUN_0044fab8","sidlib/Pcxw.c","sidlib"
0044fc75,"FUN_0044fc75","sidlib/Pcxw.c","sidlib"
0044fe36,"FUN_0044fe36","sidlib/Pcxw.c","sidlib"
004500a1,"Pic_Draw_00427e36","sidlib/Pcxw.c","sidlib"
0045033a,"Mem_AllocOrFree_0045033a","sidlib/Pcxw.c","sidlib"
00450590,"FUN_00450590","sidlib/Pcxw.c","sidlib"
004505c4,"Mem_AllocOrFree_004505c4","sidlib/Pcxw.c","sidlib"
004505f3,"FUN_004505f3","sidlib/Pcxw.c","sidlib"
00450667,"Mem_AllocOrFree_00450667","sidlib/Pcxw.c","sidlib"
00450697,"Mem_AllocOrFree_00450697","sidlib/Pcxw.c","sidlib"
004506c7,"Mem_AllocOrFree_004506c7","sidlib/Pcxw.c","sidlib"
004506f6,"Mem_AllocOrFree_004506f6","sidlib/Pcxw.c","sidlib"
00450725,"FUN_00450725","sidlib/Pcxw.c","sidlib"
00450799,"CardTypeFromID","sidlib/Pcxw.c","sidlib"
00450827,"CardIDFromType","sidlib/Pcxw.c","sidlib"
00450869,"CardInDeck","sidlib/Pcxw.c","sidlib"
0045089a,"SetCardInDeck","sidlib/Pcxw.c","sidlib"
004508d0,"FUN_004508d0","sidlib/Pcxw.c","sidlib"
00450917,"FUN_00450917","sidlib/Pcxw.c","sidlib"
00450a32,"FUN_00450a32","sidlib/Pcxw.c","sidlib"
00450a90,"FUN_00450a90","sidlib/Pcxw.c","sidlib"
00450b13,"FUN_00450b13","sidlib/Pcxw.c","sidlib"
00450b87,"Mem_AllocOrFree_00450b87","sidlib/Pcxw.c","sidlib"
00450bb7,"Mem_AllocOrFree_00450bb7","sidlib/Pcxw.c","sidlib"
00450be7,"FUN_00450be7","sidlib/Pcxw.c","sidlib"
00450c48,"Mem_AllocOrFree_00450c48","sidlib/Pcxw.c","sidlib"
00450c78,"Mem_AllocOrFree_00450c78","sidlib/Pcxw.c","sidlib"
00450ca8,"Ai_Subsystem_004cc1e8","sidlib/Pcxw.c","sidlib"
00450d1b,"FUN_00450d1b","sidlib/Pcxw.c","sidlib"
00450d8c,"FUN_00450d8c","sidlib/Pcxw.c","sidlib"
00450dfd,"FUN_00450dfd","sidlib/Pcxw.c","sidlib"
00450e84,"FUN_00450e84","sidlib/Pcxw.c","sidlib"
00450eb8,"FUN_00450eb8","sidlib/Pcxw.c","sidlib"
00450eed,"Mem_AllocOrFree_00450eed","sidlib/Pcxw.c","sidlib"
00450f15,"FUN_00450f15","sidlib/Pcxw.c","sidlib"
00450f5a,"FUN_00450f5a","sidlib/Pcxw.c","sidlib"
00450fa1,"Mem_AllocOrFree_00450fa1","sidlib/Pcxw.c","sidlib"
00450fca,"FUN_00450fca","sidlib/Pcxw.c","sidlib"
0045102d,"Ai_Subsystem_004cc56d","sidlib/Pcxw.c","sidlib"
00451282,"FUN_00451282","sidlib/Pcxw.c","sidlib"
004512d1,"FUN_004512d1","sidlib/Pcxw.c","sidlib"
0045133c,"FUN_0045133c","sidlib/Pcxw.c","sidlib"
0045139b,"FUN_0045139b","sidlib/Pcxw.c","sidlib"
004513fa,"FUN_004513fa","sidlib/Pcxw.c","sidlib"
0045143b,"FUN_0045143b","sidlib/Pcxw.c","sidlib"
00451482,"FUN_00451482","sidlib/Pcxw.c","sidlib"
00451760,"FUN_00451760","sidlib/Pcxw.c","sidlib"
00451995,"FUN_00451995","sidlib/Pcxw.c","sidlib"
00451c0c,"FUN_00451c0c","sidlib/Pcxw.c","sidlib"
00451c55,"FUN_00451c55","sidlib/Pcxw.c","sidlib"
00451c8e,"FUN_00451c8e","sidlib/Pcxw.c","sidlib"
00451ccb,"Ai_Subsystem_004cd20e","sidlib/Pcxw.c","sidlib"
00451e58,"FUN_00451e58","sidlib/Pcxw.c","sidlib"
004520a8,"Glue_Timer_004cd63b","sid/glue.c","sid"
00452153,"FUN_00452153","sid/glue.c","sid"
00452185,"Mem_AllocOrFree_00452185","sid/glue.c","sid"
0045219a,"FUN_0045219a","sid/glue.c","sid"
004521d0,"Card_DefaultEventHandler","sid/glue.c","sid"
004521e2,"Card_GetColorAndTypeFlags","sid/glue.c","sid"
0045247b,"Glue_Subsystem_004d0cdb","sid/glue.c","sid"
0045283a,"Glue_Subsystem_004d109a","sid/glue.c","sid"
00453463,"Palette_Subsystem_004a9137","sid/glue.c","sid"
004535af,"FUN_004535af","sid/glue.c","sid"
004538cb,"Glue_Subsystem_004d212c","sid/glue.c","sid"
00453daf,"Glue_Subsystem_004d2610","sid/glue.c","sid"
00454179,"Glue_Subsystem_004d29da","sid/glue.c","sid"
004543b6,"Glue_Subsystem_004d2c17","sid/glue.c","sid"
004544c7,"FUN_004544c7","sid/glue.c","sid"
004545c9,"FUN_004545c9","sid/glue.c","sid"
0045470b,"FUN_0045470b","sid/glue.c","sid"
0045484d,"FUN_0045484d","sid/glue.c","sid"
004548e3,"FUN_004548e3","sid/glue.c","sid"
00454948,"FUN_00454948","sid/glue.c","sid"
004549c8,"FUN_004549c8","sid/glue.c","sid"
00454a2b,"FUN_00454a2b","sid/glue.c","sid"
00454ac9,"FUN_00454ac9","sid/glue.c","sid"
00454cdc,"FUN_00454cdc","sid/glue.c","sid"
00454eec,"FUN_00454eec","sid/glue.c","sid"
004550fc,"FUN_004550fc","sid/glue.c","sid"
004554bc,"FUN_004554bc","sid/glue.c","sid"
00455521,"FUN_00455521","sid/glue.c","sid"
0045559e,"FUN_0045559e","sid/glue.c","sid"
00455740,"FUN_00455740","sid/glue.c","sid"
00455838,"FUN_00455838","sid/glue.c","sid"
004559ad,"Glue_Subsystem_004d420e","sid/glue.c","sid"
00455f01,"Glue_Subsystem_004d4762","sid/glue.c","sid"
004564bd,"FUN_004564bd","sid/glue.c","sid"
00456711,"FUN_00456711","sid/glue.c","sid"
00456dc4,"FUN_00456dc4","sid/glue.c","sid"
004573bc,"FUN_004573bc","sid/glue.c","sid"
00457b2f,"FUN_00457b2f","sid/glue.c","sid"
00457b9e,"FUN_00457b9e","sid/glue.c","sid"
00457ea3,"FUN_00457ea3","sid/glue.c","sid"
00457fdc,"FUN_00457fdc","sid/glue.c","sid"
00458271,"FUN_00458271","sid/glue.c","sid"
004583e0,"FUN_004583e0","sid/glue.c","sid"
0045851f,"FUN_0045851f","sid/glue.c","sid"
00458616,"FUN_00458616","sid/glue.c","sid"
00458802,"Glue_Subsystem_004d7065","sid/glue.c","sid"
00458ec1,"FUN_00458ec1","sid/glue.c","sid"
00458f18,"FUN_00458f18","sid/glue.c","sid"
0045902a,"FUN_0045902a","sid/glue.c","sid"
0045906f,"FUN_0045906f","sid/glue.c","sid"
00459143,"FUN_00459143","sid/glue.c","sid"
004591b8,"Glue_Subsystem_004d7a1b","sid/glue.c","sid"
00459305,"FUN_00459305","sid/glue.c","sid"
00459352,"Glue_Subsystem_004d7bb5","sid/glue.c","sid"
004593fd,"FUN_004593fd","sid/glue.c","sid"
0045962d,"FUN_0045962d","sid/glue.c","sid"
00459870,"FUN_00459870","sid/glue.c","sid"
00459918,"FUN_00459918","sid/glue.c","sid"
00459f68,"FUN_00459f68","sid/glue.c","sid"
0045a5e9,"FUN_0045a5e9","sid/glue.c","sid"
0045ac7e,"FUN_0045ac7e","sid/glue.c","sid"
0045b29a,"Glue_Subsystem_004d9afd","sid/glue.c","sid"
0045b71b,"Glue_Subsystem_004d9f7e","sid/glue.c","sid"
0045bc1f,"Glue_Subsystem_004da482","sid/glue.c","sid"
0045bff5,"Glue_Subsystem_004da858","sid/glue.c","sid"
0045c1ed,"Glue_Subsystem_004daa50","sid/glue.c","sid"
0045c3ae,"Glue_Subsystem_004dac11","sid/glue.c","sid"
0045c613,"FUN_0045c613","sid/glue.c","sid"
0045c7c1,"Glue_Subsystem_004db024","sid/glue.c","sid"
0045cb9e,"FUN_0045cb9e","sid/glue.c","sid"
0045d064,"FUN_0045d064","sid/glue.c","sid"
0045d1b7,"Glue_Subsystem_004dba1c","sid/glue.c","sid"
0045d774,"FUN_0045d774","sid/glue.c","sid"
0045da63,"Glue_Subsystem_004dc2ca","sid/glue.c","sid"
0045de60,"Glue_Subsystem_004dc6c7","sid/glue.c","sid"
0045e186,"Glue_Subsystem_004dc9ed","sid/glue.c","sid"
0045e5ea,"Glue_Subsystem_004dce51","sid/glue.c","sid"
0045ead4,"FUN_0045ead4","sid/glue.c","sid"
0045edca,"Glue_Subsystem_004dd632","sid/glue.c","sid"
0045f127,"FUN_0045f127","sid/glue.c","sid"
0045f48c,"FUN_0045f48c","sid/glue.c","sid"
0045f5e4,"FUN_0045f5e4","sid/glue.c","sid"
0045f68c,"FUN_0045f68c","sid/glue.c","sid"
0045f6dd,"FUN_0045f6dd","sid/glue.c","sid"
0045f72a,"FUN_0045f72a","sid/glue.c","sid"
0045f7f1,"FUN_0045f7f1","sid/glue.c","sid"
0045f845,"FUN_0045f845","sid/glue.c","sid"
0045f892,"FUN_0045f892","sid/glue.c","sid"
0045f952,"Glue_Subsystem_004de1c0","sid/glue.c","sid"
0045faf0,"FUN_0045faf0","sid/glue.c","sid"
0045fc24,"FUN_0045fc24","sid/glue.c","sid"
0045ffcf,"FUN_0045ffcf","sid/glue.c","sid"
00460396,"Glue_Subsystem_004dec09","sid/glue.c","sid"
004605f8,"Glue_Subsystem_004dee6b","sid/glue.c","sid"
0046074f,"FUN_0046074f","sid/glue.c","sid"
004607d7,"Glue_Subsystem_004df04a","sid/glue.c","sid"
00460999,"FUN_00460999","sid/glue.c","sid"
00460aa1,"Glue_Subsystem_004df314","sid/glue.c","sid"
00460e05,"Glue_Subsystem_004df678","sid/glue.c","sid"
00461047,"FUN_00461047","sid/glue.c","sid"
004612b0,"FUN_004612b0","sid/glue.c","sid"
004614c6,"Glue_Subsystem_004dfd39","sid/glue.c","sid"
00461621,"FUN_00461621","sid/glue.c","sid"
00461715,"FUN_00461715","sid/glue.c","sid"
004617c4,"FUN_004617c4","sid/glue.c","sid"
00461874,"Glue_Subsystem_004e00e7","sid/glue.c","sid"
00461b42,"FUN_00461b42","sid/glue.c","sid"
00461c4b,"FUN_00461c4b","sid/glue.c","sid"
00461d0d,"FUN_00461d0d","sid/glue.c","sid"
00461f42,"FUN_00461f42","sid/glue.c","sid"
00462039,"FUN_00462039","sid/glue.c","sid"
004620e8,"FUN_004620e8","sid/glue.c","sid"
00462244,"Glue_Subsystem_004e0ab7","sid/glue.c","sid"
004623a9,"Glue_Subsystem_004e0c1c","sid/glue.c","sid"
004625ed,"FUN_004625ed","sid/glue.c","sid"
0046275d,"FUN_0046275d","sid/glue.c","sid"
004628db,"FUN_004628db","sid/glue.c","sid"
00462a5c,"FUN_00462a5c","sid/glue.c","sid"
004630aa,"FUN_004630aa","sid/glue.c","sid"
004631b8,"FUN_004631b8","sid/glue.c","sid"
004632c5,"Glue_Subsystem_004e1b38","sid/glue.c","sid"
00463419,"FUN_00463419","sid/glue.c","sid"
00463523,"FUN_00463523","sid/glue.c","sid"
004635f8,"FUN_004635f8","sid/glue.c","sid"
00463699,"FUN_00463699","sid/glue.c","sid"
00463757,"Glue_Subsystem_004e1fcb","sid/glue.c","sid"
0046388d,"FUN_0046388d","sid/glue.c","sid"
00463a3e,"Glue_Subsystem_004e22b2","sid/glue.c","sid"
00463e1a,"Glue_Subsystem_004e268e","sid/glue.c","sid"
00463fcd,"Glue_Subsystem_004e2841","sid/glue.c","sid"
00464325,"FUN_00464325","sid/glue.c","sid"
0046440b,"Glue_Subsystem_004e2c7f","sid/glue.c","sid"
00464774,"FUN_00464774","sid/glue.c","sid"
004648af,"FUN_004648af","sid/glue.c","sid"
0046490c,"FUN_0046490c","sid/glue.c","sid"
00464a78,"Glue_Subsystem_004e32f3","sid/glue.c","sid"
00464c69,"FUN_00464c69","sid/glue.c","sid"
00464ce8,"FUN_00464ce8","sid/glue.c","sid"
00464d69,"FUN_00464d69","sid/glue.c","sid"
00464eb5,"FUN_00464eb5","sid/glue.c","sid"
00464f0f,"Glue_Subsystem_004e378b","sid/glue.c","sid"
004652d9,"Glue_Subsystem_004e3b55","sid/glue.c","sid"
004655ca,"Glue_Subsystem_004e3e46","sid/glue.c","sid"
004658c8,"FUN_004658c8","sid/glue.c","sid"
00465a30,"FUN_00465a30","sid/glue.c","sid"
00465c8c,"Pic_Load_0042a1c9","sid/glue.c","sid"
00465ed2,"FUN_00465ed2","sid/glue.c","sid"
00465f8b,"Glue_Subsystem_004e4807","sid/glue.c","sid"
00466732,"FUN_00466732","sid/glue.c","sid"
00466b12,"FUN_00466b12","sid/glue.c","sid"
00466d59,"FUN_00466d59","sid/glue.c","sid"
00466f91,"FUN_00466f91","sid/glue.c","sid"
004670b0,"FUN_004670b0","sid/glue.c","sid"
004671bd,"FUN_004671bd","sid/glue.c","sid"
004675bf,"Glue_Subsystem_004e5e3b","sid/glue.c","sid"
0046792a,"Glue_Subsystem_004e61a6","sid/glue.c","sid"
00467cce,"FUN_00467cce","sid/glue.c","sid"
00467d65,"FUN_00467d65","sid/glue.c","sid"
00467e37,"FUN_00467e37","sid/glue.c","sid"
00467eef,"FUN_00467eef","sid/glue.c","sid"
00467f65,"FUN_00467f65","sid/glue.c","sid"
0046801f,"FUN_0046801f","sid/glue.c","sid"
00468097,"FUN_00468097","sid/glue.c","sid"
004680fc,"FUN_004680fc","sid/glue.c","sid"
00468130,"FUN_00468130","sid/glue.c","sid"
00468261,"FUN_00468261","sid/glue.c","sid"
00468383,"FUN_00468383","sid/glue.c","sid"
00468550,"FUN_00468550","sid/glue.c","sid"
00468681,"FUN_00468681","sid/glue.c","sid"
004687a3,"FUN_004687a3","sid/glue.c","sid"
00468831,"FUN_00468831","sid/glue.c","sid"
00468962,"FUN_00468962","sid/glue.c","sid"
00468a84,"FUN_00468a84","sid/glue.c","sid"
00468b20,"FUN_00468b20","sid/glue.c","sid"
00468cb8,"FUN_00468cb8","sid/glue.c","sid"
00468def,"Palette_Subsystem_004a6fef","sid/glue.c","sid"
004693bd,"FUN_004693bd","sid/glue.c","sid"
00469450,"FUN_00469450","sid/glue.c","sid"
0046951b,"FUN_0046951b","sid/glue.c","sid"
00469614,"FUN_00469614","sid/glue.c","sid"
00469825,"FUN_00469825","sid/glue.c","sid"
004699cd,"FUN_004699cd","sid/glue.c","sid"
00469b05,"FUN_00469b05","sid/glue.c","sid"
00469c3c,"FUN_00469c3c","sid/glue.c","sid"
00469d2a,"FUN_00469d2a","sid/glue.c","sid"
00469f11,"Palette_Subsystem_004a8111","sid/glue.c","sid"
0046ab46,"Palette_Subsystem_004a8d46","sid/glue.c","sid"
0046add8,"FUN_0046add8","sid/glue.c","sid"
0046af37,"Palette_Subsystem_004a9137","sid/glue.c","sid"
0046b7a0,"Pic_Subsystem_004458b0","sid/glue.c","sid"
0046c7d0,"Ai_ChooseChainResponse","sid/glue.c","sid"
0046cc45,"FUN_0046cc45","sid/glue.c","sid"
0046d140,"FUN_0046d140","sid/glue.c","sid"
0046d497,"Pic_Subsystem_004475a4","sid/glue.c","sid"
0046d90d,"FUN_0046d90d","sid/glue.c","sid"
0046da4a,"FUN_0046da4a","sid/glue.c","sid"
0046e4c9,"FUN_0046e4c9","sid/glue.c","sid"
0046e571,"FUN_0046e571","sid/glue.c","sid"
0046e793,"Pic_Subsystem_004488a0","sid/glue.c","sid"
0046e852,"Pic_Subsystem_0044895f","sid/glue.c","sid"
0046ed1c,"FUN_0046ed1c","sid/glue.c","sid"
0046f02d,"FUN_0046f02d","sid/glue.c","sid"
0046f116,"FUN_0046f116","sid/glue.c","sid"
0046f18f,"FUN_0046f18f","sid/glue.c","sid"
0046f240,"UI_CreateWindow_0046f240","sid/glue.c","sid"
0046f2f5,"FUN_0046f2f5","sid/glue.c","sid"
0046f328,"UI_WndProc_0046f328","sid/glue.c","sid"
00470437,"FUN_00470437","sid/glue.c","sid"
004704cd,"FUN_004704cd","sid/glue.c","sid"
00470560,"FUN_00470560","sid/glue.c","sid"
004706d0,"FUN_004706d0","sid/glue.c","sid"
0047072d,"FUN_0047072d","sid/glue.c","sid"
0047076e,"FUN_0047076e","sid/glue.c","sid"
004707a4,"FUN_004707a4","sid/glue.c","sid"
004707f3,"FUN_004707f3","sid/glue.c","sid"
0047097b,"FUN_0047097b","sid/glue.c","sid"
004709ae,"FUN_004709ae","sid/glue.c","sid"
00470a16,"FUN_00470a16","sid/glue.c","sid"
00470b60,"FUN_00470b60","sid/glue.c","sid"
00470c78,"FUN_00470c78","sid/glue.c","sid"
00470cfa,"FUN_00470cfa","sid/glue.c","sid"
00470e75,"FUN_00470e75","sid/glue.c","sid"
00470f35,"FUN_00470f35","sid/glue.c","sid"
00471035,"FUN_00471035","sid/glue.c","sid"
00471395,"FUN_00471395","sid/glue.c","sid"
00471426,"FUN_00471426","sid/glue.c","sid"
00471717,"FUN_00471717","sid/glue.c","sid"
0047173d,"FUN_0047173d","sid/glue.c","sid"
004718de,"FUN_004718de","sid/glue.c","sid"
00471b26,"FUN_00471b26","sid/glue.c","sid"
00471cf1,"FUN_00471cf1","sid/glue.c","sid"
00471df6,"UI_WndProc_00471df6","sid/glue.c","sid"
00471e86,"FUN_00471e86","sid/glue.c","sid"
00471f45,"FUN_00471f45","sid/glue.c","sid"
00472317,"FUN_00472317","sid/glue.c","sid"
00472552,"FUN_00472552","sid/glue.c","sid"
0047256e,"FUN_0047256e","sid/glue.c","sid"
004725af,"FUN_004725af","sid/glue.c","sid"
004726e4,"FUN_004726e4","sid/glue.c","sid"
00472731,"FUN_00472731","sid/glue.c","sid"
0047283d,"FUN_0047283d","sid/glue.c","sid"
004729bc,"FUN_004729bc","sid/glue.c","sid"
00472a3f,"FUN_00472a3f","sid/glue.c","sid"
00472b02,"FUN_00472b02","sid/glue.c","sid"
00472b60,"FUN_00472b60","sid/glue.c","sid"
00472d0a,"FUN_00472d0a","sid/glue.c","sid"
00472d60,"FUN_00472d60","sid/glue.c","sid"
00472ea0,"FUN_00472ea0","sid/glue.c","sid"
00472fc0,"FUN_00472fc0","sid/glue.c","sid"
00473a32,"FUN_00473a32","sid/glue.c","sid"
00474d83,"FUN_00474d83","sid/glue.c","sid"
00476868,"FUN_00476868","sid/glue.c","sid"
004769a5,"FUN_004769a5","sid/glue.c","sid"
00476b29,"FUN_00476b29","sid/glue.c","sid"
0047740d,"Ai_EvalAttackCandidate_004c864d","sid/glue.c","sid"
00478cfa,"FUN_00478cfa","sid/glue.c","sid"
00478d48,"FUN_00478d48","sid/glue.c","sid"
00478e3b,"FUN_00478e3b","sid/glue.c","sid"
00478e99,"FUN_00478e99","sid/glue.c","sid"
004794d4,"FUN_004794d4","sid/glue.c","sid"
00479952,"FUN_00479952","sid/glue.c","sid"
00479b25,"FUN_00479b25","sid/glue.c","sid"
00479b85,"FUN_00479b85","sid/glue.c","sid"
00479be5,"FUN_00479be5","sid/glue.c","sid"
00479c07,"FUN_00479c07","sid/glue.c","sid"
00479e13,"FUN_00479e13","sid/glue.c","sid"
00479f9f,"FUN_00479f9f","sid/glue.c","sid"
0047a090,"FUN_0047a090","sid/glue.c","sid"
0047a283,"Mem_AllocOrFree_0047a283","sid/glue.c","sid"
0047a2a9,"Mem_AllocOrFree_0047a2a9","sid/glue.c","sid"
0047a2cf,"Mem_AllocOrFree_0047a2cf","sid/glue.c","sid"
0047a2f5,"Mem_AllocOrFree_0047a2f5","sid/glue.c","sid"
0047a31b,"Mem_AllocOrFree_0047a31b","sid/glue.c","sid"
0047a341,"Mana_Init_00452b71","sid/glue.c","sid"
0047a651,"Mem_AllocOrFree_0047a651","sid/glue.c","sid"
0047a67b,"Mem_AllocOrFree_0047a67b","sid/glue.c","sid"
0047a6a5,"Mem_AllocOrFree_0047a6a5","sid/glue.c","sid"
0047a6cf,"Mem_AllocOrFree_0047a6cf","sid/glue.c","sid"
0047a6f9,"Mem_AllocOrFree_0047a6f9","sid/glue.c","sid"
0047a723,"Mem_AllocOrFree_0047a723","sid/glue.c","sid"
0047a74d,"Mem_AllocOrFree_0047a74d","sid/glue.c","sid"
0047a777,"Mem_AllocOrFree_0047a777","sid/glue.c","sid"
0047a7a1,"Mem_AllocOrFree_0047a7a1","sid/glue.c","sid"
0047a7cb,"Mem_AllocOrFree_0047a7cb","sid/glue.c","sid"
0047a7f5,"FUN_0047a7f5","sid/glue.c","sid"
0047aac1,"Mana_Init_004532f1","sid/glue.c","sid"
0047acdd,"Ai_Subsystem_004b8e4d","sid/glue.c","sid"
0047af80,"Minit_Subsystem_004537b0","sid/glue.c","sid"
0047b430,"Minit_Subsystem_00453c60","sid/glue.c","sid"
0047b7ab,"Mana_Init_00453fdb","sid/glue.c","sid"
0047bba3,"FUN_0047bba3","sid/glue.c","sid"
0047bd97,"FUN_0047bd97","sid/glue.c","sid"
0047bed2,"Mana_Init_00453fdb","sid/glue.c","sid"
0047c1ba,"Mana_Init_00453fdb","sid/glue.c","sid"
0047cd98,"Mana_Init_004555c8","sid/glue.c","sid"
0047d928,"FUN_0047d928","sid/glue.c","sid"
0047d9e8,"FUN_0047d9e8","sid/glue.c","sid"
0047dbca,"FUN_0047dbca","sid/glue.c","sid"
0047dd22,"FUN_0047dd22","sid/glue.c","sid"
0047dda7,"FUN_0047dda7","sid/glue.c","sid"
0047deff,"Minit_Subsystem_0045672f","sid/glue.c","sid"
0047e4e0,"Glue_Subsystem_004f15c0","sid/glue.c","sid"
0047e7a5,"FUN_0047e7a5","sid/glue.c","sid"
0047e7d3,"Haar_DecompressWaveletImage","NedCard/haar.c","NedCard"
0047ec25,"FUN_0047ec25","NedCard/haar.c","NedCard"
0047ec8c,"FUN_0047ec8c","NedCard/haar.c","NedCard"
0047ee28,"FUN_0047ee28","NedCard/haar.c","NedCard"
0047ee63,"FUN_0047ee63","NedCard/haar.c","NedCard"
0047eecc,"FUN_0047eecc","NedCard/haar.c","NedCard"
0047f011,"FUN_0047f011","NedCard/haar.c","NedCard"
0047f0e6,"FUN_0047f0e6","NedCard/haar.c","NedCard"
0047f1c1,"Mem_AllocOrFree_0047f1c1","NedCard/haar.c","NedCard"
0047f1e7,"FUN_0047f1e7","NedCard/haar.c","NedCard"
0047f4b0,"FUN_0047f4b0","NedCard/haar.c","NedCard"
0047f6e7,"FUN_0047f6e7","NedCard/haar.c","NedCard"
0047f750,"FUN_0047f750","NedCard/haar.c","NedCard"
0047f7d3,"FUN_0047f7d3","NedCard/haar.c","NedCard"
0047f8f7,"Mem_AllocOrFree_0047f8f7","NedCard/haar.c","NedCard"
0047f918,"FUN_0047f918","NedCard/haar.c","NedCard"
0047fc0d,"FUN_0047fc0d","NedCard/haar.c","NedCard"
0047fc77,"FUN_0047fc77","NedCard/haar.c","NedCard"
0048039e,"FUN_0048039e","NedCard/haar.c","NedCard"
0048045f,"FUN_0048045f","NedCard/haar.c","NedCard"
004804b1,"FUN_004804b1","NedCard/haar.c","NedCard"
004804eb,"FUN_004804eb","NedCard/haar.c","NedCard"
00480690,"FUN_00480690","NedCard/haar.c","NedCard"
00480806,"UI_DialogProc_00480806","NedCard/haar.c","NedCard"
00480fdc,"Pic_Load_s_WINBK_Options_00480fdc","NedCard/haar.c","NedCard"
004810c1,"FUN_004810c1","NedCard/haar.c","NedCard"
0048111e,"Rules_ParseFilter_0048111e","NedCard/haar.c","NedCard"
00481890,"Rules_ParseFilter_00481890","NedCard/haar.c","NedCard"
00481c8e,"FUN_00481c8e","NedCard/haar.c","NedCard"
00481f02,"FUN_00481f02","NedCard/haar.c","NedCard"
004820b0,"Minit_Subsystem_00467880","NedCard/haar.c","NedCard"
004821cf,"FUN_004821cf","NedCard/haar.c","NedCard"
00482299,"Card_Setup_00467a68","NedCard/haar.c","NedCard"
004852b1,"FUN_004852b1","unattributed/duel_core.c","unattributed"
00485361,"FUN_00485361","unattributed/duel_core.c","unattributed"
00485587,"FUN_00485587","unattributed/duel_core.c","unattributed"
004855f9,"FUN_004855f9","unattributed/duel_core.c","unattributed"
00485887,"Palette_Subsystem_0049c7c7","unattributed/duel_core.c","unattributed"
00485c20,"FUN_00485c20","unattributed/duel_core.c","unattributed"
00485c56,"FUN_00485c56","unattributed/duel_core.c","unattributed"
00485cf5,"Mem_AllocOrFree_00485cf5","unattributed/duel_core.c","unattributed"
00485d15,"FUN_00485d15","unattributed/duel_core.c","unattributed"
004860aa,"FUN_004860aa","unattributed/duel_core.c","unattributed"
0048614b,"Mem_AllocOrFree_0048614b","unattributed/duel_core.c","unattributed"
00486239,"FUN_00486239","unattributed/duel_core.c","unattributed"
00486348,"FUN_00486348","unattributed/duel_core.c","unattributed"
004863ca,"FUN_004863ca","unattributed/duel_core.c","unattributed"
0048644e,"FUN_0048644e","unattributed/duel_core.c","unattributed"
004864b1,"FUN_004864b1","unattributed/duel_core.c","unattributed"
004864e0,"FUN_004864e0","unattributed/duel_core.c","unattributed"
004867ca,"FUN_004867ca","unattributed/duel_core.c","unattributed"
00486861,"FUN_00486861","unattributed/duel_core.c","unattributed"
004868d1,"FUN_004868d1","unattributed/duel_core.c","unattributed"
004869bd,"FUN_004869bd","unattributed/duel_core.c","unattributed"
00486a4e,"FUN_00486a4e","unattributed/duel_core.c","unattributed"
00486bc3,"FUN_00486bc3","unattributed/duel_core.c","unattributed"
00486c12,"FUN_00486c12","unattributed/duel_core.c","unattributed"
00486c90,"UI_CreateWindow_00486c90","unattributed/duel_core.c","unattributed"
00486dc6,"FUN_00486dc6","unattributed/duel_core.c","unattributed"
00486e17,"Ai_CalcManaRequirement_004b9284","unattributed/duel_core.c","unattributed"
00487924,"Mem_AllocOrFree_00487924","unattributed/duel_core.c","unattributed"
0048794d,"UI_WndProc_0048794d","unattributed/duel_core.c","unattributed"
00487a10,"FUN_00487a10","unattributed/duel_core.c","unattributed"
00487ce1,"Magic_ExecuteDrawPhase","unattributed/duel_core.c","unattributed"
00488150,"Palette_Color_0049ae00","unattributed/duel_core.c","unattributed"
00488598,"FUN_00488598","unattributed/duel_core.c","unattributed"
00488662,"FUN_00488662","unattributed/duel_core.c","unattributed"
00489247,"Ai_ChooseBlockers","unattributed/duel_core.c","unattributed"
004895b4,"FUN_004895b4","unattributed/duel_core.c","unattributed"
0048974c,"FUN_0048974c","unattributed/duel_core.c","unattributed"
0048a07d,"FUN_0048a07d","unattributed/duel_core.c","unattributed"
0048a1c7,"FUN_0048a1c7","unattributed/duel_core.c","unattributed"
0048a2cd,"FUN_0048a2cd","unattributed/duel_core.c","unattributed"
0048a33f,"FUN_0048a33f","unattributed/duel_core.c","unattributed"
0048a3b1,"FUN_0048a3b1","unattributed/duel_core.c","unattributed"
0048a423,"Card_Setup_00467a68","unattributed/duel_core.c","unattributed"
0048acd3,"FUN_0048acd3","unattributed/duel_core.c","unattributed"
0048ad82,"FUN_0048ad82","unattributed/duel_core.c","unattributed"
0048af80,"FUN_0048af80","unattributed/duel_core.c","unattributed"
0048afc2,"FUN_0048afc2","unattributed/duel_core.c","unattributed"
0048b0c7,"FUN_0048b0c7","unattributed/duel_core.c","unattributed"
0048b24e,"FUN_0048b24e","unattributed/duel_core.c","unattributed"
0048b2c9,"FUN_0048b2c9","unattributed/duel_core.c","unattributed"
0048b4c5,"FUN_0048b4c5","unattributed/duel_core.c","unattributed"
0048b5c9,"FUN_0048b5c9","unattributed/duel_core.c","unattributed"
0048b64f,"FUN_0048b64f","unattributed/duel_core.c","unattributed"
0048b81a,"FUN_0048b81a","unattributed/duel_core.c","unattributed"
0048c367,"FUN_0048c367","unattributed/duel_core.c","unattributed"
0048c420,"Mem_AllocOrFree_0048c420","unattributed/duel_core.c","unattributed"
0048c43a,"FUN_0048c43a","unattributed/duel_core.c","unattributed"
0048c50b,"FUN_0048c50b","unattributed/duel_core.c","unattributed"
0048c5a8,"Magic_ScanCards","sid/Magic.c","sid"
0048c907,"FUN_0048c907","sid/Magic.c","sid"
0048ca2a,"Magic_IsManaSource","sid/Magic.c","sid"
0048cac9,"FUN_0048cac9","sid/Magic.c","sid"
0048cb7f,"FUN_0048cb7f","sid/Magic.c","sid"
0048cc29,"FUN_0048cc29","sid/Magic.c","sid"
0048cfda,"FUN_0048cfda","sid/Magic.c","sid"
0048d00c,"FUN_0048d00c","sid/Magic.c","sid"
0048d320,"Duel_PreloadSoundEffects","sid/Magic.c","sid"
0048d3af,"FUN_0048d3af","sid/Magic.c","sid"
0048d3bf,"Magic_ClearSpellStack","sid/Magic.c","sid"
0048d3eb,"FUN_0048d3eb","sid/Magic.c","sid"
0048d41e,"FUN_0048d41e","sid/Magic.c","sid"
0048d878,"Magic_PushSpellStack","sid/Magic.c","sid"
0048dc9e,"FUN_0048dc9e","sid/Magic.c","sid"
0048dd43,"FUN_0048dd43","sid/Magic.c","sid"
0048e251,"FUN_0048e251","sid/Magic.c","sid"
0048e302,"Mem_AllocOrFree_0048e302","sid/Magic.c","sid"
0048e32b,"FUN_0048e32b","sid/Magic.c","sid"
0048e405,"FUN_0048e405","sid/Magic.c","sid"
0048e8a8,"FUN_0048e8a8","sid/Magic.c","sid"
0048e8f2,"Magic_RunTurnStep","sid/Magic.c","sid"
0048eae1,"FUN_0048eae1","sid/Magic.c","sid"
0048eb25,"FUN_0048eb25","sid/Magic.c","sid"
0048ebb3,"FUN_0048ebb3","sid/Magic.c","sid"
0048ed18,"FUN_0048ed18","sid/Magic.c","sid"
0048ee91,"FUN_0048ee91","sid/Magic.c","sid"
0048f067,"FUN_0048f067","sid/Magic.c","sid"
0048f123,"FUN_0048f123","sid/Magic.c","sid"
0048f1b1,"FUN_0048f1b1","sid/Magic.c","sid"
0048f31a,"FUN_0048f31a","sid/Magic.c","sid"
0048f500,"Palette_Subsystem_0049608e","sid/Magic.c","sid"
00490196,"UI_CreateWindow_00490196","sid/Magic.c","sid"
00490228,"Mem_AllocOrFree_00490228","sid/Magic.c","sid"
00490233,"UI_WndProc_00490233","sid/Magic.c","sid"
0049036d,"UI_Register_WINBK_BigCard_0049036d","sid/Magic.c","sid"
00490448,"Mem_AllocOrFree_00490448","sid/Magic.c","sid"
00490478,"UI_WndProc_00490478","sid/Magic.c","sid"
00491688,"FUN_00491688","sid/Magic.c","sid"
00491750,"FUN_00491750","sid/Magic.c","sid"
004917d0,"UI_CreateWindow_004917d0","sid/Magic.c","sid"
004918f1,"FUN_004918f1","sid/Magic.c","sid"
0049198a,"UI_WndProc_0049198a","sid/Magic.c","sid"
00491ef3,"FUN_00491ef3","sid/Magic.c","sid"
00492440,"Pic_Subsystem_00452551","sid/Magic.c","sid"
00492693,"Csv_LoadMaster_00492693","sid/Magic.c","sid"
004927ce,"Csv_ReadConcise_004927ce","sid/Magic.c","sid"
00492872,"Csv_ReadConcise_00492872","sid/Magic.c","sid"
00492951,"Csv_LoadMaster_00492951","sid/Magic.c","sid"
00492b05,"Mem_AllocOrFree_00492b05","sid/Magic.c","sid"
00492b17,"FUN_00492b17","sid/Magic.c","sid"
00492b90,"FUN_00492b90","sid/Magic.c","sid"
00492bd9,"Deck_FilterAttributes_00492bd9","sid/Magic.c","sid"
004930ea,"Tale_Load_004930ea","sid/Magic.c","sid"
004931aa,"Hints_Load_004931aa","sid/Magic.c","sid"
004933ec,"Hints_Load_004933ec","sid/Magic.c","sid"
00493466,"FUN_00493466","sid/Magic.c","sid"
00493714,"FUN_00493714","sid/Magic.c","sid"
0049377b,"FUN_0049377b","sid/Magic.c","sid"
00493810,"UI_Register_WINBK_Attack_00493810","sid/Magic.c","sid"
00493c0c,"FUN_00493c0c","sid/Magic.c","sid"
00493e30,"SpellChain_WndProc","sid/Magic.c","sid"
00497849,"FUN_00497849","unattributed/duel_core.c","unattributed"
0049793e,"FUN_0049793e","unattributed/duel_core.c","unattributed"
004983d1,"FUN_004983d1","unattributed/duel_core.c","unattributed"
00498613,"FUN_00498613","unattributed/duel_core.c","unattributed"
0049866e,"UI_WndProc_0049866e","unattributed/duel_core.c","unattributed"
00499128,"FUN_00499128","unattributed/duel_core.c","unattributed"
0049918f,"SpellChain_MinimizedWndProc","unattributed/duel_core.c","unattributed"
004994f8,"FUN_004994f8","unattributed/duel_core.c","unattributed"
004997a8,"FUN_004997a8","unattributed/duel_core.c","unattributed"
00499950,"Assert_Handler_00499950","unattributed/duel_core.c","unattributed"
00499a78,"Assert_Handler_00499a78","unattributed/duel_core.c","unattributed"
00499ba0,"UI_Register_sPoison_00499ba0","unattributed/duel_core.c","unattributed"
00499c93,"FUN_00499c93","unattributed/duel_core.c","unattributed"
00499d09,"Ai_CalcManaRequirement_004b9284","unattributed/duel_core.c","unattributed"
0049a93a,"FUN_0049a93a","unattributed/duel_core.c","unattributed"
0049a979,"FUN_0049a979","unattributed/duel_core.c","unattributed"
0049a9d0,"FUN_0049a9d0","unattributed/duel_core.c","unattributed"
0049aa14,"FUN_0049aa14","unattributed/duel_core.c","unattributed"
0049aa4b,"FUN_0049aa4b","unattributed/duel_core.c","unattributed"
0049aa7e,"FUN_0049aa7e","unattributed/duel_core.c","unattributed"
0049aaf0,"Mem_AllocOrFree_0049aaf0","unattributed/duel_core.c","unattributed"
0049aafb,"Mem_AllocOrFree_0049aafb","unattributed/duel_core.c","unattributed"
0049ab06,"Mem_AllocOrFree_0049ab06","unattributed/duel_core.c","unattributed"
0049ab18,"FUN_0049ab18","unattributed/duel_core.c","unattributed"
0049ab40,"FUN_0049ab40","unattributed/duel_core.c","unattributed"
0049ab68,"Mem_AllocOrFree_0049ab68","unattributed/duel_core.c","unattributed"
0049ab7a,"FUN_0049ab7a","unattributed/duel_core.c","unattributed"
0049ac00,"Pic_Subsystem_0044eca0","unattributed/duel_core.c","unattributed"
0049ad55,"Pic_Subsystem_0044edf5","unattributed/duel_core.c","unattributed"
0049ae63,"Pic_Subsystem_0044edf5","unattributed/duel_core.c","unattributed"
0049aed0,"FUN_0049aed0","unattributed/duel_core.c","unattributed"
0049af12,"FUN_0049af12","unattributed/duel_core.c","unattributed"
0049af5c,"FUN_0049af5c","unattributed/duel_core.c","unattributed"
0049b00c,"FUN_0049b00c","unattributed/duel_core.c","unattributed"
0049b0eb,"FUN_0049b0eb","unattributed/duel_core.c","unattributed"
0049b1a9,"FUN_0049b1a9","unattributed/duel_core.c","unattributed"
0049b1eb,"FUN_0049b1eb","unattributed/duel_core.c","unattributed"
0049b235,"FUN_0049b235","unattributed/duel_core.c","unattributed"
0049b277,"FUN_0049b277","unattributed/duel_core.c","unattributed"
0049b2c1,"FUN_0049b2c1","unattributed/duel_core.c","unattributed"
0049b309,"FUN_0049b309","unattributed/duel_core.c","unattributed"
0049b68d,"FUN_0049b68d","unattributed/duel_core.c","unattributed"
0049b7f0,"Palette_Subsystem_00495958","unattributed/duel_core.c","unattributed"
0049ba93,"Pic_Load_004420a1","unattributed/duel_core.c","unattributed"
0049c211,"FUN_0049c211","unattributed/duel_core.c","unattributed"
0049c24f,"FUN_0049c24f","unattributed/duel_core.c","unattributed"
0049c2d0,"UI_DialogProc_0049c2d0","unattributed/duel_core.c","unattributed"
0049cff7,"Pic_Load_s_GAUN_Startup_0049cff7","unattributed/duel_core.c","unattributed"
0049d0dc,"FUN_0049d0dc","unattributed/duel_core.c","unattributed"
0049d139,"FUN_0049d139","unattributed/duel_core.c","unattributed"
0049d17d,"Palette_Subsystem_00496497","unattributed/duel_core.c","unattributed"
0049d3c0,"Deck_FilterAttributes_0049d3c0","unattributed/duel_core.c","unattributed"
0049e5d3,"FUN_0049e5d3","unattributed/duel_core.c","unattributed"
0049e65c,"FUN_0049e65c","unattributed/duel_core.c","unattributed"
0049e6f9,"FUN_0049e6f9","unattributed/duel_core.c","unattributed"
0049e807,"FUN_0049e807","unattributed/duel_core.c","unattributed"
0049e921,"FUN_0049e921","unattributed/duel_core.c","unattributed"
0049eaa0,"UI_DialogProc_0049eaa0","unattributed/duel_core.c","unattributed"
0049f242,"Pic_Load_s_GAUN_Options_0049f242","unattributed/duel_core.c","unattributed"
0049f327,"FUN_0049f327","unattributed/duel_core.c","unattributed"
0049f384,"FUN_0049f384","unattributed/duel_core.c","unattributed"
0049f4d8,"FUN_0049f4d8","unattributed/duel_core.c","unattributed"
0049f52a,"Mem_AllocOrFree_0049f52a","unattributed/duel_core.c","unattributed"
0049f553,"Mem_AllocOrFree_0049f553","unattributed/duel_core.c","unattributed"
0049f568,"Mem_AllocOrFree_0049f568","unattributed/duel_core.c","unattributed"
0049f57d,"Mem_AllocOrFree_0049f57d","unattributed/duel_core.c","unattributed"
0049f588,"Mem_AllocOrFree_0049f588","unattributed/duel_core.c","unattributed"
0049f59a,"Mem_AllocOrFree_0049f59a","unattributed/duel_core.c","unattributed"
0049f5a5,"Mem_AllocOrFree_0049f5a5","unattributed/duel_core.c","unattributed"
0049f5b0,"Mem_AllocOrFree_0049f5b0","unattributed/duel_core.c","unattributed"
0049f5bb,"Mem_AllocOrFree_0049f5bb","unattributed/duel_core.c","unattributed"
0049f5c6,"Mem_AllocOrFree_0049f5c6","unattributed/duel_core.c","unattributed"
0049f5d8,"Mem_AllocOrFree_0049f5d8","unattributed/duel_core.c","unattributed"
0049f5e3,"Mem_AllocOrFree_0049f5e3","unattributed/duel_core.c","unattributed"
0049f5ee,"Mem_AllocOrFree_0049f5ee","unattributed/duel_core.c","unattributed"
0049f5f9,"Mem_AllocOrFree_0049f5f9","unattributed/duel_core.c","unattributed"
0049f604,"Mem_AllocOrFree_0049f604","unattributed/duel_core.c","unattributed"
0049f616,"Mem_AllocOrFree_0049f616","unattributed/duel_core.c","unattributed"
0049f628,"Mem_AllocOrFree_0049f628","unattributed/duel_core.c","unattributed"
0049f633,"FUN_0049f633","unattributed/duel_core.c","unattributed"
0049f697,"Mem_AllocOrFree_0049f697","unattributed/duel_core.c","unattributed"
0049f6a9,"Mem_AllocOrFree_0049f6a9","unattributed/duel_core.c","unattributed"
0049f6b4,"Mem_AllocOrFree_0049f6b4","unattributed/duel_core.c","unattributed"
0049f6bf,"Mem_AllocOrFree_0049f6bf","unattributed/duel_core.c","unattributed"
0049f6ca,"Mem_AllocOrFree_0049f6ca","unattributed/duel_core.c","unattributed"
0049f6d5,"Mem_AllocOrFree_0049f6d5","unattributed/duel_core.c","unattributed"
0049f6e7,"Mem_AllocOrFree_0049f6e7","unattributed/duel_core.c","unattributed"
0049f6f9,"Mem_AllocOrFree_0049f6f9","unattributed/duel_core.c","unattributed"
0049f704,"Mem_AllocOrFree_0049f704","unattributed/duel_core.c","unattributed"
0049f70f,"Mem_AllocOrFree_0049f70f","unattributed/duel_core.c","unattributed"
0049f71a,"Mem_AllocOrFree_0049f71a","unattributed/duel_core.c","unattributed"
0049f725,"Mem_AllocOrFree_0049f725","unattributed/duel_core.c","unattributed"
0049f737,"Mem_AllocOrFree_0049f737","unattributed/duel_core.c","unattributed"
0049f749,"Mem_AllocOrFree_0049f749","unattributed/duel_core.c","unattributed"
0049f754,"Mem_AllocOrFree_0049f754","unattributed/duel_core.c","unattributed"
0049f75f,"Mem_AllocOrFree_0049f75f","unattributed/duel_core.c","unattributed"
0049f771,"Mem_AllocOrFree_0049f771","unattributed/duel_core.c","unattributed"
0049f783,"Mem_AllocOrFree_0049f783","unattributed/duel_core.c","unattributed"
0049f795,"Mem_AllocOrFree_0049f795","unattributed/duel_core.c","unattributed"
0049f7a0,"Mem_AllocOrFree_0049f7a0","unattributed/duel_core.c","unattributed"
0049f7b2,"Mem_AllocOrFree_0049f7b2","unattributed/duel_core.c","unattributed"
0049f7c4,"Mem_AllocOrFree_0049f7c4","unattributed/duel_core.c","unattributed"
0049f7d9,"Mem_AllocOrFree_0049f7d9","unattributed/duel_core.c","unattributed"
0049f7ee,"Mem_AllocOrFree_0049f7ee","unattributed/duel_core.c","unattributed"
0049f801,"Mem_AllocOrFree_0049f801","unattributed/duel_core.c","unattributed"
0049f820,"SpellChain_RegisterClass","unattributed/duel_core.c","unattributed"
0049fac1,"SpellChain_CleanupUI","unattributed/duel_core.c","unattributed"
0049fc0f,"SpellChain_WndProc","unattributed/duel_core.c","unattributed"
004a197e,"SpellChain_FindEntryIndex","unattributed/duel_core.c","unattributed"
004a1a2d,"SpellChain_RemoveEntry","unattributed/duel_core.c","unattributed"
004a1b7a,"SpellChain_EntryTargetsMatch","unattributed/duel_core.c","unattributed"
004a1bf7,"Palette_Subsystem_0049608e","unattributed/duel_core.c","unattributed"
004a1e30,"SpellChain_ClearEntryTargets","unattributed/duel_core.c","unattributed"
004a1f15,"Palette_Subsystem_0049608e","unattributed/duel_core.c","unattributed"
004a20a2,"SpellChain_UpdateLayout","unattributed/duel_core.c","unattributed"
004a26ac,"SpellChain_GetContentRect","unattributed/duel_core.c","unattributed"
004a26c6,"SpellChain_MinimizedWndProc","unattributed/duel_core.c","unattributed"
004a2a2f,"SpellChain_MinimizeIfShown","unattributed/duel_core.c","unattributed"
004a2a87,"SpellChain_RestoreIfMinimized","unattributed/duel_core.c","unattributed"
004a2b00,"FUN_004a2b00","unattributed/duel_core.c","unattributed"
004a2d31,"FUN_004a2d31","unattributed/duel_core.c","unattributed"
004a2f9f,"FUN_004a2f9f","unattributed/duel_core.c","unattributed"
004a3041,"FUN_004a3041","unattributed/duel_core.c","unattributed"
004a314e,"FUN_004a314e","unattributed/duel_core.c","unattributed"
004a3593,"FUN_004a3593","unattributed/duel_core.c","unattributed"
004a36e8,"FUN_004a36e8","unattributed/duel_core.c","unattributed"
004a3dd6,"FUN_004a3dd6","unattributed/duel_core.c","unattributed"
004a3f89,"FUN_004a3f89","unattributed/duel_core.c","unattributed"
004a4084,"FUN_004a4084","unattributed/duel_core.c","unattributed"
004a4251,"FUN_004a4251","unattributed/duel_core.c","unattributed"
004a43c4,"FUN_004a43c4","unattributed/duel_core.c","unattributed"
004a44c8,"FUN_004a44c8","unattributed/duel_core.c","unattributed"
004a467d,"FUN_004a467d","unattributed/duel_core.c","unattributed"
004a4d51,"FUN_004a4d51","unattributed/duel_core.c","unattributed"
004a53ac,"FUN_004a53ac","unattributed/duel_core.c","unattributed"
004a56a5,"FUN_004a56a5","unattributed/duel_core.c","unattributed"
004a586e,"FUN_004a586e","unattributed/duel_core.c","unattributed"
004a59e6,"FUN_004a59e6","unattributed/duel_core.c","unattributed"
004a5b3d,"FUN_004a5b3d","unattributed/duel_core.c","unattributed"
004a5bc8,"FUN_004a5bc8","unattributed/duel_core.c","unattributed"
004a5def,"FUN_004a5def","unattributed/duel_core.c","unattributed"
004a60aa,"FUN_004a60aa","unattributed/duel_core.c","unattributed"
004a63d8,"FUN_004a63d8","unattributed/duel_core.c","unattributed"
004a65df,"FUN_004a65df","unattributed/duel_core.c","unattributed"
004a66b0,"FUN_004a66b0","unattributed/duel_core.c","unattributed"
004a6782,"FUN_004a6782","unattributed/duel_core.c","unattributed"
004a68fc,"FUN_004a68fc","unattributed/duel_core.c","unattributed"
004a6bd4,"Palette_Color_0049ae00","unattributed/duel_core.c","unattributed"
004a6d94,"FUN_004a6d94","unattributed/duel_core.c","unattributed"
004a6ebb,"FUN_004a6ebb","unattributed/duel_core.c","unattributed"
004a6f39,"Palette_Color_0049ae00","unattributed/duel_core.c","unattributed"
004a70d5,"Palette_Color_0049ae00","unattributed/duel_core.c","unattributed"
004a7352,"Palette_Color_0049ae00","unattributed/duel_core.c","unattributed"
004a7504,"Palette_Color_0049ae00","unattributed/duel_core.c","unattributed"
004a775b,"Palette_Color_0049ae00","unattributed/duel_core.c","unattributed"
004a7b83,"FUN_004a7b83","unattributed/duel_core.c","unattributed"
004a7c33,"Palette_Color_0049ae00","unattributed/duel_core.c","unattributed"
004a7e94,"FUN_004a7e94","unattributed/duel_core.c","unattributed"
004a7f64,"FUN_004a7f64","unattributed/duel_core.c","unattributed"
004a805d,"Palette_Color_0049ae00","unattributed/duel_core.c","unattributed"
004a8366,"Palette_Color_0049ae00","unattributed/duel_core.c","unattributed"
004a85e7,"Palette_Color_0049ae00","unattributed/duel_core.c","unattributed"
004a88a5,"Palette_Color_0049ae00","unattributed/duel_core.c","unattributed"
004a8b15,"FUN_004a8b15","unattributed/duel_core.c","unattributed"
004a8b71,"Palette_Color_0049ae00","unattributed/duel_core.c","unattributed"
004a8d55,"Palette_Color_0049ae00","unattributed/duel_core.c","unattributed"
004a90e1,"Palette_Color_0049ae00","unattributed/duel_core.c","unattributed"
004a9498,"Palette_Color_0049ae00","unattributed/duel_core.c","unattributed"
004a9754,"FUN_004a9754","unattributed/duel_core.c","unattributed"
004a97df,"FUN_004a97df","unattributed/duel_core.c","unattributed"
004a9892,"FUN_004a9892","unattributed/duel_core.c","unattributed"
004a9944,"FUN_004a9944","unattributed/duel_core.c","unattributed"
004a99f4,"FUN_004a99f4","unattributed/duel_core.c","unattributed"
004a9ad1,"FUN_004a9ad1","unattributed/duel_core.c","unattributed"
004a9d72,"Palette_Color_0049ae00","unattributed/duel_core.c","unattributed"
004a9e2f,"Palette_Color_0049ae00","unattributed/duel_core.c","unattributed"
004aa08e,"Palette_Color_0049ae00","unattributed/duel_core.c","unattributed"
004aa31b,"Palette_Color_0049ae00","unattributed/duel_core.c","unattributed"
004aa4e6,"FUN_004aa4e6","unattributed/duel_core.c","unattributed"
004aa569,"FUN_004aa569","unattributed/duel_core.c","unattributed"
004aa5bf,"Palette_Color_0049ae00","unattributed/duel_core.c","unattributed"
004aaa93,"FUN_004aaa93","unattributed/duel_core.c","unattributed"
004aab64,"Palette_Color_0049ae00","unattributed/duel_core.c","unattributed"
004ab2e3,"FUN_004ab2e3","unattributed/duel_core.c","unattributed"
004ab3b4,"Palette_Color_0049ae00","unattributed/duel_core.c","unattributed"
004abb49,"Palette_Color_0049ae00","unattributed/duel_core.c","unattributed"
004ac030,"FUN_004ac030","unattributed/duel_core.c","unattributed"
004ac2b1,"FUN_004ac2b1","unattributed/duel_core.c","unattributed"
004ac56d,"FUN_004ac56d","unattributed/duel_core.c","unattributed"
004acbac,"FUN_004acbac","unattributed/duel_core.c","unattributed"
004acf99,"Palette_Color_0049ae00","unattributed/duel_core.c","unattributed"
004ad480,"FUN_004ad480","unattributed/duel_core.c","unattributed"
004ad687,"FUN_004ad687","unattributed/duel_core.c","unattributed"
004ad725,"Mem_AllocOrFree_004ad725","unattributed/duel_core.c","unattributed"
004ad74f,"Mem_AllocOrFree_004ad74f","unattributed/duel_core.c","unattributed"
004ad775,"Palette_Color_0049ae00","unattributed/duel_core.c","unattributed"
004ae01a,"Glue_Subsystem_004dd632","unattributed/duel_core.c","unattributed"
004ae6cc,"Palette_Color_0049ae00","unattributed/duel_core.c","unattributed"
004ae985,"FUN_004ae985","unattributed/duel_core.c","unattributed"
004aed88,"FUN_004aed88","unattributed/duel_core.c","unattributed"
004aee02,"FUN_004aee02","unattributed/duel_core.c","unattributed"
004aef94,"Palette_Color_0049ae00","unattributed/duel_core.c","unattributed"
004af1fa,"FUN_004af1fa","unattributed/duel_core.c","unattributed"
004af68f,"FUN_004af68f","unattributed/duel_core.c","unattributed"
004af72b,"Mem_AllocOrFree_004af72b","unattributed/duel_core.c","unattributed"
004af74c,"FUN_004af74c","unattributed/duel_core.c","unattributed"
004af7bb,"FUN_004af7bb","unattributed/duel_core.c","unattributed"
004af82a,"Pic_Subsystem_0044895f","unattributed/duel_core.c","unattributed"
004af950,"FUN_004af950","unattributed/duel_core.c","unattributed"
004afd1c,"Mem_AllocOrFree_004afd1c","unattributed/duel_core.c","unattributed"
004afd50,"Glue_Subsystem_004ecee0","unattributed/duel_core.c","unattributed"
004afe04,"FUN_004afe04","unattributed/duel_core.c","unattributed"
004afe55,"Glue_UI_004ecfe5","unattributed/duel_core.c","unattributed"
004b1bba,"FUN_004b1bba","unattributed/duel_core.c","unattributed"
004b1cc1,"FUN_004b1cc1","unattributed/duel_core.c","unattributed"
004b1ed2,"FUN_004b1ed2","unattributed/duel_core.c","unattributed"
004b1fcf,"FUN_004b1fcf","unattributed/duel_core.c","unattributed"
004b24c6,"FUN_004b24c6","unattributed/duel_core.c","unattributed"
004b25bb,"FUN_004b25bb","unattributed/duel_core.c","unattributed"
004b26c4,"FUN_004b26c4","unattributed/duel_core.c","unattributed"
004b27eb,"FUN_004b27eb","unattributed/duel_core.c","unattributed"
004b289b,"FUN_004b289b","unattributed/duel_core.c","unattributed"
004b2935,"FUN_004b2935","unattributed/duel_core.c","unattributed"
004b29b6,"UI_DialogProc_004b29b6","unattributed/duel_core.c","unattributed"
004b2bd0,"Ai_Subsystem_004bc029","unattributed/duel_core.c","unattributed"
004b3360,"UI_CreateWindow_004b3360","unattributed/duel_core.c","unattributed"
004b33f1,"Pic_Load_004420a1","unattributed/duel_core.c","unattributed"
004b4ea6,"FUN_004b4ea6","unattributed/duel_core.c","unattributed"
004b4efc,"Pic_Clip_00443b63","unattributed/duel_core.c","unattributed"
004b5565,"FUN_004b5565","unattributed/duel_core.c","unattributed"
004b6466,"Palette_Subsystem_0049c3ac","unattributed/duel_core.c","unattributed"
004b693d,"FUN_004b693d","unattributed/duel_core.c","unattributed"
004b6982,"Palette_Subsystem_0049608e","unattributed/duel_core.c","unattributed"
004b6c50,"Palette_Color_0049ae00","unattributed/duel_core.c","unattributed"
004b6eac,"FUN_004b6eac","unattributed/duel_core.c","unattributed"
004b6fea,"UI_Register_WINBK_TellUser_004b6fea","unattributed/duel_core.c","unattributed"
004b7b63,"FUN_004b7b63","unattributed/duel_core.c","unattributed"
004b7f54,"FUN_004b7f54","unattributed/duel_core.c","unattributed"
004b8001,"FUN_004b8001","unattributed/duel_core.c","unattributed"
004b8160,"FUN_004b8160","unattributed/duel_core.c","unattributed"
004b8231,"UI_DialogProc_004b8231","unattributed/duel_core.c","unattributed"
004b8899,"FUN_004b8899","unattributed/duel_core.c","unattributed"
004b8bf0,"FUN_004b8bf0","unattributed/duel_core.c","unattributed"
004b921d,"FUN_004b921d","unattributed/duel_core.c","unattributed"
004b926e,"Mem_AllocOrFree_004b926e","unattributed/duel_core.c","unattributed"
004b927e,"FUN_004b927e","unattributed/duel_core.c","unattributed"
004b93c4,"FUN_004b93c4","unattributed/duel_core.c","unattributed"
004b9420,"Mem_AllocOrFree_004b9420","unattributed/duel_core.c","unattributed"
004b9432,"Mem_AllocOrFree_004b9432","unattributed/duel_core.c","unattributed"
004b943d,"Mem_AllocOrFree_004b943d","unattributed/duel_core.c","unattributed"
004b9448,"Mem_AllocOrFree_004b9448","unattributed/duel_core.c","unattributed"
004b9460,"UI_CreateWindow_004b9460","unattributed/duel_core.c","unattributed"
004b9523,"FUN_004b9523","unattributed/duel_core.c","unattributed"
004b9574,"Pic_Subsystem_0044bad4","unattributed/duel_core.c","unattributed"
004baa8b,"FUN_004baa8b","unattributed/duel_core.c","unattributed"
004badc2,"FUN_004badc2","unattributed/duel_core.c","unattributed"
004bb037,"FUN_004bb037","unattributed/duel_core.c","unattributed"
004bb0c2,"Pic_Subsystem_0044d61a","unattributed/duel_core.c","unattributed"
004bb120,"FUN_004bb120","unattributed/duel_core.c","unattributed"
004bb61e,"FUN_004bb61e","unattributed/duel_core.c","unattributed"
004bbb5a,"FUN_004bbb5a","unattributed/duel_core.c","unattributed"
004bc037,"Pic_Subsystem_00429237","unattributed/duel_core.c","unattributed"
004bc5ee,"Pic_Subsystem_004297ed","unattributed/duel_core.c","unattributed"
004bcc7e,"Pic_Subsystem_00429e7d","unattributed/duel_core.c","unattributed"
004bced7,"FUN_004bced7","unattributed/duel_core.c","unattributed"
004bcfca,"Pic_Load_0042a1c9","unattributed/duel_core.c","unattributed"
004bda20,"Pic_Subsystem_0042ac1f","unattributed/duel_core.c","unattributed"
004bdc1e,"Pic_Subsystem_0042ae1d","unattributed/duel_core.c","unattributed"
004be3f6,"FUN_004be3f6","unattributed/duel_core.c","unattributed"
004be8ae,"FUN_004be8ae","unattributed/duel_core.c","unattributed"
004be8ee,"FUN_004be8ee","unattributed/duel_core.c","unattributed"
004be92e,"Pic_Subsystem_0042bb2e","unattributed/duel_core.c","unattributed"
004bece5,"Pic_Subsystem_0042bee5","unattributed/duel_core.c","unattributed"
004bed45,"Pic_Subsystem_0042bf45","unattributed/duel_core.c","unattributed"
004beda5,"FUN_004beda5","unattributed/duel_core.c","unattributed"
004bf72f,"FUN_004bf72f","unattributed/duel_core.c","unattributed"
004bf853,"FUN_004bf853","unattributed/duel_core.c","unattributed"
004bfc63,"FUN_004bfc63","unattributed/duel_core.c","unattributed"
004c044f,"FUN_004c044f","unattributed/duel_core.c","unattributed"
004c0929,"FUN_004c0929","unattributed/duel_core.c","unattributed"
004c0b1f,"Pic_Subsystem_0042dd1f","unattributed/duel_core.c","unattributed"
004c10d9,"Pic_Subsystem_0042e2d9","unattributed/duel_core.c","unattributed"
004c1610,"FUN_004c1610","unattributed/duel_core.c","unattributed"
004c16c2,"Pic_Subsystem_0042e8c0","unattributed/duel_core.c","unattributed"
004c1a69,"FUN_004c1a69","unattributed/duel_core.c","unattributed"
004c1ba3,"Pic_Subsystem_0042ed9f","unattributed/duel_core.c","unattributed"
004c20fd,"FUN_004c20fd","unattributed/duel_core.c","unattributed"
004c2495,"FUN_004c2495","unattributed/duel_core.c","unattributed"
004c258e,"FUN_004c258e","unattributed/duel_core.c","unattributed"
004c2681,"Pic_Subsystem_0042f87b","unattributed/duel_core.c","unattributed"
004c2ca0,"Pic_Subsystem_0042fe9a","unattributed/duel_core.c","unattributed"
004c2e23,"FUN_004c2e23","unattributed/duel_core.c","unattributed"
004c2fbb,"FUN_004c2fbb","unattributed/duel_core.c","unattributed"
004c3059,"FUN_004c3059","unattributed/duel_core.c","unattributed"
004c33f8,"FUN_004c33f8","unattributed/duel_core.c","unattributed"
004c3513,"Pic_Subsystem_0043070c","unattributed/duel_core.c","unattributed"
004c3d11,"Pic_Subsystem_00430f0a","unattributed/duel_core.c","unattributed"
004c4244,"FUN_004c4244","unattributed/duel_core.c","unattributed"
004c44d3,"FUN_004c44d3","unattributed/duel_core.c","unattributed"
004c47cc,"Pic_Subsystem_004319c5","unattributed/duel_core.c","unattributed"
004c4cda,"Pic_Subsystem_00431ed3","unattributed/duel_core.c","unattributed"
004c5406,"Pic_Subsystem_004325fe","unattributed/duel_core.c","unattributed"
004c591a,"Pic_Subsystem_00432b12","unattributed/duel_core.c","unattributed"
004c5d78,"FUN_004c5d78","unattributed/duel_core.c","unattributed"
004c5e5f,"FUN_004c5e5f","unattributed/duel_core.c","unattributed"
004c6039,"FUN_004c6039","unattributed/duel_core.c","unattributed"
004c613b,"FUN_004c613b","unattributed/duel_core.c","unattributed"
004c626d,"FUN_004c626d","unattributed/duel_core.c","unattributed"
004c6423,"FUN_004c6423","unattributed/duel_core.c","unattributed"
004c64ff,"Pic_Subsystem_004336f8","unattributed/duel_core.c","unattributed"
004c68a5,"FUN_004c68a5","unattributed/duel_core.c","unattributed"
004c698a,"FUN_004c698a","unattributed/duel_core.c","unattributed"
004c6a69,"Pic_Subsystem_00433c62","unattributed/duel_core.c","unattributed"
004c6dbe,"Palette_Color_0049ae00","unattributed/duel_core.c","unattributed"
004c7337,"FUN_004c7337","unattributed/duel_core.c","unattributed"
004c73b2,"Pic_Subsystem_004345a9","unattributed/duel_core.c","unattributed"
004c7928,"Pic_Subsystem_00434b1f","unattributed/duel_core.c","unattributed"
004c7d3b,"Pic_Subsystem_00434f32","unattributed/duel_core.c","unattributed"
004c81bc,"Pic_Subsystem_004353b3","unattributed/duel_core.c","unattributed"
004c88c8,"Pic_Subsystem_00435abf","unattributed/duel_core.c","unattributed"
004c9309,"Pic_Subsystem_00436500","unattributed/duel_core.c","unattributed"
004c9d69,"Pic_Subsystem_00436f60","unattributed/duel_core.c","unattributed"
004ca742,"Pic_Subsystem_0043793a","unattributed/duel_core.c","unattributed"
004ca8ca,"Palette_Color_0049ae00","unattributed/duel_core.c","unattributed"
004cabfe,"Pic_Subsystem_00437df6","unattributed/duel_core.c","unattributed"
004caf31,"Palette_Color_0049ae00","unattributed/duel_core.c","unattributed"
004cb223,"FUN_004cb223","unattributed/duel_core.c","unattributed"
004cb69a,"FUN_004cb69a","unattributed/duel_core.c","unattributed"
004cb79c,"FUN_004cb79c","unattributed/duel_core.c","unattributed"
004cbaf4,"Pic_Subsystem_00438ced","unattributed/duel_core.c","unattributed"
004cc210,"Pic_Subsystem_00439408","unattributed/duel_core.c","unattributed"
004cc5eb,"FUN_004cc5eb","unattributed/duel_core.c","unattributed"
004cc99a,"Pic_Subsystem_00439b92","unattributed/duel_core.c","unattributed"
004ccb93,"Pic_Subsystem_00439d8b","unattributed/duel_core.c","unattributed"
004ccc0e,"Pic_Subsystem_00439e06","unattributed/duel_core.c","unattributed"
004cd134,"Pic_Subsystem_0043a32c","unattributed/duel_core.c","unattributed"
004cda70,"Pic_Subsystem_0043ac68","unattributed/duel_core.c","unattributed"
004cdd9b,"FUN_004cdd9b","unattributed/duel_core.c","unattributed"
004cde6f,"FUN_004cde6f","unattributed/duel_core.c","unattributed"
004cdfdd,"FUN_004cdfdd","unattributed/duel_core.c","unattributed"
004ce02a,"Pic_Subsystem_0043b224","unattributed/duel_core.c","unattributed"
004ce22a,"Pic_Subsystem_0043b424","unattributed/duel_core.c","unattributed"
004ce4f0,"Pic_Subsystem_0043b6eb","unattributed/duel_core.c","unattributed"
004ce553,"Pic_Subsystem_0043b74e","unattributed/duel_core.c","unattributed"
004ce5ce,"FUN_004ce5ce","unattributed/duel_core.c","unattributed"
004ce873,"Pic_Subsystem_0043ba6e","unattributed/duel_core.c","unattributed"
004ce8d5,"Pic_Subsystem_0043bad0","unattributed/duel_core.c","unattributed"
004ce937,"Pic_Subsystem_0043bb32","unattributed/duel_core.c","unattributed"
004ce998,"Pic_Subsystem_0043bb94","unattributed/duel_core.c","unattributed"
004ce9fa,"Pic_Subsystem_0043bbf6","unattributed/duel_core.c","unattributed"
004cea5c,"Pic_Subsystem_0043bc58","unattributed/duel_core.c","unattributed"
004ceabe,"FUN_004ceabe","unattributed/duel_core.c","unattributed"
004ceeb6,"FUN_004ceeb6","unattributed/duel_core.c","unattributed"
004cef78,"FUN_004cef78","unattributed/duel_core.c","unattributed"
004cefaf,"FUN_004cefaf","unattributed/duel_core.c","unattributed"
004cefe6,"FUN_004cefe6","unattributed/duel_core.c","unattributed"
004cf01d,"FUN_004cf01d","unattributed/duel_core.c","unattributed"
004cf054,"FUN_004cf054","unattributed/duel_core.c","unattributed"
004cf08b,"Pic_Subsystem_0043c287","unattributed/duel_core.c","unattributed"
004cf6f7,"Pic_Subsystem_0043c8f5","unattributed/duel_core.c","unattributed"
004cffc5,"Pic_Subsystem_0043d1c3","unattributed/duel_core.c","unattributed"
004d0811,"Pic_Subsystem_0043da0f","unattributed/duel_core.c","unattributed"
004d0dbd,"Pic_Subsystem_0043dfbb","unattributed/duel_core.c","unattributed"
004d0ef2,"Pic_Subsystem_0043e0f6","unattributed/duel_core.c","unattributed"
004d1597,"FUN_004d1597","unattributed/duel_core.c","unattributed"
004d19ba,"Pic_Subsystem_0043ebbf","unattributed/duel_core.c","unattributed"
004d1f99,"Pic_Subsystem_0043f19e","unattributed/duel_core.c","unattributed"
004d2318,"Pic_Subsystem_0043f51d","unattributed/duel_core.c","unattributed"
004d28f2,"Pic_Subsystem_0043faf7","unattributed/duel_core.c","unattributed"
004d2b76,"FUN_004d2b76","unattributed/duel_core.c","unattributed"
004d2bad,"FUN_004d2bad","unattributed/duel_core.c","unattributed"
004d2be4,"FUN_004d2be4","unattributed/duel_core.c","unattributed"
004d2c1b,"FUN_004d2c1b","unattributed/duel_core.c","unattributed"
004d2c52,"FUN_004d2c52","unattributed/duel_core.c","unattributed"
004d2c89,"Pic_Subsystem_0043fe8e","unattributed/duel_core.c","unattributed"
004d3084,"Pic_Subsystem_0043fe8e","unattributed/duel_core.c","unattributed"
004d3488,"Pic_Subsystem_0044068c","unattributed/duel_core.c","unattributed"
004d3945,"FUN_004d3945","unattributed/duel_core.c","unattributed"
004d3bb1,"Pic_Subsystem_00440db5","unattributed/duel_core.c","unattributed"
004d3f63,"Pic_Subsystem_00441167","unattributed/duel_core.c","unattributed"
004d42d8,"FUN_004d42d8","unattributed/duel_core.c","unattributed"
004d458b,"FUN_004d458b","unattributed/duel_core.c","unattributed"
004d483e,"FUN_004d483e","unattributed/duel_core.c","unattributed"
004d4e10,"Mem_AllocOrFree_004d4e10","unattributed/duel_core.c","unattributed"
004d4e3e,"Pic_Load_0044ef70","unattributed/duel_core.c","unattributed"
004d6362,"FUN_004d6362","unattributed/duel_core.c","unattributed"
004d6490,"FUN_004d6490","unattributed/duel_core.c","unattributed"
004d65c6,"FUN_004d65c6","unattributed/duel_core.c","unattributed"
004d65f2,"FUN_004d65f2","unattributed/duel_core.c","unattributed"
004d6639,"Palette_Subsystem_004a5722","unattributed/duel_core.c","unattributed"
004d695b,"Pic_Subsystem_00451291","unattributed/duel_core.c","unattributed"
004d6a15,"FUN_004d6a15","unattributed/duel_core.c","unattributed"
004d714c,"FUN_004d714c","unattributed/duel_core.c","unattributed"
004d71e6,"FUN_004d71e6","unattributed/duel_core.c","unattributed"
004d7382,"FUN_004d7382","unattributed/duel_core.c","unattributed"
004d7460,"FUN_004d7460","unattributed/duel_core.c","unattributed"
004d7510,"Ai_Subsystem_004cc1e8","unattributed/duel_core.c","unattributed"
004d76dd,"FUN_004d76dd","unattributed/duel_core.c","unattributed"
004d7735,"FUN_004d7735","unattributed/duel_core.c","unattributed"
004d7782,"FUN_004d7782","unattributed/duel_core.c","unattributed"
004d7876,"FUN_004d7876","unattributed/duel_core.c","unattributed"
004d7946,"FUN_004d7946","unattributed/duel_core.c","unattributed"
004d7acc,"FUN_004d7acc","unattributed/duel_core.c","unattributed"
004d7b2d,"FUN_004d7b2d","unattributed/duel_core.c","unattributed"
004d7baa,"FUN_004d7baa","unattributed/duel_core.c","unattributed"
004d7c20,"Pic_Subsystem_00452551","unattributed/duel_core.c","unattributed"
004d7d5e,"FUN_004d7d5e","unattributed/duel_core.c","unattributed"
004d7dd7,"FUN_004d7dd7","unattributed/duel_core.c","unattributed"
004d7e29,"FUN_004d7e29","unattributed/duel_core.c","unattributed"
004d7e62,"FUN_004d7e62","unattributed/duel_core.c","unattributed"
004d7ea5,"Mem_AllocOrFree_004d7ea5","unattributed/duel_core.c","unattributed"
004d7eb0,"Mem_AllocOrFree_004d7eb0","unattributed/duel_core.c","unattributed"
004d7ecb,"FUN_004d7ecb","unattributed/duel_core.c","unattributed"
004d7f60,"FUN_004d7f60","unattributed/duel_core.c","unattributed"
004d7fb8,"FUN_004d7fb8","unattributed/duel_core.c","unattributed"
004d8174,"FUN_004d8174","unattributed/duel_core.c","unattributed"
004d8477,"FUN_004d8477","unattributed/duel_core.c","unattributed"
004d85eb,"FUN_004d85eb","unattributed/duel_core.c","unattributed"
004d8703,"FUN_004d8703","unattributed/duel_core.c","unattributed"
004d8a53,"FUN_004d8a53","unattributed/duel_core.c","unattributed"
004d8bee,"FUN_004d8bee","unattributed/duel_core.c","unattributed"
004d8cfe,"FUN_004d8cfe","unattributed/duel_core.c","unattributed"
004d8f90,"FUN_004d8f90","unattributed/duel_core.c","unattributed"
004d9080,"FUN_004d9080","unattributed/duel_core.c","unattributed"
004d910a,"MCIWndCreateA","unattributed/duel_core.c","unattributed"
004d95f0,"GetOpenFileNameA","unattributed/duel_core.c","unattributed"
004d95f6,"GetSaveFileNameA","unattributed/duel_core.c","unattributed"
004d9626,"DeckBuilderMain","unattributed/duel_core.c","unattributed"
004d9630,"Mem_AllocOrFree_004d9630","unattributed/duel_core.c","unattributed"
004d9640,"FUN_004d9640","unattributed/duel_core.c","unattributed"
004d9720,"_sprintf","sprintf.c","root"
004d9810,"Mem_AllocOrFree_004d9810","sprintf.c","root"
004d9830,"Mem_AllocOrFree_004d9830","sprintf.c","root"
004d9850,"_rand","sprintf.c","root"
004d98a0,"_strlen","sprintf.c","root"
004d9920,"_strcmp","sprintf.c","root"
004d99b0,"FID_conflict:_memcpy","sprintf.c","root"
004d9b00,"_strncmp","sprintf.c","root"
004d9b40,"_atol","sprintf.c","root"
004d9c60,"_atoi","sprintf.c","root"
004d9c80,"__atoi64","sprintf.c","root"
004d9dd0,"__assert","sprintf.c","root"
004da190,"_memset","sprintf.c","root"
004da1f0,"__cinit","sprintf.c","root"
004da240,"_exit","sprintf.c","root"
004da260,"__exit","sprintf.c","root"
004da280,"__cexit","sprintf.c","root"
004da2a0,"__c_exit","sprintf.c","root"
004da2c0,"doexit","sprintf.c","root"
004da3c0,"__initterm","sprintf.c","root"
004da400,"_fread","sprintf.c","root"
004da5d0,"_malloc","sprintf.c","root"
004da600,"__malloc_dbg","sprintf.c","root"
004da630,"__nh_malloc","sprintf.c","root"
004da660,"__nh_malloc_dbg","sprintf.c","root"
004da6d0,"__heap_alloc","sprintf.c","root"
004da700,"__heap_alloc_dbg","dbgheap.c","root"
004daa40,"_calloc","dbgheap.c","root"
004daa70,"__calloc_dbg","dbgheap.c","root"
004daae0,"FID_conflict:__expand","dbgheap.c","root"
004dab10,"__realloc_dbg","dbgheap.c","root"
004dab50,"realloc_help","dbgheap.c","root"
004db0e0,"FID_conflict:__expand","dbgheap.c","root"
004db110,"__expand_dbg","dbgheap.c","root"
004db150,"FUN_004db150","dbgheap.c","root"
004db170,"__free_dbg","dbgheap.c","root"
004db5a0,"__msize","dbgheap.c","root"
004db5c0,"__msize_dbg","dbgheap.c","root"
004db730,"Mem_AllocOrFree_004db730","dbgheap.c","root"
004db760,"__CrtSetDbgBlockType","dbgheap.c","root"
004db800,"Mem_AllocOrFree_004db800","dbgheap.c","root"
004db830,"_CheckBytes","dbgheap.c","root"
004db8c0,"__CrtCheckMemory","dbgheap.c","root"
004dbc40,"__CrtSetDbgFlag","dbgheap.c","root"
004dbc70,"__CrtDoForAllClientObjects","dbgheap.c","root"
004dbce0,"__CrtIsValidPointer","dbgheap.c","root"
004dbd40,"__CrtIsValidHeapPointer","dbgheap.c","root"
004dbe10,"__CrtIsMemoryBlock","dbgheap.c","root"
004dbf10,"Mem_AllocOrFree_004dbf10","dbgheap.c","root"
004dbf40,"__CrtMemCheckpoint","dbgheap.c","root"
004dc080,"__CrtMemDifference","dbgheap.c","root"
004dc1c0,"__CrtMemDumpAllObjectsSince","dbgheap.c","root"
004dc480,"__printMemBlockData","dbgheap.c","root"
004dc580,"__CrtDumpMemoryLeaks","dbgheap.c","root"
004dc610,"__CrtMemDumpStatistics","dbgheap.c","root"
004dc6e0,"__fsopen","fopen.c","root"
004dc7f0,"_fopen","fopen.c","root"
004dc820,"_fclose","fclose.c","root"
004dc910,"_bsearch","fclose.c","root"
004dca30,"_fseek","fseek.c","root"
004dcb60,"__splitpath","fseek.c","root"
004dcdb0,"_fgets","fgets.c","root"
004dcee0,"_fscanf","fscanf.c","root"
004dcf80,"_strchr","fscanf.c","root"
004dd040,"_sscanf","sscanf.c","root"
004dd110,"_strspn","sscanf.c","root"
004dd150,"_strcspn","sscanf.c","root"
004dd190,"FID_conflict:__mkdir","sscanf.c","root"
004dd1f0,"_fgetc","fgetc.c","root"
004dd270,"_getc","fgetc.c","root"
004dd290,"__open","fgetc.c","root"
004dd2e0,"__sopen","fgetc.c","root"
004dd880,"__close","fgetc.c","root"
004dd990,"__read","fgetc.c","root"
004dde30,"_memcmp","fgetc.c","root"
004ddee0,"Mem_AllocOrFree_004ddee0","fgetc.c","root"
004ddf10,"FID_conflict:__fwrite_lk","fgetc.c","root"
004de130,"_strrchr","fgetc.c","root"
004de160,"__isctype","fgetc.c","root"
004de220,"__allshl","fgetc.c","root"
004de240,"_ftell","ftell.c","root"
004de4f0,"_fprintf","fprintf.c","root"
004de5a0,"_ctime","fprintf.c","root"
004de5f0,"_time","fprintf.c","root"
004de780,"__vsnprintf","vsprintf.c","root"
004de870,"_strncpy","vsprintf.c","root"
004de970,"__fpmath","vsprintf.c","root"
004de9a0,"Mem_AllocOrFree_004de9a0","vsprintf.c","root"
004de9b0,"__cfltcvt_init","vsprintf.c","root"
004dea00,"Mem_AllocOrFree_004dea00","vsprintf.c","root"
004dea30,"entry","vsprintf.c","root"
004dec80,"__amsg_exit","vsprintf.c","root"
004decc0,"__flsbuf","vsprintf.c","root"
004def60,"__output","buf.c","root"
004dfcf0,"write_char","buf.c","root"
004dfd70,"write_multi_char","buf.c","root"
004dfdc0,"write_string","buf.c","root"
004dfe20,"get_int_arg","buf.c","root"
004dfe40,"get_int64_arg","buf.c","root"
004dfe70,"get_short_arg","buf.c","root"
004dfe90,"__CrtDbgBreak","buf.c","root"
004dfeb0,"__CrtSetReportMode","buf.c","root"
004dff30,"__CrtSetReportFile","buf.c","root"
004dffe0,"Mem_AllocOrFree_004dffe0","buf.c","root"
004e0010,"__CrtDbgReport","buf.c","root"
004e0400,"_CrtMessageWindow","dbgrpt.c","root"
004e0730,"__allmul","dbgrpt.c","root"
004e0770,"_abort","dbgrpt.c","root"
004e07a0,"_signal","dbgrpt.c","root"
004e0980,"ctrlevent_capture","dbgrpt.c","root"
004e0a10,"_raise","dbgrpt.c","root"
004e0c30,"siglookup","dbgrpt.c","root"
004e0ca0,"___crtMessageBoxA","dbgrpt.c","root"
004e0d80,"_strncat","dbgrpt.c","root"
004e0eb0,"__itoa","dbgrpt.c","root"
004e0f10,"xtoa","dbgrpt.c","root"
004e0fd0,"__ltoa","dbgrpt.c","root"
004e1030,"__ultoa","dbgrpt.c","root"
004e1060,"__i64toa","dbgrpt.c","root"
004e10d0,"x64toa","dbgrpt.c","root"
004e11b0,"__ui64toa","dbgrpt.c","root"
004e11e0,"_fflush","dbgrpt.c","root"
004e1260,"__flush","dbgrpt.c","root"
004e1320,"__flushall","dbgrpt.c","root"
004e1340,"flsall","dbgrpt.c","root"
004e1440,"___initstdio","_file.c","root"
004e15a0,"___endstdio","_file.c","root"
004e15d0,"_setvbuf","setvbuf.c","root"
004e1730,"__filbuf","_filbuf.c","root"
004e1910,"Mem_AllocOrFree_004e1910","_filbuf.c","root"
004e1940,"Mem_AllocOrFree_004e1940","_filbuf.c","root"
004e1960,"__callnewh","_filbuf.c","root"
004e19a0,"__malloc_base","_filbuf.c","root"
004e19d0,"__nh_malloc_base","_filbuf.c","root"
004e1a70,"__heap_alloc_base","_filbuf.c","root"
004e1ae0,"Mem_AllocOrFree_004e1ae0","_filbuf.c","root"
004e1b00,"__expand_base","_filbuf.c","root"
004e1bd0,"__realloc_base","_filbuf.c","root"
004e1de0,"__free_base","_filbuf.c","root"
004e1e50,"__heapchk","_filbuf.c","root"
004e1ed0,"__heapset","_filbuf.c","root"
004e1ef0,"__heap_init","_filbuf.c","root"
004e1f50,"__heap_term","_filbuf.c","root"
004e1fb0,"Mem_AllocOrFree_004e1fb0","_filbuf.c","root"
004e1fd0,"__set_sbh_threshold","_filbuf.c","root"
004e2020,"___sbh_new_region","_filbuf.c","root"
004e2230,"___sbh_release_region","_filbuf.c","root"
004e22c0,"___sbh_decommit_pages","_filbuf.c","root"
004e2440,"___sbh_find_block","_filbuf.c","root"
004e24f0,"___sbh_free_block","_filbuf.c","root"
004e2580,"___sbh_alloc_block","_filbuf.c","root"
004e2a50,"___sbh_alloc_block_from_page","_filbuf.c","root"
004e2d50,"___sbh_resize_block","_filbuf.c","root"
004e2f10,"___sbh_heap_check","_filbuf.c","root"
004e3180,"__openfile","_open.c","root"
004e3540,"__getstream","stream.c","root"
004e3660,"__freebuf","_freebuf.c","root"
004e36f0,"__lseek","_freebuf.c","root"
004e3810,"__mbsnbcpy","_freebuf.c","root"
004e3930,"__setmbcp","_freebuf.c","root"
004e3c60,"getSystemCP","_freebuf.c","root"
004e3cf0,"_CPtoLCID","_freebuf.c","root"
004e3d90,"setSBCS","_freebuf.c","root"
004e3e10,"Mem_AllocOrFree_004e3e10","_freebuf.c","root"
004e3e30,"___initmbctable","_freebuf.c","root"
004e3e50,"__input","input.c","root"
004e5200,"__hextodec","input.c","root"
004e5270,"__inc","input.c","root"
004e52c0,"__un_inc","input.c","root"
004e52f0,"__whiteout","input.c","root"
004e5340,"__dosmaperr","input.c","root"
004e5400,"__ioinit","ioinit.c","root"
004e5730,"__ioterm","ioinit.c","root"
004e57a0,"__chsize","chsize.c","root"
004e5a50,"__alloc_osfhnd","osfinfo.c","root"
004e5ba0,"__set_osfhnd","osfinfo.c","root"
004e5ca0,"__free_osfhnd","osfinfo.c","root"
004e5dc0,"__get_osfhandle","osfinfo.c","root"
004e5e40,"__open_osfhandle","osfinfo.c","root"
004e5f40,"__write","osfinfo.c","root"
004e6240,"___crtGetStringTypeW","aw_str.c","root"
004e64a0,"___crtGetStringTypeA","aw_str.c","root"
004e6640,"__stbuf","_sftbuf.c","root"
004e6790,"__ftbuf","_sftbuf.c","root"
004e6850,"_asctime","_sftbuf.c","root"
004e69b0,"store_dt","_sftbuf.c","root"
004e69f0,"_localtime","_sftbuf.c","root"
004e6c50,"___loctotime_t","_sftbuf.c","root"
004e6d70,"__setdefaultprecision","_sftbuf.c","root"
004e6d90,"__ms_p5_test_fdiv","_sftbuf.c","root"
004e6df0,"__ms_p5_mp_test_fdiv","_sftbuf.c","root"
004e6e50,"__forcdecpt","_sftbuf.c","root"
004e6f10,"__cropzeros","_sftbuf.c","root"
004e6ff0,"__positive","_sftbuf.c","root"
004e7030,"__fassign","_sftbuf.c","root"
004e7090,"__cftoe","_sftbuf.c","root"
004e7260,"__cftof","_sftbuf.c","root"
004e73f0,"__cftog","_sftbuf.c","root"
004e7510,"__cftoe_g","_sftbuf.c","root"
004e7550,"__cftof_g","_sftbuf.c","root"
004e7590,"__cfltcvt","_sftbuf.c","root"
004e7610,"__shift","_sftbuf.c","root"
004e7648,"__global_unwind2","_sftbuf.c","root"
004e768a,"__local_unwind2","_sftbuf.c","root"
004e771e,"Mem_AllocOrFree_004e771e","_sftbuf.c","root"
004e7740,"__XcptFilter","_sftbuf.c","root"
004e7940,"xcptlookup","_sftbuf.c","root"
004e79b0,"__ismbbkalnum","_sftbuf.c","root"
004e79d0,"__ismbbkprint","_sftbuf.c","root"
004e79f0,"__ismbbkpunct","_sftbuf.c","root"
004e7a10,"__ismbbalnum","_sftbuf.c","root"
004e7a40,"__ismbbalpha","_sftbuf.c","root"
004e7a70,"__ismbbgraph","_sftbuf.c","root"
004e7aa0,"__ismbbprint","_sftbuf.c","root"
004e7ad0,"__ismbbpunct","_sftbuf.c","root"
004e7af0,"__ismbblead","_sftbuf.c","root"
004e7b10,"__ismbbtrail","_sftbuf.c","root"
004e7b30,"__ismbbkana","_sftbuf.c","root"
004e7b80,"x_ismbbtype","_sftbuf.c","root"
004e7bf0,"__setargv","stdargv.c","root"
004e7cc0,"parse_cmdline","stdargv.c","root"
004e8080,"___crtGetEnvironmentStringsW","aw_env.c","root"
004e8340,"___crtGetEnvironmentStringsA","aw_env.c","root"
004e8661,"FUN_004e8661","aw_env.c","root"
004e8680,"__FF_MSGBANNER","aw_env.c","root"
004e86e0,"__NMSG_WRITE","aw_env.c","root"
004e8900,"__GET_RTERRMSG","aw_env.c","root"
004e8980,"__getbuf","_getbuf.c","root"
004e8a40,"__isatty","_getbuf.c","root"
004e8a90,"_wctomb","_getbuf.c","root"
004e8b60,"__aulldiv","_getbuf.c","root"
004e8bd0,"__aullrem","_getbuf.c","root"
004e8c50,"__snprintf","sprintf.c","root"
004e8d40,"__commit","sprintf.c","root"
004e8e20,"__fcloseall","sprintf.c","root"
004e8ee0,"_mbtowc","mbtowc.c","root"
004e9080,"_isalpha","mbtowc.c","root"
004e90d0,"_isupper","mbtowc.c","root"
004e9120,"_islower","mbtowc.c","root"
004e9170,"_isdigit","mbtowc.c","root"
004e91c0,"_isxdigit","mbtowc.c","root"
004e9210,"_isspace","mbtowc.c","root"
004e9260,"_ispunct","mbtowc.c","root"
004e92b0,"_isalnum","mbtowc.c","root"
004e9300,"_isprint","mbtowc.c","root"
004e9350,"_isgraph","mbtowc.c","root"
004e93a0,"_iscntrl","mbtowc.c","root"
004e93f0,"___isascii","mbtowc.c","root"
004e9420,"Mem_AllocOrFree_004e9420","mbtowc.c","root"
004e9440,"___iscsymf","mbtowc.c","root"
004e94c0,"___iscsym","mbtowc.c","root"
004e9540,"_ungetc","ungetc.c","root"
004e9670,"__setmode","ungetc.c","root"
004e97b0,"FID_conflict:_memcpy","ungetc.c","root"
004e9900,"___tzset","ungetc.c","root"
004e9930,"__tzset","tzset.c","root"
004e9c90,"__isindst","tzset.c","root"
004ea000,"cvtdate","tzset.c","root"
004ea210,"_gmtime","tzset.c","root"
004ea400,"__statusfp","tzset.c","root"
004ea430,"__clearfp","tzset.c","root"
004ea460,"__control87","tzset.c","root"
004ea4b0,"__controlfp","tzset.c","root"
004ea4e0,"__fpreset","tzset.c","root"
004ea540,"__abstract_cw","tzset.c","root"
004ea690,"__hw_cw","tzset.c","root"
004ea860,"__abstract_sw","tzset.c","root"
004ea8e0,"__fptrap","tzset.c","root"
004ea900,"Mem_AllocOrFree_004ea900","tzset.c","root"
004ea920,"_tolower","tzset.c","root"
004eaa60,"__ZeroTail","tzset.c","root"
004eab00,"__IncMan","tzset.c","root"
004eabc0,"__RoundMan","tzset.c","root"
004eaca0,"__CopyMan","tzset.c","root"
004eacf0,"__FillZeroMan","tzset.c","root"
004ead30,"__IsZeroMan","tzset.c","root"
004ead80,"__ShrMan","tzset.c","root"
004eae70,"__ld12cvt","tzset.c","root"
004eb0e0,"FID_conflict:__ld12tod","tzset.c","root"
004eb110,"FID_conflict:__ld12tod","tzset.c","root"
004eb140,"__ld12told","tzset.c","root"
004eb210,"FID_conflict:__atodbl","tzset.c","root"
004eb250,"__atoldbl","tzset.c","root"
004eb290,"FID_conflict:__atodbl","tzset.c","root"
004eb2d0,"__fptostr","tzset.c","root"
004eb3b0,"__fltout","tzset.c","root"
004eb420,"___dtold","tzset.c","root"
004eb5a0,"_wcslen","tzset.c","root"
004eb5f0,"_wcstombs","wcstombs.c","root"
004eb950,"wcsncnt","wcstombs.c","root"
004eb9c0,"_getenv","wcstombs.c","root"
004ebab0,"___crtLCMapStringW","aw_map.c","root"
004ebdb0,"wcsncnt","aw_map.c","root"
004ebe20,"___crtLCMapStringA","aw_map.c","root"
004ec140,"_strncnt","aw_map.c","root"
004ec1b0,"___addl","aw_map.c","root"
004ec200,"___add_12","aw_map.c","root"
004ec2b0,"___shl_12","aw_map.c","root"
004ec330,"___shr_12","aw_map.c","root"
004ec3b0,"___mtold12","aw_map.c","root"
004ec4f0,"___strgtold12","aw_map.c","root"
004ed110,"___STRINGTOLD","aw_map.c","root"
004ed170,"$I10_OUTPUT","aw_map.c","root"
004ed6b0,"__mbsnbicoll","aw_map.c","root"
004ed720,"___wtomb_environ","wtombenv.c","root"
004ed7f0,"___ld12mul","wtombenv.c","root"
004edc20,"___multtenpow12","wtombenv.c","root"
004edd00,"___crtCompareStringW","aw_cmp.c","root"
004edff0,"wcsncnt","aw_cmp.c","root"
004ee060,"___crtCompareStringA","aw_cmp.c","root"
004ee4c0,"_strncnt","aw_cmp.c","root"
004ee530,"___crtsetenv","setenv.c","root"
004ee8a0,"findenv","setenv.c","root"
004ee940,"copy_environ","setenv.c","root"
004eea40,"__mbschr","setenv.c","root"
004eec20,"RtlUnwind","setenv.c","root"
004eec70,"__chdir","setenv.c","root"
004eed60,"__strcmpi","setenv.c","root"
004eedf0,"__strnicmp","setenv.c","root"
004eeea0,"__strlwr","strlwr.c","root"
004eefd0,"__mbctoupper","strlwr.c","root"
006c5000,"FUN_006c5000","unattributed/duel_core.c","unattributed"
006c5245,"FUN_006c5245","unattributed/duel_core.c","unattributed"
006c52b5,"FUN_006c52b5","unattributed/duel_core.c","unattributed"
006c5300,"FUN_006c5300","unattributed/duel_core.c","unattributed"
006c5392,"FUN_006c5392","unattributed/duel_core.c","unattributed"
006c5484,"Mem_AllocOrFree_006c5484","unattributed/duel_core.c","unattributed"
