Address,FunctionName,ReturnType,ParameterCount,BodySize,Status,Filename
00401000,"UI_Register_MAGICGAME_BigCardCardClass_00401000","undefined",4,3212,SUCCESS,"UI_Register_MAGICGAME_BigCardCardClass_00401000_00401000.c"
00401c91,"UI_CreateWindow_00401c91","undefined",1,146,SUCCESS,"UI_CreateWindow_00401c91_00401c91.c"
00401d23,"Mem_AllocOrFree_00401d23","undefined",0,11,SUCCESS,"Mem_AllocOrFree_00401d23_00401d23.c"
00401d2e,"UI_WndProc_00401d2e","undefined",4,306,SUCCESS,"UI_WndProc_00401d2e_00401d2e.c"
00401e65,"UI_Register_WINBK_BigCard_00401e65","undefined",1,219,SUCCESS,"UI_Register_WINBK_BigCard_00401e65_00401e65.c"
00401f40,"Mem_AllocOrFree_00401f40","undefined",0,48,SUCCESS,"Mem_AllocOrFree_00401f40_00401f40.c"
00401f70,"UI_WndProc_00401f70","undefined",4,4340,SUCCESS,"UI_WndProc_00401f70_00401f70.c"
00403189,"FUN_00403189","undefined",2,185,SUCCESS,"FUN_00403189_00403189.c"
00403250,"FUN_00403250","undefined",19,955,SUCCESS,"FUN_00403250_00403250.c"
0040360b,"Rules_ParseFilter_0040360b","undefined",20,7256,SUCCESS,"Rules_ParseFilter_0040360b_0040360b.c"
00405277,"FUN_00405277","undefined",2,249,SUCCESS,"FUN_00405277_00405277.c"
00405370,"Action_PromptTarget_00405370","undefined",3,832,SUCCESS,"Action_PromptTarget_00405370_00405370.c"
00405802,"Action_ValidateTarget_00405802","undefined",20,1737,SUCCESS,"Action_ValidateTarget_00405802_00405802.c"
00405edf,"FUN_00405edf","undefined",2,184,SUCCESS,"FUN_00405edf_00405edf.c"
00405f97,"FUN_00405f97","undefined",2,324,SUCCESS,"FUN_00405f97_00405f97.c"
004060e0,"Csv_LoadInfo_004060e0","undefined",0,728,SUCCESS,"Csv_LoadInfo_004060e0_004060e0.c"
004063b8,"Csv_LoadMaster_004063b8","undefined",0,320,SUCCESS,"Csv_LoadMaster_004063b8_004063b8.c"
004064f8,"Csv_WriteConcise_004064f8","undefined",0,167,SUCCESS,"Csv_WriteConcise_004064f8_004064f8.c"
0040659f,"Csv_ReadConcise_0040659f","undefined",0,226,SUCCESS,"Csv_ReadConcise_0040659f_0040659f.c"
00406681,"Csv_SearchMaster_00406681","undefined",4,441,SUCCESS,"Csv_SearchMaster_00406681_00406681.c"
0040683a,"FUN_0040683a","undefined",5,583,SUCCESS,"FUN_0040683a_0040683a.c"
00406a88,"FUN_00406a88","undefined",2,121,SUCCESS,"FUN_00406a88_00406a88.c"
00406b01,"FUN_00406b01","undefined",1,75,SUCCESS,"FUN_00406b01_00406b01.c"
00406b4c,"Deck_FilterAttributes_00406b4c","undefined",4,1315,SUCCESS,"Deck_FilterAttributes_00406b4c_00406b4c.c"
0040706f,"Story_Load_0040706f","undefined",0,155,SUCCESS,"Story_Load_0040706f_0040706f.c"
0040710a,"Tale_Load_0040710a","undefined",1,196,SUCCESS,"Tale_Load_0040710a_0040710a.c"
004071ce,"Hints_Load_004071ce","undefined",0,589,SUCCESS,"Hints_Load_004071ce_004071ce.c"
0040741b,"Hints_GetNext_0040741b","undefined",1,126,SUCCESS,"Hints_GetNext_0040741b_0040741b.c"
00407499,"FUN_00407499","undefined",1,681,SUCCESS,"FUN_00407499_00407499.c"
00407747,"FUN_00407747","undefined",1,103,SUCCESS,"FUN_00407747_00407747.c"
004077ae,"FUN_004077ae","undefined",1,144,SUCCESS,"FUN_004077ae_004077ae.c"
00407843,"FUN_00407843","undefined",3,753,SUCCESS,"FUN_00407843_00407843.c"
00407b34,"Merchant_ProcessBuy_00407b34","undefined",1,776,SUCCESS,"Merchant_ProcessBuy_00407b34_00407b34.c"
00407e40,"FUN_00407e40","undefined",2,585,SUCCESS,"FUN_00407e40_00407e40.c"
00408089,"Mem_AllocOrFree_00408089","undefined",0,41,SUCCESS,"Mem_AllocOrFree_00408089_00408089.c"
004080b2,"FUN_004080b2","undefined",0,93,SUCCESS,"FUN_004080b2_004080b2.c"
0040810f,"Mem_AllocOrFree_0040810f","undefined",0,41,SUCCESS,"Mem_AllocOrFree_0040810f_0040810f.c"
0040813d,"Mem_AllocOrFree_0040813d","undefined",0,41,SUCCESS,"Mem_AllocOrFree_0040813d_0040813d.c"
0040816b,"FUN_0040816b","undefined",1,57,SUCCESS,"FUN_0040816b_0040816b.c"
004081b0,"UI_CreateWindow_004081b0","undefined",1,289,SUCCESS,"UI_CreateWindow_004081b0_004081b0.c"
004082d1,"FUN_004082d1","undefined",0,153,SUCCESS,"FUN_004082d1_004082d1.c"
0040836a,"UI_WndProc_0040836a","undefined",4,1111,SUCCESS,"UI_WndProc_0040836a_0040836a.c"
004088d0,"FUN_004088d0","undefined",1,1068,SUCCESS,"FUN_004088d0_004088d0.c"
00408e20,"UI_Register_FACE_BLACK_00408e20","undefined",1,562,SUCCESS,"UI_Register_FACE_BLACK_00408e20_00408e20.c"
00409052,"FUN_00409052","undefined",0,164,SUCCESS,"FUN_00409052_00409052.c"
004090f6,"UI_WndProc_004090f6","undefined",4,1750,SUCCESS,"UI_WndProc_004090f6_004090f6.c"
004097e2,"FUN_004097e2","undefined",3,842,SUCCESS,"FUN_004097e2_004097e2.c"
00409b2c,"FUN_00409b2c","undefined",2,327,SUCCESS,"FUN_00409b2c_00409b2c.c"
00409c73,"FUN_00409c73","undefined",1,63,SUCCESS,"FUN_00409c73_00409c73.c"
00409cb2,"FUN_00409cb2","undefined",1,74,SUCCESS,"FUN_00409cb2_00409cb2.c"
00409d10,"FUN_00409d10","undefined",0,166,SUCCESS,"FUN_00409d10_00409d10.c"
00409db6,"FUN_00409db6","undefined",0,93,SUCCESS,"FUN_00409db6_00409db6.c"
00409e13,"Mem_AllocOrFree_00409e13","undefined",2,41,SUCCESS,"Mem_AllocOrFree_00409e13_00409e13.c"
00409e3c,"Mem_AllocOrFree_00409e3c","undefined",1,49,SUCCESS,"Mem_AllocOrFree_00409e3c_00409e3c.c"
00409e6d,"FUN_00409e6d","undefined",4,61,SUCCESS,"FUN_00409e6d_00409e6d.c"
00409eb0,"FUN_00409eb0","undefined",1,102,SUCCESS,"FUN_00409eb0_00409eb0.c"
00409f16,"FUN_00409f16","undefined",2,131,SUCCESS,"FUN_00409f16_00409f16.c"
00409f99,"FUN_00409f99","undefined",4,145,SUCCESS,"FUN_00409f99_00409f99.c"
0040a02a,"FUN_0040a02a","undefined",1,324,SUCCESS,"FUN_0040a02a_0040a02a.c"
0040a16e,"FUN_0040a16e","undefined",0,53,SUCCESS,"FUN_0040a16e_0040a16e.c"
0040a1a3,"Mem_AllocOrFree_0040a1a3","undefined",0,47,SUCCESS,"Mem_AllocOrFree_0040a1a3_0040a1a3.c"
0040a1d2,"FUN_0040a1d2","undefined",1,45,SUCCESS,"FUN_0040a1d2_0040a1d2.c"
0040a1ff,"FUN_0040a1ff","undefined",0,65,SUCCESS,"FUN_0040a1ff_0040a1ff.c"
0040a240,"Mem_AllocOrFree_0040a240","undefined",0,21,SUCCESS,"Mem_AllocOrFree_0040a240_0040a240.c"
0040a255,"FUN_0040a255","undefined",1,101,SUCCESS,"FUN_0040a255_0040a255.c"
0040a2c0,"FUN_0040a2c0","undefined",0,69,SUCCESS,"FUN_0040a2c0_0040a2c0.c"
0040a305,"FUN_0040a305","undefined",3,55,SUCCESS,"FUN_0040a305_0040a305.c"
0040a33c,"FUN_0040a33c","undefined",0,51,SUCCESS,"FUN_0040a33c_0040a33c.c"
0040a36f,"FUN_0040a36f","undefined",2,114,SUCCESS,"FUN_0040a36f_0040a36f.c"
0040a3e1,"FUN_0040a3e1","undefined",0,65,SUCCESS,"FUN_0040a3e1_0040a3e1.c"
0040a422,"Mem_AllocOrFree_0040a422","undefined",0,34,SUCCESS,"Mem_AllocOrFree_0040a422_0040a422.c"
0040a444,"FUN_0040a444","undefined",0,104,SUCCESS,"FUN_0040a444_0040a444.c"
0040a4ac,"Mem_AllocOrFree_0040a4ac","undefined",3,40,SUCCESS,"Mem_AllocOrFree_0040a4ac_0040a4ac.c"
0040a4d4,"Mem_AllocOrFree_0040a4d4","undefined",3,40,SUCCESS,"Mem_AllocOrFree_0040a4d4_0040a4d4.c"
0040a4fc,"Pic_Load_advfac64_0040a4fc","undefined",0,106,SUCCESS,"Pic_Load_advfac64_0040a4fc_0040a4fc.c"
0040a566,"FUN_0040a566","undefined",0,120,SUCCESS,"FUN_0040a566_0040a566.c"
0040a5de,"FUN_0040a5de","undefined",0,327,SUCCESS,"FUN_0040a5de_0040a5de.c"
0040a725,"FUN_0040a725","undefined",1,350,SUCCESS,"FUN_0040a725_0040a725.c"
0040a883,"FUN_0040a883","undefined",1,218,SUCCESS,"FUN_0040a883_0040a883.c"
0040a95d,"FUN_0040a95d","undefined",1,404,SUCCESS,"FUN_0040a95d_0040a95d.c"
0040aaf1,"FUN_0040aaf1","undefined",1,264,SUCCESS,"FUN_0040aaf1_0040aaf1.c"
0040abf9,"FUN_0040abf9","undefined",1,260,SUCCESS,"FUN_0040abf9_0040abf9.c"
0040acfd,"FUN_0040acfd","undefined",1,178,SUCCESS,"FUN_0040acfd_0040acfd.c"
0040adaf,"FUN_0040adaf","undefined",3,182,SUCCESS,"FUN_0040adaf_0040adaf.c"
0040ae70,"FUN_0040ae70","undefined",2,407,SUCCESS,"FUN_0040ae70_0040ae70.c"
0040b00c,"Sound_LoadWav_x_sound_button2_0040b00c","undefined",1,50,SUCCESS,"Sound_LoadWav_x_sound_button2_0040b00c_0040b00c.c"
0040b03e,"FUN_0040b03e","undefined",2,261,SUCCESS,"FUN_0040b03e_0040b03e.c"
0040b143,"FUN_0040b143","undefined",1,389,SUCCESS,"FUN_0040b143_0040b143.c"
0040b2c8,"FUN_0040b2c8","undefined",1,250,SUCCESS,"FUN_0040b2c8_0040b2c8.c"
0040b3c2,"FUN_0040b3c2","undefined",2,127,SUCCESS,"FUN_0040b3c2_0040b3c2.c"
0040b441,"FUN_0040b441","undefined",2,167,SUCCESS,"FUN_0040b441_0040b441.c"
0040b4e8,"FUN_0040b4e8","undefined",0,771,SUCCESS,"FUN_0040b4e8_0040b4e8.c"
0040b7fa,"Castle_Process_0040b7fa","undefined",1,1193,SUCCESS,"Castle_Process_0040b7fa_0040b7fa.c"
0040bcff,"FUN_0040bcff","undefined",2,1147,SUCCESS,"FUN_0040bcff_0040bcff.c"
0040c180,"Mem_AllocOrFree_0040c180","undefined",5,45,SUCCESS,"Mem_AllocOrFree_0040c180_0040c180.c"
0040c1ad,"FUN_0040c1ad","undefined",4,199,SUCCESS,"FUN_0040c1ad_0040c1ad.c"
0040c274,"FUN_0040c274","undefined",4,59,SUCCESS,"FUN_0040c274_0040c274.c"
0040c2af,"FUN_0040c2af","undefined",4,58,SUCCESS,"FUN_0040c2af_0040c2af.c"
0040c2e9,"FUN_0040c2e9","undefined",4,77,SUCCESS,"FUN_0040c2e9_0040c2e9.c"
0040c336,"FUN_0040c336","undefined",4,75,SUCCESS,"FUN_0040c336_0040c336.c"
0040c381,"FUN_0040c381","undefined",4,75,SUCCESS,"FUN_0040c381_0040c381.c"
0040c3cc,"FUN_0040c3cc","undefined",4,85,SUCCESS,"FUN_0040c3cc_0040c3cc.c"
0040c421,"FUN_0040c421","undefined",4,68,SUCCESS,"FUN_0040c421_0040c421.c"
0040c465,"FUN_0040c465","undefined",1,96,SUCCESS,"FUN_0040c465_0040c465.c"
0040c4c5,"FUN_0040c4c5","undefined",8,139,SUCCESS,"FUN_0040c4c5_0040c4c5.c"
0040c550,"FUN_0040c550","undefined",8,137,SUCCESS,"FUN_0040c550_0040c550.c"
0040c5d9,"FUN_0040c5d9","undefined",8,137,SUCCESS,"FUN_0040c5d9_0040c5d9.c"
0040c662,"FUN_0040c662","undefined",6,101,SUCCESS,"FUN_0040c662_0040c662.c"
0040c6c7,"FUN_0040c6c7","undefined",6,101,SUCCESS,"FUN_0040c6c7_0040c6c7.c"
0040c72c,"FUN_0040c72c","undefined",5,53,SUCCESS,"FUN_0040c72c_0040c72c.c"
0040c761,"FUN_0040c761","undefined",2,95,SUCCESS,"FUN_0040c761_0040c761.c"
0040c7c0,"FUN_0040c7c0","undefined",2,92,SUCCESS,"FUN_0040c7c0_0040c7c0.c"
0040c81c,"FUN_0040c81c","undefined",3,109,SUCCESS,"FUN_0040c81c_0040c81c.c"
0040c889,"FUN_0040c889","undefined",3,113,SUCCESS,"FUN_0040c889_0040c889.c"
0040c8fa,"FUN_0040c8fa","undefined",2,95,SUCCESS,"FUN_0040c8fa_0040c8fa.c"
0040c959,"FUN_0040c959","undefined",3,115,SUCCESS,"FUN_0040c959_0040c959.c"
0040c9cc,"FUN_0040c9cc","undefined",3,119,SUCCESS,"FUN_0040c9cc_0040c9cc.c"
0040ca43,"FUN_0040ca43","undefined",3,268,SUCCESS,"FUN_0040ca43_0040ca43.c"
0040cb4f,"FUN_0040cb4f","undefined",3,110,SUCCESS,"FUN_0040cb4f_0040cb4f.c"
0040cbbd,"FUN_0040cbbd","undefined",2,75,SUCCESS,"FUN_0040cbbd_0040cbbd.c"
0040cc08,"FUN_0040cc08","undefined",1,118,SUCCESS,"FUN_0040cc08_0040cc08.c"
0040cc7e,"FUN_0040cc7e","undefined",9,551,SUCCESS,"FUN_0040cc7e_0040cc7e.c"
0040cea5,"FUN_0040cea5","undefined",3,50,SUCCESS,"FUN_0040cea5_0040cea5.c"
0040ced7,"FUN_0040ced7","undefined",3,50,SUCCESS,"FUN_0040ced7_0040ced7.c"
0040cf09,"FUN_0040cf09","undefined",3,50,SUCCESS,"FUN_0040cf09_0040cf09.c"
0040cf3b,"FUN_0040cf3b","undefined",3,50,SUCCESS,"FUN_0040cf3b_0040cf3b.c"
0040cf6d,"FUN_0040cf6d","undefined",4,52,SUCCESS,"FUN_0040cf6d_0040cf6d.c"
0040cfa1,"FUN_0040cfa1","undefined",4,52,SUCCESS,"FUN_0040cfa1_0040cfa1.c"
0040cfd5,"FUN_0040cfd5","undefined",4,52,SUCCESS,"FUN_0040cfd5_0040cfd5.c"
0040d009,"FUN_0040d009","undefined",4,52,SUCCESS,"FUN_0040d009_0040d009.c"
0040d03d,"FUN_0040d03d","undefined",3,50,SUCCESS,"FUN_0040d03d_0040d03d.c"
0040d06f,"FUN_0040d06f","undefined",3,50,SUCCESS,"FUN_0040d06f_0040d06f.c"
0040d0a1,"FUN_0040d0a1","undefined",3,50,SUCCESS,"FUN_0040d0a1_0040d0a1.c"
0040d0d3,"FUN_0040d0d3","undefined",3,50,SUCCESS,"FUN_0040d0d3_0040d0d3.c"
0040d105,"FUN_0040d105","undefined",3,50,SUCCESS,"FUN_0040d105_0040d105.c"
0040d137,"FUN_0040d137","undefined",3,50,SUCCESS,"FUN_0040d137_0040d137.c"
0040d169,"FUN_0040d169","undefined",3,50,SUCCESS,"FUN_0040d169_0040d169.c"
0040d19b,"FUN_0040d19b","undefined",3,50,SUCCESS,"FUN_0040d19b_0040d19b.c"
0040d1cd,"FUN_0040d1cd","undefined",4,52,SUCCESS,"FUN_0040d1cd_0040d1cd.c"
0040d201,"FUN_0040d201","undefined",4,52,SUCCESS,"FUN_0040d201_0040d201.c"
0040d235,"FUN_0040d235","undefined",4,52,SUCCESS,"FUN_0040d235_0040d235.c"
0040d269,"FUN_0040d269","undefined",4,52,SUCCESS,"FUN_0040d269_0040d269.c"
0040d29d,"FUN_0040d29d","undefined",4,52,SUCCESS,"FUN_0040d29d_0040d29d.c"
0040d2d1,"FUN_0040d2d1","undefined",4,52,SUCCESS,"FUN_0040d2d1_0040d2d1.c"
0040d305,"FUN_0040d305","undefined",4,52,SUCCESS,"FUN_0040d305_0040d305.c"
0040d339,"FUN_0040d339","undefined",4,52,SUCCESS,"FUN_0040d339_0040d339.c"
0040d36d,"FUN_0040d36d","undefined",3,50,SUCCESS,"FUN_0040d36d_0040d36d.c"
0040d39f,"FUN_0040d39f","undefined",3,50,SUCCESS,"FUN_0040d39f_0040d39f.c"
0040d3d1,"FUN_0040d3d1","undefined",3,50,SUCCESS,"FUN_0040d3d1_0040d3d1.c"
0040d403,"FUN_0040d403","undefined",3,50,SUCCESS,"FUN_0040d403_0040d403.c"
0040d435,"FUN_0040d435","undefined",4,52,SUCCESS,"FUN_0040d435_0040d435.c"
0040d469,"FUN_0040d469","undefined",4,52,SUCCESS,"FUN_0040d469_0040d469.c"
0040d49d,"FUN_0040d49d","undefined",4,52,SUCCESS,"FUN_0040d49d_0040d49d.c"
0040d4d1,"FUN_0040d4d1","undefined",4,52,SUCCESS,"FUN_0040d4d1_0040d4d1.c"
0040d510,"FUN_0040d510","undefined",3,66,SUCCESS,"FUN_0040d510_0040d510.c"
0040d552,"FUN_0040d552","undefined",3,74,SUCCESS,"FUN_0040d552_0040d552.c"
0040d59c,"FUN_0040d59c","undefined",3,176,SUCCESS,"FUN_0040d59c_0040d59c.c"
0040d64c,"FUN_0040d64c","undefined",3,223,SUCCESS,"FUN_0040d64c_0040d64c.c"
0040d72b,"FUN_0040d72b","undefined",3,190,SUCCESS,"FUN_0040d72b_0040d72b.c"
0040d7e9,"FUN_0040d7e9","undefined",3,66,SUCCESS,"FUN_0040d7e9_0040d7e9.c"
0040d82b,"FUN_0040d82b","undefined",3,74,SUCCESS,"FUN_0040d82b_0040d82b.c"
0040d875,"FUN_0040d875","undefined",3,66,SUCCESS,"FUN_0040d875_0040d875.c"
0040d8b7,"FUN_0040d8b7","undefined",3,74,SUCCESS,"FUN_0040d8b7_0040d8b7.c"
0040d901,"FUN_0040d901","undefined",3,72,SUCCESS,"FUN_0040d901_0040d901.c"
0040d949,"FUN_0040d949","undefined",3,892,SUCCESS,"FUN_0040d949_0040d949.c"
0040dcca,"FUN_0040dcca","undefined",4,338,SUCCESS,"FUN_0040dcca_0040dcca.c"
0040de30,"Sound_LoadWav_x_DuelSounds_artifact_0040de30","undefined",1,3070,SUCCESS,"Sound_LoadWav_x_DuelSounds_artifact_0040de30_0040de30.c"
0040eab1,"FUN_0040eab1","undefined",0,83,SUCCESS,"FUN_0040eab1_0040eab1.c"
0040eb04,"FUN_0040eb04","undefined",1,86,SUCCESS,"FUN_0040eb04_0040eb04.c"
0040eb5a,"Pic_Load_winbak01_0040eb5a","undefined",2,835,SUCCESS,"Pic_Load_winbak01_0040eb5a_0040eb5a.c"
0040eea2,"Mem_AllocOrFree_0040eea2","undefined",0,18,SUCCESS,"Mem_AllocOrFree_0040eea2_0040eea2.c"
0040eeb4,"FUN_0040eeb4","undefined",2,1632,SUCCESS,"FUN_0040eeb4_0040eeb4.c"
0040f514,"FUN_0040f514","undefined",1,290,SUCCESS,"FUN_0040f514_0040f514.c"
0040f636,"FUN_0040f636","undefined",1,75,SUCCESS,"FUN_0040f636_0040f636.c"
0040f681,"FUN_0040f681","undefined",2,104,SUCCESS,"FUN_0040f681_0040f681.c"
0040f6e9,"FUN_0040f6e9","undefined",0,164,SUCCESS,"FUN_0040f6e9_0040f6e9.c"
0040f78d,"FUN_0040f78d","undefined",1,554,SUCCESS,"FUN_0040f78d_0040f78d.c"
0040f9b7,"FUN_0040f9b7","undefined",1,130,SUCCESS,"FUN_0040f9b7_0040f9b7.c"
0040fa39,"FUN_0040fa39","undefined",3,420,SUCCESS,"FUN_0040fa39_0040fa39.c"
0040fbe2,"FUN_0040fbe2","undefined",0,184,SUCCESS,"FUN_0040fbe2_0040fbe2.c"
0040fc9a,"FUN_0040fc9a","undefined",3,88,SUCCESS,"FUN_0040fc9a_0040fc9a.c"
0040fcf2,"Mem_AllocOrFree_0040fcf2","undefined",0,11,SUCCESS,"Mem_AllocOrFree_0040fcf2_0040fcf2.c"
0040fcfd,"Dungeon_Process_0040fcfd","undefined",3,3913,SUCCESS,"Dungeon_Process_0040fcfd_0040fcfd.c"
00410c7d,"FUN_00410c7d","undefined",1,65,SUCCESS,"FUN_00410c7d_00410c7d.c"
00410cc0,"FUN_00410cc0","undefined",5,561,SUCCESS,"FUN_00410cc0_00410cc0.c"
00410ef1,"FUN_00410ef1","undefined",3,622,SUCCESS,"FUN_00410ef1_00410ef1.c"
0041115f,"FUN_0041115f","undefined",3,162,SUCCESS,"FUN_0041115f_0041115f.c"
00411201,"FUN_00411201","undefined",3,269,SUCCESS,"FUN_00411201_00411201.c"
0041130e,"FUN_0041130e","undefined",3,1093,SUCCESS,"FUN_0041130e_0041130e.c"
00411753,"FUN_00411753","undefined",3,341,SUCCESS,"FUN_00411753_00411753.c"
004118a8,"FUN_004118a8","undefined",3,1776,SUCCESS,"FUN_004118a8_004118a8.c"
00411f98,"FUN_00411f98","undefined",3,435,SUCCESS,"FUN_00411f98_00411f98.c"
0041214b,"FUN_0041214b","undefined",3,251,SUCCESS,"FUN_0041214b_0041214b.c"
00412246,"FUN_00412246","undefined",3,461,SUCCESS,"FUN_00412246_00412246.c"
00412413,"FUN_00412413","undefined",3,371,SUCCESS,"FUN_00412413_00412413.c"
00412586,"FUN_00412586","undefined",3,260,SUCCESS,"FUN_00412586_00412586.c"
0041268a,"FUN_0041268a","undefined",3,437,SUCCESS,"FUN_0041268a_0041268a.c"
0041283f,"FUN_0041283f","undefined",3,1750,SUCCESS,"FUN_0041283f_0041283f.c"
00412f15,"FUN_00412f15","undefined",3,1617,SUCCESS,"FUN_00412f15_00412f15.c"
00413570,"FUN_00413570","undefined",3,761,SUCCESS,"FUN_00413570_00413570.c"
00413869,"FUN_00413869","undefined",3,457,SUCCESS,"FUN_00413869_00413869.c"
00413a32,"FUN_00413a32","undefined",3,376,SUCCESS,"FUN_00413a32_00413a32.c"
00413baa,"FUN_00413baa","undefined",3,343,SUCCESS,"FUN_00413baa_00413baa.c"
00413d01,"FUN_00413d01","undefined",2,140,SUCCESS,"FUN_00413d01_00413d01.c"
00413d8d,"FUN_00413d8d","undefined",3,551,SUCCESS,"FUN_00413d8d_00413d8d.c"
00413fb4,"FUN_00413fb4","undefined",3,700,SUCCESS,"FUN_00413fb4_00413fb4.c"
00414270,"FUN_00414270","undefined",3,813,SUCCESS,"FUN_00414270_00414270.c"
0041459d,"FUN_0041459d","undefined",3,519,SUCCESS,"FUN_0041459d_0041459d.c"
004147a4,"FUN_004147a4","undefined",3,189,SUCCESS,"FUN_004147a4_004147a4.c"
00414875,"FUN_00414875","undefined",3,210,SUCCESS,"FUN_00414875_00414875.c"
00414947,"FUN_00414947","undefined",3,378,SUCCESS,"FUN_00414947_00414947.c"
00414ac1,"FUN_00414ac1","undefined",3,723,SUCCESS,"FUN_00414ac1_00414ac1.c"
00414d99,"Prompts_Load_00414d99","undefined",3,448,SUCCESS,"Prompts_Load_00414d99_00414d99.c"
00414f59,"FUN_00414f59","undefined",3,295,SUCCESS,"FUN_00414f59_00414f59.c"
00415080,"FUN_00415080","undefined",3,126,SUCCESS,"FUN_00415080_00415080.c"
004150fe,"Prompts_Load_004150fe","undefined",3,412,SUCCESS,"Prompts_Load_004150fe_004150fe.c"
0041529a,"Prompts_Load_0041529a","undefined",3,637,SUCCESS,"Prompts_Load_0041529a_0041529a.c"
00415517,"Prompts_Load_00415517","undefined",3,434,SUCCESS,"Prompts_Load_00415517_00415517.c"
004156c9,"Prompts_Load_004156c9","undefined",3,599,SUCCESS,"Prompts_Load_004156c9_004156c9.c"
00415920,"Prompts_Load_00415920","undefined",3,1064,SUCCESS,"Prompts_Load_00415920_00415920.c"
00415d48,"FUN_00415d48","undefined",2,176,SUCCESS,"FUN_00415d48_00415d48.c"
00415df8,"Prompts_Load_00415df8","undefined",3,609,SUCCESS,"Prompts_Load_00415df8_00415df8.c"
00416059,"FUN_00416059","undefined",3,208,SUCCESS,"FUN_00416059_00416059.c"
00416129,"FUN_00416129","undefined",3,249,SUCCESS,"FUN_00416129_00416129.c"
00416222,"Prompts_Load_00416222","undefined",3,777,SUCCESS,"Prompts_Load_00416222_00416222.c"
0041652b,"Prompts_Load_0041652b","undefined",3,641,SUCCESS,"Prompts_Load_0041652b_0041652b.c"
004167ac,"Prompts_Load_004167ac","undefined",3,702,SUCCESS,"Prompts_Load_004167ac_004167ac.c"
00416a6a,"Prompts_Load_00416a6a","undefined",3,624,SUCCESS,"Prompts_Load_00416a6a_00416a6a.c"
00416cda,"FUN_00416cda","undefined",3,92,SUCCESS,"FUN_00416cda_00416cda.c"
00416d36,"Prompts_Load_00416d36","undefined",3,484,SUCCESS,"Prompts_Load_00416d36_00416d36.c"
00416f1a,"Prompts_Load_00416f1a","undefined",3,908,SUCCESS,"Prompts_Load_00416f1a_00416f1a.c"
004172a6,"Prompts_Load_004172a6","undefined",3,951,SUCCESS,"Prompts_Load_004172a6_004172a6.c"
0041765d,"Prompts_Load_0041765d","undefined",3,700,SUCCESS,"Prompts_Load_0041765d_0041765d.c"
00417919,"FUN_00417919","undefined",3,139,SUCCESS,"FUN_00417919_00417919.c"
004179a4,"FUN_004179a4","undefined",3,179,SUCCESS,"FUN_004179a4_004179a4.c"
00417a57,"FUN_00417a57","undefined",2,178,SUCCESS,"FUN_00417a57_00417a57.c"
00417b09,"FUN_00417b09","undefined",3,176,SUCCESS,"FUN_00417b09_00417b09.c"
00417bb9,"FUN_00417bb9","undefined",2,221,SUCCESS,"FUN_00417bb9_00417bb9.c"
00417c96,"FUN_00417c96","undefined",3,674,SUCCESS,"FUN_00417c96_00417c96.c"
00417f38,"Prompts_Load_00417f38","undefined",3,189,SUCCESS,"Prompts_Load_00417f38_00417f38.c"
00417ff5,"Prompts_Load_00417ff5","undefined",3,607,SUCCESS,"Prompts_Load_00417ff5_00417ff5.c"
00418254,"Prompts_Load_00418254","undefined",3,653,SUCCESS,"Prompts_Load_00418254_00418254.c"
004184e1,"Prompts_Load_004184e1","undefined",3,459,SUCCESS,"Prompts_Load_004184e1_004184e1.c"
004186ac,"FUN_004186ac","undefined",3,126,SUCCESS,"FUN_004186ac_004186ac.c"
0041872f,"FUN_0041872f","undefined",2,86,SUCCESS,"FUN_0041872f_0041872f.c"
00418785,"Prompts_Load_00418785","undefined",3,1231,SUCCESS,"Prompts_Load_00418785_00418785.c"
00418c59,"FUN_00418c59","undefined",4,209,SUCCESS,"FUN_00418c59_00418c59.c"
00418d2a,"Prompts_Load_00418d2a","undefined",3,1942,SUCCESS,"Prompts_Load_00418d2a_00418d2a.c"
004194cf,"FUN_004194cf","undefined",4,213,SUCCESS,"FUN_004194cf_004194cf.c"
004195a4,"Prompts_Load_004195a4","undefined",3,1963,SUCCESS,"Prompts_Load_004195a4_004195a4.c"
00419d5e,"Prompts_Load_00419d5e","undefined",3,1250,SUCCESS,"Prompts_Load_00419d5e_00419d5e.c"
0041a245,"FUN_0041a245","undefined",3,636,SUCCESS,"FUN_0041a245_0041a245.c"
0041a4c6,"FUN_0041a4c6","undefined",3,695,SUCCESS,"FUN_0041a4c6_0041a4c6.c"
0041a782,"FUN_0041a782","undefined",3,1594,SUCCESS,"FUN_0041a782_0041a782.c"
0041adc1,"FUN_0041adc1","undefined",3,995,SUCCESS,"FUN_0041adc1_0041adc1.c"
0041b1ae,"Prompts_Load_0041b1ae","undefined",3,1250,SUCCESS,"Prompts_Load_0041b1ae_0041b1ae.c"
0041b695,"FUN_0041b695","undefined",3,519,SUCCESS,"FUN_0041b695_0041b695.c"
0041b89c,"FUN_0041b89c","undefined",3,158,SUCCESS,"FUN_0041b89c_0041b89c.c"
0041b93a,"Mem_AllocOrFree_0041b93a","undefined",3,42,SUCCESS,"Mem_AllocOrFree_0041b93a_0041b93a.c"
0041b964,"Mem_AllocOrFree_0041b964","undefined",3,38,SUCCESS,"Mem_AllocOrFree_0041b964_0041b964.c"
0041b98a,"Prompts_Load_0041b98a","undefined",4,2213,SUCCESS,"Prompts_Load_0041b98a_0041b98a.c"
0041c22f,"Prompts_Load_0041c22f","undefined",3,1704,SUCCESS,"Prompts_Load_0041c22f_0041c22f.c"
0041c8e1,"Prompts_Load_0041c8e1","undefined",3,697,SUCCESS,"Prompts_Load_0041c8e1_0041c8e1.c"
0041cb9a,"FUN_0041cb9a","undefined",3,1029,SUCCESS,"FUN_0041cb9a_0041cb9a.c"
0041cf9f,"FUN_0041cf9f","undefined",3,117,SUCCESS,"FUN_0041cf9f_0041cf9f.c"
0041d019,"FUN_0041d019","undefined",3,402,SUCCESS,"FUN_0041d019_0041d019.c"
0041d1ab,"Prompts_Load_0041d1ab","undefined",3,614,SUCCESS,"Prompts_Load_0041d1ab_0041d1ab.c"
0041d411,"FUN_0041d411","undefined",3,1173,SUCCESS,"FUN_0041d411_0041d411.c"
0041d8a6,"FUN_0041d8a6","undefined",1,156,SUCCESS,"FUN_0041d8a6_0041d8a6.c"
0041d942,"Mem_AllocOrFree_0041d942","undefined",1,33,SUCCESS,"Mem_AllocOrFree_0041d942_0041d942.c"
0041d963,"FUN_0041d963","undefined",3,106,SUCCESS,"FUN_0041d963_0041d963.c"
0041d9d2,"FUN_0041d9d2","undefined",3,106,SUCCESS,"FUN_0041d9d2_0041d9d2.c"
0041da41,"FUN_0041da41","undefined",2,294,SUCCESS,"FUN_0041da41_0041da41.c"
0041db67,"FUN_0041db67","undefined",5,972,SUCCESS,"FUN_0041db67_0041db67.c"
0041df33,"Mem_AllocOrFree_0041df33","undefined",4,37,SUCCESS,"Mem_AllocOrFree_0041df33_0041df33.c"
0041df60,"UI_CreateWindow_0041df60","undefined",1,132,SUCCESS,"UI_CreateWindow_0041df60_0041df60.c"
0041dfe4,"UI_WndProc_0041dfe4","undefined",4,874,SUCCESS,"UI_WndProc_0041dfe4_0041dfe4.c"
0041e370,"FUN_0041e370","undefined",2,278,SUCCESS,"FUN_0041e370_0041e370.c"
0041e486,"FUN_0041e486","undefined",2,508,SUCCESS,"FUN_0041e486_0041e486.c"
0041e682,"FUN_0041e682","undefined",2,566,SUCCESS,"FUN_0041e682_0041e682.c"
0041e8b8,"FUN_0041e8b8","undefined",2,981,SUCCESS,"FUN_0041e8b8_0041e8b8.c"
0041ec8d,"FUN_0041ec8d","undefined",1,87,SUCCESS,"FUN_0041ec8d_0041ec8d.c"
0041ece4,"FUN_0041ece4","undefined",1,86,SUCCESS,"FUN_0041ece4_0041ece4.c"
0041ed3a,"FUN_0041ed3a","undefined",1,76,SUCCESS,"FUN_0041ed3a_0041ed3a.c"
0041ed86,"Sound_LoadWav_x_sound_button2_0041ed86","undefined",1,78,SUCCESS,"Sound_LoadWav_x_sound_button2_0041ed86_0041ed86.c"
0041edd4,"FUN_0041edd4","undefined",0,855,SUCCESS,"FUN_0041edd4_0041edd4.c"
0041f12b,"Mem_AllocOrFree_0041f12b","undefined",1,46,SUCCESS,"Mem_AllocOrFree_0041f12b_0041f12b.c"
0041f159,"Mem_AllocOrFree_0041f159","undefined",1,37,SUCCESS,"Mem_AllocOrFree_0041f159_0041f159.c"
0041f17e,"FUN_0041f17e","undefined",3,149,SUCCESS,"FUN_0041f17e_0041f17e.c"
0041f213,"FUN_0041f213","undefined",0,156,SUCCESS,"FUN_0041f213_0041f213.c"
0041f2af,"FUN_0041f2af","undefined",2,165,SUCCESS,"FUN_0041f2af_0041f2af.c"
0041f354,"FUN_0041f354","undefined",0,61,SUCCESS,"FUN_0041f354_0041f354.c"
0041f391,"FUN_0041f391","undefined",0,89,SUCCESS,"FUN_0041f391_0041f391.c"
0041f3ea,"FUN_0041f3ea","undefined",3,2675,SUCCESS,"FUN_0041f3ea_0041f3ea.c"
0041fe70,"Sound_LoadWav_x_sound_button2_0041fe70","undefined",2,59,SUCCESS,"Sound_LoadWav_x_sound_button2_0041fe70_0041fe70.c"
0041feab,"Mem_AllocOrFree_0041feab","undefined",0,28,SUCCESS,"Mem_AllocOrFree_0041feab_0041feab.c"
0041fec7,"FUN_0041fec7","undefined",6,309,SUCCESS,"FUN_0041fec7_0041fec7.c"
0041fffc,"FUN_0041fffc","undefined",7,595,SUCCESS,"FUN_0041fffc_0041fffc.c"
0042024f,"FUN_0042024f","undefined",2,296,SUCCESS,"FUN_0042024f_0042024f.c"
0042038c,"FUN_0042038c","undefined",5,1052,SUCCESS,"FUN_0042038c_0042038c.c"
004207a8,"Save_ProcessGame_004207a8","undefined",1,2576,SUCCESS,"Save_ProcessGame_004207a8_004207a8.c"
004211bd,"FUN_004211bd","undefined",2,247,SUCCESS,"FUN_004211bd_004211bd.c"
004212b4,"Sound_LoadWav_x_sound_button2_004212b4","undefined",1,50,SUCCESS,"Sound_LoadWav_x_sound_button2_004212b4_004212b4.c"
004212f0,"FUN_004212f0","undefined",2,479,SUCCESS,"FUN_004212f0_004212f0.c"
004214cf,"FUN_004214cf","undefined",2,390,SUCCESS,"FUN_004214cf_004214cf.c"
00421655,"Sound_LoadWav_x_sound_button2_00421655","undefined",1,144,SUCCESS,"Sound_LoadWav_x_sound_button2_00421655_00421655.c"
004216e5,"FUN_004216e5","undefined",2,261,SUCCESS,"FUN_004216e5_004216e5.c"
004217ea,"FUN_004217ea","undefined",1,321,SUCCESS,"FUN_004217ea_004217ea.c"
0042192b,"FUN_0042192b","undefined",1,182,SUCCESS,"FUN_0042192b_0042192b.c"
004219e1,"FUN_004219e1","undefined",6,160,SUCCESS,"FUN_004219e1_004219e1.c"
00421a81,"FUN_00421a81","undefined",2,177,SUCCESS,"FUN_00421a81_00421a81.c"
00421b32,"Castle_Process_00421b32","undefined",0,3986,SUCCESS,"Castle_Process_00421b32_00421b32.c"
00422b04,"FUN_00422b04","undefined",1,1026,SUCCESS,"FUN_00422b04_00422b04.c"
00422f06,"FUN_00422f06","undefined",0,380,SUCCESS,"FUN_00422f06_00422f06.c"
004230bd,"Pic_Load_worlbak1_004230bd","undefined",1,560,SUCCESS,"Pic_Load_worlbak1_004230bd_004230bd.c"
004232f0,"FUN_004232f0","undefined",3,555,SUCCESS,"FUN_004232f0_004232f0.c"
0042351b,"Pic_Load_0042351b","undefined",5,792,SUCCESS,"Pic_Load_0042351b_0042351b.c"
00423833,"Pic_Load_00423833","undefined",1,135,SUCCESS,"Pic_Load_00423833_00423833.c"
004238ba,"Pic_Subsystem_004238ba","undefined",2,52,SUCCESS,"Pic_Subsystem_004238ba_004238ba.c"
004238ee,"Pic_Subsystem_004238ee","undefined",1,43,SUCCESS,"Pic_Subsystem_004238ee_004238ee.c"
00423919,"Pic_Util_00423919","undefined",1,39,SUCCESS,"Pic_Util_00423919_00423919.c"
00423940,"Pic_Subsystem_00423940","undefined",0,60,SUCCESS,"Pic_Subsystem_00423940_00423940.c"
00423980,"Pic_Subsystem_00423980","undefined",3,353,SUCCESS,"Pic_Subsystem_00423980_00423980.c"
00423ae1,"Pic_Subsystem_00423ae1","undefined",0,118,SUCCESS,"Pic_Subsystem_00423ae1_00423ae1.c"
00423b57,"Pic_Subsystem_00423b57","undefined",3,60,SUCCESS,"Pic_Subsystem_00423b57_00423b57.c"
00423b93,"Pic_Subsystem_00423b93","undefined",1,52,SUCCESS,"Pic_Subsystem_00423b93_00423b93.c"
00423bc7,"Pic_Subsystem_00423bc7","undefined",0,45,SUCCESS,"Pic_Subsystem_00423bc7_00423bc7.c"
00423bf4,"Pic_Subsystem_00423bf4","undefined",2,69,SUCCESS,"Pic_Subsystem_00423bf4_00423bf4.c"
00423c39,"Pic_Subsystem_00423c39","undefined",3,73,SUCCESS,"Pic_Subsystem_00423c39_00423c39.c"
00423c82,"Pic_Subsystem_00423c82","undefined",1,65,SUCCESS,"Pic_Subsystem_00423c82_00423c82.c"
00423cc3,"Pic_Subsystem_00423cc3","undefined",0,48,SUCCESS,"Pic_Subsystem_00423cc3_00423cc3.c"
00423cf3,"Pic_Subsystem_00423cf3","undefined",2,69,SUCCESS,"Pic_Subsystem_00423cf3_00423cf3.c"
00423d38,"Pic_Subsystem_00423d38","undefined",2,69,SUCCESS,"Pic_Subsystem_00423d38_00423d38.c"
00423d7d,"Pic_Subsystem_00423d7d","undefined",2,69,SUCCESS,"Pic_Subsystem_00423d7d_00423d7d.c"
00423dc2,"Pic_Subsystem_00423dc2","undefined",2,69,SUCCESS,"Pic_Subsystem_00423dc2_00423dc2.c"
00423e07,"Pic_Subsystem_00423e07","undefined",2,69,SUCCESS,"Pic_Subsystem_00423e07_00423e07.c"
00423e4c,"Pic_Subsystem_00423e4c","undefined",2,69,SUCCESS,"Pic_Subsystem_00423e4c_00423e4c.c"
00423e91,"Pic_Subsystem_00423e91","undefined",2,69,SUCCESS,"Pic_Subsystem_00423e91_00423e91.c"
00423ed6,"Pic_Subsystem_00423ed6","undefined",0,58,SUCCESS,"Pic_Subsystem_00423ed6_00423ed6.c"
00423f10,"Pic_Subsystem_00423f10","undefined",2,69,SUCCESS,"Pic_Subsystem_00423f10_00423f10.c"
00423f55,"Pic_Subsystem_00423f55","undefined",2,69,SUCCESS,"Pic_Subsystem_00423f55_00423f55.c"
00423f9a,"Pic_Subsystem_00423f9a","undefined",1,65,SUCCESS,"Pic_Subsystem_00423f9a_00423f9a.c"
00423fdb,"Pic_Subsystem_00423fdb","undefined",2,69,SUCCESS,"Pic_Subsystem_00423fdb_00423fdb.c"
00424020,"Pic_Subsystem_00424020","undefined",2,69,SUCCESS,"Pic_Subsystem_00424020_00424020.c"
00424065,"Pic_Subsystem_00424065","undefined",2,66,SUCCESS,"Pic_Subsystem_00424065_00424065.c"
004240a7,"Pic_Subsystem_004240a7","undefined",2,69,SUCCESS,"Pic_Subsystem_004240a7_004240a7.c"
004240ec,"Pic_Subsystem_004240ec","undefined",0,55,SUCCESS,"Pic_Subsystem_004240ec_004240ec.c"
00424123,"Pic_Subsystem_00424123","undefined",2,66,SUCCESS,"Pic_Subsystem_00424123_00424123.c"
00424165,"Pic_Subsystem_00424165","undefined",3,73,SUCCESS,"Pic_Subsystem_00424165_00424165.c"
004241ae,"Pic_Subsystem_004241ae","undefined",0,58,SUCCESS,"Pic_Subsystem_004241ae_004241ae.c"
004241f0,"Pic_Subsystem_004241f0","undefined",1,146,SUCCESS,"Pic_Subsystem_004241f0_004241f0.c"
00424282,"Pic_Subsystem_00424282","undefined",4,516,SUCCESS,"Pic_Subsystem_00424282_00424282.c"
004244a0,"Pic_Load_004244a0","undefined",0,81,SUCCESS,"Pic_Load_004244a0_004244a0.c"
00424500,"Pic_Subsystem_00424500","undefined",2,597,SUCCESS,"Pic_Subsystem_00424500_00424500.c"
0042475a,"Pic_Subsystem_0042475a","undefined",2,340,SUCCESS,"Pic_Subsystem_0042475a_0042475a.c"
004248b0,"Pic_Load_004248b0","undefined",1,248,SUCCESS,"Pic_Load_004248b0_004248b0.c"
004249a8,"Pic_Subsystem_004249a8","undefined",0,118,SUCCESS,"Pic_Subsystem_004249a8_004249a8.c"
00424a1e,"Pic_Load_00424a1e","undefined",1,209,SUCCESS,"Pic_Load_00424a1e_00424a1e.c"
00424aef,"Pic_Subsystem_00424aef","undefined",0,48,SUCCESS,"Pic_Subsystem_00424aef_00424aef.c"
00424b1f,"Pic_Load_00424b1f","undefined",4,4956,SUCCESS,"Pic_Load_00424b1f_00424b1f.c"
00425ee3,"Pic_Subsystem_00425ee3","undefined",4,1004,SUCCESS,"Pic_Subsystem_00425ee3_00425ee3.c"
004262cf,"Pic_Subsystem_004262cf","undefined",5,585,SUCCESS,"Pic_Subsystem_004262cf_004262cf.c"
00426518,"Pic_Subsystem_00426518","undefined",2,685,SUCCESS,"Pic_Subsystem_00426518_00426518.c"
004267c5,"Pic_Load_004267c5","undefined",4,4210,SUCCESS,"Pic_Load_004267c5_004267c5.c"
0042784d,"Pic_Subsystem_0042784d","undefined",3,445,SUCCESS,"Pic_Subsystem_0042784d_0042784d.c"
00427a0a,"Pic_Subsystem_00427a0a","undefined",4,449,SUCCESS,"Pic_Subsystem_00427a0a_00427a0a.c"
00427bcb,"Pic_Subsystem_00427bcb","undefined",2,619,SUCCESS,"Pic_Subsystem_00427bcb_00427bcb.c"
00427e36,"Pic_Draw_00427e36","undefined",3,563,SUCCESS,"Pic_Draw_00427e36_00427e36.c"
004280cf,"Pic_Util_004280cf","undefined",0,19,SUCCESS,"Pic_Util_004280cf_004280cf.c"
00428320,"Pic_Subsystem_00428320","undefined",3,1278,SUCCESS,"Pic_Subsystem_00428320_00428320.c"
0042881e,"Pic_Subsystem_0042881e","undefined",3,1340,SUCCESS,"Pic_Subsystem_0042881e_0042881e.c"
00428d5a,"Pic_Subsystem_00428d5a","undefined",3,1245,SUCCESS,"Pic_Subsystem_00428d5a_00428d5a.c"
00429237,"Pic_Subsystem_00429237","undefined",3,1462,SUCCESS,"Pic_Subsystem_00429237_00429237.c"
004297ed,"Pic_Subsystem_004297ed","undefined",3,1675,SUCCESS,"Pic_Subsystem_004297ed_004297ed.c"
00429e7d,"Pic_Subsystem_00429e7d","undefined",3,601,SUCCESS,"Pic_Subsystem_00429e7d_00429e7d.c"
0042a0d6,"Pic_Subsystem_0042a0d6","undefined",3,243,SUCCESS,"Pic_Subsystem_0042a0d6_0042a0d6.c"
0042a1c9,"Pic_Load_0042a1c9","undefined",3,2641,SUCCESS,"Pic_Load_0042a1c9_0042a1c9.c"
0042ac1f,"Pic_Subsystem_0042ac1f","undefined",2,510,SUCCESS,"Pic_Subsystem_0042ac1f_0042ac1f.c"
0042ae1d,"Pic_Subsystem_0042ae1d","undefined",3,2008,SUCCESS,"Pic_Subsystem_0042ae1d_0042ae1d.c"
0042b5f5,"Pic_Subsystem_0042b5f5","undefined",3,1209,SUCCESS,"Pic_Subsystem_0042b5f5_0042b5f5.c"
0042baae,"Pic_Subsystem_0042baae","undefined",3,64,SUCCESS,"Pic_Subsystem_0042baae_0042baae.c"
0042baee,"Pic_Subsystem_0042baee","undefined",3,64,SUCCESS,"Pic_Subsystem_0042baee_0042baee.c"
0042bb2e,"Pic_Subsystem_0042bb2e","undefined",3,951,SUCCESS,"Pic_Subsystem_0042bb2e_0042bb2e.c"
0042bee5,"Pic_Subsystem_0042bee5","undefined",3,96,SUCCESS,"Pic_Subsystem_0042bee5_0042bee5.c"
0042bf45,"Pic_Subsystem_0042bf45","undefined",3,96,SUCCESS,"Pic_Subsystem_0042bf45_0042bf45.c"
0042bfa5,"Pic_Subsystem_0042bfa5","undefined",4,2442,SUCCESS,"Pic_Subsystem_0042bfa5_0042bfa5.c"
0042c92f,"Pic_Subsystem_0042c92f","undefined",3,292,SUCCESS,"Pic_Subsystem_0042c92f_0042c92f.c"
0042ca53,"Pic_Subsystem_0042ca53","undefined",2,1040,SUCCESS,"Pic_Subsystem_0042ca53_0042ca53.c"
0042ce63,"Pic_Subsystem_0042ce63","undefined",4,2028,SUCCESS,"Pic_Subsystem_0042ce63_0042ce63.c"
0042d64f,"Pic_Subsystem_0042d64f","undefined",3,1242,SUCCESS,"Pic_Subsystem_0042d64f_0042d64f.c"
0042db29,"Pic_Subsystem_0042db29","undefined",3,502,SUCCESS,"Pic_Subsystem_0042db29_0042db29.c"
0042dd1f,"Pic_Subsystem_0042dd1f","undefined",3,1461,SUCCESS,"Pic_Subsystem_0042dd1f_0042dd1f.c"
0042e2d9,"Pic_Subsystem_0042e2d9","undefined",3,1333,SUCCESS,"Pic_Subsystem_0042e2d9_0042e2d9.c"
0042e80e,"Pic_Subsystem_0042e80e","undefined",3,178,SUCCESS,"Pic_Subsystem_0042e80e_0042e80e.c"
0042e8c0,"Pic_Subsystem_0042e8c0","undefined",3,933,SUCCESS,"Pic_Subsystem_0042e8c0_0042e8c0.c"
0042ec65,"Pic_Subsystem_0042ec65","undefined",2,314,SUCCESS,"Pic_Subsystem_0042ec65_0042ec65.c"
0042ed9f,"Pic_Subsystem_0042ed9f","undefined",3,1369,SUCCESS,"Pic_Subsystem_0042ed9f_0042ed9f.c"
0042f2f8,"Pic_Subsystem_0042f2f8","undefined",3,915,SUCCESS,"Pic_Subsystem_0042f2f8_0042f2f8.c"
0042f690,"Pic_Subsystem_0042f690","undefined",3,249,SUCCESS,"Pic_Subsystem_0042f690_0042f690.c"
0042f789,"Pic_Subsystem_0042f789","undefined",3,242,SUCCESS,"Pic_Subsystem_0042f789_0042f789.c"
0042f87b,"Pic_Subsystem_0042f87b","undefined",3,1562,SUCCESS,"Pic_Subsystem_0042f87b_0042f87b.c"
0042fe9a,"Pic_Subsystem_0042fe9a","undefined",3,387,SUCCESS,"Pic_Subsystem_0042fe9a_0042fe9a.c"
0043001d,"Pic_Subsystem_0043001d","undefined",3,407,SUCCESS,"Pic_Subsystem_0043001d_0043001d.c"
004301b4,"Pic_Subsystem_004301b4","undefined",3,158,SUCCESS,"Pic_Subsystem_004301b4_004301b4.c"
00430252,"Pic_Subsystem_00430252","undefined",3,922,SUCCESS,"Pic_Subsystem_00430252_00430252.c"
004305f1,"Pic_Subsystem_004305f1","undefined",3,283,SUCCESS,"Pic_Subsystem_004305f1_004305f1.c"
0043070c,"Pic_Subsystem_0043070c","undefined",3,2036,SUCCESS,"Pic_Subsystem_0043070c_0043070c.c"
00430f0a,"Pic_Subsystem_00430f0a","undefined",3,1326,SUCCESS,"Pic_Subsystem_00430f0a_00430f0a.c"
0043143d,"Pic_Subsystem_0043143d","undefined",3,650,SUCCESS,"Pic_Subsystem_0043143d_0043143d.c"
004316cc,"Pic_Subsystem_004316cc","undefined",3,756,SUCCESS,"Pic_Subsystem_004316cc_004316cc.c"
004319c5,"Pic_Subsystem_004319c5","undefined",3,1294,SUCCESS,"Pic_Subsystem_004319c5_004319c5.c"
00431ed3,"Pic_Subsystem_00431ed3","undefined",3,1830,SUCCESS,"Pic_Subsystem_00431ed3_00431ed3.c"
004325fe,"Pic_Subsystem_004325fe","undefined",3,1300,SUCCESS,"Pic_Subsystem_004325fe_004325fe.c"
00432b12,"Pic_Subsystem_00432b12","undefined",3,1118,SUCCESS,"Pic_Subsystem_00432b12_00432b12.c"
00432f70,"Pic_Subsystem_00432f70","undefined",3,231,SUCCESS,"Pic_Subsystem_00432f70_00432f70.c"
00433057,"Pic_Subsystem_00433057","undefined",3,475,SUCCESS,"Pic_Subsystem_00433057_00433057.c"
00433232,"Pic_Subsystem_00433232","undefined",3,258,SUCCESS,"Pic_Subsystem_00433232_00433232.c"
00433334,"Pic_Subsystem_00433334","undefined",3,306,SUCCESS,"Pic_Subsystem_00433334_00433334.c"
00433466,"Pic_Subsystem_00433466","undefined",3,438,SUCCESS,"Pic_Subsystem_00433466_00433466.c"
0043361c,"Pic_Subsystem_0043361c","undefined",3,220,SUCCESS,"Pic_Subsystem_0043361c_0043361c.c"
004336f8,"Pic_Subsystem_004336f8","undefined",3,934,SUCCESS,"Pic_Subsystem_004336f8_004336f8.c"
00433a9e,"Pic_Subsystem_00433a9e","undefined",3,229,SUCCESS,"Pic_Subsystem_00433a9e_00433a9e.c"
00433b83,"Pic_Subsystem_00433b83","undefined",3,223,SUCCESS,"Pic_Subsystem_00433b83_00433b83.c"
00433c62,"Pic_Subsystem_00433c62","undefined",3,851,SUCCESS,"Pic_Subsystem_00433c62_00433c62.c"
00433fb5,"Pic_Subsystem_00433fb5","undefined",3,1401,SUCCESS,"Pic_Subsystem_00433fb5_00433fb5.c"
0043452e,"Pic_Subsystem_0043452e","undefined",4,123,SUCCESS,"Pic_Subsystem_0043452e_0043452e.c"
004345a9,"Pic_Subsystem_004345a9","undefined",3,1398,SUCCESS,"Pic_Subsystem_004345a9_004345a9.c"
00434b1f,"Pic_Subsystem_00434b1f","undefined",3,1043,SUCCESS,"Pic_Subsystem_00434b1f_00434b1f.c"
00434f32,"Pic_Subsystem_00434f32","undefined",3,1153,SUCCESS,"Pic_Subsystem_00434f32_00434f32.c"
004353b3,"Pic_Subsystem_004353b3","undefined",3,1804,SUCCESS,"Pic_Subsystem_004353b3_004353b3.c"
00435abf,"Pic_Subsystem_00435abf","undefined",3,2625,SUCCESS,"Pic_Subsystem_00435abf_00435abf.c"
00436500,"Pic_Subsystem_00436500","undefined",3,2656,SUCCESS,"Pic_Subsystem_00436500_00436500.c"
00436f60,"Pic_Subsystem_00436f60","undefined",3,2522,SUCCESS,"Pic_Subsystem_00436f60_00436f60.c"
0043793a,"Pic_Subsystem_0043793a","undefined",3,387,SUCCESS,"Pic_Subsystem_0043793a_0043793a.c"
00437ac2,"Pic_Subsystem_00437ac2","undefined",3,820,SUCCESS,"Pic_Subsystem_00437ac2_00437ac2.c"
00437df6,"Pic_Subsystem_00437df6","undefined",3,820,SUCCESS,"Pic_Subsystem_00437df6_00437df6.c"
0043812a,"Pic_Subsystem_0043812a","undefined",3,754,SUCCESS,"Pic_Subsystem_0043812a_0043812a.c"
0043841c,"Pic_Subsystem_0043841c","undefined",3,1143,SUCCESS,"Pic_Subsystem_0043841c_0043841c.c"
00438893,"Pic_Subsystem_00438893","undefined",3,258,SUCCESS,"Pic_Subsystem_00438893_00438893.c"
00438995,"Pic_Subsystem_00438995","undefined",3,856,SUCCESS,"Pic_Subsystem_00438995_00438995.c"
00438ced,"Pic_Subsystem_00438ced","undefined",3,1819,SUCCESS,"Pic_Subsystem_00438ced_00438ced.c"
00439408,"Pic_Subsystem_00439408","undefined",3,987,SUCCESS,"Pic_Subsystem_00439408_00439408.c"
004397e3,"Pic_Subsystem_004397e3","undefined",3,938,SUCCESS,"Pic_Subsystem_004397e3_004397e3.c"
00439b92,"Pic_Subsystem_00439b92","undefined",3,500,SUCCESS,"Pic_Subsystem_00439b92_00439b92.c"
00439d8b,"Pic_Subsystem_00439d8b","undefined",3,123,SUCCESS,"Pic_Subsystem_00439d8b_00439d8b.c"
00439e06,"Pic_Subsystem_00439e06","undefined",3,1313,SUCCESS,"Pic_Subsystem_00439e06_00439e06.c"
0043a32c,"Pic_Subsystem_0043a32c","undefined",3,2364,SUCCESS,"Pic_Subsystem_0043a32c_0043a32c.c"
0043ac68,"Pic_Subsystem_0043ac68","undefined",3,811,SUCCESS,"Pic_Subsystem_0043ac68_0043ac68.c"
0043af93,"Pic_Subsystem_0043af93","undefined",3,212,SUCCESS,"Pic_Subsystem_0043af93_0043af93.c"
0043b067,"Pic_Subsystem_0043b067","undefined",3,368,SUCCESS,"Pic_Subsystem_0043b067_0043b067.c"
0043b1d7,"Pic_Subsystem_0043b1d7","undefined",3,77,SUCCESS,"Pic_Subsystem_0043b1d7_0043b1d7.c"
0043b224,"Pic_Subsystem_0043b224","undefined",3,512,SUCCESS,"Pic_Subsystem_0043b224_0043b224.c"
0043b424,"Pic_Subsystem_0043b424","undefined",3,711,SUCCESS,"Pic_Subsystem_0043b424_0043b424.c"
0043b6eb,"Pic_Subsystem_0043b6eb","undefined",3,99,SUCCESS,"Pic_Subsystem_0043b6eb_0043b6eb.c"
0043b74e,"Pic_Subsystem_0043b74e","undefined",3,123,SUCCESS,"Pic_Subsystem_0043b74e_0043b74e.c"
0043b7c9,"Pic_Subsystem_0043b7c9","undefined",4,677,SUCCESS,"Pic_Subsystem_0043b7c9_0043b7c9.c"
0043ba6e,"Pic_Subsystem_0043ba6e","undefined",3,98,SUCCESS,"Pic_Subsystem_0043ba6e_0043ba6e.c"
0043bad0,"Pic_Subsystem_0043bad0","undefined",3,98,SUCCESS,"Pic_Subsystem_0043bad0_0043bad0.c"
0043bb32,"Pic_Subsystem_0043bb32","undefined",3,98,SUCCESS,"Pic_Subsystem_0043bb32_0043bb32.c"
0043bb94,"Pic_Subsystem_0043bb94","undefined",3,98,SUCCESS,"Pic_Subsystem_0043bb94_0043bb94.c"
0043bbf6,"Pic_Subsystem_0043bbf6","undefined",3,98,SUCCESS,"Pic_Subsystem_0043bbf6_0043bbf6.c"
0043bc58,"Pic_Subsystem_0043bc58","undefined",3,98,SUCCESS,"Pic_Subsystem_0043bc58_0043bc58.c"
0043bcba,"Pic_Subsystem_0043bcba","undefined",5,1006,SUCCESS,"Pic_Subsystem_0043bcba_0043bcba.c"
0043c0b2,"Pic_Subsystem_0043c0b2","undefined",3,194,SUCCESS,"Pic_Subsystem_0043c0b2_0043c0b2.c"
0043c174,"Pic_Subsystem_0043c174","undefined",3,55,SUCCESS,"Pic_Subsystem_0043c174_0043c174.c"
0043c1ab,"Pic_Subsystem_0043c1ab","undefined",3,55,SUCCESS,"Pic_Subsystem_0043c1ab_0043c1ab.c"
0043c1e2,"Pic_Subsystem_0043c1e2","undefined",3,55,SUCCESS,"Pic_Subsystem_0043c1e2_0043c1e2.c"
0043c219,"Pic_Subsystem_0043c219","undefined",3,55,SUCCESS,"Pic_Subsystem_0043c219_0043c219.c"
0043c250,"Pic_Subsystem_0043c250","undefined",3,55,SUCCESS,"Pic_Subsystem_0043c250_0043c250.c"
0043c287,"Pic_Subsystem_0043c287","undefined",4,1646,SUCCESS,"Pic_Subsystem_0043c287_0043c287.c"
0043c8f5,"Pic_Subsystem_0043c8f5","undefined",3,2249,SUCCESS,"Pic_Subsystem_0043c8f5_0043c8f5.c"
0043d1c3,"Pic_Subsystem_0043d1c3","undefined",3,2124,SUCCESS,"Pic_Subsystem_0043d1c3_0043d1c3.c"
0043da0f,"Pic_Subsystem_0043da0f","undefined",3,1447,SUCCESS,"Pic_Subsystem_0043da0f_0043da0f.c"
0043dfbb,"Pic_Subsystem_0043dfbb","undefined",3,315,SUCCESS,"Pic_Subsystem_0043dfbb_0043dfbb.c"
0043e0f6,"Pic_Subsystem_0043e0f6","undefined",3,1697,SUCCESS,"Pic_Subsystem_0043e0f6_0043e0f6.c"
0043e79c,"Pic_Subsystem_0043e79c","undefined",3,1054,SUCCESS,"Pic_Subsystem_0043e79c_0043e79c.c"
0043ebbf,"Pic_Subsystem_0043ebbf","undefined",3,1503,SUCCESS,"Pic_Subsystem_0043ebbf_0043ebbf.c"
0043f19e,"Pic_Subsystem_0043f19e","undefined",3,895,SUCCESS,"Pic_Subsystem_0043f19e_0043f19e.c"
0043f51d,"Pic_Subsystem_0043f51d","undefined",3,1498,SUCCESS,"Pic_Subsystem_0043f51d_0043f51d.c"
0043faf7,"Pic_Subsystem_0043faf7","undefined",3,639,SUCCESS,"Pic_Subsystem_0043faf7_0043faf7.c"
0043fd7b,"Pic_Subsystem_0043fd7b","undefined",3,55,SUCCESS,"Pic_Subsystem_0043fd7b_0043fd7b.c"
0043fdb2,"Pic_Subsystem_0043fdb2","undefined",3,55,SUCCESS,"Pic_Subsystem_0043fdb2_0043fdb2.c"
0043fde9,"Pic_Subsystem_0043fde9","undefined",3,55,SUCCESS,"Pic_Subsystem_0043fde9_0043fde9.c"
0043fe20,"Pic_Subsystem_0043fe20","undefined",3,55,SUCCESS,"Pic_Subsystem_0043fe20_0043fe20.c"
0043fe57,"Pic_Subsystem_0043fe57","undefined",3,55,SUCCESS,"Pic_Subsystem_0043fe57_0043fe57.c"
0043fe8e,"Pic_Subsystem_0043fe8e","undefined",4,1014,SUCCESS,"Pic_Subsystem_0043fe8e_0043fe8e.c"
00440289,"Pic_Subsystem_00440289","undefined",3,1027,SUCCESS,"Pic_Subsystem_00440289_00440289.c"
0044068c,"Pic_Subsystem_0044068c","undefined",3,1213,SUCCESS,"Pic_Subsystem_0044068c_0044068c.c"
00440b49,"Pic_Subsystem_00440b49","undefined",3,620,SUCCESS,"Pic_Subsystem_00440b49_00440b49.c"
00440db5,"Pic_Subsystem_00440db5","undefined",3,946,SUCCESS,"Pic_Subsystem_00440db5_00440db5.c"
00441167,"Pic_Subsystem_00441167","undefined",3,885,SUCCESS,"Pic_Subsystem_00441167_00441167.c"
004414dc,"Pic_Subsystem_004414dc","undefined",3,686,SUCCESS,"Pic_Subsystem_004414dc_004414dc.c"
0044178f,"Pic_Subsystem_0044178f","undefined",3,686,SUCCESS,"Pic_Subsystem_0044178f_0044178f.c"
00441a42,"Pic_Subsystem_00441a42","undefined",2,1480,SUCCESS,"Pic_Subsystem_00441a42_00441a42.c"
00442010,"Pic_Subsystem_00442010","undefined",1,145,SUCCESS,"Pic_Subsystem_00442010_00442010.c"
004420a1,"Pic_Load_004420a1","undefined",4,6620,SUCCESS,"Pic_Load_004420a1_004420a1.c"
00443b0c,"Pic_Subsystem_00443b0c","undefined",0,87,SUCCESS,"Pic_Subsystem_00443b0c_00443b0c.c"
00443b63,"Pic_Clip_00443b63","undefined",1,1636,SUCCESS,"Pic_Clip_00443b63_00443b63.c"
004441cc,"Pic_Subsystem_004441cc","undefined",2,3831,SUCCESS,"Pic_Subsystem_004441cc_004441cc.c"
004450c3,"Pic_Load_004450c3","undefined",3,1243,SUCCESS,"Pic_Load_004450c3_004450c3.c"
0044559e,"Pic_Subsystem_0044559e","undefined",0,69,SUCCESS,"Pic_Subsystem_0044559e_0044559e.c"
004455e3,"Pic_Subsystem_004455e3","undefined",4,704,SUCCESS,"Pic_Subsystem_004455e3_004455e3.c"
004458b0,"Pic_Subsystem_004458b0","undefined",2,4135,SUCCESS,"Pic_Subsystem_004458b0_004458b0.c"
004468dc,"Pic_Subsystem_004468dc","undefined",1,1142,SUCCESS,"Pic_Subsystem_004468dc_004468dc.c"
00446d52,"Pic_Subsystem_00446d52","undefined",2,1260,SUCCESS,"Pic_Subsystem_00446d52_00446d52.c"
0044724d,"Pic_Subsystem_0044724d","undefined",0,840,SUCCESS,"Pic_Subsystem_0044724d_0044724d.c"
004475a4,"Pic_Subsystem_004475a4","undefined",0,1142,SUCCESS,"Pic_Subsystem_004475a4_004475a4.c"
00447a1a,"Pic_Subsystem_00447a1a","undefined",0,317,SUCCESS,"Pic_Subsystem_00447a1a_00447a1a.c"
00447b57,"Pic_Subsystem_00447b57","undefined",2,2677,SUCCESS,"Pic_Subsystem_00447b57_00447b57.c"
004485d6,"Pic_Subsystem_004485d6","undefined",4,168,SUCCESS,"Pic_Subsystem_004485d6_004485d6.c"
0044867e,"Pic_Subsystem_0044867e","undefined",3,546,SUCCESS,"Pic_Subsystem_0044867e_0044867e.c"
004488a0,"Pic_Subsystem_004488a0","undefined",0,191,SUCCESS,"Pic_Subsystem_004488a0_004488a0.c"
0044895f,"Pic_Subsystem_0044895f","undefined",2,1226,SUCCESS,"Pic_Subsystem_0044895f_0044895f.c"
00448e29,"Pic_Subsystem_00448e29","undefined",2,785,SUCCESS,"Pic_Subsystem_00448e29_00448e29.c"
0044913a,"Pic_Subsystem_0044913a","undefined",2,233,SUCCESS,"Pic_Subsystem_0044913a_0044913a.c"
00449223,"Pic_Subsystem_00449223","undefined",2,121,SUCCESS,"Pic_Subsystem_00449223_00449223.c"
0044929c,"Pic_Subsystem_0044929c","undefined",2,164,SUCCESS,"Pic_Subsystem_0044929c_0044929c.c"
00449340,"Pic_Subsystem_00449340","undefined",1,401,SUCCESS,"Pic_Subsystem_00449340_00449340.c"
004494d1,"Pic_Subsystem_004494d1","undefined",0,46,SUCCESS,"Pic_Subsystem_004494d1_004494d1.c"
004494ff,"Pic_Subsystem_004494ff","undefined",4,2624,SUCCESS,"Pic_Subsystem_004494ff_004494ff.c"
00449fbb,"Pic_Subsystem_00449fbb","undefined",4,366,SUCCESS,"Pic_Subsystem_00449fbb_00449fbb.c"
0044a135,"Pic_Subsystem_0044a135","undefined",4,705,SUCCESS,"Pic_Subsystem_0044a135_0044a135.c"
0044a402,"Pic_Subsystem_0044a402","undefined",2,970,SUCCESS,"Pic_Subsystem_0044a402_0044a402.c"
0044a7cc,"Pic_Util_0044a7cc","undefined",1,21,SUCCESS,"Pic_Util_0044a7cc_0044a7cc.c"
0044a7e1,"Pic_Subsystem_0044a7e1","undefined",1,83,SUCCESS,"Pic_Subsystem_0044a7e1_0044a7e1.c"
0044a839,"Pic_Subsystem_0044a839","undefined",0,41,SUCCESS,"Pic_Subsystem_0044a839_0044a839.c"
0044a862,"Pic_Load_0044a862","undefined",4,2560,SUCCESS,"Pic_Load_0044a862_0044a862.c"
0044b26c,"Pic_Subsystem_0044b26c","undefined",4,496,SUCCESS,"Pic_Subsystem_0044b26c_0044b26c.c"
0044b460,"Pic_Subsystem_0044b460","undefined",0,985,SUCCESS,"Pic_Subsystem_0044b460_0044b460.c"
0044b839,"Pic_Util_0044b839","undefined",0,18,SUCCESS,"Pic_Util_0044b839_0044b839.c"
0044b84b,"Pic_Subsystem_0044b84b","undefined",0,95,SUCCESS,"Pic_Subsystem_0044b84b_0044b84b.c"
0044b8aa,"Pic_Subsystem_0044b8aa","undefined",0,48,SUCCESS,"Pic_Subsystem_0044b8aa_0044b8aa.c"
0044b8da,"Pic_Subsystem_0044b8da","undefined",0,48,SUCCESS,"Pic_Subsystem_0044b8da_0044b8da.c"
0044b90a,"Pic_Subsystem_0044b90a","undefined",2,57,SUCCESS,"Pic_Subsystem_0044b90a_0044b90a.c"
0044b943,"Pic_Util_0044b943","undefined",2,23,SUCCESS,"Pic_Util_0044b943_0044b943.c"
0044b95a,"Pic_Util_0044b95a","undefined",0,18,SUCCESS,"Pic_Util_0044b95a_0044b95a.c"
0044b96c,"Pic_Subsystem_0044b96c","undefined",1,81,SUCCESS,"Pic_Subsystem_0044b96c_0044b96c.c"
0044b9c0,"Pic_Subsystem_0044b9c0","undefined",1,195,SUCCESS,"Pic_Subsystem_0044b9c0_0044b9c0.c"
0044ba83,"Pic_Subsystem_0044ba83","undefined",0,81,SUCCESS,"Pic_Subsystem_0044ba83_0044ba83.c"
0044bad4,"Pic_Subsystem_0044bad4","undefined",4,5255,SUCCESS,"Pic_Subsystem_0044bad4_0044bad4.c"
0044cfe4,"Pic_Subsystem_0044cfe4","undefined",1,822,SUCCESS,"Pic_Subsystem_0044cfe4_0044cfe4.c"
0044d31a,"Pic_Subsystem_0044d31a","undefined",9,629,SUCCESS,"Pic_Subsystem_0044d31a_0044d31a.c"
0044d58f,"Pic_Subsystem_0044d58f","undefined",10,139,SUCCESS,"Pic_Subsystem_0044d58f_0044d58f.c"
0044d61a,"Pic_Subsystem_0044d61a","undefined",3,93,SUCCESS,"Pic_Subsystem_0044d61a_0044d61a.c"
0044d680,"Pic_Subsystem_0044d680","undefined",0,869,SUCCESS,"Pic_Subsystem_0044d680_0044d680.c"
0044da1a,"Pic_Util_0044da1a","undefined",0,11,SUCCESS,"Pic_Util_0044da1a_0044da1a.c"
0044da25,"Pic_Subsystem_0044da25","undefined",0,1876,SUCCESS,"Pic_Subsystem_0044da25_0044da25.c"
0044e17e,"Pic_Subsystem_0044e17e","undefined",0,361,SUCCESS,"Pic_Subsystem_0044e17e_0044e17e.c"
0044e2e7,"Pic_Subsystem_0044e2e7","undefined",4,577,SUCCESS,"Pic_Subsystem_0044e2e7_0044e2e7.c"
0044e528,"Pic_Subsystem_0044e528","undefined",0,565,SUCCESS,"Pic_Subsystem_0044e528_0044e528.c"
0044e75d,"Pic_Subsystem_0044e75d","undefined",3,231,SUCCESS,"Pic_Subsystem_0044e75d_0044e75d.c"
0044e844,"Pic_Util_0044e844","undefined",2,32,SUCCESS,"Pic_Util_0044e844_0044e844.c"
0044e864,"Pic_Subsystem_0044e864","undefined",2,328,SUCCESS,"Pic_Subsystem_0044e864_0044e864.c"
0044e9ac,"Pic_Subsystem_0044e9ac","undefined",0,497,SUCCESS,"Pic_Subsystem_0044e9ac_0044e9ac.c"
0044eb9d,"Pic_Subsystem_0044eb9d","undefined",2,259,SUCCESS,"Pic_Subsystem_0044eb9d_0044eb9d.c"
0044eca0,"Pic_Subsystem_0044eca0","undefined",0,341,SUCCESS,"Pic_Subsystem_0044eca0_0044eca0.c"
0044edf5,"Pic_Subsystem_0044edf5","undefined",1,270,SUCCESS,"Pic_Subsystem_0044edf5_0044edf5.c"
0044ef03,"Pic_Subsystem_0044ef03","undefined",1,98,SUCCESS,"Pic_Subsystem_0044ef03_0044ef03.c"
0044ef70,"Pic_Load_0044ef70","undefined",2,607,SUCCESS,"Pic_Load_0044ef70_0044ef70.c"
0044f1de,"Pic_Subsystem_0044f1de","undefined",2,5427,SUCCESS,"Pic_Subsystem_0044f1de_0044f1de.c"
00450711,"Pic_Subsystem_00450711","undefined",3,302,SUCCESS,"Pic_Subsystem_00450711_00450711.c"
0045083f,"Pic_Subsystem_0045083f","undefined",2,310,SUCCESS,"Pic_Subsystem_0045083f_0045083f.c"
00450975,"Pic_Util_00450975","undefined",1,39,SUCCESS,"Pic_Util_00450975_00450975.c"
004509a1,"Pic_Subsystem_004509a1","undefined",7,71,SUCCESS,"Pic_Subsystem_004509a1_004509a1.c"
004509e8,"Pic_Load_004509e8","undefined",5,2212,SUCCESS,"Pic_Load_004509e8_004509e8.c"
00451291,"Pic_Subsystem_00451291","undefined",2,186,SUCCESS,"Pic_Subsystem_00451291_00451291.c"
0045134b,"Pic_Subsystem_0045134b","undefined",3,1837,SUCCESS,"Pic_Subsystem_0045134b_0045134b.c"
00451a82,"Pic_Subsystem_00451a82","undefined",0,154,SUCCESS,"Pic_Subsystem_00451a82_00451a82.c"
00451b1c,"Pic_Subsystem_00451b1c","undefined",2,406,SUCCESS,"Pic_Subsystem_00451b1c_00451b1c.c"
00451cb2,"Pic_Subsystem_00451cb2","undefined",0,222,SUCCESS,"Pic_Subsystem_00451cb2_00451cb2.c"
00451d90,"Pic_Subsystem_00451d90","undefined",2,176,SUCCESS,"Pic_Subsystem_00451d90_00451d90.c"
00451e40,"Pic_Subsystem_00451e40","undefined",1,461,SUCCESS,"Pic_Subsystem_00451e40_00451e40.c"
0045200d,"Pic_Subsystem_0045200d","undefined",1,88,SUCCESS,"Pic_Subsystem_0045200d_0045200d.c"
00452065,"Pic_Subsystem_00452065","undefined",1,77,SUCCESS,"Pic_Subsystem_00452065_00452065.c"
004520b2,"Pic_Subsystem_004520b2","undefined",0,244,SUCCESS,"Pic_Subsystem_004520b2_004520b2.c"
004521a6,"Pic_Subsystem_004521a6","undefined",3,208,SUCCESS,"Pic_Subsystem_004521a6_004521a6.c"
00452276,"Pic_Subsystem_00452276","undefined",1,391,SUCCESS,"Pic_Subsystem_00452276_00452276.c"
004523fd,"Pic_Subsystem_004523fd","undefined",2,97,SUCCESS,"Pic_Subsystem_004523fd_004523fd.c"
0045245e,"Pic_Subsystem_0045245e","undefined",2,125,SUCCESS,"Pic_Subsystem_0045245e_0045245e.c"
004524db,"Pic_Subsystem_004524db","undefined",2,118,SUCCESS,"Pic_Subsystem_004524db_004524db.c"
00452551,"Pic_Subsystem_00452551","undefined",1,318,SUCCESS,"Pic_Subsystem_00452551_00452551.c"
0045268f,"Pic_Subsystem_0045268f","undefined",1,121,SUCCESS,"Pic_Subsystem_0045268f_0045268f.c"
00452708,"Pic_Subsystem_00452708","undefined",1,82,SUCCESS,"Pic_Subsystem_00452708_00452708.c"
0045275a,"Pic_Subsystem_0045275a","undefined",1,57,SUCCESS,"Pic_Subsystem_0045275a_0045275a.c"
00452793,"Engine_ReportFatalError","undefined",1,41,SUCCESS,"Engine_ReportFatalError_00452793.c"
004527bc,"UI_DrawCombatBanner","undefined",0,80,SUCCESS,"UI_DrawCombatBanner_004527bc.c"
0045280c,"Minit_Util_0045280c","undefined",0,27,SUCCESS,"Minit_Util_0045280c_0045280c.c"
00452827,"Minit_Subsystem_00452827","undefined",0,141,SUCCESS,"Minit_Subsystem_00452827_00452827.c"
004528c0,"Minit_Subsystem_004528c0","undefined",4,494,SUCCESS,"Minit_Subsystem_004528c0_004528c0.c"
00452ab3,"Minit_Subsystem_00452ab3","undefined",3,38,SUCCESS,"Minit_Subsystem_00452ab3_00452ab3.c"
00452ad9,"Minit_Subsystem_00452ad9","undefined",3,38,SUCCESS,"Minit_Subsystem_00452ad9_00452ad9.c"
00452aff,"Minit_Subsystem_00452aff","undefined",3,38,SUCCESS,"Minit_Subsystem_00452aff_00452aff.c"
00452b25,"Minit_Subsystem_00452b25","undefined",3,38,SUCCESS,"Minit_Subsystem_00452b25_00452b25.c"
00452b4b,"Minit_Subsystem_00452b4b","undefined",3,38,SUCCESS,"Minit_Subsystem_00452b4b_00452b4b.c"
00452b71,"Mana_Init_00452b71","undefined",5,779,SUCCESS,"Mana_Init_00452b71_00452b71.c"
00452e81,"Minit_Subsystem_00452e81","undefined",3,42,SUCCESS,"Minit_Subsystem_00452e81_00452e81.c"
00452eab,"Minit_Subsystem_00452eab","undefined",3,42,SUCCESS,"Minit_Subsystem_00452eab_00452eab.c"
00452ed5,"Minit_Subsystem_00452ed5","undefined",3,42,SUCCESS,"Minit_Subsystem_00452ed5_00452ed5.c"
00452eff,"Minit_Subsystem_00452eff","undefined",3,42,SUCCESS,"Minit_Subsystem_00452eff_00452eff.c"
00452f29,"Minit_Subsystem_00452f29","undefined",3,42,SUCCESS,"Minit_Subsystem_00452f29_00452f29.c"
00452f53,"Minit_Subsystem_00452f53","undefined",3,42,SUCCESS,"Minit_Subsystem_00452f53_00452f53.c"
00452f7d,"Minit_Subsystem_00452f7d","undefined",3,42,SUCCESS,"Minit_Subsystem_00452f7d_00452f7d.c"
00452fa7,"Minit_Subsystem_00452fa7","undefined",3,42,SUCCESS,"Minit_Subsystem_00452fa7_00452fa7.c"
00452fd1,"Minit_Subsystem_00452fd1","undefined",3,42,SUCCESS,"Minit_Subsystem_00452fd1_00452fd1.c"
00452ffb,"Minit_Subsystem_00452ffb","undefined",3,42,SUCCESS,"Minit_Subsystem_00452ffb_00452ffb.c"
00453025,"Minit_Subsystem_00453025","undefined",3,716,SUCCESS,"Minit_Subsystem_00453025_00453025.c"
004532f1,"Mana_Init_004532f1","undefined",3,514,SUCCESS,"Mana_Init_004532f1_004532f1.c"
0045350d,"Minit_Subsystem_0045350d","undefined",3,670,SUCCESS,"Minit_Subsystem_0045350d_0045350d.c"
004537b0,"Minit_Subsystem_004537b0","undefined",3,1200,SUCCESS,"Minit_Subsystem_004537b0_004537b0.c"
00453c60,"Minit_Subsystem_00453c60","undefined",3,886,SUCCESS,"Minit_Subsystem_00453c60_00453c60.c"
00453fdb,"Mana_Init_00453fdb","undefined",3,1016,SUCCESS,"Mana_Init_00453fdb_00453fdb.c"
004543d3,"Minit_Subsystem_004543d3","undefined",3,495,SUCCESS,"Minit_Subsystem_004543d3_004543d3.c"
004545c7,"Minit_Subsystem_004545c7","undefined",3,310,SUCCESS,"Minit_Subsystem_004545c7_004545c7.c"
00454702,"Card_Setup_00454702","undefined",3,739,SUCCESS,"Card_Setup_00454702_00454702.c"
004549ea,"Mana_Init_004549ea","undefined",3,3033,SUCCESS,"Mana_Init_004549ea_004549ea.c"
004555c8,"Mana_Init_004555c8","undefined",3,2960,SUCCESS,"Mana_Init_004555c8_004555c8.c"
00456158,"Minit_Subsystem_00456158","undefined",3,192,SUCCESS,"Minit_Subsystem_00456158_00456158.c"
00456218,"Minit_Subsystem_00456218","undefined",3,477,SUCCESS,"Minit_Subsystem_00456218_00456218.c"
004563fa,"Minit_Subsystem_004563fa","undefined",3,339,SUCCESS,"Minit_Subsystem_004563fa_004563fa.c"
00456552,"Minit_Subsystem_00456552","undefined",3,133,SUCCESS,"Minit_Subsystem_00456552_00456552.c"
004565d7,"Minit_Subsystem_004565d7","undefined",3,339,SUCCESS,"Minit_Subsystem_004565d7_004565d7.c"
0045672f,"Minit_Subsystem_0045672f","undefined",3,1364,SUCCESS,"Minit_Subsystem_0045672f_0045672f.c"
00456d10,"Minit_Subsystem_00456d10","undefined",3,38,SUCCESS,"Minit_Subsystem_00456d10_00456d10.c"
00456d36,"Minit_Subsystem_00456d36","undefined",3,38,SUCCESS,"Minit_Subsystem_00456d36_00456d36.c"
00456d5c,"Minit_Subsystem_00456d5c","undefined",3,38,SUCCESS,"Minit_Subsystem_00456d5c_00456d5c.c"
00456d82,"Minit_Subsystem_00456d82","undefined",3,38,SUCCESS,"Minit_Subsystem_00456d82_00456d82.c"
00456da8,"Minit_Subsystem_00456da8","undefined",3,38,SUCCESS,"Minit_Subsystem_00456da8_00456da8.c"
00456dce,"Minit_Subsystem_00456dce","undefined",4,347,SUCCESS,"Minit_Subsystem_00456dce_00456dce.c"
00456f29,"Mana_Init_00456f29","undefined",3,897,SUCCESS,"Mana_Init_00456f29_00456f29.c"
004572aa,"Minit_Subsystem_004572aa","undefined",3,1181,SUCCESS,"Minit_Subsystem_004572aa_004572aa.c"
00457747,"Minit_Subsystem_00457747","undefined",3,562,SUCCESS,"Minit_Subsystem_00457747_00457747.c"
00457979,"Minit_Subsystem_00457979","undefined",3,566,SUCCESS,"Minit_Subsystem_00457979_00457979.c"
00457baf,"Minit_Subsystem_00457baf","undefined",3,428,SUCCESS,"Minit_Subsystem_00457baf_00457baf.c"
00457d5b,"Minit_Subsystem_00457d5b","undefined",3,268,SUCCESS,"Minit_Subsystem_00457d5b_00457d5b.c"
00457e67,"Minit_Subsystem_00457e67","undefined",3,1839,SUCCESS,"Minit_Subsystem_00457e67_00457e67.c"
00458596,"Minit_Subsystem_00458596","undefined",3,322,SUCCESS,"Minit_Subsystem_00458596_00458596.c"
004586d8,"Minit_Subsystem_004586d8","undefined",3,445,SUCCESS,"Minit_Subsystem_004586d8_004586d8.c"
00458895,"Minit_Subsystem_00458895","undefined",3,882,SUCCESS,"Minit_Subsystem_00458895_00458895.c"
00458c07,"Minit_Subsystem_00458c07","undefined",3,104,SUCCESS,"Minit_Subsystem_00458c07_00458c07.c"
00458c6f,"Minit_Subsystem_00458c6f","undefined",2,63,SUCCESS,"Minit_Subsystem_00458c6f_00458c6f.c"
00458cae,"Minit_Subsystem_00458cae","undefined",3,1030,SUCCESS,"Minit_Subsystem_00458cae_00458cae.c"
004590b4,"Card_Setup_004590b4","undefined",3,506,SUCCESS,"Card_Setup_004590b4_004590b4.c"
004592ae,"Minit_Subsystem_004592ae","undefined",3,554,SUCCESS,"Minit_Subsystem_004592ae_004592ae.c"
004594d8,"Minit_Subsystem_004594d8","undefined",3,759,SUCCESS,"Minit_Subsystem_004594d8_004594d8.c"
004597d4,"Minit_Subsystem_004597d4","undefined",3,1329,SUCCESS,"Minit_Subsystem_004597d4_004597d4.c"
00459d0a,"Minit_Subsystem_00459d0a","undefined",3,1041,SUCCESS,"Minit_Subsystem_00459d0a_00459d0a.c"
0045a120,"Minit_Subsystem_0045a120","undefined",2,306,SUCCESS,"Minit_Subsystem_0045a120_0045a120.c"
0045a252,"Minit_Subsystem_0045a252","undefined",3,472,SUCCESS,"Minit_Subsystem_0045a252_0045a252.c"
0045a42a,"Minit_Subsystem_0045a42a","undefined",2,331,SUCCESS,"Minit_Subsystem_0045a42a_0045a42a.c"
0045a575,"Minit_Subsystem_0045a575","undefined",2,532,SUCCESS,"Minit_Subsystem_0045a575_0045a575.c"
0045a789,"Minit_Subsystem_0045a789","undefined",3,156,SUCCESS,"Minit_Subsystem_0045a789_0045a789.c"
0045a825,"Minit_Subsystem_0045a825","undefined",3,474,SUCCESS,"Minit_Subsystem_0045a825_0045a825.c"
0045a9ff,"Minit_Subsystem_0045a9ff","undefined",3,1858,SUCCESS,"Minit_Subsystem_0045a9ff_0045a9ff.c"
0045b156,"Minit_Subsystem_0045b156","undefined",3,940,SUCCESS,"Minit_Subsystem_0045b156_0045b156.c"
0045b502,"Mana_Init_0045b502","undefined",3,727,SUCCESS,"Mana_Init_0045b502_0045b502.c"
0045b7d9,"Mana_Init_0045b7d9","undefined",3,1202,SUCCESS,"Mana_Init_0045b7d9_0045b7d9.c"
0045bc8b,"Minit_Subsystem_0045bc8b","undefined",3,197,SUCCESS,"Minit_Subsystem_0045bc8b_0045bc8b.c"
0045bd50,"Minit_Subsystem_0045bd50","undefined",3,2117,SUCCESS,"Minit_Subsystem_0045bd50_0045bd50.c"
0045c59a,"Minit_Subsystem_0045c59a","undefined",3,2702,SUCCESS,"Minit_Subsystem_0045c59a_0045c59a.c"
0045d028,"Minit_Subsystem_0045d028","undefined",3,456,SUCCESS,"Minit_Subsystem_0045d028_0045d028.c"
0045d1f0,"Minit_Subsystem_0045d1f0","undefined",3,1618,SUCCESS,"Minit_Subsystem_0045d1f0_0045d1f0.c"
0045d842,"Minit_Subsystem_0045d842","undefined",3,77,SUCCESS,"Minit_Subsystem_0045d842_0045d842.c"
0045d88f,"Minit_Subsystem_0045d88f","undefined",3,77,SUCCESS,"Minit_Subsystem_0045d88f_0045d88f.c"
0045d8dc,"Minit_Subsystem_0045d8dc","undefined",3,1225,SUCCESS,"Minit_Subsystem_0045d8dc_0045d8dc.c"
0045dda5,"Minit_Subsystem_0045dda5","undefined",3,716,SUCCESS,"Minit_Subsystem_0045dda5_0045dda5.c"
0045e071,"Minit_Subsystem_0045e071","undefined",3,395,SUCCESS,"Minit_Subsystem_0045e071_0045e071.c"
0045e1fc,"Minit_Subsystem_0045e1fc","undefined",3,169,SUCCESS,"Minit_Subsystem_0045e1fc_0045e1fc.c"
0045e2a5,"Minit_Subsystem_0045e2a5","undefined",3,171,SUCCESS,"Minit_Subsystem_0045e2a5_0045e2a5.c"
0045e350,"Minit_Subsystem_0045e350","undefined",3,34,SUCCESS,"Minit_Subsystem_0045e350_0045e350.c"
0045e372,"Minit_Subsystem_0045e372","undefined",3,38,SUCCESS,"Minit_Subsystem_0045e372_0045e372.c"
0045e398,"Minit_Subsystem_0045e398","undefined",3,38,SUCCESS,"Minit_Subsystem_0045e398_0045e398.c"
0045e3be,"Minit_Subsystem_0045e3be","undefined",3,38,SUCCESS,"Minit_Subsystem_0045e3be_0045e3be.c"
0045e3e4,"Minit_Subsystem_0045e3e4","undefined",3,38,SUCCESS,"Minit_Subsystem_0045e3e4_0045e3e4.c"
0045e40a,"Minit_Subsystem_0045e40a","undefined",3,38,SUCCESS,"Minit_Subsystem_0045e40a_0045e40a.c"
0045e430,"Mana_Init_0045e430","undefined",4,1569,SUCCESS,"Mana_Init_0045e430_0045e430.c"
0045ea5b,"Minit_Subsystem_0045ea5b","undefined",3,388,SUCCESS,"Minit_Subsystem_0045ea5b_0045ea5b.c"
0045ebe4,"Minit_Subsystem_0045ebe4","undefined",3,1647,SUCCESS,"Minit_Subsystem_0045ebe4_0045ebe4.c"
0045f258,"Minit_Subsystem_0045f258","undefined",3,371,SUCCESS,"Minit_Subsystem_0045f258_0045f258.c"
0045f3cb,"Minit_Subsystem_0045f3cb","undefined",3,38,SUCCESS,"Minit_Subsystem_0045f3cb_0045f3cb.c"
0045f3f1,"Minit_Subsystem_0045f3f1","undefined",3,38,SUCCESS,"Minit_Subsystem_0045f3f1_0045f3f1.c"
0045f417,"Minit_Subsystem_0045f417","undefined",3,38,SUCCESS,"Minit_Subsystem_0045f417_0045f417.c"
0045f43d,"Minit_Subsystem_0045f43d","undefined",3,38,SUCCESS,"Minit_Subsystem_0045f43d_0045f43d.c"
0045f463,"Minit_Subsystem_0045f463","undefined",3,38,SUCCESS,"Minit_Subsystem_0045f463_0045f463.c"
0045f489,"Minit_Subsystem_0045f489","undefined",3,38,SUCCESS,"Minit_Subsystem_0045f489_0045f489.c"
0045f4af,"Minit_Subsystem_0045f4af","undefined",4,467,SUCCESS,"Minit_Subsystem_0045f4af_0045f4af.c"
0045f682,"Minit_Subsystem_0045f682","undefined",3,425,SUCCESS,"Minit_Subsystem_0045f682_0045f682.c"
0045f82b,"Minit_Subsystem_0045f82b","undefined",3,1408,SUCCESS,"Minit_Subsystem_0045f82b_0045f82b.c"
0045fdb5,"Minit_Subsystem_0045fdb5","undefined",3,711,SUCCESS,"Minit_Subsystem_0045fdb5_0045fdb5.c"
0046007c,"Minit_Subsystem_0046007c","undefined",3,825,SUCCESS,"Minit_Subsystem_0046007c_0046007c.c"
004603b5,"Minit_Subsystem_004603b5","undefined",3,301,SUCCESS,"Minit_Subsystem_004603b5_004603b5.c"
004604e2,"Minit_Subsystem_004604e2","undefined",3,258,SUCCESS,"Minit_Subsystem_004604e2_004604e2.c"
004605e4,"Minit_Subsystem_004605e4","undefined",3,1086,SUCCESS,"Minit_Subsystem_004605e4_004605e4.c"
00460a22,"Minit_Subsystem_00460a22","undefined",3,472,SUCCESS,"Minit_Subsystem_00460a22_00460a22.c"
00460bfa,"Minit_Subsystem_00460bfa","undefined",3,1095,SUCCESS,"Minit_Subsystem_00460bfa_00460bfa.c"
00461041,"Minit_Subsystem_00461041","undefined",3,435,SUCCESS,"Minit_Subsystem_00461041_00461041.c"
004611f4,"Minit_Subsystem_004611f4","undefined",3,412,SUCCESS,"Minit_Subsystem_004611f4_004611f4.c"
00461390,"Minit_Subsystem_00461390","undefined",3,1053,SUCCESS,"Minit_Subsystem_00461390_00461390.c"
004617ad,"Minit_Subsystem_004617ad","undefined",3,1012,SUCCESS,"Minit_Subsystem_004617ad_004617ad.c"
00461ba1,"Minit_Subsystem_00461ba1","undefined",3,920,SUCCESS,"Minit_Subsystem_00461ba1_00461ba1.c"
00461f3e,"Minit_Subsystem_00461f3e","undefined",3,389,SUCCESS,"Minit_Subsystem_00461f3e_00461f3e.c"
004620c3,"Minit_Subsystem_004620c3","undefined",3,460,SUCCESS,"Minit_Subsystem_004620c3_004620c3.c"
0046228f,"Minit_Subsystem_0046228f","undefined",3,74,SUCCESS,"Minit_Subsystem_0046228f_0046228f.c"
004622d9,"Minit_Subsystem_004622d9","undefined",3,1012,SUCCESS,"Minit_Subsystem_004622d9_004622d9.c"
004626d2,"Minit_Subsystem_004626d2","undefined",3,824,SUCCESS,"Minit_Subsystem_004626d2_004626d2.c"
00462a0a,"Minit_Subsystem_00462a0a","undefined",3,788,SUCCESS,"Minit_Subsystem_00462a0a_00462a0a.c"
00462d1e,"Minit_Subsystem_00462d1e","undefined",3,608,SUCCESS,"Minit_Subsystem_00462d1e_00462d1e.c"
00462f7e,"Minit_Subsystem_00462f7e","undefined",3,1952,SUCCESS,"Minit_Subsystem_00462f7e_00462f7e.c"
00463723,"Minit_Subsystem_00463723","undefined",3,1261,SUCCESS,"Minit_Subsystem_00463723_00463723.c"
00463c10,"Minit_Subsystem_00463c10","undefined",3,193,SUCCESS,"Minit_Subsystem_00463c10_00463c10.c"
00463cd1,"Minit_Subsystem_00463cd1","undefined",3,543,SUCCESS,"Minit_Subsystem_00463cd1_00463cd1.c"
00463ef0,"Minit_Subsystem_00463ef0","undefined",3,538,SUCCESS,"Minit_Subsystem_00463ef0_00463ef0.c"
0046410a,"Minit_Subsystem_0046410a","undefined",3,1157,SUCCESS,"Minit_Subsystem_0046410a_0046410a.c"
0046458f,"Minit_Subsystem_0046458f","undefined",3,404,SUCCESS,"Minit_Subsystem_0046458f_0046458f.c"
00464723,"Minit_Subsystem_00464723","undefined",3,1029,SUCCESS,"Minit_Subsystem_00464723_00464723.c"
00464b28,"Minit_Subsystem_00464b28","undefined",3,38,SUCCESS,"Minit_Subsystem_00464b28_00464b28.c"
00464b4e,"Minit_Subsystem_00464b4e","undefined",3,38,SUCCESS,"Minit_Subsystem_00464b4e_00464b4e.c"
00464b74,"Minit_Subsystem_00464b74","undefined",4,1108,SUCCESS,"Minit_Subsystem_00464b74_00464b74.c"
00464fcd,"Minit_Subsystem_00464fcd","undefined",3,408,SUCCESS,"Minit_Subsystem_00464fcd_00464fcd.c"
00465165,"Minit_Subsystem_00465165","undefined",3,1181,SUCCESS,"Minit_Subsystem_00465165_00465165.c"
00465602,"Minit_Subsystem_00465602","undefined",3,983,SUCCESS,"Minit_Subsystem_00465602_00465602.c"
004659d9,"Minit_Subsystem_004659d9","undefined",3,64,SUCCESS,"Minit_Subsystem_004659d9_004659d9.c"
00465a19,"Minit_Subsystem_00465a19","undefined",2,92,SUCCESS,"Minit_Subsystem_00465a19_00465a19.c"
00465a75,"Minit_Subsystem_00465a75","undefined",3,1063,SUCCESS,"Minit_Subsystem_00465a75_00465a75.c"
00465e9c,"Minit_Subsystem_00465e9c","undefined",3,1094,SUCCESS,"Minit_Subsystem_00465e9c_00465e9c.c"
004662e2,"Minit_Subsystem_004662e2","undefined",3,607,SUCCESS,"Minit_Subsystem_004662e2_004662e2.c"
00466541,"Minit_Subsystem_00466541","undefined",3,1053,SUCCESS,"Minit_Subsystem_00466541_00466541.c"
0046695e,"Card_Setup_0046695e","undefined",3,349,SUCCESS,"Card_Setup_0046695e_0046695e.c"
00466abb,"Minit_Subsystem_00466abb","undefined",3,617,SUCCESS,"Minit_Subsystem_00466abb_00466abb.c"
00466d29,"Minit_Subsystem_00466d29","undefined",3,563,SUCCESS,"Minit_Subsystem_00466d29_00466d29.c"
00466f5c,"Minit_Subsystem_00466f5c","undefined",3,320,SUCCESS,"Minit_Subsystem_00466f5c_00466f5c.c"
0046709c,"Player_Init_0046709c","undefined",3,718,SUCCESS,"Player_Init_0046709c_0046709c.c"
0046736a,"Minit_Subsystem_0046736a","undefined",3,258,SUCCESS,"Minit_Subsystem_0046736a_0046736a.c"
0046746c,"Minit_Subsystem_0046746c","undefined",3,288,SUCCESS,"Minit_Subsystem_0046746c_0046746c.c"
0046758c,"Minit_Subsystem_0046758c","undefined",0,546,SUCCESS,"Minit_Subsystem_0046758c_0046758c.c"
004677ae,"Minit_Subsystem_004677ae","undefined",3,203,SUCCESS,"Minit_Subsystem_004677ae_004677ae.c"
00467880,"Minit_Subsystem_00467880","undefined",1,287,SUCCESS,"Minit_Subsystem_00467880_00467880.c"
0046799f,"Minit_Subsystem_0046799f","undefined",0,201,SUCCESS,"Minit_Subsystem_0046799f_0046799f.c"
00467a68,"Card_Setup_00467a68","undefined",4,12124,SUCCESS,"Card_Setup_00467a68_00467a68.c"
0046aa75,"FUN_0046aa75","undefined",1,176,SUCCESS,"FUN_0046aa75_0046aa75.c"
0046ab25,"FUN_0046ab25","undefined",1,549,SUCCESS,"FUN_0046ab25_0046ab25.c"
0046ad4a,"FUN_0046ad4a","undefined",1,114,SUCCESS,"FUN_0046ad4a_0046ad4a.c"
0046adbc,"FUN_0046adbc","undefined",2,654,SUCCESS,"FUN_0046adbc_0046adbc.c"
0046b04a,"FUN_0046b04a","undefined",2,924,SUCCESS,"FUN_0046b04a_0046b04a.c"
0046b3e6,"FUN_0046b3e6","undefined",2,54,SUCCESS,"FUN_0046b3e6_0046b3e6.c"
0046b41c,"FUN_0046b41c","undefined",2,159,SUCCESS,"FUN_0046b41c_0046b41c.c"
0046b4bb,"Mem_AllocOrFree_0046b4bb","undefined",2,32,SUCCESS,"Mem_AllocOrFree_0046b4bb_0046b4bb.c"
0046b4db,"FUN_0046b4db","undefined",3,940,SUCCESS,"FUN_0046b4db_0046b4db.c"
0046b887,"FUN_0046b887","undefined",3,164,SUCCESS,"FUN_0046b887_0046b887.c"
0046b92b,"Mem_AllocOrFree_0046b92b","undefined",0,19,SUCCESS,"Mem_AllocOrFree_0046b92b_0046b92b.c"
0046ba19,"FUN_0046ba19","undefined",4,272,SUCCESS,"FUN_0046ba19_0046ba19.c"
0046bb29,"FUN_0046bb29","undefined",2,125,SUCCESS,"FUN_0046bb29_0046bb29.c"
0046bbab,"FUN_0046bbab","undefined",2,127,SUCCESS,"FUN_0046bbab_0046bbab.c"
0046bc2f,"FUN_0046bc2f","undefined",1,99,SUCCESS,"FUN_0046bc2f_0046bc2f.c"
0046bc92,"FUN_0046bc92","undefined",1,41,SUCCESS,"FUN_0046bc92_0046bc92.c"
0046bcc0,"FUN_0046bcc0","undefined",4,620,SUCCESS,"FUN_0046bcc0_0046bcc0.c"
0046bf31,"FUN_0046bf31","undefined",2,130,SUCCESS,"FUN_0046bf31_0046bf31.c"
0046bfc2,"FUN_0046bfc2","undefined",4,221,SUCCESS,"FUN_0046bfc2_0046bfc2.c"
0046c09f,"FUN_0046c09f","undefined",4,271,SUCCESS,"FUN_0046c09f_0046c09f.c"
0046c1b3,"FUN_0046c1b3","undefined",1,80,SUCCESS,"FUN_0046c1b3_0046c1b3.c"
0046c203,"FUN_0046c203","undefined",4,685,SUCCESS,"FUN_0046c203_0046c203.c"
0046c4b5,"FUN_0046c4b5","undefined",2,150,SUCCESS,"FUN_0046c4b5_0046c4b5.c"
0046c54b,"FUN_0046c54b","undefined",4,235,SUCCESS,"FUN_0046c54b_0046c54b.c"
0046c636,"FUN_0046c636","undefined",4,165,SUCCESS,"FUN_0046c636_0046c636.c"
0046c6e5,"FUN_0046c6e5","undefined",2,372,SUCCESS,"FUN_0046c6e5_0046c6e5.c"
0046c859,"FUN_0046c859","undefined",0,78,SUCCESS,"FUN_0046c859_0046c859.c"
0046c8b0,"Castle_Process_0046c8b0","undefined",0,2686,SUCCESS,"Castle_Process_0046c8b0_0046c8b0.c"
0046d333,"Sprite_Load_BK_AMG_0046d333","undefined",3,4866,SUCCESS,"Sprite_Load_BK_AMG_0046d333_0046d333.c"
0046e70d,"FUN_0046e70d","undefined",2,109,SUCCESS,"FUN_0046e70d_0046e70d.c"
0046e77a,"FUN_0046e77a","undefined",2,424,SUCCESS,"FUN_0046e77a_0046e77a.c"
0046e922,"FUN_0046e922","undefined",1,62,SUCCESS,"FUN_0046e922_0046e922.c"
0046e960,"FUN_0046e960","undefined",0,941,SUCCESS,"FUN_0046e960_0046e960.c"
0046ed22,"FUN_0046ed22","undefined",6,1104,SUCCESS,"FUN_0046ed22_0046ed22.c"
0046f172,"FUN_0046f172","undefined",1,167,SUCCESS,"FUN_0046f172_0046f172.c"
0046f21e,"FUN_0046f21e","undefined",3,211,SUCCESS,"FUN_0046f21e_0046f21e.c"
0046f300,"FUN_0046f300","undefined",0,721,SUCCESS,"FUN_0046f300_0046f300.c"
0046f5d1,"FUN_0046f5d1","undefined",1,1130,SUCCESS,"FUN_0046f5d1_0046f5d1.c"
0046fa40,"Prompts_Load_0046fa40","undefined",3,1094,SUCCESS,"Prompts_Load_0046fa40_0046fa40.c"
0046fe86,"FUN_0046fe86","undefined",2,202,SUCCESS,"FUN_0046fe86_0046fe86.c"
0046ff50,"FUN_0046ff50","undefined",3,2993,SUCCESS,"FUN_0046ff50_0046ff50.c"
00470b36,"FUN_00470b36","undefined",2,877,SUCCESS,"FUN_00470b36_00470b36.c"
00470ea3,"FUN_00470ea3","undefined",3,408,SUCCESS,"FUN_00470ea3_00470ea3.c"
0047103b,"FUN_0047103b","undefined",2,2358,SUCCESS,"FUN_0047103b_0047103b.c"
00471971,"FUN_00471971","undefined",2,329,SUCCESS,"FUN_00471971_00471971.c"
00471aba,"FUN_00471aba","undefined",3,262,SUCCESS,"FUN_00471aba_00471aba.c"
00471bc0,"FUN_00471bc0","undefined",2,114,SUCCESS,"FUN_00471bc0_00471bc0.c"
00471c32,"FUN_00471c32","undefined",2,114,SUCCESS,"FUN_00471c32_00471c32.c"
00471ca4,"FUN_00471ca4","undefined",2,114,SUCCESS,"FUN_00471ca4_00471ca4.c"
00471d16,"FUN_00471d16","undefined",1,722,SUCCESS,"FUN_00471d16_00471d16.c"
00472616,"FUN_00472616","undefined",1,175,SUCCESS,"FUN_00472616_00472616.c"
004726c5,"FUN_004726c5","undefined",2,510,SUCCESS,"FUN_004726c5_004726c5.c"
004728c3,"FUN_004728c3","undefined",2,66,SUCCESS,"FUN_004728c3_004728c3.c"
00472905,"FUN_00472905","undefined",1,261,SUCCESS,"FUN_00472905_00472905.c"
00472a0a,"FUN_00472a0a","undefined",1,391,SUCCESS,"FUN_00472a0a_00472a0a.c"
00472b91,"FUN_00472b91","undefined",4,123,SUCCESS,"FUN_00472b91_00472b91.c"
00472c0c,"FUN_00472c0c","undefined",6,508,SUCCESS,"FUN_00472c0c_00472c0c.c"
00472e08,"FUN_00472e08","undefined",4,260,SUCCESS,"FUN_00472e08_00472e08.c"
00472f0c,"FUN_00472f0c","undefined",2,162,SUCCESS,"FUN_00472f0c_00472f0c.c"
00472fae,"FUN_00472fae","undefined",0,459,SUCCESS,"FUN_00472fae_00472fae.c"
00473179,"FUN_00473179","undefined",4,2823,SUCCESS,"FUN_00473179_00473179.c"
00473cc5,"FUN_00473cc5","undefined",1,121,SUCCESS,"FUN_00473cc5_00473cc5.c"
00473d7e,"Mem_AllocOrFree_00473d7e","undefined",1,26,SUCCESS,"Mem_AllocOrFree_00473d7e_00473d7e.c"
00473d98,"FUN_00473d98","undefined",1,209,SUCCESS,"FUN_00473d98_00473d98.c"
00473e69,"FUN_00473e69","undefined",3,157,SUCCESS,"FUN_00473e69_00473e69.c"
00473f06,"Magic_ScanCards","undefined",1,864,SUCCESS,"Magic_ScanCards_00473f06.c"
00474266,"Magic_TriggerCardEvent","undefined",5,291,SUCCESS,"Magic_TriggerCardEvent_00474266.c"
00474389,"Magic_ResolveSpellStack","undefined",2,159,SUCCESS,"Magic_ResolveSpellStack_00474389.c"
00474428,"Magic_PayManaCost","undefined",0,182,SUCCESS,"Magic_PayManaCost_00474428.c"
004744de,"Magic_TapCardForMana","undefined",0,170,SUCCESS,"Magic_TapCardForMana_004744de.c"
00474588,"Magic_UntapTurnPhase","undefined",0,945,SUCCESS,"Magic_UntapTurnPhase_00474588.c"
00474939,"Magic_CheckTurnTriggers","undefined",2,50,SUCCESS,"Magic_CheckTurnTriggers_00474939.c"
0047496b,"Magic_UpkeepPhase","undefined",1,788,SUCCESS,"Magic_UpkeepPhase_0047496b.c"
00474c7f,"Magic_DrawCardPhase","undefined",0,143,SUCCESS,"Magic_DrawCardPhase_00474c7f.c"
00474d0e,"FUN_00474d0e","undefined",0,16,SUCCESS,"FUN_00474d0e_00474d0e.c"
00474d1e,"Mem_AllocOrFree_00474d1e","undefined",0,44,SUCCESS,"Mem_AllocOrFree_00474d1e_00474d1e.c"
00474d4a,"FUN_00474d4a","undefined",0,51,SUCCESS,"FUN_00474d4a_00474d4a.c"
00474d7d,"Magic_MainTurnPhase","undefined",1,1114,SUCCESS,"Magic_MainTurnPhase_00474d7d.c"
004751d7,"Magic_CombatPhase","undefined",5,1062,SUCCESS,"Magic_CombatPhase_004751d7.c"
004755fd,"FUN_004755fd","undefined",0,164,SUCCESS,"FUN_004755fd_004755fd.c"
004756a1,"Magic_EndTurnPhase","undefined",0,1295,SUCCESS,"Magic_EndTurnPhase_004756a1.c"
00475bb0,"Magic_DiscardToHandSize","undefined",0,177,SUCCESS,"Magic_DiscardToHandSize_00475bb0.c"
00475c61,"Mem_AllocOrFree_00475c61","undefined",0,41,SUCCESS,"Mem_AllocOrFree_00475c61_00475c61.c"
00475c8a,"FUN_00475c8a","undefined",4,218,SUCCESS,"FUN_00475c8a_00475c8a.c"
00475d64,"Magic_CleanupPhase","undefined",4,1185,SUCCESS,"Magic_CleanupPhase_00475d64.c"
00476205,"FUN_00476205","undefined",4,74,SUCCESS,"FUN_00476205_00476205.c"
0047624f,"FUN_0047624f","undefined",4,495,SUCCESS,"FUN_0047624f_0047624f.c"
0047643e,"FUN_0047643e","undefined",0,68,SUCCESS,"FUN_0047643e_0047643e.c"
00476482,"FUN_00476482","undefined",2,142,SUCCESS,"FUN_00476482_00476482.c"
00476510,"FUN_00476510","undefined",0,357,SUCCESS,"FUN_00476510_00476510.c"
00476675,"FUN_00476675","undefined",2,377,SUCCESS,"FUN_00476675_00476675.c"
004767ee,"FUN_004767ee","undefined",1,470,SUCCESS,"FUN_004767ee_004767ee.c"
004769c4,"FUN_004769c4","undefined",2,183,SUCCESS,"FUN_004769c4_004769c4.c"
00476a80,"FUN_00476a80","undefined",0,142,SUCCESS,"FUN_00476a80_00476a80.c"
00476b0e,"FUN_00476b0e","undefined",0,361,SUCCESS,"FUN_00476b0e_00476b0e.c"
00476c77,"FUN_00476c77","undefined",4,475,SUCCESS,"FUN_00476c77_00476c77.c"
00476e60,"Prompts_Load_00476e60","undefined",1,604,SUCCESS,"Prompts_Load_00476e60_00476e60.c"
004770bc,"FUN_004770bc","undefined",0,318,SUCCESS,"FUN_004770bc_004770bc.c"
004771fa,"UI_Register_WINBK_TellUser_004771fa","undefined",4,2920,SUCCESS,"UI_Register_WINBK_TellUser_004771fa_004771fa.c"
00477d73,"FUN_00477d73","undefined",3,1008,SUCCESS,"FUN_00477d73_00477d73.c"
00478163,"FUN_00478163","undefined",1,172,SUCCESS,"FUN_00478163_00478163.c"
0047820f,"FUN_0047820f","undefined",3,347,SUCCESS,"FUN_0047820f_0047820f.c"
00478370,"FUN_00478370","undefined",4,743,SUCCESS,"FUN_00478370_00478370.c"
0047865c,"FUN_0047865c","undefined",2,151,SUCCESS,"FUN_0047865c_0047865c.c"
004786f3,"FUN_004786f3","undefined",4,112,SUCCESS,"FUN_004786f3_004786f3.c"
00478763,"FUN_00478763","undefined",4,236,SUCCESS,"FUN_00478763_00478763.c"
0047884f,"FUN_0047884f","undefined",4,135,SUCCESS,"FUN_0047884f_0047884f.c"
004788e0,"FUN_004788e0","undefined",2,374,SUCCESS,"FUN_004788e0_004788e0.c"
00478a56,"FUN_00478a56","undefined",0,78,SUCCESS,"FUN_00478a56_00478a56.c"
00478aa4,"FUN_00478aa4","undefined",3,113,SUCCESS,"FUN_00478aa4_00478aa4.c"
00478b20,"UI_CreateWindow_00478b20","undefined",1,181,SUCCESS,"UI_CreateWindow_00478b20_00478b20.c"
00478bd5,"FUN_00478bd5","undefined",0,51,SUCCESS,"FUN_00478bd5_00478bd5.c"
00478c08,"UI_WndProc_00478c08","undefined",4,4271,SUCCESS,"UI_WndProc_00478c08_00478c08.c"
00479d16,"FUN_00479d16","undefined",2,150,SUCCESS,"FUN_00479d16_00479d16.c"
00479dac,"FUN_00479dac","undefined",2,147,SUCCESS,"FUN_00479dac_00479dac.c"
00479e3f,"FUN_00479e3f","undefined",2,362,SUCCESS,"FUN_00479e3f_00479e3f.c"
00479fb0,"Mem_AllocOrFree_00479fb0","undefined",2,44,SUCCESS,"Mem_AllocOrFree_00479fb0_00479fb0.c"
00479fdc,"Mem_AllocOrFree_00479fdc","undefined",1,29,SUCCESS,"Mem_AllocOrFree_00479fdc_00479fdc.c"
00479ff9,"FUN_00479ff9","undefined",2,707,SUCCESS,"FUN_00479ff9_00479ff9.c"
0047a2e6,"Sprite_Load_begin_0047a2e6","undefined",0,1633,SUCCESS,"Sprite_Load_begin_0047a2e6_0047a2e6.c"
0047a94c,"FUN_0047a94c","undefined",2,254,SUCCESS,"FUN_0047a94c_0047a94c.c"
0047aa4a,"Sound_LoadWav_x_sound_button2_0047aa4a","undefined",1,50,SUCCESS,"Sound_LoadWav_x_sound_button2_0047aa4a_0047aa4a.c"
0047aa7c,"FUN_0047aa7c","undefined",2,368,SUCCESS,"FUN_0047aa7c_0047aa7c.c"
0047abf1,"Pic_Load_menu2_hi_0047abf1","undefined",0,945,SUCCESS,"Pic_Load_menu2_hi_0047abf1_0047abf1.c"
0047afa2,"FUN_0047afa2","undefined",2,245,SUCCESS,"FUN_0047afa2_0047afa2.c"
0047b097,"Sound_LoadWav_x_sound_button2_0047b097","undefined",1,50,SUCCESS,"Sound_LoadWav_x_sound_button2_0047b097_0047b097.c"
0047b0c9,"FUN_0047b0c9","undefined",2,314,SUCCESS,"FUN_0047b0c9_0047b0c9.c"
0047b208,"Pic_Load_menu3_but1_0047b208","undefined",0,1033,SUCCESS,"Pic_Load_menu3_but1_0047b208_0047b208.c"
0047b616,"FUN_0047b616","undefined",2,245,SUCCESS,"FUN_0047b616_0047b616.c"
0047b70b,"Sound_LoadWav_x_sound_button2_0047b70b","undefined",1,50,SUCCESS,"Sound_LoadWav_x_sound_button2_0047b70b_0047b70b.c"
0047b73d,"FUN_0047b73d","undefined",2,343,SUCCESS,"FUN_0047b73d_0047b73d.c"
0047b899,"Sprite_Load__16faces_0047b899","undefined",0,1112,SUCCESS,"Sprite_Load__16faces_0047b899_0047b899.c"
0047bcf1,"FUN_0047bcf1","undefined",8,371,SUCCESS,"FUN_0047bcf1_0047bcf1.c"
0047be64,"Pic_Load_namepick_0047be64","undefined",1,540,SUCCESS,"Pic_Load_namepick_0047be64_0047be64.c"
0047c080,"FUN_0047c080","undefined",2,245,SUCCESS,"FUN_0047c080_0047c080.c"
0047c175,"Sound_LoadWav_x_sound_button2_0047c175","undefined",1,50,SUCCESS,"Sound_LoadWav_x_sound_button2_0047c175_0047c175.c"
0047c1a7,"Sprite_Load__16faces_0047c1a7","undefined",1,87,SUCCESS,"Sprite_Load__16faces_0047c1a7_0047c1a7.c"
0047c1fe,"Pic_Load_advfac64_0047c1fe","undefined",4,255,SUCCESS,"Pic_Load_advfac64_0047c1fe_0047c1fe.c"
0047c2fd,"FUN_0047c2fd","undefined",1,99,SUCCESS,"FUN_0047c2fd_0047c2fd.c"
0047c360,"FUN_0047c360","undefined",3,716,SUCCESS,"FUN_0047c360_0047c360.c"
0047c640,"UI_Register_sPoison_0047c640","undefined",1,244,SUCCESS,"UI_Register_sPoison_0047c640_0047c640.c"
0047c734,"FUN_0047c734","undefined",0,118,SUCCESS,"FUN_0047c734_0047c734.c"
0047c7aa,"UI_WndProc_0047c7aa","undefined",4,3059,SUCCESS,"UI_WndProc_0047c7aa_0047c7aa.c"
0047d3cf,"FUN_0047d3cf","undefined",1,63,SUCCESS,"FUN_0047d3cf_0047d3cf.c"
0047d40e,"FUN_0047d40e","undefined",1,74,SUCCESS,"FUN_0047d40e_0047d40e.c"
0047d460,"UI_Register_WINBK_Attack_0047d460","undefined",1,1020,SUCCESS,"UI_Register_WINBK_Attack_0047d460_0047d460.c"
0047d85c,"FUN_0047d85c","undefined",0,548,SUCCESS,"FUN_0047d85c_0047d85c.c"
0047da80,"UI_Register_MAGICGAME_CardClass_0047da80","undefined",4,14661,SUCCESS,"UI_Register_MAGICGAME_CardClass_0047da80_0047da80.c"
00481491,"FUN_00481491","undefined",3,245,SUCCESS,"FUN_00481491_00481491.c"
00481586,"FUN_00481586","undefined",1,2708,SUCCESS,"FUN_00481586_00481586.c"
0048201a,"FUN_0048201a","undefined",2,578,SUCCESS,"FUN_0048201a_0048201a.c"
0048225c,"FUN_0048225c","undefined",2,91,SUCCESS,"FUN_0048225c_0048225c.c"
004822b7,"UI_WndProc_004822b7","undefined",4,2732,SUCCESS,"UI_WndProc_004822b7_004822b7.c"
00482d6f,"FUN_00482d6f","undefined",1,103,SUCCESS,"FUN_00482d6f_00482d6f.c"
00482dd6,"UI_WndProc_00482dd6","undefined",4,855,SUCCESS,"UI_WndProc_00482dd6_00482dd6.c"
00483139,"FUN_00483139","undefined",5,688,SUCCESS,"FUN_00483139_00483139.c"
004833e9,"FUN_004833e9","undefined",2,417,SUCCESS,"FUN_004833e9_004833e9.c"
00483590,"FUN_00483590","undefined",3,204,SUCCESS,"FUN_00483590_00483590.c"
0048365c,"FUN_0048365c","undefined",0,64,SUCCESS,"FUN_0048365c_0048365c.c"
0048369c,"Pic_Load_combat2_0048369c","undefined",2,3951,SUCCESS,"Pic_Load_combat2_0048369c_0048369c.c"
00484668,"FUN_00484668","undefined",1,41,SUCCESS,"FUN_00484668_00484668.c"
00484691,"FUN_00484691","undefined",2,167,SUCCESS,"FUN_00484691_00484691.c"
00484738,"Sprite_Load_dungbutt_00484738","undefined",3,386,SUCCESS,"Sprite_Load_dungbutt_00484738_00484738.c"
00484c45,"FUN_00484c45","undefined",1,263,SUCCESS,"FUN_00484c45_00484c45.c"
00484df9,"FUN_00484df9","undefined",2,52,SUCCESS,"FUN_00484df9_00484df9.c"
00484e2d,"FUN_00484e2d","undefined",5,142,SUCCESS,"FUN_00484e2d_00484e2d.c"
00484ebb,"Mem_AllocOrFree_00484ebb","undefined",0,18,SUCCESS,"Mem_AllocOrFree_00484ebb_00484ebb.c"
00484ecd,"FUN_00484ecd","undefined",4,292,SUCCESS,"FUN_00484ecd_00484ecd.c"
00485005,"FUN_00485005","undefined",1,57,SUCCESS,"FUN_00485005_00485005.c"
00485040,"FUN_00485040","undefined",2,64,SUCCESS,"FUN_00485040_00485040.c"
00485229,"Mem_AllocOrFree_00485229","undefined",0,11,SUCCESS,"Mem_AllocOrFree_00485229_00485229.c"
00485234,"FUN_00485234","undefined",1,398,SUCCESS,"FUN_00485234_00485234.c"
004853c2,"FUN_004853c2","undefined",0,226,SUCCESS,"FUN_004853c2_004853c2.c"
004854a4,"FUN_004854a4","undefined",3,353,SUCCESS,"FUN_004854a4_004854a4.c"
00485605,"FUN_00485605","undefined",3,168,SUCCESS,"FUN_00485605_00485605.c"
004856b0,"Dungeon_Process_004856b0","undefined",2,14542,SUCCESS,"Dungeon_Process_004856b0_004856b0.c"
00488f92,"FUN_00488f92","undefined",1,73,SUCCESS,"FUN_00488f92_00488f92.c"
00488fdb,"FUN_00488fdb","undefined",7,429,SUCCESS,"FUN_00488fdb_00488fdb.c"
00489188,"Pic_Load_advfac64_00489188","undefined",5,1192,SUCCESS,"Pic_Load_advfac64_00489188_00489188.c"
00489630,"FUN_00489630","undefined",1,88,SUCCESS,"FUN_00489630_00489630.c"
00489690,"Mem_AllocOrFree_00489690","undefined",3,46,SUCCESS,"Mem_AllocOrFree_00489690_00489690.c"
004896be,"FUN_004896be","undefined",3,82,SUCCESS,"FUN_004896be_004896be.c"
00489710,"FUN_00489710","undefined",3,56,SUCCESS,"FUN_00489710_00489710.c"
00489748,"FUN_00489748","undefined",2,1359,SUCCESS,"FUN_00489748_00489748.c"
00489c9c,"FUN_00489c9c","undefined",2,1310,SUCCESS,"FUN_00489c9c_00489c9c.c"
0048a1ba,"FUN_0048a1ba","undefined",4,116,SUCCESS,"FUN_0048a1ba_0048a1ba.c"
0048a2a5,"FUN_0048a2a5","undefined",5,147,SUCCESS,"FUN_0048a2a5_0048a2a5.c"
0048a338,"FUN_0048a338","undefined",6,148,SUCCESS,"FUN_0048a338_0048a338.c"
0048a3cc,"FUN_0048a3cc","undefined",5,803,SUCCESS,"FUN_0048a3cc_0048a3cc.c"
0048a6ef,"FUN_0048a6ef","undefined",5,1344,SUCCESS,"FUN_0048a6ef_0048a6ef.c"
0048ac2f,"FUN_0048ac2f","undefined",0,684,SUCCESS,"FUN_0048ac2f_0048ac2f.c"
0048aee0,"FUN_0048aee0","undefined",2,59,SUCCESS,"FUN_0048aee0_0048aee0.c"
0048b950,"FUN_0048b950","undefined",3,579,SUCCESS,"FUN_0048b950_0048b950.c"
0048bba0,"FUN_0048bba0","undefined",1,487,SUCCESS,"FUN_0048bba0_0048bba0.c"
0048bda1,"FUN_0048bda1","undefined",1,208,SUCCESS,"FUN_0048bda1_0048bda1.c"
0048be80,"FUN_0048be80","undefined",3,488,SUCCESS,"FUN_0048be80_0048be80.c"
0048c070,"FUN_0048c070","undefined",3,1619,SUCCESS,"FUN_0048c070_0048c070.c"
0048c6d0,"FUN_0048c6d0","undefined",1,80,SUCCESS,"FUN_0048c6d0_0048c6d0.c"
0048c72a,"FUN_0048c72a","undefined",1,387,SUCCESS,"FUN_0048c72a_0048c72a.c"
0048c8b2,"FUN_0048c8b2","undefined",2,180,SUCCESS,"FUN_0048c8b2_0048c8b2.c"
0048c970,"FUN_0048c970","undefined",1,319,SUCCESS,"FUN_0048c970_0048c970.c"
0048caaf,"FUN_0048caaf","undefined",1,69,SUCCESS,"FUN_0048caaf_0048caaf.c"
0048caf4,"FUN_0048caf4","undefined",3,71,SUCCESS,"FUN_0048caf4_0048caf4.c"
0048cb40,"FUN_0048cb40","undefined",0,84,SUCCESS,"FUN_0048cb40_0048cb40.c"
0048cdf5,"Mem_AllocOrFree_0048cdf5","undefined",0,18,SUCCESS,"Mem_AllocOrFree_0048cdf5_0048cdf5.c"
0048ce07,"FUN_0048ce07","undefined",1,640,SUCCESS,"FUN_0048ce07_0048ce07.c"
0048d087,"FUN_0048d087","undefined",1,466,SUCCESS,"FUN_0048d087_0048d087.c"
0048d259,"FUN_0048d259","undefined",0,3524,SUCCESS,"FUN_0048d259_0048d259.c"
0048e01d,"FUN_0048e01d","undefined",2,132,SUCCESS,"FUN_0048e01d_0048e01d.c"
0048e0a1,"FUN_0048e0a1","undefined",1,77,SUCCESS,"FUN_0048e0a1_0048e0a1.c"
0048e0ee,"Mem_AllocOrFree_0048e0ee","undefined",0,26,SUCCESS,"Mem_AllocOrFree_0048e0ee_0048e0ee.c"
0048e108,"Mem_AllocOrFree_0048e108","undefined",0,26,SUCCESS,"Mem_AllocOrFree_0048e108_0048e108.c"
0048e122,"FUN_0048e122","undefined",1,157,SUCCESS,"FUN_0048e122_0048e122.c"
0048e1bf,"FUN_0048e1bf","undefined",1,239,SUCCESS,"FUN_0048e1bf_0048e1bf.c"
0048e2b0,"FUN_0048e2b0","undefined",1,86,SUCCESS,"FUN_0048e2b0_0048e2b0.c"
0048e306,"FUN_0048e306","undefined",0,1882,SUCCESS,"FUN_0048e306_0048e306.c"
0048ea81,"FUN_0048ea81","undefined",1,91,SUCCESS,"FUN_0048ea81_0048ea81.c"
0048eadc,"FUN_0048eadc","undefined",2,396,SUCCESS,"FUN_0048eadc_0048eadc.c"
0048ec68,"Sound_LoadWav_x_sound_button2_0048ec68","undefined",1,50,SUCCESS,"Sound_LoadWav_x_sound_button2_0048ec68_0048ec68.c"
0048ec9a,"FUN_0048ec9a","undefined",2,106,SUCCESS,"FUN_0048ec9a_0048ec9a.c"
0048ed04,"FUN_0048ed04","undefined",3,231,SUCCESS,"FUN_0048ed04_0048ed04.c"
0048edeb,"FUN_0048edeb","undefined",6,82,SUCCESS,"FUN_0048edeb_0048edeb.c"
0048ee42,"FUN_0048ee42","undefined",0,389,SUCCESS,"FUN_0048ee42_0048ee42.c"
0048efc7,"FUN_0048efc7","undefined",6,231,SUCCESS,"FUN_0048efc7_0048efc7.c"
0048f0ae,"FUN_0048f0ae","undefined",6,374,SUCCESS,"FUN_0048f0ae_0048f0ae.c"
0048f224,"FUN_0048f224","undefined",2,287,SUCCESS,"FUN_0048f224_0048f224.c"
0048f343,"Sound_LoadWav_x_sound_button2_0048f343","undefined",1,50,SUCCESS,"Sound_LoadWav_x_sound_button2_0048f343_0048f343.c"
0048f375,"FUN_0048f375","undefined",3,430,SUCCESS,"FUN_0048f375_0048f375.c"
0048f523,"Castle_Process_0048f523","undefined",0,5156,SUCCESS,"Castle_Process_0048f523_0048f523.c"
0049094c,"FUN_0049094c","undefined",0,84,SUCCESS,"FUN_0049094c_0049094c.c"
004909a0,"FUN_004909a0","undefined",1,51,SUCCESS,"FUN_004909a0_004909a0.c"
004909d3,"FUN_004909d3","undefined",4,271,SUCCESS,"FUN_004909d3_004909d3.c"
00490ae2,"FUN_00490ae2","undefined",2,287,SUCCESS,"FUN_00490ae2_00490ae2.c"
00490c01,"Sound_LoadWav_x_sound_button2_00490c01","undefined",1,50,SUCCESS,"Sound_LoadWav_x_sound_button2_00490c01_00490c01.c"
00490c33,"FUN_00490c33","undefined",2,278,SUCCESS,"FUN_00490c33_00490c33.c"
00490d49,"Sound_LoadWav_x_sound_button2_00490d49","undefined",1,50,SUCCESS,"Sound_LoadWav_x_sound_button2_00490d49_00490d49.c"
00490d7b,"Town_Process_00490d7b","undefined",0,4071,SUCCESS,"Town_Process_00490d7b_00490d7b.c"
00491d8f,"Castle_Process_00491d8f","undefined",4,1320,SUCCESS,"Castle_Process_00491d8f_00491d8f.c"
004922dc,"FUN_004922dc","undefined",0,194,SUCCESS,"FUN_004922dc_004922dc.c"
0049239e,"Action_PromptTarget_0049239e","undefined",1,2323,SUCCESS,"Action_PromptTarget_0049239e_0049239e.c"
00492cb1,"FUN_00492cb1","undefined",2,302,SUCCESS,"FUN_00492cb1_00492cb1.c"
00492ddf,"Castle_Process_00492ddf","undefined",1,2808,SUCCESS,"Castle_Process_00492ddf_00492ddf.c"
004938e0,"Catalog_Open","undefined",1,588,SUCCESS,"Catalog_Open_004938e0.c"
00493b2c,"Catalog_Close","undefined",1,190,SUCCESS,"Catalog_Close_00493b2c.c"
00493bea,"Catalog_CompareEntryHash","undefined",2,70,SUCCESS,"Catalog_CompareEntryHash_00493bea.c"
00493c3a,"Catalog_FindEntry","undefined",2,124,SUCCESS,"Catalog_FindEntry_00493c3a.c"
00493cb6,"Catalog_ReadFile","undefined",3,172,SUCCESS,"Catalog_ReadFile_00493cb6.c"
00493d62,"Catalog_ComputeFilenameHash","undefined",1,235,SUCCESS,"Catalog_ComputeFilenameHash_00493d62.c"
00493e50,"ColorOctree_AllocNode","undefined",0,29,SUCCESS,"ColorOctree_AllocNode_00493e50.c"
00493e70,"Catalog_LoadPaletteMap","undefined",2,519,SUCCESS,"Catalog_LoadPaletteMap_00493e70.c"
00494080,"Palette_InitSquareDistanceTable","undefined",0,58,SUCCESS,"Palette_InitSquareDistanceTable_00494080.c"
004940c0,"ColorOctree_CollectLeaves","undefined",3,85,SUCCESS,"ColorOctree_CollectLeaves_004940c0.c"
00494120,"ColorOctree_BuildClusters","undefined",1,224,SUCCESS,"ColorOctree_BuildClusters_00494120.c"
00494200,"ColorOctree_InsertColor","undefined",3,153,SUCCESS,"ColorOctree_InsertColor_00494200.c"
004942a0,"ColorOctree_FreeTree","undefined",1,106,SUCCESS,"ColorOctree_FreeTree_004942a0.c"
00494310,"Color_QuantizeRGBToPalette","undefined",2,105,SUCCESS,"Color_QuantizeRGBToPalette_00494310.c"
00494380,"Palette_BuildFastColorLookup","undefined",0,98,SUCCESS,"Palette_BuildFastColorLookup_00494380.c"
004943f0,"Color_FindNearestRGB","undefined",1,325,SUCCESS,"Color_FindNearestRGB_004943f0.c"
00494540,"Color_FindNearestPaletteIndex","undefined",1,324,SUCCESS,"Color_FindNearestPaletteIndex_00494540.c"
00494690,"ColorOctree_Flatten","undefined",2,81,SUCCESS,"ColorOctree_Flatten_00494690.c"
004946f0,"Palette_RemapBitmapRGB","undefined",4,93,SUCCESS,"Palette_RemapBitmapRGB_004946f0.c"
00494820,"Palette_DitherBitmapRGB","undefined",6,984,SUCCESS,"Palette_DitherBitmapRGB_00494820.c"
00494c00,"Palette_RotateDitherBuffers","undefined",2,38,SUCCESS,"Palette_RotateDitherBuffers_00494c00.c"
00494c30,"Palette_AllocErrorDiffusionTable","undefined",2,311,SUCCESS,"Palette_AllocErrorDiffusionTable_00494c30.c"
004950b0,"Palette_DitherScanline","undefined",6,864,SUCCESS,"Palette_DitherScanline_004950b0.c"
00495410,"Palette_Util_00495410","undefined",0,25,SUCCESS,"Palette_Util_00495410_00495410.c"
00495430,"Palette_Color_00495430","undefined",1,1017,SUCCESS,"Palette_Color_00495430_00495430.c"
00495829,"Palette_Subsystem_00495829","undefined",0,136,SUCCESS,"Palette_Subsystem_00495829_00495829.c"
004958b1,"Palette_Subsystem_004958b1","undefined",1,167,SUCCESS,"Palette_Subsystem_004958b1_004958b1.c"
00495958,"Palette_Subsystem_00495958","undefined",1,902,SUCCESS,"Palette_Subsystem_00495958_00495958.c"
00495cde,"Palette_Subsystem_00495cde","undefined",1,526,SUCCESS,"Palette_Subsystem_00495cde_00495cde.c"
00495eec,"Palette_Subsystem_00495eec","undefined",2,408,SUCCESS,"Palette_Subsystem_00495eec_00495eec.c"
0049608e,"Palette_Subsystem_0049608e","undefined",0,418,SUCCESS,"Palette_Subsystem_0049608e_0049608e.c"
00496230,"Palette_Subsystem_00496230","undefined",0,258,SUCCESS,"Palette_Subsystem_00496230_00496230.c"
00496332,"Palette_Util_00496332","undefined",0,37,SUCCESS,"Palette_Util_00496332_00496332.c"
0049635c,"Palette_Subsystem_0049635c","undefined",4,134,SUCCESS,"Palette_Subsystem_0049635c_0049635c.c"
004963e7,"Palette_Subsystem_004963e7","undefined",0,176,SUCCESS,"Palette_Subsystem_004963e7_004963e7.c"
00496497,"Palette_Subsystem_00496497","undefined",4,484,SUCCESS,"Palette_Subsystem_00496497_00496497.c"
004966a0,"Palette_Subsystem_004966a0","undefined",0,304,SUCCESS,"Palette_Subsystem_004966a0_004966a0.c"
00496ccf,"Palette_Subsystem_00496ccf","undefined",0,81,SUCCESS,"Palette_Subsystem_00496ccf_00496ccf.c"
00496d20,"Palette_Util_00496d20","undefined",0,16,SUCCESS,"Palette_Util_00496d20_00496d20.c"
00496d30,"Palette_Subsystem_00496d30","undefined",4,383,SUCCESS,"Palette_Subsystem_00496d30_00496d30.c"
00496eaf,"Palette_Subsystem_00496eaf","undefined",0,83,SUCCESS,"Palette_Subsystem_00496eaf_00496eaf.c"
00496f10,"Palette_Subsystem_00496f10","undefined",0,80,SUCCESS,"Palette_Subsystem_00496f10_00496f10.c"
00496f60,"Palette_Subsystem_00496f60","undefined",0,68,SUCCESS,"Palette_Subsystem_00496f60_00496f60.c"
00496fa4,"Palette_Subsystem_00496fa4","undefined",2,408,SUCCESS,"Palette_Subsystem_00496fa4_00496fa4.c"
0049713c,"Palette_Subsystem_0049713c","undefined",1,50,SUCCESS,"Palette_Subsystem_0049713c_0049713c.c"
0049716e,"Palette_Color_0049716e","undefined",5,4152,SUCCESS,"Palette_Color_0049716e_0049716e.c"
004981b5,"Palette_Subsystem_004981b5","undefined",1,1904,SUCCESS,"Palette_Subsystem_004981b5_004981b5.c"
004989a9,"Palette_Subsystem_004989a9","undefined",4,111,SUCCESS,"Palette_Subsystem_004989a9_004989a9.c"
00498a18,"Palette_Subsystem_00498a18","undefined",0,3133,SUCCESS,"Palette_Subsystem_00498a18_00498a18.c"
00499720,"Palette_Subsystem_00499720","undefined",1,152,SUCCESS,"Palette_Subsystem_00499720_00499720.c"
004997b8,"Palette_Subsystem_004997b8","undefined",0,46,SUCCESS,"Palette_Subsystem_004997b8_004997b8.c"
004997e6,"Palette_Subsystem_004997e6","undefined",4,4913,SUCCESS,"Palette_Subsystem_004997e6_004997e6.c"
0049ae00,"Palette_Color_0049ae00","undefined",0,2805,SUCCESS,"Palette_Color_0049ae00_0049ae00.c"
0049b8f5,"Palette_Subsystem_0049b8f5","undefined",0,2066,SUCCESS,"Palette_Subsystem_0049b8f5_0049b8f5.c"
0049c107,"Palette_Subsystem_0049c107","undefined",0,677,SUCCESS,"Palette_Subsystem_0049c107_0049c107.c"
0049c3ac,"Palette_Subsystem_0049c3ac","undefined",1,794,SUCCESS,"Palette_Subsystem_0049c3ac_0049c3ac.c"
0049c6cb,"Palette_Subsystem_0049c6cb","undefined",2,252,SUCCESS,"Palette_Subsystem_0049c6cb_0049c6cb.c"
0049c7c7,"Palette_Subsystem_0049c7c7","undefined",6,4215,SUCCESS,"Palette_Subsystem_0049c7c7_0049c7c7.c"
0049d843,"Palette_Subsystem_0049d843","undefined",7,576,SUCCESS,"Palette_Subsystem_0049d843_0049d843.c"
0049da83,"Palette_Subsystem_0049da83","undefined",3,398,SUCCESS,"Palette_Subsystem_0049da83_0049da83.c"
0049dc11,"Palette_Subsystem_0049dc11","undefined",3,196,SUCCESS,"Palette_Subsystem_0049dc11_0049dc11.c"
0049dcd5,"Palette_Subsystem_0049dcd5","undefined",2,213,SUCCESS,"Palette_Subsystem_0049dcd5_0049dcd5.c"
0049ddaa,"Palette_Subsystem_0049ddaa","undefined",2,519,SUCCESS,"Palette_Subsystem_0049ddaa_0049ddaa.c"
0049dfb1,"Palette_Subsystem_0049dfb1","undefined",5,736,SUCCESS,"Palette_Subsystem_0049dfb1_0049dfb1.c"
0049e291,"Palette_Subsystem_0049e291","undefined",6,682,SUCCESS,"Palette_Subsystem_0049e291_0049e291.c"
0049e53b,"Palette_Subsystem_0049e53b","undefined",3,129,SUCCESS,"Palette_Subsystem_0049e53b_0049e53b.c"
0049e5bc,"Palette_Subsystem_0049e5bc","undefined",4,1594,SUCCESS,"Palette_Subsystem_0049e5bc_0049e5bc.c"
0049ebf6,"Palette_Subsystem_0049ebf6","undefined",4,435,SUCCESS,"Palette_Subsystem_0049ebf6_0049ebf6.c"
0049eda9,"Palette_Subsystem_0049eda9","undefined",5,2852,SUCCESS,"Palette_Subsystem_0049eda9_0049eda9.c"
0049f8cd,"Palette_Subsystem_0049f8cd","undefined",5,662,SUCCESS,"Palette_Subsystem_0049f8cd_0049f8cd.c"
0049fb63,"Palette_Subsystem_0049fb63","undefined",3,900,SUCCESS,"Palette_Subsystem_0049fb63_0049fb63.c"
0049fee7,"Palette_Subsystem_0049fee7","undefined",4,490,SUCCESS,"Palette_Subsystem_0049fee7_0049fee7.c"
004a00d1,"Palette_Subsystem_004a00d1","undefined",3,361,SUCCESS,"Palette_Subsystem_004a00d1_004a00d1.c"
004a023a,"Palette_Subsystem_004a023a","undefined",3,344,SUCCESS,"Palette_Subsystem_004a023a_004a023a.c"
004a0392,"Palette_Subsystem_004a0392","undefined",2,212,SUCCESS,"Palette_Subsystem_004a0392_004a0392.c"
004a0466,"Palette_Subsystem_004a0466","undefined",5,548,SUCCESS,"Palette_Subsystem_004a0466_004a0466.c"
004a068a,"Palette_Subsystem_004a068a","undefined",4,385,SUCCESS,"Palette_Subsystem_004a068a_004a068a.c"
004a080b,"Palette_Subsystem_004a080b","undefined",3,446,SUCCESS,"Palette_Subsystem_004a080b_004a080b.c"
004a09c9,"Palette_Subsystem_004a09c9","undefined",5,823,SUCCESS,"Palette_Subsystem_004a09c9_004a09c9.c"
004a0d00,"Palette_Subsystem_004a0d00","undefined",3,663,SUCCESS,"Palette_Subsystem_004a0d00_004a0d00.c"
004a0f97,"Palette_Subsystem_004a0f97","undefined",4,611,SUCCESS,"Palette_Subsystem_004a0f97_004a0f97.c"
004a11fa,"Palette_Subsystem_004a11fa","undefined",5,445,SUCCESS,"Palette_Subsystem_004a11fa_004a11fa.c"
004a13b7,"Palette_Subsystem_004a13b7","undefined",5,424,SUCCESS,"Palette_Subsystem_004a13b7_004a13b7.c"
004a155f,"Palette_Subsystem_004a155f","undefined",5,1541,SUCCESS,"Palette_Subsystem_004a155f_004a155f.c"
004a1b64,"Palette_Subsystem_004a1b64","undefined",7,677,SUCCESS,"Palette_Subsystem_004a1b64_004a1b64.c"
004a1e09,"Palette_Subsystem_004a1e09","undefined",4,1528,SUCCESS,"Palette_Subsystem_004a1e09_004a1e09.c"
004a2401,"Palette_Subsystem_004a2401","undefined",4,759,SUCCESS,"Palette_Subsystem_004a2401_004a2401.c"
004a26f8,"Palette_Subsystem_004a26f8","undefined",2,135,SUCCESS,"Palette_Subsystem_004a26f8_004a26f8.c"
004a277f,"Palette_Subsystem_004a277f","undefined",2,135,SUCCESS,"Palette_Subsystem_004a277f_004a277f.c"
004a2806,"Palette_Subsystem_004a2806","undefined",2,153,SUCCESS,"Palette_Subsystem_004a2806_004a2806.c"
004a289f,"Palette_Subsystem_004a289f","undefined",4,294,SUCCESS,"Palette_Subsystem_004a289f_004a289f.c"
004a29c5,"Palette_Subsystem_004a29c5","undefined",3,150,SUCCESS,"Palette_Subsystem_004a29c5_004a29c5.c"
004a2a5b,"Palette_Subsystem_004a2a5b","undefined",3,72,SUCCESS,"Palette_Subsystem_004a2a5b_004a2a5b.c"
004a2aa3,"Palette_Subsystem_004a2aa3","undefined",2,219,SUCCESS,"Palette_Subsystem_004a2aa3_004a2aa3.c"
004a2b7e,"Palette_Subsystem_004a2b7e","undefined",1,592,SUCCESS,"Palette_Subsystem_004a2b7e_004a2b7e.c"
004a2dce,"Palette_Subsystem_004a2dce","undefined",3,270,SUCCESS,"Palette_Subsystem_004a2dce_004a2dce.c"
004a2edc,"Palette_Util_004a2edc","undefined",0,11,SUCCESS,"Palette_Util_004a2edc_004a2edc.c"
004a2ef0,"Palette_Subsystem_004a2ef0","undefined",1,4766,SUCCESS,"Palette_Subsystem_004a2ef0_004a2ef0.c"
004a41fd,"Palette_Subsystem_004a41fd","undefined",0,1379,SUCCESS,"Palette_Subsystem_004a41fd_004a41fd.c"
004a4760,"Palette_Subsystem_004a4760","undefined",3,271,SUCCESS,"Palette_Subsystem_004a4760_004a4760.c"
004a486f,"Palette_Subsystem_004a486f","undefined",2,472,SUCCESS,"Palette_Subsystem_004a486f_004a486f.c"
004a4a47,"Palette_Subsystem_004a4a47","undefined",3,2575,SUCCESS,"Palette_Subsystem_004a4a47_004a4a47.c"
004a554b,"Palette_Subsystem_004a554b","undefined",4,59,SUCCESS,"Palette_Subsystem_004a554b_004a554b.c"
004a5586,"Palette_Subsystem_004a5586","undefined",4,125,SUCCESS,"Palette_Subsystem_004a5586_004a5586.c"
004a5603,"Palette_Subsystem_004a5603","undefined",2,287,SUCCESS,"Palette_Subsystem_004a5603_004a5603.c"
004a5722,"Palette_Subsystem_004a5722","undefined",3,1834,SUCCESS,"Palette_Subsystem_004a5722_004a5722.c"
004a5e4c,"Palette_Subsystem_004a5e4c","undefined",0,304,SUCCESS,"Palette_Subsystem_004a5e4c_004a5e4c.c"
004a5f7c,"Palette_Subsystem_004a5f7c","undefined",0,96,SUCCESS,"Palette_Subsystem_004a5f7c_004a5f7c.c"
004a5fdc,"Palette_Subsystem_004a5fdc","undefined",0,60,SUCCESS,"Palette_Subsystem_004a5fdc_004a5fdc.c"
004a6018,"Palette_Subsystem_004a6018","undefined",0,246,SUCCESS,"Palette_Subsystem_004a6018_004a6018.c"
004a610e,"Palette_Subsystem_004a610e","undefined",2,397,SUCCESS,"Palette_Subsystem_004a610e_004a610e.c"
004a62a0,"Palette_Subsystem_004a62a0","undefined",3,208,SUCCESS,"Palette_Subsystem_004a62a0_004a62a0.c"
004a6370,"Palette_Subsystem_004a6370","undefined",4,1581,SUCCESS,"Palette_Subsystem_004a6370_004a6370.c"
004a69c8,"Palette_Subsystem_004a69c8","undefined",3,845,SUCCESS,"Palette_Subsystem_004a69c8_004a69c8.c"
004a6d20,"Palette_Subsystem_004a6d20","undefined",3,408,SUCCESS,"Palette_Subsystem_004a6d20_004a6d20.c"
004a6eb8,"Palette_Subsystem_004a6eb8","undefined",1,104,SUCCESS,"Palette_Subsystem_004a6eb8_004a6eb8.c"
004a6fef,"Palette_Subsystem_004a6fef","undefined",3,1486,SUCCESS,"Palette_Subsystem_004a6fef_004a6fef.c"
004a75bd,"Palette_Subsystem_004a75bd","undefined",1,147,SUCCESS,"Palette_Subsystem_004a75bd_004a75bd.c"
004a7650,"Palette_Subsystem_004a7650","undefined",2,203,SUCCESS,"Palette_Subsystem_004a7650_004a7650.c"
004a771b,"Palette_Subsystem_004a771b","undefined",3,249,SUCCESS,"Palette_Subsystem_004a771b_004a771b.c"
004a7814,"Palette_Subsystem_004a7814","undefined",3,529,SUCCESS,"Palette_Subsystem_004a7814_004a7814.c"
004a7a25,"Palette_Subsystem_004a7a25","undefined",3,424,SUCCESS,"Palette_Subsystem_004a7a25_004a7a25.c"
004a7bcd,"Palette_Subsystem_004a7bcd","undefined",3,312,SUCCESS,"Palette_Subsystem_004a7bcd_004a7bcd.c"
004a7d05,"Palette_Subsystem_004a7d05","undefined",2,311,SUCCESS,"Palette_Subsystem_004a7d05_004a7d05.c"
004a7e3c,"Palette_Subsystem_004a7e3c","undefined",3,238,SUCCESS,"Palette_Subsystem_004a7e3c_004a7e3c.c"
004a7f2a,"Palette_Subsystem_004a7f2a","undefined",3,487,SUCCESS,"Palette_Subsystem_004a7f2a_004a7f2a.c"
004a8111,"Palette_Subsystem_004a8111","undefined",3,3040,SUCCESS,"Palette_Subsystem_004a8111_004a8111.c"
004a8d46,"Palette_Subsystem_004a8d46","undefined",3,658,SUCCESS,"Palette_Subsystem_004a8d46_004a8d46.c"
004a8fd8,"Palette_Subsystem_004a8fd8","undefined",4,351,SUCCESS,"Palette_Subsystem_004a8fd8_004a8fd8.c"
004a9137,"Palette_Subsystem_004a9137","undefined",3,2076,SUCCESS,"Palette_Subsystem_004a9137_004a9137.c"
004a99a0,"Palette_Subsystem_004a99a0","undefined",1,3718,SUCCESS,"Palette_Subsystem_004a99a0_004a99a0.c"
004aa830,"Ai_SaveGameState","undefined",0,698,SUCCESS,"Ai_SaveGameState_004aa830.c"
004aaaea,"Ai_RestoreGameState","undefined",0,631,SUCCESS,"Ai_RestoreGameState_004aaaea.c"
004aad61,"Ai_PushBoardState","undefined",0,583,SUCCESS,"Ai_PushBoardState_004aad61.c"
004aafa8,"Ai_PopBoardState","undefined",0,583,SUCCESS,"Ai_PopBoardState_004aafa8.c"
004ab1ef,"Ai_ResetEvaluationState","undefined",0,37,SUCCESS,"Ai_ResetEvaluationState_004ab1ef.c"
004ab214,"Ai_GetActivePlayerScore","undefined",0,119,SUCCESS,"Ai_GetActivePlayerScore_004ab214.c"
004ab28b,"Ai_EvaluateCreaturePower","undefined",0,211,SUCCESS,"Ai_EvaluateCreaturePower_004ab28b.c"
004ab35e,"Ai_GetOpponentPlayerScore","undefined",1,75,SUCCESS,"Ai_GetOpponentPlayerScore_004ab35e.c"
004ab3a9,"Ai_CalcLifeAdvantage","undefined",1,74,SUCCESS,"Ai_CalcLifeAdvantage_004ab3a9.c"
004ab3f3,"Ai_CalcCardAdvantage","undefined",0,108,SUCCESS,"Ai_CalcCardAdvantage_004ab3f3.c"
004ab45f,"Ai_ScoreBoardPosition","undefined",0,177,SUCCESS,"Ai_ScoreBoardPosition_004ab45f.c"
004ab510,"Ai_Util_004ab510","undefined",0,21,SUCCESS,"Ai_Util_004ab510_004ab510.c"
004ab525,"Ai_Util_004ab525","undefined",0,45,SUCCESS,"Ai_Util_004ab525_004ab525.c"
004ab552,"Ai_SimulateCombatRound","undefined",1,2722,SUCCESS,"Ai_SimulateCombatRound_004ab552.c"
004abff4,"Ai_ChooseAttackers","undefined",2,2380,SUCCESS,"Ai_ChooseAttackers_004abff4.c"
004ac940,"Ai_ChooseBlockers","undefined",2,575,SUCCESS,"Ai_ChooseBlockers_004ac940.c"
004acb7f,"Ai_FilterValidBlockers","undefined",2,155,SUCCESS,"Ai_FilterValidBlockers_004acb7f.c"
004acc20,"Ai_AssignCombatDamage","undefined",9,538,SUCCESS,"Ai_AssignCombatDamage_004acc20.c"
004ace3a,"Ai_DuelDialogProc","undefined",4,2167,SUCCESS,"Ai_DuelDialogProc_004ace3a.c"
004ad6c5,"Ai_LoadStartDuel2Backdrop","undefined",6,182,SUCCESS,"Ai_LoadStartDuel2Backdrop_004ad6c5.c"
004ad77b,"Ai_Subsystem_004ad77b","undefined",3,77,SUCCESS,"Ai_Subsystem_004ad77b_004ad77b.c"
004ad7c8,"Ai_StartDuelWndProc","undefined",4,3680,SUCCESS,"Ai_StartDuelWndProc_004ad7c8.c"
004ae632,"Ai_LoadStartDuelBackdrop","undefined",7,228,SUCCESS,"Ai_LoadStartDuelBackdrop_004ae632.c"
004ae716,"Ai_Subsystem_004ae716","undefined",4,99,SUCCESS,"Ai_Subsystem_004ae716_004ae716.c"
004ae779,"Ai_Subsystem_004ae779","undefined",1,298,SUCCESS,"Ai_Subsystem_004ae779_004ae779.c"
004ae8a3,"Ai_Subsystem_004ae8a3","undefined",5,242,SUCCESS,"Ai_Subsystem_004ae8a3_004ae8a3.c"
004ae995,"Ai_DuelMainWndProc","undefined",4,2915,SUCCESS,"Ai_DuelMainWndProc_004ae995.c"
004af4fd,"Ai_LoadEndDuelBackdrop","undefined",8,230,SUCCESS,"Ai_LoadEndDuelBackdrop_004af4fd.c"
004af5e3,"Ai_Subsystem_004af5e3","undefined",4,93,SUCCESS,"Ai_Subsystem_004af5e3_004af5e3.c"
004af640,"Ai_Subsystem_004af640","undefined",2,293,SUCCESS,"Ai_Subsystem_004af640_004af640.c"
004af765,"Ai_Subsystem_004af765","undefined",11,737,SUCCESS,"Ai_Subsystem_004af765_004af765.c"
004afa46,"Ai_Util_004afa46","undefined",0,35,SUCCESS,"Ai_Util_004afa46_004afa46.c"
004afa69,"Ai_ScoreCardPlay_004afa69","undefined",6,445,SUCCESS,"Ai_ScoreCardPlay_004afa69_004afa69.c"
004afc26,"Ai_ScoreCardPlay_004afc26","undefined",4,4316,SUCCESS,"Ai_ScoreCardPlay_004afc26_004afc26.c"
004b0d24,"Ai_Subsystem_004b0d24","undefined",6,237,SUCCESS,"Ai_Subsystem_004b0d24_004b0d24.c"
004b0e11,"Ai_Subsystem_004b0e11","undefined",5,111,SUCCESS,"Ai_Subsystem_004b0e11_004b0e11.c"
004b0e80,"Ai_Subsystem_004b0e80","undefined",4,1026,SUCCESS,"Ai_Subsystem_004b0e80_004b0e80.c"
004b128e,"Ai_Util_004b128e","undefined",0,19,SUCCESS,"Ai_Util_004b128e_004b128e.c"
004b137d,"Ai_Subsystem_004b137d","undefined",3,137,SUCCESS,"Ai_Subsystem_004b137d_004b137d.c"
004b1406,"Ai_Util_004b1406","undefined",0,16,SUCCESS,"Ai_Util_004b1406_004b1406.c"
004b1416,"Ai_Subsystem_004b1416","undefined",6,452,SUCCESS,"Ai_Subsystem_004b1416_004b1416.c"
004b15df,"Ai_Subsystem_004b15df","undefined",4,912,SUCCESS,"Ai_Subsystem_004b15df_004b15df.c"
004b1974,"Ai_Subsystem_004b1974","undefined",3,87,SUCCESS,"Ai_Subsystem_004b1974_004b1974.c"
004b19d0,"Ai_Subsystem_004b19d0","undefined",4,355,SUCCESS,"Ai_Subsystem_004b19d0_004b19d0.c"
004b1b38,"Ai_Subsystem_004b1b38","undefined",3,94,SUCCESS,"Ai_Subsystem_004b1b38_004b1b38.c"
004b1b9b,"Ai_Subsystem_004b1b9b","undefined",4,1344,SUCCESS,"Ai_Subsystem_004b1b9b_004b1b9b.c"
004b20e5,"Ai_Subsystem_004b20e5","undefined",4,148,SUCCESS,"Ai_Subsystem_004b20e5_004b20e5.c"
004b2183,"Ai_Subsystem_004b2183","undefined",7,221,SUCCESS,"Ai_Subsystem_004b2183_004b2183.c"
004b2260,"Ai_Subsystem_004b2260","undefined",4,93,SUCCESS,"Ai_Subsystem_004b2260_004b2260.c"
004b22bd,"Ai_Subsystem_004b22bd","undefined",5,698,SUCCESS,"Ai_Subsystem_004b22bd_004b22bd.c"
004b257c,"Ai_Subsystem_004b257c","undefined",4,3363,SUCCESS,"Ai_Subsystem_004b257c_004b257c.c"
004b32d1,"Ai_CalcManaRequirement_004b32d1","undefined",10,557,SUCCESS,"Ai_CalcManaRequirement_004b32d1_004b32d1.c"
004b34fe,"Ai_Subsystem_004b34fe","undefined",6,182,SUCCESS,"Ai_Subsystem_004b34fe_004b34fe.c"
004b35b4,"Ai_Subsystem_004b35b4","undefined",3,451,SUCCESS,"Ai_Subsystem_004b35b4_004b35b4.c"
004b3777,"Ai_Subsystem_004b3777","undefined",5,193,SUCCESS,"Ai_Subsystem_004b3777_004b3777.c"
004b3847,"Ai_Subsystem_004b3847","undefined",4,2379,SUCCESS,"Ai_Subsystem_004b3847_004b3847.c"
004b4197,"Ai_Subsystem_004b4197","undefined",7,221,SUCCESS,"Ai_Subsystem_004b4197_004b4197.c"
004b4274,"Ai_Subsystem_004b4274","undefined",4,93,SUCCESS,"Ai_Subsystem_004b4274_004b4274.c"
004b42d1,"Ai_Util_004b42d1","undefined",0,11,SUCCESS,"Ai_Util_004b42d1_004b42d1.c"
004b42dc,"Ai_Subsystem_004b42dc","undefined",0,1891,SUCCESS,"Ai_Subsystem_004b42dc_004b42dc.c"
004b4a3f,"Ai_EvalAttackCandidate_004b4a3f","undefined",2,2402,SUCCESS,"Ai_EvalAttackCandidate_004b4a3f_004b4a3f.c"
004b53a1,"Ai_Util_004b53a1","undefined",0,37,SUCCESS,"Ai_Util_004b53a1_004b53a1.c"
004b53c6,"Ai_Util_004b53c6","undefined",0,39,SUCCESS,"Ai_Util_004b53c6_004b53c6.c"
004b53ed,"Ai_Subsystem_004b53ed","undefined",0,64,SUCCESS,"Ai_Subsystem_004b53ed_004b53ed.c"
004b542d,"Ai_Util_004b542d","undefined",0,16,SUCCESS,"Ai_Util_004b542d_004b542d.c"
004b543d,"Ai_Util_004b543d","undefined",0,16,SUCCESS,"Ai_Util_004b543d_004b543d.c"
004b544d,"Ai_Subsystem_004b544d","undefined",0,180,SUCCESS,"Ai_Subsystem_004b544d_004b544d.c"
004b5501,"Ai_Subsystem_004b5501","undefined",1,62,SUCCESS,"Ai_Subsystem_004b5501_004b5501.c"
004b553f,"Ai_Subsystem_004b553f","undefined",1,526,SUCCESS,"Ai_Subsystem_004b553f_004b553f.c"
004b574d,"Ai_Subsystem_004b574d","undefined",6,252,SUCCESS,"Ai_Subsystem_004b574d_004b574d.c"
004b584e,"Ai_Subsystem_004b584e","undefined",0,139,SUCCESS,"Ai_Subsystem_004b584e_004b584e.c"
004b58d9,"Ai_Subsystem_004b58d9","undefined",1,64,SUCCESS,"Ai_Subsystem_004b58d9_004b58d9.c"
004b5919,"Ai_Subsystem_004b5919","undefined",2,78,SUCCESS,"Ai_Subsystem_004b5919_004b5919.c"
004b5967,"Ai_Subsystem_004b5967","undefined",2,114,SUCCESS,"Ai_Subsystem_004b5967_004b5967.c"
004b59d9,"Ai_Subsystem_004b59d9","undefined",2,109,SUCCESS,"Ai_Subsystem_004b59d9_004b59d9.c"
004b5a46,"Ai_Subsystem_004b5a46","undefined",2,114,SUCCESS,"Ai_Subsystem_004b5a46_004b5a46.c"
004b5ab8,"Ai_Subsystem_004b5ab8","undefined",5,183,SUCCESS,"Ai_Subsystem_004b5ab8_004b5ab8.c"
004b5b6f,"Ai_Subsystem_004b5b6f","undefined",2,110,SUCCESS,"Ai_Subsystem_004b5b6f_004b5b6f.c"
004b5bdd,"Ai_Subsystem_004b5bdd","undefined",2,110,SUCCESS,"Ai_Subsystem_004b5bdd_004b5bdd.c"
004b5c4b,"Ai_Subsystem_004b5c4b","undefined",2,112,SUCCESS,"Ai_Subsystem_004b5c4b_004b5c4b.c"
004b5cbb,"Ai_Subsystem_004b5cbb","undefined",2,110,SUCCESS,"Ai_Subsystem_004b5cbb_004b5cbb.c"
004b5d2e,"Ai_Subsystem_004b5d2e","undefined",2,182,SUCCESS,"Ai_Subsystem_004b5d2e_004b5d2e.c"
004b5de4,"Ai_Subsystem_004b5de4","undefined",2,400,SUCCESS,"Ai_Subsystem_004b5de4_004b5de4.c"
004b5f74,"Ai_Subsystem_004b5f74","undefined",3,175,SUCCESS,"Ai_Subsystem_004b5f74_004b5f74.c"
004b6023,"Ai_Subsystem_004b6023","undefined",3,280,SUCCESS,"Ai_Subsystem_004b6023_004b6023.c"
004b613b,"Ai_Subsystem_004b613b","undefined",2,108,SUCCESS,"Ai_Subsystem_004b613b_004b613b.c"
004b61ac,"Ai_Subsystem_004b61ac","undefined",2,110,SUCCESS,"Ai_Subsystem_004b61ac_004b61ac.c"
004b621a,"Ai_Subsystem_004b621a","undefined",2,110,SUCCESS,"Ai_Subsystem_004b621a_004b621a.c"
004b6288,"Ai_Subsystem_004b6288","undefined",2,206,SUCCESS,"Ai_Subsystem_004b6288_004b6288.c"
004b6356,"Ai_Subsystem_004b6356","undefined",2,110,SUCCESS,"Ai_Subsystem_004b6356_004b6356.c"
004b63c4,"Ai_Subsystem_004b63c4","undefined",2,110,SUCCESS,"Ai_Subsystem_004b63c4_004b63c4.c"
004b6432,"Ai_Subsystem_004b6432","undefined",2,109,SUCCESS,"Ai_Subsystem_004b6432_004b6432.c"
004b649f,"Ai_Subsystem_004b649f","undefined",2,109,SUCCESS,"Ai_Subsystem_004b649f_004b649f.c"
004b650c,"Ai_Subsystem_004b650c","undefined",4,161,SUCCESS,"Ai_Subsystem_004b650c_004b650c.c"
004b65ad,"Ai_Util_004b65ad","undefined",0,18,SUCCESS,"Ai_Util_004b65ad_004b65ad.c"
004b65bf,"Ai_Subsystem_004b65bf","undefined",2,100,SUCCESS,"Ai_Subsystem_004b65bf_004b65bf.c"
004b6623,"Ai_Subsystem_004b6623","undefined",2,115,SUCCESS,"Ai_Subsystem_004b6623_004b6623.c"
004b6696,"Ai_Subsystem_004b6696","undefined",2,168,SUCCESS,"Ai_Subsystem_004b6696_004b6696.c"
004b673e,"Ai_Subsystem_004b673e","undefined",2,109,SUCCESS,"Ai_Subsystem_004b673e_004b673e.c"
004b67ab,"Ai_Subsystem_004b67ab","undefined",2,132,SUCCESS,"Ai_Subsystem_004b67ab_004b67ab.c"
004b682f,"Ai_Subsystem_004b682f","undefined",2,132,SUCCESS,"Ai_Subsystem_004b682f_004b682f.c"
004b68b3,"Ai_Subsystem_004b68b3","undefined",3,263,SUCCESS,"Ai_Subsystem_004b68b3_004b68b3.c"
004b69ba,"Ai_Subsystem_004b69ba","undefined",3,494,SUCCESS,"Ai_Subsystem_004b69ba_004b69ba.c"
004b6ba8,"Ai_Subsystem_004b6ba8","undefined",3,179,SUCCESS,"Ai_Subsystem_004b6ba8_004b6ba8.c"
004b6c5b,"Ai_Subsystem_004b6c5b","undefined",2,109,SUCCESS,"Ai_Subsystem_004b6c5b_004b6c5b.c"
004b6cc8,"Ai_Subsystem_004b6cc8","undefined",2,109,SUCCESS,"Ai_Subsystem_004b6cc8_004b6cc8.c"
004b6d35,"Ai_Subsystem_004b6d35","undefined",2,112,SUCCESS,"Ai_Subsystem_004b6d35_004b6d35.c"
004b6da5,"Ai_Subsystem_004b6da5","undefined",3,150,SUCCESS,"Ai_Subsystem_004b6da5_004b6da5.c"
004b6e3b,"Ai_Subsystem_004b6e3b","undefined",2,112,SUCCESS,"Ai_Subsystem_004b6e3b_004b6e3b.c"
004b6eab,"Ai_Subsystem_004b6eab","undefined",2,110,SUCCESS,"Ai_Subsystem_004b6eab_004b6eab.c"
004b6f19,"Ai_Util_004b6f19","undefined",1,48,SUCCESS,"Ai_Util_004b6f19_004b6f19.c"
004b6f49,"Ai_Subsystem_004b6f49","undefined",1,93,SUCCESS,"Ai_Subsystem_004b6f49_004b6f49.c"
004b6fa6,"Ai_Subsystem_004b6fa6","undefined",1,102,SUCCESS,"Ai_Subsystem_004b6fa6_004b6fa6.c"
004b700c,"Ai_Subsystem_004b700c","undefined",1,102,SUCCESS,"Ai_Subsystem_004b700c_004b700c.c"
004b7072,"Ai_Subsystem_004b7072","undefined",2,140,SUCCESS,"Ai_Subsystem_004b7072_004b7072.c"
004b70fe,"Ai_Subsystem_004b70fe","undefined",3,140,SUCCESS,"Ai_Subsystem_004b70fe_004b70fe.c"
004b718a,"Ai_Subsystem_004b718a","undefined",2,163,SUCCESS,"Ai_Subsystem_004b718a_004b718a.c"
004b722d,"Ai_Subsystem_004b722d","undefined",2,163,SUCCESS,"Ai_Subsystem_004b722d_004b722d.c"
004b72d0,"Ai_Subsystem_004b72d0","undefined",2,163,SUCCESS,"Ai_Subsystem_004b72d0_004b72d0.c"
004b7373,"Ai_Subsystem_004b7373","undefined",1,91,SUCCESS,"Ai_Subsystem_004b7373_004b7373.c"
004b73ce,"Ai_Subsystem_004b73ce","undefined",4,227,SUCCESS,"Ai_Subsystem_004b73ce_004b73ce.c"
004b74b1,"Ai_Subsystem_004b74b1","undefined",2,73,SUCCESS,"Ai_Subsystem_004b74b1_004b74b1.c"
004b74fa,"Ai_Subsystem_004b74fa","undefined",2,117,SUCCESS,"Ai_Subsystem_004b74fa_004b74fa.c"
004b756f,"Ai_Subsystem_004b756f","undefined",1,53,SUCCESS,"Ai_Subsystem_004b756f_004b756f.c"
004b75a4,"Ai_Subsystem_004b75a4","undefined",0,52,SUCCESS,"Ai_Subsystem_004b75a4_004b75a4.c"
004b75d8,"Ai_Subsystem_004b75d8","undefined",1,81,SUCCESS,"Ai_Subsystem_004b75d8_004b75d8.c"
004b7629,"Ai_Subsystem_004b7629","undefined",0,52,SUCCESS,"Ai_Subsystem_004b7629_004b7629.c"
004b765d,"Ai_Subsystem_004b765d","undefined",2,73,SUCCESS,"Ai_Subsystem_004b765d_004b765d.c"
004b76a6,"Ai_Subsystem_004b76a6","undefined",4,423,SUCCESS,"Ai_Subsystem_004b76a6_004b76a6.c"
004b784d,"Ai_Subsystem_004b784d","undefined",2,74,SUCCESS,"Ai_Subsystem_004b784d_004b784d.c"
004b7897,"Ai_CalcManaRequirement_004b7897","undefined",4,1180,SUCCESS,"Ai_CalcManaRequirement_004b7897_004b7897.c"
004b7d38,"Ai_Subsystem_004b7d38","undefined",1,176,SUCCESS,"Ai_Subsystem_004b7d38_004b7d38.c"
004b7de8,"Ai_Subsystem_004b7de8","undefined",4,1277,SUCCESS,"Ai_Subsystem_004b7de8_004b7de8.c"
004b82ea,"Ai_Util_004b82ea","undefined",2,36,SUCCESS,"Ai_Util_004b82ea_004b82ea.c"
004b830e,"Ai_Util_004b830e","undefined",1,31,SUCCESS,"Ai_Util_004b830e_004b830e.c"
004b832d,"Ai_Subsystem_004b832d","undefined",7,234,SUCCESS,"Ai_Subsystem_004b832d_004b832d.c"
004b8421,"Ai_Subsystem_004b8421","undefined",4,2205,SUCCESS,"Ai_Subsystem_004b8421_004b8421.c"
004b8cc3,"Ai_Subsystem_004b8cc3","undefined",7,221,SUCCESS,"Ai_Subsystem_004b8cc3_004b8cc3.c"
004b8da0,"Ai_Subsystem_004b8da0","undefined",4,93,SUCCESS,"Ai_Subsystem_004b8da0_004b8da0.c"
004b8dfd,"Ai_Subsystem_004b8dfd","undefined",2,80,SUCCESS,"Ai_Subsystem_004b8dfd_004b8dfd.c"
004b8e4d,"Ai_Subsystem_004b8e4d","undefined",2,657,SUCCESS,"Ai_Subsystem_004b8e4d_004b8e4d.c"
004b90de,"Ai_Subsystem_004b90de","undefined",2,60,SUCCESS,"Ai_Subsystem_004b90de_004b90de.c"
004b9120,"Ai_CalcManaRequirement_004b9120","undefined",1,238,SUCCESS,"Ai_CalcManaRequirement_004b9120_004b9120.c"
004b920e,"Ai_Subsystem_004b920e","undefined",0,118,SUCCESS,"Ai_Subsystem_004b920e_004b920e.c"
004b9284,"Ai_CalcManaRequirement_004b9284","undefined",4,5153,SUCCESS,"Ai_CalcManaRequirement_004b9284_004b9284.c"
004ba6b6,"Ai_Subsystem_004ba6b6","undefined",3,472,SUCCESS,"Ai_Subsystem_004ba6b6_004ba6b6.c"
004ba890,"Ai_CalcManaRequirement_004ba890","undefined",3,4252,SUCCESS,"Ai_CalcManaRequirement_004ba890_004ba890.c"
004bb9f3,"Ai_Subsystem_004bb9f3","undefined",4,422,SUCCESS,"Ai_Subsystem_004bb9f3_004bb9f3.c"
004bbb99,"Ai_Subsystem_004bbb99","undefined",6,506,SUCCESS,"Ai_Subsystem_004bbb99_004bbb99.c"
004bbd93,"Ai_Subsystem_004bbd93","undefined",6,507,SUCCESS,"Ai_Subsystem_004bbd93_004bbd93.c"
004bbf8e,"Ai_Subsystem_004bbf8e","undefined",3,155,SUCCESS,"Ai_Subsystem_004bbf8e_004bbf8e.c"
004bc029,"Ai_Subsystem_004bc029","undefined",4,1018,SUCCESS,"Ai_Subsystem_004bc029_004bc029.c"
004bc423,"Ai_CalcManaRequirement_004bc423","undefined",0,675,SUCCESS,"Ai_CalcManaRequirement_004bc423_004bc423.c"
004bc72e,"Ai_Subsystem_004bc72e","undefined",5,2311,SUCCESS,"Ai_Subsystem_004bc72e_004bc72e.c"
004bd035,"Ai_Subsystem_004bd035","undefined",3,522,SUCCESS,"Ai_Subsystem_004bd035_004bd035.c"
004bd23f,"Ai_Subsystem_004bd23f","undefined",2,426,SUCCESS,"Ai_Subsystem_004bd23f_004bd23f.c"
004bd3e9,"Ai_Subsystem_004bd3e9","undefined",9,112,SUCCESS,"Ai_Subsystem_004bd3e9_004bd3e9.c"
004bd459,"Ai_Subsystem_004bd459","undefined",7,151,SUCCESS,"Ai_Subsystem_004bd459_004bd459.c"
004bd4f0,"Ai_Subsystem_004bd4f0","undefined",0,110,SUCCESS,"Ai_Subsystem_004bd4f0_004bd4f0.c"
004bd563,"Ai_Subsystem_004bd563","undefined",2,71,SUCCESS,"Ai_Subsystem_004bd563_004bd563.c"
004bd5af,"Ai_Util_004bd5af","undefined",0,47,SUCCESS,"Ai_Util_004bd5af_004bd5af.c"
004bd5e3,"Ai_Subsystem_004bd5e3","undefined",1,154,SUCCESS,"Ai_Subsystem_004bd5e3_004bd5e3.c"
004bd682,"Ai_Subsystem_004bd682","undefined",1,114,SUCCESS,"Ai_Subsystem_004bd682_004bd682.c"
004bd6f9,"Ai_Subsystem_004bd6f9","undefined",3,2684,SUCCESS,"Ai_Subsystem_004bd6f9_004bd6f9.c"
004be192,"Ai_Subsystem_004be192","undefined",4,169,SUCCESS,"Ai_Subsystem_004be192_004be192.c"
004be240,"Ai_Util_004be240","undefined",0,31,SUCCESS,"Ai_Util_004be240_004be240.c"
004be25f,"Ai_Subsystem_004be25f","undefined",5,248,SUCCESS,"Ai_Subsystem_004be25f_004be25f.c"
004be357,"Ai_Subsystem_004be357","undefined",0,109,SUCCESS,"Ai_Subsystem_004be357_004be357.c"
004be3c4,"Ai_Subsystem_004be3c4","undefined",6,123,SUCCESS,"Ai_Subsystem_004be3c4_004be3c4.c"
004be43f,"Ai_Subsystem_004be43f","undefined",4,92,SUCCESS,"Ai_Subsystem_004be43f_004be43f.c"
004be49b,"Ai_Subsystem_004be49b","undefined",4,138,SUCCESS,"Ai_Subsystem_004be49b_004be49b.c"
004be525,"Ai_Subsystem_004be525","undefined",4,137,SUCCESS,"Ai_Subsystem_004be525_004be525.c"
004be5ae,"Ai_Subsystem_004be5ae","undefined",4,149,SUCCESS,"Ai_Subsystem_004be5ae_004be5ae.c"
004be643,"Ai_Subsystem_004be643","undefined",3,3048,SUCCESS,"Ai_Subsystem_004be643_004be643.c"
004bf23a,"Ai_Subsystem_004bf23a","undefined",0,633,SUCCESS,"Ai_Subsystem_004bf23a_004bf23a.c"
004bf4b3,"Ai_CalcManaRequirement_004bf4b3","undefined",1,2929,SUCCESS,"Ai_CalcManaRequirement_004bf4b3_004bf4b3.c"
004c003d,"Ai_CalcManaRequirement_004c003d","undefined",0,1380,SUCCESS,"Ai_CalcManaRequirement_004c003d_004c003d.c"
004c05ba,"Ai_Subsystem_004c05ba","undefined",0,293,SUCCESS,"Ai_Subsystem_004c05ba_004c05ba.c"
004c06df,"Ai_Subsystem_004c06df","undefined",2,2074,SUCCESS,"Ai_Subsystem_004c06df_004c06df.c"
004c0efe,"Ai_CastleEncounter_004c0efe","undefined",8,4369,SUCCESS,"Ai_CastleEncounter_004c0efe_004c0efe.c"
004c207a,"Ai_Subsystem_004c207a","undefined",2,497,SUCCESS,"Ai_Subsystem_004c207a_004c207a.c"
004c2270,"Ai_Subsystem_004c2270","undefined",1,50,SUCCESS,"Ai_Subsystem_004c2270_004c2270.c"
004c22a2,"Ai_Subsystem_004c22a2","undefined",4,158,SUCCESS,"Ai_Subsystem_004c22a2_004c22a2.c"
004c2340,"Ai_Subsystem_004c2340","undefined",7,371,SUCCESS,"Ai_Subsystem_004c2340_004c2340.c"
004c24b3,"Ai_CastleEncounter_004c24b3","undefined",1,5604,SUCCESS,"Ai_CastleEncounter_004c24b3_004c24b3.c"
004c3aa1,"Ai_Subsystem_004c3aa1","undefined",4,51,SUCCESS,"Ai_Subsystem_004c3aa1_004c3aa1.c"
004c3ad4,"Ai_Subsystem_004c3ad4","undefined",4,69,SUCCESS,"Ai_Subsystem_004c3ad4_004c3ad4.c"
004c3b19,"Ai_TownEncounter_004c3b19","undefined",1,138,SUCCESS,"Ai_TownEncounter_004c3b19_004c3b19.c"
004c3ba3,"Ai_Util_004c3ba3","undefined",1,33,SUCCESS,"Ai_Util_004c3ba3_004c3ba3.c"
004c3bc4,"Ai_Util_004c3bc4","undefined",1,33,SUCCESS,"Ai_Util_004c3bc4_004c3bc4.c"
004c3be5,"Ai_Subsystem_004c3be5","undefined",2,119,SUCCESS,"Ai_Subsystem_004c3be5_004c3be5.c"
004c3c5c,"Ai_Subsystem_004c3c5c","undefined",1,1459,SUCCESS,"Ai_Subsystem_004c3c5c_004c3c5c.c"
004c4210,"Ai_Subsystem_004c4210","undefined",1,2676,SUCCESS,"Ai_Subsystem_004c4210_004c4210.c"
004c4c84,"Ai_Subsystem_004c4c84","undefined",1,4933,SUCCESS,"Ai_Subsystem_004c4c84_004c4c84.c"
004c5fc9,"Ai_Subsystem_004c5fc9","undefined",1,6879,SUCCESS,"Ai_Subsystem_004c5fc9_004c5fc9.c"
004c7aa8,"Ai_Subsystem_004c7aa8","undefined",1,317,SUCCESS,"Ai_Subsystem_004c7aa8_004c7aa8.c"
004c7be5,"Ai_Subsystem_004c7be5","undefined",2,388,SUCCESS,"Ai_Subsystem_004c7be5_004c7be5.c"
004c7d69,"Ai_Subsystem_004c7d69","undefined",0,2276,SUCCESS,"Ai_Subsystem_004c7d69_004c7d69.c"
004c864d,"Ai_EvalAttackCandidate_004c864d","undefined",1,6381,SUCCESS,"Ai_EvalAttackCandidate_004c864d_004c864d.c"
004c9f3a,"Ai_Subsystem_004c9f3a","undefined",2,78,SUCCESS,"Ai_Subsystem_004c9f3a_004c9f3a.c"
004c9f88,"Ai_Subsystem_004c9f88","undefined",1,243,SUCCESS,"Ai_Subsystem_004c9f88_004c9f88.c"
004ca07b,"Ai_Subsystem_004ca07b","undefined",0,94,SUCCESS,"Ai_Subsystem_004ca07b_004ca07b.c"
004ca0d9,"Ai_Subsystem_004ca0d9","undefined",8,1595,SUCCESS,"Ai_Subsystem_004ca0d9_004ca0d9.c"
004ca714,"Ai_Subsystem_004ca714","undefined",8,1150,SUCCESS,"Ai_Subsystem_004ca714_004ca714.c"
004cab92,"Ai_Subsystem_004cab92","undefined",0,467,SUCCESS,"Ai_Subsystem_004cab92_004cab92.c"
004cad65,"Ai_Subsystem_004cad65","undefined",3,96,SUCCESS,"Ai_Subsystem_004cad65_004cad65.c"
004cadc5,"Ai_Subsystem_004cadc5","undefined",3,96,SUCCESS,"Ai_Subsystem_004cadc5_004cadc5.c"
004cae25,"Ai_Util_004cae25","undefined",1,34,SUCCESS,"Ai_Util_004cae25_004cae25.c"
004cae47,"Ai_Subsystem_004cae47","undefined",2,518,SUCCESS,"Ai_Subsystem_004cae47_004cae47.c"
004cb04d,"Ai_Subsystem_004cb04d","undefined",2,393,SUCCESS,"Ai_Subsystem_004cb04d_004cb04d.c"
004cb1d6,"Ai_Subsystem_004cb1d6","undefined",2,237,SUCCESS,"Ai_Subsystem_004cb1d6_004cb1d6.c"
004cb2d0,"Ai_Util_004cb2d0","undefined",0,21,SUCCESS,"Ai_Util_004cb2d0_004cb2d0.c"
004cbad0,"Ai_Subsystem_004cbad0","undefined",2,52,SUCCESS,"Ai_Subsystem_004cbad0_004cbad0.c"
004cbb04,"Ai_Util_004cbb04","undefined",2,47,SUCCESS,"Ai_Util_004cbb04_004cbb04.c"
004cbb33,"Ai_Subsystem_004cbb33","undefined",2,106,SUCCESS,"Ai_Subsystem_004cbb33_004cbb33.c"
004cbba7,"Ai_Util_004cbba7","undefined",2,48,SUCCESS,"Ai_Util_004cbba7_004cbba7.c"
004cbbd7,"Ai_Util_004cbbd7","undefined",2,48,SUCCESS,"Ai_Util_004cbbd7_004cbbd7.c"
004cbc07,"Ai_Util_004cbc07","undefined",2,47,SUCCESS,"Ai_Util_004cbc07_004cbc07.c"
004cbc36,"Ai_Util_004cbc36","undefined",2,47,SUCCESS,"Ai_Util_004cbc36_004cbc36.c"
004cbc65,"Ai_Subsystem_004cbc65","undefined",2,106,SUCCESS,"Ai_Subsystem_004cbc65_004cbc65.c"
004cbcd9,"Ai_Subsystem_004cbcd9","undefined",1,137,SUCCESS,"Ai_Subsystem_004cbcd9_004cbcd9.c"
004cbd67,"Ai_Subsystem_004cbd67","undefined",1,61,SUCCESS,"Ai_Subsystem_004cbd67_004cbd67.c"
004cbda9,"Ai_Util_004cbda9","undefined",1,44,SUCCESS,"Ai_Util_004cbda9_004cbda9.c"
004cbdda,"Ai_Subsystem_004cbdda","undefined",2,54,SUCCESS,"Ai_Subsystem_004cbdda_004cbdda.c"
004cbe10,"Ai_Subsystem_004cbe10","undefined",2,66,SUCCESS,"Ai_Subsystem_004cbe10_004cbe10.c"
004cbe57,"Ai_Subsystem_004cbe57","undefined",2,283,SUCCESS,"Ai_Subsystem_004cbe57_004cbe57.c"
004cbf72,"Ai_Subsystem_004cbf72","undefined",2,94,SUCCESS,"Ai_Subsystem_004cbf72_004cbf72.c"
004cbfd0,"Ai_Subsystem_004cbfd0","undefined",3,131,SUCCESS,"Ai_Subsystem_004cbfd0_004cbfd0.c"
004cc053,"Ai_Subsystem_004cc053","undefined",2,111,SUCCESS,"Ai_Subsystem_004cc053_004cc053.c"
004cc0c7,"Ai_Util_004cc0c7","undefined",2,48,SUCCESS,"Ai_Util_004cc0c7_004cc0c7.c"
004cc0f7,"Ai_Util_004cc0f7","undefined",2,48,SUCCESS,"Ai_Util_004cc0f7_004cc0f7.c"
004cc127,"Ai_Subsystem_004cc127","undefined",2,92,SUCCESS,"Ai_Subsystem_004cc127_004cc127.c"
004cc188,"Ai_Util_004cc188","undefined",2,48,SUCCESS,"Ai_Util_004cc188_004cc188.c"
004cc1b8,"Ai_Util_004cc1b8","undefined",2,48,SUCCESS,"Ai_Util_004cc1b8_004cc1b8.c"
004cc1e8,"Ai_Subsystem_004cc1e8","undefined",2,110,SUCCESS,"Ai_Subsystem_004cc1e8_004cc1e8.c"
004cc25b,"Ai_Subsystem_004cc25b","undefined",2,108,SUCCESS,"Ai_Subsystem_004cc25b_004cc25b.c"
004cc2cc,"Ai_Subsystem_004cc2cc","undefined",2,108,SUCCESS,"Ai_Subsystem_004cc2cc_004cc2cc.c"
004cc33d,"Ai_Subsystem_004cc33d","undefined",3,135,SUCCESS,"Ai_Subsystem_004cc33d_004cc33d.c"
004cc3c4,"Ai_Subsystem_004cc3c4","undefined",2,52,SUCCESS,"Ai_Subsystem_004cc3c4_004cc3c4.c"
004cc3f8,"Ai_Subsystem_004cc3f8","undefined",4,53,SUCCESS,"Ai_Subsystem_004cc3f8_004cc3f8.c"
004cc42d,"Ai_Util_004cc42d","undefined",1,40,SUCCESS,"Ai_Util_004cc42d_004cc42d.c"
004cc455,"Ai_Subsystem_004cc455","undefined",5,69,SUCCESS,"Ai_Subsystem_004cc455_004cc455.c"
004cc49a,"Ai_Subsystem_004cc49a","undefined",6,71,SUCCESS,"Ai_Subsystem_004cc49a_004cc49a.c"
004cc4e1,"Ai_Util_004cc4e1","undefined",1,41,SUCCESS,"Ai_Util_004cc4e1_004cc4e1.c"
004cc50a,"Ai_Subsystem_004cc50a","undefined",3,99,SUCCESS,"Ai_Subsystem_004cc50a_004cc50a.c"
004cc56d,"Ai_Subsystem_004cc56d","undefined",7,595,SUCCESS,"Ai_Subsystem_004cc56d_004cc56d.c"
004cc7c5,"Ai_Subsystem_004cc7c5","undefined",2,79,SUCCESS,"Ai_Subsystem_004cc7c5_004cc7c5.c"
004cc814,"Ai_Subsystem_004cc814","undefined",6,107,SUCCESS,"Ai_Subsystem_004cc814_004cc814.c"
004cc87f,"Ai_Subsystem_004cc87f","undefined",3,95,SUCCESS,"Ai_Subsystem_004cc87f_004cc87f.c"
004cc8de,"Ai_Subsystem_004cc8de","undefined",3,95,SUCCESS,"Ai_Subsystem_004cc8de_004cc8de.c"
004cc93d,"Ai_Subsystem_004cc93d","undefined",5,65,SUCCESS,"Ai_Subsystem_004cc93d_004cc93d.c"
004cc97e,"Ai_Subsystem_004cc97e","undefined",1,71,SUCCESS,"Ai_Subsystem_004cc97e_004cc97e.c"
004cc9c5,"Ai_Subsystem_004cc9c5","undefined",2,734,SUCCESS,"Ai_Subsystem_004cc9c5_004cc9c5.c"
004ccca3,"Ai_Subsystem_004ccca3","undefined",0,565,SUCCESS,"Ai_Subsystem_004ccca3_004ccca3.c"
004cced8,"Ai_Subsystem_004cced8","undefined",0,631,SUCCESS,"Ai_Subsystem_004cced8_004cced8.c"
004cd14f,"Ai_Subsystem_004cd14f","undefined",1,73,SUCCESS,"Ai_Subsystem_004cd14f_004cd14f.c"
004cd198,"Ai_Subsystem_004cd198","undefined",0,57,SUCCESS,"Ai_Subsystem_004cd198_004cd198.c"
004cd1d1,"Ai_Subsystem_004cd1d1","undefined",0,61,SUCCESS,"Ai_Subsystem_004cd1d1_004cd1d1.c"
004cd20e,"Ai_Subsystem_004cd20e","undefined",0,452,SUCCESS,"Ai_Subsystem_004cd20e_004cd20e.c"
004cd3eb,"Ai_Subsystem_004cd3eb","undefined",0,592,SUCCESS,"Ai_Subsystem_004cd3eb_004cd3eb.c"
004cd63b,"Timer_InitVxD","undefined",0,168,SUCCESS,"Timer_InitVxD_004cd63b.c"
004cd6e3,"Timer_GetTicks","undefined",0,50,SUCCESS,"Timer_GetTicks_004cd6e3.c"
004cd715,"Timer_MarkStart","undefined",0,21,SUCCESS,"Timer_MarkStart_004cd715.c"
004cd72a,"Timer_GetElapsedFraction","undefined",0,53,SUCCESS,"Timer_GetElapsedFraction_004cd72a.c"
004cd760,"SpellChain_RegisterClass","undefined",1,673,SUCCESS,"SpellChain_RegisterClass_004cd760.c"
004cda01,"SpellChain_CleanupUI","undefined",0,334,SUCCESS,"SpellChain_CleanupUI_004cda01.c"
004cdb4f,"SpellChain_WndProc","undefined",4,7402,SUCCESS,"SpellChain_WndProc_004cdb4f.c"
004cf8b6,"SpellChain_GetCardCount","undefined",1,175,SUCCESS,"SpellChain_GetCardCount_004cf8b6.c"
004cf965,"SpellChain_UpdateTargetPositions","undefined",2,333,SUCCESS,"SpellChain_UpdateTargetPositions_004cf965.c"
004cfab2,"SpellChain_HasActiveSpells","undefined",0,125,SUCCESS,"SpellChain_HasActiveSpells_004cfab2.c"
004cfb2f,"SpellChain_CreateCardSlot","undefined",3,569,SUCCESS,"SpellChain_CreateCardSlot_004cfb2f.c"
004cfd68,"SpellChain_RemoveCardSlot","undefined",2,229,SUCCESS,"SpellChain_RemoveCardSlot_004cfd68.c"
004cfe4d,"SpellChain_CreateTargetSlot","undefined",1,397,SUCCESS,"SpellChain_CreateTargetSlot_004cfe4d.c"
004cffda,"SpellChain_UpdateLayout","undefined",2,1550,SUCCESS,"SpellChain_UpdateLayout_004cffda.c"
004d05e8,"SpellChain_SetWindowRect","undefined",2,26,SUCCESS,"SpellChain_SetWindowRect_004d05e8.c"
004d0602,"SpellChain_MinimizedWndProc","undefined",4,855,SUCCESS,"SpellChain_MinimizedWndProc_004d0602.c"
004d0965,"SpellChain_IsVisible","undefined",0,88,SUCCESS,"SpellChain_IsVisible_004d0965.c"
004d09bd,"SpellChain_IsMinimized","undefined",0,112,SUCCESS,"SpellChain_IsMinimized_004d09bd.c"
004d0a30,"SpellChain_GetActiveCount","undefined",0,18,SUCCESS,"SpellChain_GetActiveCount_004d0a30.c"
004d0a42,"SpellChain_ProcessTriggerEvent","undefined",2,645,SUCCESS,"SpellChain_ProcessTriggerEvent_004d0a42.c"
004d0cdb,"Card_ColorWard_ChangeColor","undefined",3,959,SUCCESS,"Card_ColorWard_ChangeColor_004d0cdb.c"
004d109a,"Card_ChaosLace_ModifyAttributes","undefined",3,3109,SUCCESS,"Card_ChaosLace_ModifyAttributes_004d109a.c"
004d1cc4,"Card_Sinbad_Draw","undefined",3,332,SUCCESS,"Card_Sinbad_Draw_004d1cc4.c"
004d1e10,"Card_Kudzu_LandDestruction","undefined",3,796,SUCCESS,"Card_Kudzu_LandDestruction_004d1e10.c"
004d212c,"Card_BronzeTablets_AnteSwap","undefined",3,1247,SUCCESS,"Card_BronzeTablets_AnteSwap_004d212c.c"
004d2610,"Card_XenicPoltergeist_AnimateArtifact","undefined",3,970,SUCCESS,"Card_XenicPoltergeist_AnimateArtifact_004d2610.c"
004d29da,"Card_VesuvanDoppelganger_Copy","undefined",3,573,SUCCESS,"Card_VesuvanDoppelganger_Copy_004d29da.c"
004d2c17,"Card_VesuvanDoppelganger_Upkeep","undefined",3,273,SUCCESS,"Card_VesuvanDoppelganger_Upkeep_004d2c17.c"
004d2d28,"Card_Doppelganger_ClearMimic","undefined",2,258,SUCCESS,"Card_Doppelganger_ClearMimic_004d2d28.c"
004d2e2a,"Card_Doppelganger_ApplyMimicStats","undefined",2,322,SUCCESS,"Card_Doppelganger_ApplyMimicStats_004d2e2a.c"
004d2f6c,"Card_Doppelganger_SyncAbilities","undefined",2,322,SUCCESS,"Card_Doppelganger_SyncAbilities_004d2f6c.c"
004d30ae,"Card_Doppelganger_CheckState","undefined",3,150,SUCCESS,"Card_Doppelganger_CheckState_004d30ae.c"
004d3144,"Card_IslandSanctuary_SkipDraw","undefined",3,101,SUCCESS,"Card_IslandSanctuary_SkipDraw_004d3144.c"
004d31a9,"Card_IslandSanctuary_AttackRestriction","undefined",3,128,SUCCESS,"Card_IslandSanctuary_AttackRestriction_004d31a9.c"
004d3229,"Card_IslandSanctuary_Trigger","undefined",3,99,SUCCESS,"Card_IslandSanctuary_Trigger_004d3229.c"
004d328c,"Card_IslandSanctuary_CheckActive","undefined",3,158,SUCCESS,"Card_IslandSanctuary_CheckActive_004d328c.c"
004d332a,"Card_IslandSanctuary_Prompt","undefined",3,531,SUCCESS,"Card_IslandSanctuary_Prompt_004d332a.c"
004d353d,"Card_LivingLands_AnimateForests","undefined",3,528,SUCCESS,"Card_LivingLands_AnimateForests_004d353d.c"
004d374d,"Card_KormusBell_AnimateSwamps","undefined",3,528,SUCCESS,"Card_KormusBell_AnimateSwamps_004d374d.c"
004d395d,"Card_TitaniasSong_AnimateArtifacts","undefined",3,960,SUCCESS,"Card_TitaniasSong_AnimateArtifacts_004d395d.c"
004d3d1d,"Card_TitaniasSong_RemoveAbilities","undefined",3,101,SUCCESS,"Card_TitaniasSong_RemoveAbilities_004d3d1d.c"
004d3d82,"Card_TitaniasSong_RestoreAbilities","undefined",3,125,SUCCESS,"Card_TitaniasSong_RestoreAbilities_004d3d82.c"
004d3dff,"Card_TitaniasSong_UpdateStatus","undefined",3,418,SUCCESS,"Card_TitaniasSong_UpdateStatus_004d3dff.c"
004d3fa1,"Card_TitaniasSong_ClearFlags","undefined",3,248,SUCCESS,"Card_TitaniasSong_ClearFlags_004d3fa1.c"
004d4099,"Card_TitaniasSong_CheckTrigger","undefined",3,373,SUCCESS,"Card_TitaniasSong_CheckTrigger_004d4099.c"
004d420e,"Card_PersonalIncarnation_RedirectDamage","undefined",3,1364,SUCCESS,"Card_PersonalIncarnation_RedirectDamage_004d420e.c"
004d4762,"Card_AliFromCairo_PreventLethalDamage","undefined",3,1469,SUCCESS,"Card_AliFromCairo_PreventLethalDamage_004d4762.c"
004d4d1f,"Card_AliFromCairo_ResetState","undefined",3,596,SUCCESS,"Card_AliFromCairo_ResetState_004d4d1f.c"
004d4f73,"Card_ShivanDragon_PumpFirebreathing","undefined",3,1715,SUCCESS,"Card_ShivanDragon_PumpFirebreathing_004d4f73.c"
004d5626,"Card_DragonWhelp_PumpFirebreathing","undefined",3,1528,SUCCESS,"Card_DragonWhelp_PumpFirebreathing_004d5626.c"
004d5c1e,"Card_DragonWhelp_EndTurnCheck","undefined",3,1907,SUCCESS,"Card_DragonWhelp_EndTurnCheck_004d5c1e.c"
004d6391,"Card_FrozenShade_ClearBoost","undefined",2,111,SUCCESS,"Card_FrozenShade_ClearBoost_004d6391.c"
004d6400,"Card_FrozenShade_PumpBlack","undefined",3,774,SUCCESS,"Card_FrozenShade_PumpBlack_004d6400.c"
004d6706,"Card_WaterElemental_PumpBlue","undefined",3,313,SUCCESS,"Card_WaterElemental_PumpBlue_004d6706.c"
004d683f,"Card_ClockworkBeast_ResetCounters","undefined",3,661,SUCCESS,"Card_ClockworkBeast_ResetCounters_004d683f.c"
004d6ad4,"Card_ClockworkBeast_CombatTrigger","undefined",3,367,SUCCESS,"Card_ClockworkBeast_CombatTrigger_004d6ad4.c"
004d6c43,"Card_ClockworkBeast_Rewind","undefined",3,319,SUCCESS,"Card_ClockworkBeast_Rewind_004d6c43.c"
004d6d82,"Card_ClockworkBeast_GetPower","undefined",3,247,SUCCESS,"Card_ClockworkBeast_GetPower_004d6d82.c"
004d6e79,"Card_ClockworkBeast_GetToughness","undefined",3,492,SUCCESS,"Card_ClockworkBeast_GetToughness_004d6e79.c"
004d7065,"Card_GaeasLiege_TransformLand","undefined",3,1727,SUCCESS,"Card_GaeasLiege_TransformLand_004d7065.c"
004d7724,"Card_GaeasLiege_ResetLand","undefined",3,87,SUCCESS,"Card_GaeasLiege_ResetLand_004d7724.c"
004d777b,"Card_GaeasLiege_CheckAttackRestriction","undefined",3,274,SUCCESS,"Card_GaeasLiege_CheckAttackRestriction_004d777b.c"
004d788d,"Card_GaeasLiege_IsForest","undefined",3,69,SUCCESS,"Card_GaeasLiege_IsForest_004d788d.c"
004d78d2,"Card_GaeasLiege_CombatCheck","undefined",3,212,SUCCESS,"Card_GaeasLiege_CombatCheck_004d78d2.c"
004d79a6,"Card_SedgeTroll_CheckSwamp","undefined",3,117,SUCCESS,"Card_SedgeTroll_CheckSwamp_004d79a6.c"
004d7a1b,"Card_SedgeTroll_Regenerate","undefined",3,333,SUCCESS,"Card_SedgeTroll_Regenerate_004d7a1b.c"
004d7b68,"Card_LivingWall_PromptRegenerate","undefined",3,77,SUCCESS,"Card_LivingWall_PromptRegenerate_004d7b68.c"
004d7bb5,"Card_LivingWall_Regenerate","undefined",3,171,SUCCESS,"Card_LivingWall_Regenerate_004d7bb5.c"
004d7c60,"Card_GenericCreature_Regenerate","undefined",5,560,SUCCESS,"Card_GenericCreature_Regenerate_004d7c60.c"
004d7e90,"Card_GenericCreature_CanRegenerate","undefined",2,579,SUCCESS,"Card_GenericCreature_CanRegenerate_004d7e90.c"
004d80d3,"Card_GenericCreature_TriggerRegen","undefined",3,168,SUCCESS,"Card_GenericCreature_TriggerRegen_004d80d3.c"
004d817b,"Card_DrudgeSkeletons_Regenerate","undefined",3,1616,SUCCESS,"Card_DrudgeSkeletons_Regenerate_004d817b.c"
004d87cb,"Card_UthdenTroll_Regenerate","undefined",3,1665,SUCCESS,"Card_UthdenTroll_Regenerate_004d87cb.c"
004d8e4c,"Card_WillOTheWisp_Regenerate","undefined",3,1685,SUCCESS,"Card_WillOTheWisp_Regenerate_004d8e4c.c"
004d94e1,"Card_MarrowThieves_Regenerate","undefined",3,1564,SUCCESS,"Card_MarrowThieves_Regenerate_004d94e1.c"
004d9afd,"Card_HypnoticSpecter_RandomDiscard","undefined",3,1153,SUCCESS,"Card_HypnoticSpecter_RandomDiscard_004d9afd.c"
004d9f7e,"Card_TimeElemental_BouncePermanent","undefined",3,1284,SUCCESS,"Card_TimeElemental_BouncePermanent_004d9f7e.c"
004da482,"Card_NorthernPaladin_DestroyBlack","undefined",3,982,SUCCESS,"Card_NorthernPaladin_DestroyBlack_004da482.c"
004da858,"Card_RoyalAssassin_DestroyTapped","undefined",3,504,SUCCESS,"Card_RoyalAssassin_DestroyTapped_004da858.c"
004daa50,"Card_DwarvenDemolitionTeam_DestroyWall","undefined",3,449,SUCCESS,"Card_DwarvenDemolitionTeam_DestroyWall_004daa50.c"
004dac11,"Card_KingSuleiman_DestroyDjinn","undefined",3,613,SUCCESS,"Card_KingSuleiman_DestroyDjinn_004dac11.c"
004dae76,"Card_Targeting_PromptCreature","undefined",4,430,SUCCESS,"Card_Targeting_PromptCreature_004dae76.c"
004db024,"Card_NettlingImp_ForceAttack","undefined",3,989,SUCCESS,"Card_NettlingImp_ForceAttack_004db024.c"
004db401,"Card_NettlingImp_CheckEndTurn","undefined",3,1224,SUCCESS,"Card_NettlingImp_CheckEndTurn_004db401.c"
004db8c9,"Card_NettlingImp_IsTargetEligible","undefined",3,339,SUCCESS,"Card_NettlingImp_IsTargetEligible_004db8c9.c"
004dba1c,"Card_SorceressQueen_SetStats02","undefined",3,1471,SUCCESS,"Card_SorceressQueen_SetStats02_004dba1c.c"
004dbfdb,"Card_SorceressQueen_ResetStats","undefined",3,746,SUCCESS,"Card_SorceressQueen_ResetStats_004dbfdb.c"
004dc2ca,"Card_StoneGiant_Fling","undefined",3,1021,SUCCESS,"Card_StoneGiant_Fling_004dc2ca.c"
004dc6c7,"Card_DwarvenWarriors_MakeUnblockable","undefined",3,806,SUCCESS,"Card_DwarvenWarriors_MakeUnblockable_004dc6c7.c"
004dc9ed,"Card_CavePeople_Mountainwalk","undefined",3,1124,SUCCESS,"Card_CavePeople_Mountainwalk_004dc9ed.c"
004dce51,"Card_PradeshGypsies_PreventAttack","undefined",3,1258,SUCCESS,"Card_PradeshGypsies_PreventAttack_004dce51.c"
004dd33b,"Card_PradeshGypsies_ResetRestriction","undefined",3,754,SUCCESS,"Card_PradeshGypsies_ResetRestriction_004dd33b.c"
004dd632,"Card_SamiteHealer_PreventDamage","undefined",3,861,SUCCESS,"Card_SamiteHealer_PreventDamage_004dd632.c"
004dd98f,"Card_SamiteHealer_CalculateHealAdvantage","undefined",3,869,SUCCESS,"Card_SamiteHealer_CalculateHealAdvantage_004dd98f.c"
004ddcf4,"Card_AlabasterPotion_HealOrPrevent","undefined",3,349,SUCCESS,"Card_AlabasterPotion_HealOrPrevent_004ddcf4.c"
004dde51,"Card_HealingSalve_DamagePrevention","undefined",3,169,SUCCESS,"Card_HealingSalve_DamagePrevention_004dde51.c"
004ddefa,"Card_DamagePrevention_ApplyBubble","undefined",2,81,SUCCESS,"Card_DamagePrevention_ApplyBubble_004ddefa.c"
004ddf4b,"Card_DamagePrevention_ReduceDamage","undefined",3,77,SUCCESS,"Card_DamagePrevention_ReduceDamage_004ddf4b.c"
004ddf98,"Card_DamagePrevention_ClearAtCleanup","undefined",3,199,SUCCESS,"Card_DamagePrevention_ClearAtCleanup_004ddf98.c"
004de05f,"Card_DamagePrevention_QueryAmount","undefined",3,84,SUCCESS,"Card_DamagePrevention_QueryAmount_004de05f.c"
004de0b3,"Card_DamagePrevention_PromptTarget","undefined",3,77,SUCCESS,"Card_DamagePrevention_PromptTarget_004de0b3.c"
004de100,"Card_DamagePrevention_CheckSource","undefined",3,192,SUCCESS,"Card_DamagePrevention_CheckSource_004de100.c"
004de1c0,"Card_ErgRaiders_UpkeepDamage","undefined",3,414,SUCCESS,"Card_ErgRaiders_UpkeepDamage_004de1c0.c"
004de35e,"Card_ErgRaiders_MarkAttack","undefined",3,308,SUCCESS,"Card_ErgRaiders_MarkAttack_004de35e.c"
004de492,"Card_ErgRaiders_ClearTurnAttack","undefined",3,939,SUCCESS,"Card_ErgRaiders_ClearTurnAttack_004de492.c"
004de83d,"Card_Leviathan_SacrificeLands","undefined",3,972,SUCCESS,"Card_Leviathan_SacrificeLands_004de83d.c"
004dec09,"Card_Leviathan_PromptLandSacrifice","undefined",3,610,SUCCESS,"Card_Leviathan_PromptLandSacrifice_004dec09.c"
004dee6b,"Card_Leviathan_SelectLand","undefined",3,343,SUCCESS,"Card_Leviathan_SelectLand_004dee6b.c"
004defc2,"Card_Leviathan_AttackTrigger","undefined",3,136,SUCCESS,"Card_Leviathan_AttackTrigger_004defc2.c"
004df04a,"Card_BrothersOfFire_Ping","undefined",3,450,SUCCESS,"Card_BrothersOfFire_Ping_004df04a.c"
004df20c,"Card_BrothersOfFire_EvaluateTarget","undefined",3,264,SUCCESS,"Card_BrothersOfFire_EvaluateTarget_004df20c.c"
004df314,"Card_CrimsonManticore_DamageTarget","undefined",3,868,SUCCESS,"Card_CrimsonManticore_DamageTarget_004df314.c"
004df678,"Card_ProdigalSorcerer_PingTarget","undefined",3,578,SUCCESS,"Card_ProdigalSorcerer_PingTarget_004df678.c"
004df8ba,"Card_DirectDamage_EvaluateBestTarget","undefined",2,612,SUCCESS,"Card_DirectDamage_EvaluateBestTarget_004df8ba.c"
004dfb23,"Card_DirectDamage_PromptAndDealDamage","undefined",4,529,SUCCESS,"Card_DirectDamage_PromptAndDealDamage_004dfb23.c"
004dfd39,"Card_PirateShip_PingTarget","undefined",3,347,SUCCESS,"Card_PirateShip_PingTarget_004dfd39.c"
004dfe94,"Card_PirateShip_CheckIslandwalk","undefined",3,244,SUCCESS,"Card_PirateShip_CheckIslandwalk_004dfe94.c"
004dff88,"Card_PirateShip_HasIsland","undefined",3,175,SUCCESS,"Card_PirateShip_HasIsland_004dff88.c"
004e0037,"Card_PirateShip_AttackTrigger","undefined",3,176,SUCCESS,"Card_PirateShip_AttackTrigger_004e0037.c"
004e00e7,"Card_IslandFishJasconius_PayToUntap","undefined",3,718,SUCCESS,"Card_IslandFishJasconius_PayToUntap_004e00e7.c"
004e03b5,"Card_IslandFishJasconius_CheckIslands","undefined",3,265,SUCCESS,"Card_IslandFishJasconius_CheckIslands_004e03b5.c"
004e04be,"Card_IslandFishJasconius_DestroyIfNoIslands","undefined",3,194,SUCCESS,"Card_IslandFishJasconius_DestroyIfNoIslands_004e04be.c"
004e0580,"Card_RodOfRuin_Ping","undefined",3,565,SUCCESS,"Card_RodOfRuin_Ping_004e0580.c"
004e07b5,"Card_RodOfRuin_EvaluateAi","undefined",3,247,SUCCESS,"Card_RodOfRuin_EvaluateAi_004e07b5.c"
004e08ac,"Card_RodOfRuin_PayActivation","undefined",3,175,SUCCESS,"Card_RodOfRuin_PayActivation_004e08ac.c"
004e095b,"Card_RodOfRuin_SelectTarget","undefined",3,348,SUCCESS,"Card_RodOfRuin_SelectTarget_004e095b.c"
004e0ab7,"Card_OrcishArtillery_ShootTarget","undefined",3,357,SUCCESS,"Card_OrcishArtillery_ShootTarget_004e0ab7.c"
004e0c1c,"Card_PsionicEntity_ShootTarget","undefined",3,580,SUCCESS,"Card_PsionicEntity_ShootTarget_004e0c1c.c"
004e0e60,"Card_PsionicEntity_EvaluateTarget","undefined",3,368,SUCCESS,"Card_PsionicEntity_EvaluateTarget_004e0e60.c"
004e0fd0,"Card_PsionicEntity_SelfDamage","undefined",3,382,SUCCESS,"Card_PsionicEntity_SelfDamage_004e0fd0.c"
004e114e,"Card_KhabalGhoul_AddCounterOnDeath","undefined",3,385,SUCCESS,"Card_KhabalGhoul_AddCounterOnDeath_004e114e.c"
004e12cf,"Card_KhabalGhoul_CheckCreatureDeath","undefined",3,1614,SUCCESS,"Card_KhabalGhoul_CheckCreatureDeath_004e12cf.c"
004e191d,"Card_KhabalGhoul_ApplyCounterBonus","undefined",3,270,SUCCESS,"Card_KhabalGhoul_ApplyCounterBonus_004e191d.c"
004e1a2b,"Card_KhabalGhoul_ResetCounterBonus","undefined",3,269,SUCCESS,"Card_KhabalGhoul_ResetCounterBonus_004e1a2b.c"
004e1b38,"Card_LordOfAtlantis_PayOrSacrifice","undefined",3,340,SUCCESS,"Card_LordOfAtlantis_PayOrSacrifice_004e1b38.c"
004e1c8c,"Card_LordOfAtlantis_ApplyMerfolkBuff","undefined",3,266,SUCCESS,"Card_LordOfAtlantis_ApplyMerfolkBuff_004e1c8c.c"
004e1d96,"Card_LordOfAtlantis_RemoveMerfolkBuff","undefined",3,214,SUCCESS,"Card_LordOfAtlantis_RemoveMerfolkBuff_004e1d96.c"
004e1e6c,"Card_LordOfAtlantis_IslandwalkTrigger","undefined",3,161,SUCCESS,"Card_LordOfAtlantis_IslandwalkTrigger_004e1e6c.c"
004e1f0d,"Card_LordOfAtlantis_CheckMerfolkType","undefined",2,190,SUCCESS,"Card_LordOfAtlantis_CheckMerfolkType_004e1f0d.c"
004e1fcb,"Card_ForceOfNature_PayUpkeep","undefined",3,310,SUCCESS,"Card_ForceOfNature_PayUpkeep_004e1fcb.c"
004e2101,"Card_ForceOfNature_AiPayOrTakeDamage","undefined",3,433,SUCCESS,"Card_ForceOfNature_AiPayOrTakeDamage_004e2101.c"
004e22b2,"Card_BirdsOfParadise_TapForMana","undefined",3,988,SUCCESS,"Card_BirdsOfParadise_TapForMana_004e22b2.c"
004e268e,"Card_CosmicHorror_PayUpkeep","undefined",3,435,SUCCESS,"Card_CosmicHorror_PayUpkeep_004e268e.c"
004e2841,"Card_LordOfThePit_SacrificeOrDamage","undefined",3,856,SUCCESS,"Card_LordOfThePit_SacrificeOrDamage_004e2841.c"
004e2b99,"Card_LordOfThePit_FindSacrificeCandidate","undefined",2,230,SUCCESS,"Card_LordOfThePit_FindSacrificeCandidate_004e2b99.c"
004e2c7f,"Card_KormusBell_PayLandUpkeep","undefined",3,873,SUCCESS,"Card_KormusBell_PayLandUpkeep_004e2c7f.c"
004e2fe8,"Card_KormusBell_CheckSwampCreature","undefined",3,320,SUCCESS,"Card_KormusBell_CheckSwampCreature_004e2fe8.c"
004e3128,"Card_NetherShadow_CheckGraveyard","undefined",3,93,SUCCESS,"Card_NetherShadow_CheckGraveyard_004e3128.c"
004e3185,"Card_NetherShadow_CountCreaturesAbove","undefined",3,366,SUCCESS,"Card_NetherShadow_CountCreaturesAbove_004e3185.c"
004e32f3,"Card_NetherShadow_ReturnFromGrave","undefined",3,497,SUCCESS,"Card_NetherShadow_ReturnFromGrave_004e32f3.c"
004e34e4,"Card_RockHydra_DecrementHead","undefined",3,127,SUCCESS,"Card_RockHydra_DecrementHead_004e34e4.c"
004e3563,"Card_RockHydra_DamageTrigger","undefined",3,129,SUCCESS,"Card_RockHydra_DamageTrigger_004e3563.c"
004e35e4,"Card_RockHydra_UpdateStatsFromHeads","undefined",3,332,SUCCESS,"Card_RockHydra_UpdateStatsFromHeads_004e35e4.c"
004e3730,"Card_RockHydra_InitHeads","undefined",3,91,SUCCESS,"Card_RockHydra_InitHeads_004e3730.c"
004e378b,"Card_RockHydra_RegrowHead","undefined",3,970,SUCCESS,"Card_RockHydra_RegrowHead_004e378b.c"
004e3b55,"Card_AliBaba_TapWall","undefined",3,753,SUCCESS,"Card_AliBaba_TapWall_004e3b55.c"
004e3e46,"Card_LeyDruid_UntapLand","undefined",3,766,SUCCESS,"Card_LeyDruid_UntapLand_004e3e46.c"
004e4144,"Card_LeyDruid_AiEvaluateLand","undefined",3,355,SUCCESS,"Card_LeyDruid_AiEvaluateLand_004e4144.c"
004e42ac,"Card_LeyDruid_ExecuteUntap","undefined",3,604,SUCCESS,"Card_LeyDruid_ExecuteUntap_004e42ac.c"
004e4508,"Card_HurkylsRecall_PickArtifact","undefined",3,582,SUCCESS,"Card_HurkylsRecall_PickArtifact_004e4508.c"
004e474e,"Card_HurkylsRecall_ReturnAllArtifacts","undefined",3,185,SUCCESS,"Card_HurkylsRecall_ReturnAllArtifacts_004e474e.c"
004e4807,"Card_Venom_DestroyCombatBlocker","undefined",3,1959,SUCCESS,"Card_Venom_DestroyCombatBlocker_004e4807.c"
004e4fae,"Card_Venom_AttachToCreature","undefined",3,992,SUCCESS,"Card_Venom_AttachToCreature_004e4fae.c"
004e538e,"Card_Venom_CombatDamageTrigger","undefined",3,583,SUCCESS,"Card_Venom_CombatDamageTrigger_004e538e.c"
004e55d5,"Card_Venom_DestroyAtEndOfCombat","undefined",3,568,SUCCESS,"Card_Venom_DestroyAtEndOfCombat_004e55d5.c"
004e580d,"Card_Venom_AiEvaluateAura","undefined",3,287,SUCCESS,"Card_Venom_AiEvaluateAura_004e580d.c"
004e592c,"Card_Venom_AiCastScore","undefined",3,269,SUCCESS,"Card_Venom_AiCastScore_004e592c.c"
004e5a39,"Card_Venom_ClearAuraFlags","undefined",3,1026,SUCCESS,"Card_Venom_ClearAuraFlags_004e5a39.c"
004e5e3b,"Card_RadjanSpirit_RemoveFlying","undefined",3,875,SUCCESS,"Card_RadjanSpirit_RemoveFlying_004e5e3b.c"
004e61a6,"Card_HurrJackal_GrantCombatAbility","undefined",3,932,SUCCESS,"Card_HurrJackal_GrantCombatAbility_004e61a6.c"
004e654a,"CardQuery_PlayerControlsColor","undefined",2,151,SUCCESS,"CardQuery_PlayerControlsColor_004e654a.c"
004e65e1,"CardQuery_ForEachPermanent","undefined",2,210,SUCCESS,"CardQuery_ForEachPermanent_004e65e1.c"
004e66b3,"Card_IncrementCounter","undefined",2,184,SUCCESS,"Card_IncrementCounter_004e66b3.c"
004e676b,"Card_DecrementCounter","undefined",2,118,SUCCESS,"Card_DecrementCounter_004e676b.c"
004e67e1,"Card_AddCounters","undefined",3,186,SUCCESS,"Card_AddCounters_004e67e1.c"
004e689b,"Card_RemoveCounters","undefined",3,120,SUCCESS,"Card_RemoveCounters_004e689b.c"
004e6913,"Card_SetCounters","undefined",3,101,SUCCESS,"Card_SetCounters_004e6913.c"
004e6978,"Card_GetCounters","undefined",2,52,SUCCESS,"Card_GetCounters_004e6978.c"
004e69ac,"CardTarget_PromptTargetCreature","undefined",3,300,SUCCESS,"CardTarget_PromptTargetCreature_004e69ac.c"
004e6add,"CardTarget_SetTargetCreature","undefined",3,285,SUCCESS,"CardTarget_SetTargetCreature_004e6add.c"
004e6bff,"CardTarget_HasValidCreatureTarget","undefined",1,461,SUCCESS,"CardTarget_HasValidCreatureTarget_004e6bff.c"
004e6dcc,"CardTarget_PromptTargetPermanent","undefined",3,300,SUCCESS,"CardTarget_PromptTargetPermanent_004e6dcc.c"
004e6efd,"CardTarget_SetTargetPermanent","undefined",3,285,SUCCESS,"CardTarget_SetTargetPermanent_004e6efd.c"
004e701f,"CardTarget_HasValidPermanentTarget","undefined",1,142,SUCCESS,"CardTarget_HasValidPermanentTarget_004e701f.c"
004e70ad,"CardTarget_PromptTargetPlayerOrCreature","undefined",3,300,SUCCESS,"CardTarget_PromptTargetPlayerOrCreature_004e70ad.c"
004e71de,"CardTarget_SetTargetPlayerOrCreature","undefined",3,285,SUCCESS,"CardTarget_SetTargetPlayerOrCreature_004e71de.c"
004e7300,"CardTarget_HasValidPlayerOrCreatureTarget","undefined",1,142,SUCCESS,"CardTarget_HasValidPlayerOrCreatureTarget_004e7300.c"
004e73a0,"Adventure_EnterTownLocation","undefined",0,1405,SUCCESS,"Adventure_EnterTownLocation_004e73a0.c"
004e7936,"Adventure_PromptLocationMenu","undefined",0,276,SUCCESS,"Adventure_PromptLocationMenu_004e7936.c"
004e7a6f,"Adventure_HandleLocationMenuChoice","undefined",2,756,SUCCESS,"Adventure_HandleLocationMenuChoice_004e7a6f.c"
004e7da1,"Adventure_ExitTownLocation","undefined",0,326,SUCCESS,"Adventure_ExitTownLocation_004e7da1.c"
004e7f51,"Adventure_PlayLocationMusic","undefined",0,5122,SUCCESS,"Adventure_PlayLocationMusic_004e7f51.c"
004e93df,"Adventure_UpdateWorldMapLoop","undefined",0,4945,SUCCESS,"Adventure_UpdateWorldMapLoop_004e93df.c"
004ea7a6,"Adventure_GetLocationEncounterIndex","undefined",1,248,SUCCESS,"Adventure_GetLocationEncounterIndex_004ea7a6.c"
004ea8df,"Adventure_SetLocationEncounterIndex","undefined",1,128,SUCCESS,"Adventure_SetLocationEncounterIndex_004ea8df.c"
004ea97c,"Adventure_CheckMonsterEncounter","undefined",2,157,SUCCESS,"Adventure_CheckMonsterEncounter_004ea97c.c"
004eaa19,"Adventure_FormatNewsString","undefined",3,131,SUCCESS,"Adventure_FormatNewsString_004eaa19.c"
004eaa9c,"Adventure_AppendNewsDetails","undefined",2,176,SUCCESS,"Adventure_AppendNewsDetails_004eaa9c.c"
004eabb2,"Adventure_PlayMonsterEncounterSound","undefined",4,340,SUCCESS,"Adventure_PlayMonsterEncounterSound_004eabb2.c"
004ead33,"Adventure_TriggerDuelFromEncounter","undefined",0,99,SUCCESS,"Adventure_TriggerDuelFromEncounter_004ead33.c"
004ead96,"Adventure_ReloadWorldPalette","undefined",1,33,SUCCESS,"Adventure_ReloadWorldPalette_004ead96.c"
004eadb7,"Adventure_LoadFacePalette","undefined",1,46,SUCCESS,"Adventure_LoadFacePalette_004eadb7.c"
004eade5,"Adventure_NewsFlash_EnemyAttack","undefined",0,1279,SUCCESS,"Adventure_NewsFlash_EnemyAttack_004eade5.c"
004eb2f9,"Adventure_NewsFlash_Retaliation","undefined",1,1302,SUCCESS,"Adventure_NewsFlash_Retaliation_004eb2f9.c"
004eb824,"Adventure_NewsFlash_DominionSpell","undefined",0,1208,SUCCESS,"Adventure_NewsFlash_DominionSpell_004eb824.c"
004ebcdc,"Adventure_Audio_PlayEffect","undefined",5,134,SUCCESS,"Adventure_Audio_PlayEffect_004ebcdc.c"
004ebd62,"Adventure_Audio_PlayEffectAtVolume","undefined",4,104,SUCCESS,"Adventure_Audio_PlayEffectAtVolume_004ebd62.c"
004ebdca,"Adventure_Audio_PlayEffectLooped","undefined",3,80,SUCCESS,"Adventure_Audio_PlayEffectLooped_004ebdca.c"
004ebe1a,"Adventure_Audio_StopEffectChannel","undefined",3,71,SUCCESS,"Adventure_Audio_StopEffectChannel_004ebe1a.c"
004ebe61,"Adventure_Audio_SetPlaybackPosition","undefined",2,94,SUCCESS,"Adventure_Audio_SetPlaybackPosition_004ebe61.c"
004ebebf,"Adventure_Audio_StopAllTracks","undefined",0,44,SUCCESS,"Adventure_Audio_StopAllTracks_004ebebf.c"
004ebeeb,"Adventure_Audio_PlayCastleVictory","undefined",1,231,SUCCESS,"Adventure_Audio_PlayCastleVictory_004ebeeb.c"
004ebfef,"Adventure_Audio_PlayDuelIntro","undefined",1,102,SUCCESS,"Adventure_Audio_PlayDuelIntro_004ebfef.c"
004ec055,"Adventure_Audio_PlayTerrainAmbience","undefined",1,680,SUCCESS,"Adventure_Audio_PlayTerrainAmbience_004ec055.c"
004ec32f,"Adventure_Audio_PlayFootstep","undefined",0,266,SUCCESS,"Adventure_Audio_PlayFootstep_004ec32f.c"
004ec439,"Adventure_Audio_FindSoundOnDrives","undefined",1,190,SUCCESS,"Adventure_Audio_FindSoundOnDrives_004ec439.c"
004ec4fc,"Adventure_Audio_GetMusicDrivePath","undefined",0,113,SUCCESS,"Adventure_Audio_GetMusicDrivePath_004ec4fc.c"
004ec572,"Adventure_Audio_FreeSoundTrack","undefined",1,76,SUCCESS,"Adventure_Audio_FreeSoundTrack_004ec572.c"
004ec5be,"Adventure_Audio_InitSoundTrack","undefined",3,156,SUCCESS,"Adventure_Audio_InitSoundTrack_004ec5be.c"
004ec65a,"Adventure_Audio_GetTrackStatus","undefined",1,115,SUCCESS,"Adventure_Audio_GetTrackStatus_004ec65a.c"
004ec6ea,"Adventure_Map_GetTerrainAtCoord","undefined",1,271,SUCCESS,"Adventure_Map_GetTerrainAtCoord_004ec6ea.c"
004ec7f9,"Adventure_Map_RedrawViewport","undefined",0,405,SUCCESS,"Adventure_Map_RedrawViewport_004ec7f9.c"
004ec98e,"Adventure_Map_UpdateLightingAndPalette","undefined",2,841,SUCCESS,"Adventure_Map_UpdateLightingAndPalette_004ec98e.c"
004eccd7,"Adventure_ShowDefeatScreen","undefined",0,509,SUCCESS,"Adventure_ShowDefeatScreen_004eccd7.c"
004ecee0,"Adventure_PromptConfirmDialog","undefined",1,180,SUCCESS,"Adventure_PromptConfirmDialog_004ecee0.c"
004ecf94,"Adventure_DestroyConfirmMenu","undefined",0,81,SUCCESS,"Adventure_DestroyConfirmMenu_004ecf94.c"
004ecfe5,"Duel_MainArena_WndProc","undefined",4,7254,SUCCESS,"Duel_MainArena_WndProc_004ecfe5.c"
004eed47,"Duel_UpdateWindowScroll","undefined",1,263,SUCCESS,"Duel_UpdateWindowScroll_004eed47.c"
004eee4e,"Duel_BringCardWindowToTop","undefined",1,529,SUCCESS,"Duel_BringCardWindowToTop_004eee4e.c"
004ef05f,"Duel_GetBattlefieldClientRect","undefined",1,252,SUCCESS,"Duel_GetBattlefieldClientRect_004ef05f.c"
004ef15b,"Duel_LayoutCardSlots","undefined",6,1264,SUCCESS,"Duel_LayoutCardSlots_004ef15b.c"
004ef64b,"Duel_ScrollLeftButton_Handler","undefined",2,245,SUCCESS,"Duel_ScrollLeftButton_Handler_004ef64b.c"
004ef740,"Duel_ScrollRightButton_Handler","undefined",3,265,SUCCESS,"Duel_ScrollRightButton_Handler_004ef740.c"
004ef849,"Duel_HitTestCardSlot","undefined",4,295,SUCCESS,"Duel_HitTestCardSlot_004ef849.c"
004ef970,"Duel_GetHoveredCardSlot","undefined",2,171,SUCCESS,"Duel_GetHoveredCardSlot_004ef970.c"
004efa20,"Duel_GetCardSlotWindowHandle","undefined",2,154,SUCCESS,"Duel_GetCardSlotWindowHandle_004efa20.c"
004efaba,"Duel_GetTargetSlotWindowHandle","undefined",2,129,SUCCESS,"Duel_GetTargetSlotWindowHandle_004efaba.c"
004efb3b,"Duel_PaintBattlefieldBackground","undefined",3,259,SUCCESS,"Duel_PaintBattlefieldBackground_004efb3b.c"
004efd50,"Duel_LogActionStatusBanner","undefined",7,1932,SUCCESS,"Duel_LogActionStatusBanner_004efd50.c"
004f04e0,"Duel_RegisterChildCardWindowClass","undefined",1,183,SUCCESS,"Duel_RegisterChildCardWindowClass_004f04e0.c"
004f0597,"Duel_UnregisterCardWindowClass","undefined",0,46,SUCCESS,"Duel_UnregisterCardWindowClass_004f0597.c"
004f05c5,"Duel_ChildCard_WndProc","undefined",4,1007,SUCCESS,"Duel_ChildCard_WndProc_004f05c5.c"
004f09c0,"Duel_GetCardDrawOriginX","undefined",2,138,SUCCESS,"Duel_GetCardDrawOriginX_004f09c0.c"
004f0a4a,"Duel_GetCardDrawOriginY","undefined",2,172,SUCCESS,"Duel_GetCardDrawOriginY_004f0a4a.c"
004f0af6,"Duel_TriggerCardDrawAnimation","undefined",0,90,SUCCESS,"Duel_TriggerCardDrawAnimation_004f0af6.c"
004f0b50,"Duel_UpdateCardMotionStep","undefined",1,576,SUCCESS,"Duel_UpdateCardMotionStep_004f0b50.c"
004f0d90,"Duel_ResetCardAnimationState","undefined",2,88,SUCCESS,"Duel_ResetCardAnimationState_004f0d90.c"
004f0de8,"Bazaar_GetCardBaseValue","undefined",1,95,SUCCESS,"Bazaar_GetCardBaseValue_004f0de8.c"
004f0e47,"Bazaar_SellCardsDialog","undefined",1,1899,SUCCESS,"Bazaar_SellCardsDialog_004f0e47.c"
004f15c0,"Catalog_LoadWaveletCardArt","undefined",3,841,SUCCESS,"Catalog_LoadWaveletCardArt_004f15c0.c"
004f1910,"Catalog_ReleaseWaveletLock","undefined",0,14,SUCCESS,"Catalog_ReleaseWaveletLock_004f1910.c"
004f1920,"Haar_DecompressWaveletImage","undefined",2,836,SUCCESS,"Haar_DecompressWaveletImage_004f1920.c"
004f1cfa,"FUN_004f1cfa","undefined",0,283,SUCCESS,"FUN_004f1cfa_004f1cfa.c"
004f1e20,"Mem_AllocOrFree_004f1e20","undefined",3,45,SUCCESS,"Mem_AllocOrFree_004f1e20_004f1e20.c"
004f1e50,"Haar_Transform2D_Inverse","undefined",3,110,SUCCESS,"Haar_Transform2D_Inverse_004f1e50.c"
004f1ec0,"Mem_AllocOrFree_004f1ec0","undefined",3,11,SUCCESS,"Mem_AllocOrFree_004f1ec0_004f1ec0.c"
004f1ecb,"FUN_004f1ecb","undefined",0,416,SUCCESS,"FUN_004f1ecb_004f1ecb.c"
004f207a,"FUN_004f207a","undefined",9,136,SUCCESS,"FUN_004f207a_004f207a.c"
004f2110,"Mem_AllocOrFree_004f2110","undefined",7,10,SUCCESS,"Mem_AllocOrFree_004f2110_004f2110.c"
004f211a,"FUN_004f211a","undefined",9,140,SUCCESS,"FUN_004f211a_004f211a.c"
004f21d0,"Mem_AllocOrFree_004f21d0","undefined",9,11,SUCCESS,"Mem_AllocOrFree_004f21d0_004f21d0.c"
004f21db,"FUN_004f21db","undefined",0,549,SUCCESS,"FUN_004f21db_004f21db.c"
004f2400,"Haar_DecompressHeader","undefined",2,431,SUCCESS,"Haar_DecompressHeader_004f2400.c"
004f27c0,"FUN_004f27c0","undefined",0,1153,SUCCESS,"FUN_004f27c0_004f27c0.c"
004f2c50,"FUN_004f2c50","undefined",4,140,SUCCESS,"FUN_004f2c50_004f2c50.c"
004f2d30,"FUN_004f2d30","undefined",6,292,SUCCESS,"FUN_004f2d30_004f2d30.c"
004f2e60,"UI_DialogProc_004f2e60","undefined",3,246,SUCCESS,"UI_DialogProc_004f2e60_004f2e60.c"
004f2f56,"UI_CreateWindow_004f2f56","undefined",4,1561,SUCCESS,"UI_CreateWindow_004f2f56_004f2f56.c"
004f3579,"FUN_004f3579","undefined",1,775,SUCCESS,"FUN_004f3579_004f3579.c"
004f3880,"FUN_004f3880","undefined",0,93,SUCCESS,"FUN_004f3880_004f3880.c"
004f38dd,"FUN_004f38dd","undefined",0,65,SUCCESS,"FUN_004f38dd_004f38dd.c"
004f391e,"FUN_004f391e","undefined",1,55,SUCCESS,"FUN_004f391e_004f391e.c"
004f3955,"FUN_004f3955","undefined",1,79,SUCCESS,"FUN_004f3955_004f3955.c"
004f39a4,"FUN_004f39a4","undefined",7,387,SUCCESS,"FUN_004f39a4_004f39a4.c"
004f3b2c,"FUN_004f3b2c","undefined",2,51,SUCCESS,"FUN_004f3b2c_004f3b2c.c"
004f3b5f,"FUN_004f3b5f","undefined",3,104,SUCCESS,"FUN_004f3b5f_004f3b5f.c"
004f3bc7,"FUN_004f3bc7","undefined",7,330,SUCCESS,"FUN_004f3bc7_004f3bc7.c"
004f3d11,"FUN_004f3d11","undefined",3,280,SUCCESS,"FUN_004f3d11_004f3d11.c"
004f3e29,"FUN_004f3e29","undefined",3,129,SUCCESS,"FUN_004f3e29_004f3e29.c"
004f3eaa,"FUN_004f3eaa","undefined",9,379,SUCCESS,"FUN_004f3eaa_004f3eaa.c"
004f4025,"FUN_004f4025","undefined",4,193,SUCCESS,"FUN_004f4025_004f4025.c"
004f40e6,"FUN_004f40e6","undefined",3,257,SUCCESS,"FUN_004f40e6_004f40e6.c"
004f41e7,"FUN_004f41e7","undefined",2,795,SUCCESS,"FUN_004f41e7_004f41e7.c"
004f4548,"FUN_004f4548","undefined",1,146,SUCCESS,"FUN_004f4548_004f4548.c"
004f45da,"FUN_004f45da","undefined",0,753,SUCCESS,"FUN_004f45da_004f45da.c"
004f48cb,"FUN_004f48cb","undefined",0,38,SUCCESS,"FUN_004f48cb_004f48cb.c"
004f48f1,"FUN_004f48f1","undefined",3,417,SUCCESS,"FUN_004f48f1_004f48f1.c"
004f4a92,"FUN_004f4a92","undefined",4,591,SUCCESS,"FUN_004f4a92_004f4a92.c"
004f4ce1,"FUN_004f4ce1","undefined",3,461,SUCCESS,"FUN_004f4ce1_004f4ce1.c"
004f4eb3,"FUN_004f4eb3","undefined",2,261,SUCCESS,"FUN_004f4eb3_004f4eb3.c"
004f4fb8,"UI_WndProc_004f4fb8","undefined",4,134,SUCCESS,"UI_WndProc_004f4fb8_004f4fb8.c"
004f5048,"FUN_004f5048","undefined",3,191,SUCCESS,"FUN_004f5048_004f5048.c"
004f5107,"FUN_004f5107","undefined",6,974,SUCCESS,"FUN_004f5107_004f5107.c"
004f54d5,"FUN_004f54d5","undefined",6,567,SUCCESS,"FUN_004f54d5_004f54d5.c"
004f570c,"FUN_004f570c","undefined",1,28,SUCCESS,"FUN_004f570c_004f570c.c"
004f5728,"FUN_004f5728","undefined",1,65,SUCCESS,"FUN_004f5728_004f5728.c"
004f5769,"FUN_004f5769","undefined",4,309,SUCCESS,"FUN_004f5769_004f5769.c"
004f589e,"FUN_004f589e","undefined",1,72,SUCCESS,"FUN_004f589e_004f589e.c"
004f58eb,"FUN_004f58eb","undefined",2,268,SUCCESS,"FUN_004f58eb_004f58eb.c"
004f59f7,"FUN_004f59f7","undefined",0,383,SUCCESS,"FUN_004f59f7_004f59f7.c"
004f5b76,"FUN_004f5b76","undefined",2,131,SUCCESS,"FUN_004f5b76_004f5b76.c"
004f5bf9,"FUN_004f5bf9","undefined",3,190,SUCCESS,"FUN_004f5bf9_004f5bf9.c"
004f5cbc,"FUN_004f5cbc","undefined",1,94,SUCCESS,"FUN_004f5cbc_004f5cbc.c"
004f5d1a,"FUN_004f5d1a","undefined",4,421,SUCCESS,"FUN_004f5d1a_004f5d1a.c"
004f5ec4,"FUN_004f5ec4","undefined",2,84,SUCCESS,"FUN_004f5ec4_004f5ec4.c"
004f5f20,"FUN_004f5f20","undefined",5,305,SUCCESS,"FUN_004f5f20_004f5f20.c"
004f6060,"FUN_004f6060","undefined",6,278,SUCCESS,"FUN_004f6060_004f6060.c"
004f6180,"FUN_004f6180","undefined",1,2434,SUCCESS,"FUN_004f6180_004f6180.c"
004f6b02,"Mem_AllocOrFree_004f6b02","undefined",0,49,SUCCESS,"Mem_AllocOrFree_004f6b02_004f6b02.c"
004f6b33,"FUN_004f6b33","undefined",1,597,SUCCESS,"FUN_004f6b33_004f6b33.c"
004f6d88,"Mem_AllocOrFree_004f6d88","undefined",0,49,SUCCESS,"Mem_AllocOrFree_004f6d88_004f6d88.c"
004f6db9,"FUN_004f6db9","undefined",1,205,SUCCESS,"FUN_004f6db9_004f6db9.c"
004f6e90,"FUN_004f6e90","undefined",3,701,SUCCESS,"FUN_004f6e90_004f6e90.c"
004f714d,"FUN_004f714d","undefined",3,355,SUCCESS,"FUN_004f714d_004f714d.c"
004f72b0,"Prompts_Load_004f72b0","undefined",3,936,SUCCESS,"Prompts_Load_004f72b0_004f72b0.c"
004f7658,"Prompts_Load_004f7658","undefined",3,529,SUCCESS,"Prompts_Load_004f7658_004f7658.c"
004f7869,"FUN_004f7869","undefined",3,529,SUCCESS,"FUN_004f7869_004f7869.c"
004f7a7a,"FUN_004f7a7a","undefined",3,380,SUCCESS,"FUN_004f7a7a_004f7a7a.c"
004f7bf6,"FUN_004f7bf6","undefined",3,283,SUCCESS,"FUN_004f7bf6_004f7bf6.c"
004f7d11,"FUN_004f7d11","undefined",3,477,SUCCESS,"FUN_004f7d11_004f7d11.c"
004f7eee,"FUN_004f7eee","undefined",3,323,SUCCESS,"FUN_004f7eee_004f7eee.c"
004f8031,"FUN_004f8031","undefined",3,521,SUCCESS,"FUN_004f8031_004f8031.c"
004f823a,"FUN_004f823a","undefined",2,91,SUCCESS,"FUN_004f823a_004f823a.c"
004f8295,"FUN_004f8295","undefined",3,140,SUCCESS,"FUN_004f8295_004f8295.c"
004f8321,"Prompts_Load_004f8321","undefined",3,849,SUCCESS,"Prompts_Load_004f8321_004f8321.c"
004f8672,"Prompts_Load_004f8672","undefined",3,572,SUCCESS,"Prompts_Load_004f8672_004f8672.c"
004f88ae,"FUN_004f88ae","undefined",3,237,SUCCESS,"FUN_004f88ae_004f88ae.c"
004f899b,"Prompts_Load_004f899b","undefined",3,1852,SUCCESS,"Prompts_Load_004f899b_004f899b.c"
004f90d7,"FUN_004f90d7","undefined",3,540,SUCCESS,"FUN_004f90d7_004f90d7.c"
004f92f3,"FUN_004f92f3","undefined",3,541,SUCCESS,"FUN_004f92f3_004f92f3.c"
004f9510,"FUN_004f9510","undefined",3,237,SUCCESS,"FUN_004f9510_004f9510.c"
004f95fd,"FUN_004f95fd","undefined",3,314,SUCCESS,"FUN_004f95fd_004f95fd.c"
004f9737,"Prompts_Load_004f9737","undefined",3,1153,SUCCESS,"Prompts_Load_004f9737_004f9737.c"
004f9bbd,"Prompts_Load_004f9bbd","undefined",3,679,SUCCESS,"Prompts_Load_004f9bbd_004f9bbd.c"
004f9e64,"Prompts_Load_004f9e64","undefined",3,1471,SUCCESS,"Prompts_Load_004f9e64_004f9e64.c"
004fa423,"FUN_004fa423","undefined",2,149,SUCCESS,"FUN_004fa423_004fa423.c"
004fa4b8,"FUN_004fa4b8","undefined",3,206,SUCCESS,"FUN_004fa4b8_004fa4b8.c"
004fa586,"Prompts_Load_004fa586","undefined",3,3166,SUCCESS,"Prompts_Load_004fa586_004fa586.c"
004fb1e4,"Prompts_Load_004fb1e4","undefined",3,906,SUCCESS,"Prompts_Load_004fb1e4_004fb1e4.c"
004fb573,"FUN_004fb573","undefined",3,322,SUCCESS,"FUN_004fb573_004fb573.c"
004fb6b5,"Prompts_Load_004fb6b5","undefined",3,1311,SUCCESS,"Prompts_Load_004fb6b5_004fb6b5.c"
004fbbd4,"Prompts_Load_004fbbd4","undefined",3,1103,SUCCESS,"Prompts_Load_004fbbd4_004fbbd4.c"
004fc023,"FUN_004fc023","undefined",3,706,SUCCESS,"FUN_004fc023_004fc023.c"
004fc2e5,"Prompts_Load_004fc2e5","undefined",3,889,SUCCESS,"Prompts_Load_004fc2e5_004fc2e5.c"
004fc65e,"FUN_004fc65e","undefined",3,576,SUCCESS,"FUN_004fc65e_004fc65e.c"
004fc89e,"Prompts_Load_004fc89e","undefined",3,711,SUCCESS,"Prompts_Load_004fc89e_004fc89e.c"
004fcb7a,"Prompts_Load_004fcb7a","undefined",3,880,SUCCESS,"Prompts_Load_004fcb7a_004fcb7a.c"
004fceea,"Prompts_Load_004fceea","undefined",3,561,SUCCESS,"Prompts_Load_004fceea_004fceea.c"
004fd11b,"FUN_004fd11b","undefined",3,692,SUCCESS,"FUN_004fd11b_004fd11b.c"
004fd3cf,"Prompts_Load_004fd3cf","undefined",3,533,SUCCESS,"Prompts_Load_004fd3cf_004fd3cf.c"
004fd5e4,"FUN_004fd5e4","undefined",3,608,SUCCESS,"FUN_004fd5e4_004fd5e4.c"
004fd844,"FUN_004fd844","undefined",3,380,SUCCESS,"FUN_004fd844_004fd844.c"
004fd9c0,"FUN_004fd9c0","undefined",2,274,SUCCESS,"FUN_004fd9c0_004fd9c0.c"
004fdad2,"FUN_004fdad2","undefined",3,334,SUCCESS,"FUN_004fdad2_004fdad2.c"
004fdc20,"FUN_004fdc20","undefined",4,299,SUCCESS,"FUN_004fdc20_004fdc20.c"
004fdd4b,"FUN_004fdd4b","undefined",3,237,SUCCESS,"FUN_004fdd4b_004fdd4b.c"
004fde38,"FUN_004fde38","undefined",3,314,SUCCESS,"FUN_004fde38_004fde38.c"
004fdf72,"FUN_004fdf72","undefined",3,237,SUCCESS,"FUN_004fdf72_004fdf72.c"
004fe05f,"Prompts_Load_004fe05f","undefined",3,1568,SUCCESS,"Prompts_Load_004fe05f_004fe05f.c"
004fe67f,"Prompts_Load_004fe67f","undefined",3,642,SUCCESS,"Prompts_Load_004fe67f_004fe67f.c"
004fe901,"FUN_004fe901","undefined",3,181,SUCCESS,"FUN_004fe901_004fe901.c"
004fe9b6,"Prompts_Load_004fe9b6","undefined",3,1451,SUCCESS,"Prompts_Load_004fe9b6_004fe9b6.c"
004fef61,"Prompts_Load_004fef61","undefined",3,542,SUCCESS,"Prompts_Load_004fef61_004fef61.c"
004ff17f,"Prompts_Load_004ff17f","undefined",3,492,SUCCESS,"Prompts_Load_004ff17f_004ff17f.c"
004ff36b,"FUN_004ff36b","undefined",3,228,SUCCESS,"FUN_004ff36b_004ff36b.c"
004ff450,"FUN_004ff450","undefined",1,374,SUCCESS,"FUN_004ff450_004ff450.c"
004ff5c6,"UI_DialogProc_004ff5c6","undefined",4,2001,SUCCESS,"UI_DialogProc_004ff5c6_004ff5c6.c"
004ffd9c,"Pic_Load_s_WINBK_Options_004ffd9c","undefined",8,230,SUCCESS,"Pic_Load_s_WINBK_Options_004ffd9c_004ffd9c.c"
004ffe82,"FUN_004ffe82","undefined",4,93,SUCCESS,"FUN_004ffe82_004ffe82.c"
004ffedf,"Rules_ParseFilter_004ffedf","undefined",0,1918,SUCCESS,"Rules_ParseFilter_004ffedf_004ffedf.c"
0050065d,"Rules_ParseFilter_0050065d","undefined",0,1022,SUCCESS,"Rules_ParseFilter_0050065d_0050065d.c"
00500a5b,"FUN_00500a5b","undefined",0,634,SUCCESS,"FUN_00500a5b_00500a5b.c"
00500cd5,"FUN_00500cd5","undefined",0,418,SUCCESS,"FUN_00500cd5_00500cd5.c"
00500e80,"WinMain","int",4,1337,SUCCESS,"WinMain_00500e80.c"
005013be,"UI_WndProc_ShowPaletteClass_005013be","undefined",4,652,SUCCESS,"UI_WndProc_ShowPaletteClass_005013be_005013be.c"
00501671,"FUN_00501671","undefined",0,136,SUCCESS,"FUN_00501671_00501671.c"
005016f9,"Mem_AllocOrFree_005016f9","undefined",0,40,SUCCESS,"Mem_AllocOrFree_005016f9_005016f9.c"
00501721,"Mem_AllocOrFree_00501721","undefined",0,21,SUCCESS,"Mem_AllocOrFree_00501721_00501721.c"
00501736,"FUN_00501736","undefined",1,52,SUCCESS,"FUN_00501736_00501736.c"
0050176a,"FUN_0050176a","undefined",0,35,SUCCESS,"FUN_0050176a_0050176a.c"
0050178d,"FUN_0050178d","undefined",0,25,SUCCESS,"FUN_0050178d_0050178d.c"
005017a6,"Sound_LoadWav_sound_locmus1_005017a6","undefined",0,74,SUCCESS,"Sound_LoadWav_sound_locmus1_005017a6_005017a6.c"
005017f0,"FUN_005017f0","undefined",3,118,SUCCESS,"FUN_005017f0_005017f0.c"
00501870,"AssertOrLog","undefined",4,304,SUCCESS,"AssertOrLog_00501870.c"
005019a0,"Assert_Handler_005019a0","undefined",4,290,SUCCESS,"Assert_Handler_005019a0_005019a0.c"
00501ad0,"UI_CreateWindow_00501ad0","undefined",1,132,SUCCESS,"UI_CreateWindow_00501ad0_00501ad0.c"
00501b54,"UI_WndProc_00501b54","undefined",4,1002,SUCCESS,"UI_WndProc_00501b54_00501b54.c"
00501f50,"FUN_00501f50","undefined",1,15607,SUCCESS,"FUN_00501f50_00501f50.c"
00505c74,"FUN_00505c74","undefined",0,172,SUCCESS,"FUN_00505c74_00505c74.c"
00505d20,"FUN_00505d20","undefined",1,287,SUCCESS,"FUN_00505d20_00505d20.c"
00505e3f,"FUN_00505e3f","undefined",1,104,SUCCESS,"FUN_00505e3f_00505e3f.c"
00505ea7,"FUN_00505ea7","undefined",1,386,SUCCESS,"FUN_00505ea7_00505ea7.c"
00506029,"FUN_00506029","undefined",1,207,SUCCESS,"FUN_00506029_00506029.c"
00506102,"FUN_00506102","undefined",0,431,SUCCESS,"FUN_00506102_00506102.c"
005062b1,"FUN_005062b1","undefined",0,220,SUCCESS,"FUN_005062b1_005062b1.c"
0050638d,"FUN_0050638d","undefined",4,105,SUCCESS,"FUN_0050638d_0050638d.c"
005063f6,"FUN_005063f6","undefined",2,238,SUCCESS,"FUN_005063f6_005063f6.c"
005064e9,"FUN_005064e9","undefined",2,139,SUCCESS,"FUN_005064e9_005064e9.c"
00506580,"Town_Process_00506580","undefined",1,5505,SUCCESS,"Town_Process_00506580_00506580.c"
00507b1a,"Sound_LoadWav_x_sound_button2_00507b1a","undefined",0,42,SUCCESS,"Sound_LoadWav_x_sound_button2_00507b1a_00507b1a.c"
00507b44,"FUN_00507b44","undefined",2,322,SUCCESS,"FUN_00507b44_00507b44.c"
00507c86,"Town_Process_00507c86","undefined",1,4024,SUCCESS,"Town_Process_00507c86_00507c86.c"
00508c3e,"Town_Process_00508c3e","undefined",0,153,SUCCESS,"Town_Process_00508c3e_00508c3e.c"
00508cd7,"Town_Process_00508cd7","undefined",0,1671,SUCCESS,"Town_Process_00508cd7_00508cd7.c"
0050935e,"FUN_0050935e","undefined",2,441,SUCCESS,"FUN_0050935e_0050935e.c"
00509517,"Merchant_ProcessBuy_00509517","undefined",0,2749,SUCCESS,"Merchant_ProcessBuy_00509517_00509517.c"
00509fd4,"Town_Process_00509fd4","undefined",0,145,SUCCESS,"Town_Process_00509fd4_00509fd4.c"
0050a065,"Town_Process_0050a065","undefined",0,152,SUCCESS,"Town_Process_0050a065_0050a065.c"
0050a0fd,"Town_Process_0050a0fd","undefined",0,126,SUCCESS,"Town_Process_0050a0fd_0050a0fd.c"
0050a17b,"Town_Process_0050a17b","undefined",0,126,SUCCESS,"Town_Process_0050a17b_0050a17b.c"
0050a1f9,"Town_Process_0050a1f9","undefined",0,105,SUCCESS,"Town_Process_0050a1f9_0050a1f9.c"
0050a262,"Town_Process_0050a262","undefined",0,126,SUCCESS,"Town_Process_0050a262_0050a262.c"
0050a2e0,"FUN_0050a2e0","undefined",3,241,SUCCESS,"FUN_0050a2e0_0050a2e0.c"
0050a73e,"FUN_0050a73e","undefined",1,331,SUCCESS,"FUN_0050a73e_0050a73e.c"
0050a8ae,"SellPrice","undefined",1,273,SUCCESS,"SellPrice_0050a8ae.c"
0050a9bf,"FUN_0050a9bf","undefined",1,1228,SUCCESS,"FUN_0050a9bf_0050a9bf.c"
0050aef6,"FUN_0050aef6","undefined",2,199,SUCCESS,"FUN_0050aef6_0050aef6.c"
0050afbd,"FUN_0050afbd","undefined",0,79,SUCCESS,"FUN_0050afbd_0050afbd.c"
0050b00c,"FUN_0050b00c","undefined",0,240,SUCCESS,"FUN_0050b00c_0050b00c.c"
0050b0fc,"FUN_0050b0fc","undefined",2,164,SUCCESS,"FUN_0050b0fc_0050b0fc.c"
0050b1a0,"FUN_0050b1a0","undefined",0,102,SUCCESS,"FUN_0050b1a0_0050b1a0.c"
0050b206,"FUN_0050b206","undefined",5,472,SUCCESS,"FUN_0050b206_0050b206.c"
0050b3de,"FUN_0050b3de","undefined",7,480,SUCCESS,"FUN_0050b3de_0050b3de.c"
0050b5be,"FUN_0050b5be","undefined",5,161,SUCCESS,"FUN_0050b5be_0050b5be.c"
0050b65f,"FUN_0050b65f","undefined",5,865,SUCCESS,"FUN_0050b65f_0050b65f.c"
0050b9d5,"FUN_0050b9d5","undefined",1,442,SUCCESS,"FUN_0050b9d5_0050b9d5.c"
0050bba0,"UI_CreateWindow_0050bba0","undefined",1,310,SUCCESS,"UI_CreateWindow_0050bba0_0050bba0.c"
0050bcd6,"FUN_0050bcd6","undefined",0,81,SUCCESS,"FUN_0050bcd6_0050bcd6.c"
0050bd27,"UI_CreateWindow_0050bd27","undefined",4,2798,SUCCESS,"UI_CreateWindow_0050bd27_0050bd27.c"
0050c82b,"Mem_AllocOrFree_0050c82b","undefined",1,41,SUCCESS,"Mem_AllocOrFree_0050c82b_0050c82b.c"
0050c854,"UI_WndProc_0050c854","undefined",4,179,SUCCESS,"UI_WndProc_0050c854_0050c854.c"
0050ce18,"GetSaveFileNameA","BOOL",1,6,SUCCESS,"GetSaveFileNameA_0050ce18.c"
0050ce66,"MCIWndCreateA","undefined",0,6,SUCCESS,"MCIWndCreateA_0050ce66.c"
0050ce6c,"DeckBuilderMain","undefined",0,6,SUCCESS,"DeckBuilderMain_0050ce6c.c"
0050ce80,"Mem_AllocOrFree_0050ce80","undefined",0,3,SUCCESS,"Mem_AllocOrFree_0050ce80_0050ce80.c"
0050ce90,"Mem_AllocOrFree_0050ce90","undefined",2,21,SUCCESS,"Mem_AllocOrFree_0050ce90_0050ce90.c"
0050ceb0,"thunk_FUN_0050cef0","undefined",0,5,SUCCESS,"thunk_FUN_0050cef0_0050ceb0.c"
0050cec0,"Mem_AllocOrFree_0050cec0","undefined",1,38,SUCCESS,"Mem_AllocOrFree_0050cec0_0050cec0.c"
0050cef0,"FUN_0050cef0","undefined",0,440,SUCCESS,"FUN_0050cef0_0050cef0.c"
0050d0b0,"FUN_0050d0b0","undefined",4,483,SUCCESS,"FUN_0050d0b0_0050d0b0.c"
0050d2a0,"FUN_0050d2a0","undefined",1,200,SUCCESS,"FUN_0050d2a0_0050d2a0.c"
0050d370,"FUN_0050d370","undefined",2,227,SUCCESS,"FUN_0050d370_0050d370.c"
0050d4a0,"FUN_0050d4a0","undefined",2,64,SUCCESS,"FUN_0050d4a0_0050d4a0.c"
0050d4e0,"FUN_0050d4e0","undefined",1,63,SUCCESS,"FUN_0050d4e0_0050d4e0.c"
0050d520,"FUN_0050d520","undefined",1,55,SUCCESS,"FUN_0050d520_0050d520.c"
0050d560,"FUN_0050d560","undefined",2,152,SUCCESS,"FUN_0050d560_0050d560.c"
0050d6f0,"Surface_GetPixel","undefined",3,198,SUCCESS,"Surface_GetPixel_0050d6f0.c"
0050da40,"Surface_GetPixelPtr","undefined",3,199,SUCCESS,"Surface_GetPixelPtr_0050da40.c"
0050db10,"Surface_DrawLine","undefined",6,157,SUCCESS,"Surface_DrawLine_0050db10.c"
0050dbb0,"Surface_PutPixel","undefined",4,121,SUCCESS,"Surface_PutPixel_0050dbb0.c"
0050dc30,"Surface_FillRect","undefined",6,176,SUCCESS,"Surface_FillRect_0050dc30.c"
0050dce0,"FUN_0050dce0","undefined",8,853,SUCCESS,"FUN_0050dce0_0050dce0.c"
0050e040,"FUN_0050e040","undefined",8,582,SUCCESS,"FUN_0050e040_0050e040.c"
0050e290,"Surface_StretchBlt","undefined",10,91,SUCCESS,"Surface_StretchBlt_0050e290.c"
0050e2f0,"FUN_0050e2f0","undefined",0,1021,SUCCESS,"FUN_0050e2f0_0050e2f0.c"
0050e6f0,"FUN_0050e6f0","undefined",6,109,SUCCESS,"FUN_0050e6f0_0050e6f0.c"
0050e760,"Surface_PutLine","undefined",5,232,SUCCESS,"Surface_PutLine_0050e760.c"
0050e850,"Surface_GetLine","undefined",5,96,SUCCESS,"Surface_GetLine_0050e850.c"
0050e8b0,"FUN_0050e8b0","undefined",1,735,SUCCESS,"FUN_0050e8b0_0050e8b0.c"
0050eb90,"FUN_0050eb90","undefined",1,132,SUCCESS,"FUN_0050eb90_0050eb90.c"
0050ec20,"FUN_0050ec20","undefined",6,104,SUCCESS,"FUN_0050ec20_0050ec20.c"
0050ec90,"FUN_0050ec90","undefined",3,123,SUCCESS,"FUN_0050ec90_0050ec90.c"
0050ed10,"Mem_AllocOrFree_0050ed10","undefined",1,22,SUCCESS,"Mem_AllocOrFree_0050ed10_0050ed10.c"
0050edf0,"FUN_0050edf0","undefined",1,253,SUCCESS,"FUN_0050edf0_0050edf0.c"
0050eef0,"FUN_0050eef0","undefined",2,497,SUCCESS,"FUN_0050eef0_0050eef0.c"
0050f0f0,"FUN_0050f0f0","undefined",3,237,SUCCESS,"FUN_0050f0f0_0050f0f0.c"
0050f1e0,"FUN_0050f1e0","undefined",6,197,SUCCESS,"FUN_0050f1e0_0050f1e0.c"
0050f2e0,"FUN_0050f2e0","undefined",2,108,SUCCESS,"FUN_0050f2e0_0050f2e0.c"
0050f350,"FUN_0050f350","undefined",1,59,SUCCESS,"FUN_0050f350_0050f350.c"
0050f390,"FUN_0050f390","undefined",2,172,SUCCESS,"FUN_0050f390_0050f390.c"
0050f440,"FUN_0050f440","undefined",2,458,SUCCESS,"FUN_0050f440_0050f440.c"
0050f610,"FUN_0050f610","undefined",3,304,SUCCESS,"FUN_0050f610_0050f610.c"
0050f740,"Mem_AllocOrFree_0050f740","undefined",1,32,SUCCESS,"Mem_AllocOrFree_0050f740_0050f740.c"
0050f760,"FUN_0050f760","undefined",4,187,SUCCESS,"FUN_0050f760_0050f760.c"
0050f820,"FUN_0050f820","undefined",4,978,SUCCESS,"FUN_0050f820_0050f820.c"
0050fc00,"Mem_AllocOrFree_0050fc00","undefined",0,25,SUCCESS,"Mem_AllocOrFree_0050fc00_0050fc00.c"
0050fc20,"FUN_0050fc20","undefined",0,46,SUCCESS,"FUN_0050fc20_0050fc20.c"
0050fc50,"Mem_AllocOrFree_0050fc50","undefined",1,17,SUCCESS,"Mem_AllocOrFree_0050fc50_0050fc50.c"
0050fc70,"FUN_0050fc70","undefined",2,70,SUCCESS,"FUN_0050fc70_0050fc70.c"
0050fcc0,"Sprite_LoadAll","undefined",2,141,SUCCESS,"Sprite_LoadAll_0050fcc0.c"
0050fd50,"Sprite_LoadCount","undefined",3,149,SUCCESS,"Sprite_LoadCount_0050fd50.c"
0050fdf0,"Sprite_ScanRunLength","undefined",5,154,SUCCESS,"Sprite_ScanRunLength_0050fdf0.c"
0050fe90,"Sprite_EncodeFromSurface","undefined",5,841,SUCCESS,"Sprite_EncodeFromSurface_0050fe90.c"
005101e0,"Sprite_DrawDirect","undefined",4,384,SUCCESS,"Sprite_DrawDirect_005101e0.c"
00510360,"Sprite_DrawClipped","undefined",4,752,SUCCESS,"Sprite_DrawClipped_00510360.c"
00510650,"Sprite_DrawScaled","undefined",6,1181,SUCCESS,"Sprite_DrawScaled_00510650.c"
00510b70,"FUN_00510b70","undefined",5,610,SUCCESS,"FUN_00510b70_00510b70.c"
00510de0,"Mem_AllocOrFree_00510de0","undefined",2,25,SUCCESS,"Mem_AllocOrFree_00510de0_00510de0.c"
00510e20,"Mem_AllocOrFree_00510e20","undefined",2,25,SUCCESS,"Mem_AllocOrFree_00510e20_00510e20.c"
00510e40,"LoadPalNoPic","undefined",1,22,SUCCESS,"LoadPalNoPic_00510e40.c"
00510e60,"Mem_AllocOrFree_00510e60","undefined",2,25,SUCCESS,"Mem_AllocOrFree_00510e60_00510e60.c"
00510fc0,"FUN_00510fc0","undefined",2,350,SUCCESS,"FUN_00510fc0_00510fc0.c"
00511120,"FUN_00511120","undefined",2,364,SUCCESS,"FUN_00511120_00511120.c"
005112b0,"FUN_005112b0","undefined",2,747,SUCCESS,"FUN_005112b0_005112b0.c"
005115a0,"FUN_005115a0","undefined",2,784,SUCCESS,"FUN_005115a0_005115a0.c"
00511930,"FUN_00511930","undefined",8,172,SUCCESS,"FUN_00511930_00511930.c"
005119e0,"FUN_005119e0","undefined",8,425,SUCCESS,"FUN_005119e0_005119e0.c"
00511b90,"FUN_00511b90","undefined",10,461,SUCCESS,"FUN_00511b90_00511b90.c"
00511d60,"FUN_00511d60","undefined",10,182,SUCCESS,"FUN_00511d60_00511d60.c"
00511e20,"FUN_00511e20","undefined",10,846,SUCCESS,"FUN_00511e20_00511e20.c"
005121d0,"Mem_AllocOrFree_005121d0","undefined",0,6,SUCCESS,"Mem_AllocOrFree_005121d0_005121d0.c"
005121e0,"Mem_AllocOrFree_005121e0","undefined",0,6,SUCCESS,"Mem_AllocOrFree_005121e0_005121e0.c"
005121f0,"FUN_005121f0","undefined",0,9,SUCCESS,"FUN_005121f0_005121f0.c"
00512200,"FUN_00512200","undefined",0,9,SUCCESS,"FUN_00512200_00512200.c"
00512210,"Mem_AllocOrFree_00512210","undefined",0,16,SUCCESS,"Mem_AllocOrFree_00512210_00512210.c"
00512220,"Mem_AllocOrFree_00512220","undefined",0,1,SUCCESS,"Mem_AllocOrFree_00512220_00512220.c"
00512230,"FUN_00512230","undefined",3,608,SUCCESS,"FUN_00512230_00512230.c"
00512500,"FUN_00512500","undefined",1,421,SUCCESS,"FUN_00512500_00512500.c"
005126b0,"FUN_005126b0","undefined",1,132,SUCCESS,"FUN_005126b0_005126b0.c"
00512740,"FUN_00512740","undefined",0,422,SUCCESS,"FUN_00512740_00512740.c"
005129a0,"FUN_005129a0","undefined",2,293,SUCCESS,"FUN_005129a0_005129a0.c"
00512b50,"FUN_00512b50","undefined",1,66,SUCCESS,"FUN_00512b50_00512b50.c"
00512ba0,"FUN_00512ba0","undefined",2,95,SUCCESS,"FUN_00512ba0_00512ba0.c"
00512c00,"FUN_00512c00","undefined",7,130,SUCCESS,"FUN_00512c00_00512c00.c"
00512c90,"Mem_AllocOrFree_00512c90","undefined",7,13,SUCCESS,"Mem_AllocOrFree_00512c90_00512c90.c"
00512c9d,"FUN_00512c9d","undefined",0,1364,SUCCESS,"FUN_00512c9d_00512c9d.c"
00513200,"FUN_00513200","undefined",1,664,SUCCESS,"FUN_00513200_00513200.c"
005134a0,"FUN_005134a0","undefined",0,109,SUCCESS,"FUN_005134a0_005134a0.c"
00513510,"FUN_00513510","undefined",1,204,SUCCESS,"FUN_00513510_00513510.c"
005135e0,"FUN_005135e0","undefined",2,170,SUCCESS,"FUN_005135e0_005135e0.c"
00513820,"UI_Register_ShowPaletteClass_00513820","undefined",1,131,SUCCESS,"UI_Register_ShowPaletteClass_00513820_00513820.c"
005138b0,"UI_Register_ShowPaletteClass_005138b0","undefined",2,121,SUCCESS,"UI_Register_ShowPaletteClass_005138b0_005138b0.c"
00513a70,"FUN_00513a70","undefined",6,140,SUCCESS,"FUN_00513a70_00513a70.c"
00513afc,"strlen","size_t",1,6,SUCCESS,"strlen_00513afc.c"
00513b02,"sprintf","int",2,6,SUCCESS,"sprintf_00513b02.c"
00513b08,"abs","int",1,6,SUCCESS,"abs_00513b08.c"
00513b0e,"strcat","char *",2,6,SUCCESS,"strcat_00513b0e.c"
00513b14,"strcpy","char *",2,6,SUCCESS,"strcpy_00513b14.c"
00513b2c,"strcmp","int",2,6,SUCCESS,"strcmp_00513b2c.c"
00513b80,"memcpy","void *",3,6,SUCCESS,"memcpy_00513b80.c"
00513b98,"_vsnprintf","int",4,6,SUCCESS,"_vsnprintf_00513b98.c"
00513b9e,"memset","void *",3,6,SUCCESS,"memset_00513b9e.c"
00513bbc,"clock","clock_t",0,6,SUCCESS,"clock_00513bbc.c"
00513bd0,"Mem_AllocOrFree_00513bd0","undefined",0,47,SUCCESS,"Mem_AllocOrFree_00513bd0_00513bd0.c"
00513c00,"memcmp","int",3,6,SUCCESS,"memcmp_00513c00.c"
00513c50,"__allshl","undefined",2,31,SUCCESS,"__allshl_00513c50.c"
00513c80,"__onexit","undefined",1,208,SUCCESS,"__onexit_00513c80.c"
00513d50,"_atexit","int",1,48,SUCCESS,"_atexit_00513d50.c"
00513da0,"entry","undefined",0,510,SUCCESS,"entry_00513da0.c"
00513fde,"_write","int",3,6,SUCCESS,"_write_00513fde.c"
00514008,"__dllonexit","undefined",0,6,SUCCESS,"__dllonexit_00514008.c"
00514022,"initterm","undefined",0,6,SUCCESS,"initterm_00514022.c"
00514030,"__setdefaultprecision","undefined",0,29,SUCCESS,"__setdefaultprecision_00514030.c"
00514060,"Mem_AllocOrFree_00514060","undefined",0,18,SUCCESS,"Mem_AllocOrFree_00514060_00514060.c"
00514080,"__setargv","int",0,11,SUCCESS,"__setargv_00514080.c"
005140a4,"_controlfp","uint",2,6,SUCCESS,"_controlfp_005140a4.c"
00514128,"_chdir","int",1,6,SUCCESS,"_chdir_00514128.c"
0070d000,"FUN_0070d000","undefined",3,396,SUCCESS,"FUN_0070d000_0070d000.c"
0070d245,"FUN_0070d245","undefined",2,112,SUCCESS,"FUN_0070d245_0070d245.c"
0070d2b5,"FUN_0070d2b5","undefined",0,75,SUCCESS,"FUN_0070d2b5_0070d2b5.c"
0070d300,"FUN_0070d300","undefined",1,146,SUCCESS,"FUN_0070d300_0070d300.c"
0070d392,"FUN_0070d392","undefined",3,242,SUCCESS,"FUN_0070d392_0070d392.c"
0070d484,"Mem_AllocOrFree_0070d484","undefined",2,36,SUCCESS,"Mem_AllocOrFree_0070d484_0070d484.c"
