Address,FunctionName,SourceFile,ModuleGroup
00401000,UI_Register_MAGICGAME_BigCardCardClass_00401000,unattributed/magic_core.c,unattributed
00401c91,UI_CreateWindow_00401c91,unattributed/magic_core.c,unattributed
00401d23,Mem_AllocOrFree_00401d23,unattributed/magic_core.c,unattributed
00401d2e,UI_WndProc_00401d2e,unattributed/magic_core.c,unattributed
00401e65,UI_Register_WINBK_BigCard_00401e65,unattributed/magic_core.c,unattributed
00401f40,Mem_AllocOrFree_00401f40,unattributed/magic_core.c,unattributed
00401f70,UI_WndProc_00401f70,unattributed/magic_core.c,unattributed
00403189,FUN_00403189,unattributed/magic_core.c,unattributed
00403250,FUN_00403250,unattributed/magic_core.c,unattributed
0040360b,Rules_ParseFilter_0040360b,unattributed/magic_core.c,unattributed
00405277,FUN_00405277,unattributed/magic_core.c,unattributed
00405370,Action_PromptTarget_00405370,unattributed/magic_core.c,unattributed
00405802,Action_ValidateTarget_00405802,unattributed/magic_core.c,unattributed
00405edf,FUN_00405edf,unattributed/magic_core.c,unattributed
00405f97,FUN_00405f97,unattributed/magic_core.c,unattributed
004060e0,Csv_LoadInfo_004060e0,unattributed/magic_core.c,unattributed
004063b8,Csv_LoadMaster_004063b8,unattributed/magic_core.c,unattributed
004064f8,Csv_WriteConcise_004064f8,unattributed/magic_core.c,unattributed
0040659f,Csv_ReadConcise_0040659f,unattributed/magic_core.c,unattributed
00406681,Csv_SearchMaster_00406681,unattributed/magic_core.c,unattributed
0040683a,FUN_0040683a,unattributed/magic_core.c,unattributed
00406a88,FUN_00406a88,unattributed/magic_core.c,unattributed
00406b01,FUN_00406b01,unattributed/magic_core.c,unattributed
00406b4c,Deck_FilterAttributes_00406b4c,unattributed/magic_core.c,unattributed
0040706f,Story_Load_0040706f,unattributed/magic_core.c,unattributed
0040710a,Tale_Load_0040710a,unattributed/magic_core.c,unattributed
004071ce,Hints_Load_004071ce,unattributed/magic_core.c,unattributed
0040741b,Hints_GetNext_0040741b,unattributed/magic_core.c,unattributed
00407499,FUN_00407499,unattributed/magic_core.c,unattributed
00407747,FUN_00407747,unattributed/magic_core.c,unattributed
004077ae,FUN_004077ae,unattributed/magic_core.c,unattributed
00407843,FUN_00407843,unattributed/magic_core.c,unattributed
00407b34,Merchant_ProcessBuy_00407b34,unattributed/magic_core.c,unattributed
00407e40,FUN_00407e40,unattributed/magic_core.c,unattributed
00408089,Mem_AllocOrFree_00408089,unattributed/magic_core.c,unattributed
004080b2,FUN_004080b2,unattributed/magic_core.c,unattributed
0040810f,Mem_AllocOrFree_0040810f,unattributed/magic_core.c,unattributed
0040813d,Mem_AllocOrFree_0040813d,unattributed/magic_core.c,unattributed
0040816b,FUN_0040816b,unattributed/magic_core.c,unattributed
004081b0,UI_CreateWindow_004081b0,unattributed/magic_core.c,unattributed
004082d1,FUN_004082d1,unattributed/magic_core.c,unattributed
0040836a,UI_WndProc_0040836a,unattributed/magic_core.c,unattributed
004088d0,FUN_004088d0,unattributed/magic_core.c,unattributed
00408e20,UI_Register_FACE_BLACK_00408e20,unattributed/magic_core.c,unattributed
00409052,FUN_00409052,unattributed/magic_core.c,unattributed
004090f6,UI_WndProc_004090f6,unattributed/magic_core.c,unattributed
004097e2,FUN_004097e2,unattributed/magic_core.c,unattributed
00409b2c,FUN_00409b2c,unattributed/magic_core.c,unattributed
00409c73,FUN_00409c73,unattributed/magic_core.c,unattributed
00409cb2,FUN_00409cb2,unattributed/magic_core.c,unattributed
00409d10,FUN_00409d10,unattributed/magic_core.c,unattributed
00409db6,FUN_00409db6,unattributed/magic_core.c,unattributed
00409e13,Mem_AllocOrFree_00409e13,unattributed/magic_core.c,unattributed
00409e3c,Mem_AllocOrFree_00409e3c,unattributed/magic_core.c,unattributed
00409e6d,FUN_00409e6d,unattributed/magic_core.c,unattributed
00409eb0,FUN_00409eb0,unattributed/magic_core.c,unattributed
00409f16,FUN_00409f16,unattributed/magic_core.c,unattributed
00409f99,FUN_00409f99,unattributed/magic_core.c,unattributed
0040a02a,FUN_0040a02a,unattributed/magic_core.c,unattributed
0040a16e,FUN_0040a16e,unattributed/magic_core.c,unattributed
0040a1a3,Mem_AllocOrFree_0040a1a3,unattributed/magic_core.c,unattributed
0040a1d2,FUN_0040a1d2,unattributed/magic_core.c,unattributed
0040a1ff,FUN_0040a1ff,unattributed/magic_core.c,unattributed
0040a240,Mem_AllocOrFree_0040a240,unattributed/magic_core.c,unattributed
0040a255,FUN_0040a255,unattributed/magic_core.c,unattributed
0040a2c0,FUN_0040a2c0,unattributed/magic_core.c,unattributed
0040a305,FUN_0040a305,unattributed/magic_core.c,unattributed
0040a33c,FUN_0040a33c,unattributed/magic_core.c,unattributed
0040a36f,FUN_0040a36f,unattributed/magic_core.c,unattributed
0040a3e1,FUN_0040a3e1,unattributed/magic_core.c,unattributed
0040a422,Mem_AllocOrFree_0040a422,unattributed/magic_core.c,unattributed
0040a444,FUN_0040a444,unattributed/magic_core.c,unattributed
0040a4ac,Mem_AllocOrFree_0040a4ac,unattributed/magic_core.c,unattributed
0040a4d4,Mem_AllocOrFree_0040a4d4,unattributed/magic_core.c,unattributed
0040a4fc,Pic_Load_advfac64_0040a4fc,unattributed/magic_core.c,unattributed
0040a566,FUN_0040a566,unattributed/magic_core.c,unattributed
0040a5de,FUN_0040a5de,unattributed/magic_core.c,unattributed
0040a725,FUN_0040a725,unattributed/magic_core.c,unattributed
0040a883,FUN_0040a883,unattributed/magic_core.c,unattributed
0040a95d,FUN_0040a95d,unattributed/magic_core.c,unattributed
0040aaf1,FUN_0040aaf1,unattributed/magic_core.c,unattributed
0040abf9,FUN_0040abf9,unattributed/magic_core.c,unattributed
0040acfd,FUN_0040acfd,unattributed/magic_core.c,unattributed
0040adaf,FUN_0040adaf,unattributed/magic_core.c,unattributed
0040ae70,FUN_0040ae70,unattributed/magic_core.c,unattributed
0040b00c,Sound_LoadWav_x_sound_button2_0040b00c,unattributed/magic_core.c,unattributed
0040b03e,FUN_0040b03e,unattributed/magic_core.c,unattributed
0040b143,FUN_0040b143,unattributed/magic_core.c,unattributed
0040b2c8,FUN_0040b2c8,unattributed/magic_core.c,unattributed
0040b3c2,FUN_0040b3c2,unattributed/magic_core.c,unattributed
0040b441,FUN_0040b441,unattributed/magic_core.c,unattributed
0040b4e8,FUN_0040b4e8,unattributed/magic_core.c,unattributed
0040b7fa,Castle_Process_0040b7fa,unattributed/magic_core.c,unattributed
0040bcff,FUN_0040bcff,unattributed/magic_core.c,unattributed
0040c180,Mem_AllocOrFree_0040c180,unattributed/magic_core.c,unattributed
0040c1ad,FUN_0040c1ad,unattributed/magic_core.c,unattributed
0040c274,FUN_0040c274,unattributed/magic_core.c,unattributed
0040c2af,FUN_0040c2af,unattributed/magic_core.c,unattributed
0040c2e9,FUN_0040c2e9,unattributed/magic_core.c,unattributed
0040c336,FUN_0040c336,unattributed/magic_core.c,unattributed
0040c381,FUN_0040c381,unattributed/magic_core.c,unattributed
0040c3cc,FUN_0040c3cc,unattributed/magic_core.c,unattributed
0040c421,FUN_0040c421,unattributed/magic_core.c,unattributed
0040c465,FUN_0040c465,unattributed/magic_core.c,unattributed
0040c4c5,FUN_0040c4c5,unattributed/magic_core.c,unattributed
0040c550,FUN_0040c550,unattributed/magic_core.c,unattributed
0040c5d9,FUN_0040c5d9,unattributed/magic_core.c,unattributed
0040c662,FUN_0040c662,unattributed/magic_core.c,unattributed
0040c6c7,FUN_0040c6c7,unattributed/magic_core.c,unattributed
0040c72c,FUN_0040c72c,unattributed/magic_core.c,unattributed
0040c761,FUN_0040c761,unattributed/magic_core.c,unattributed
0040c7c0,FUN_0040c7c0,unattributed/magic_core.c,unattributed
0040c81c,FUN_0040c81c,unattributed/magic_core.c,unattributed
0040c889,FUN_0040c889,unattributed/magic_core.c,unattributed
0040c8fa,FUN_0040c8fa,unattributed/magic_core.c,unattributed
0040c959,FUN_0040c959,unattributed/magic_core.c,unattributed
0040c9cc,FUN_0040c9cc,unattributed/magic_core.c,unattributed
0040ca43,FUN_0040ca43,unattributed/magic_core.c,unattributed
0040cb4f,FUN_0040cb4f,unattributed/magic_core.c,unattributed
0040cbbd,FUN_0040cbbd,unattributed/magic_core.c,unattributed
0040cc08,FUN_0040cc08,unattributed/magic_core.c,unattributed
0040cc7e,FUN_0040cc7e,unattributed/magic_core.c,unattributed
0040cea5,FUN_0040cea5,unattributed/magic_core.c,unattributed
0040ced7,FUN_0040ced7,unattributed/magic_core.c,unattributed
0040cf09,FUN_0040cf09,unattributed/magic_core.c,unattributed
0040cf3b,FUN_0040cf3b,unattributed/magic_core.c,unattributed
0040cf6d,FUN_0040cf6d,unattributed/magic_core.c,unattributed
0040cfa1,FUN_0040cfa1,unattributed/magic_core.c,unattributed
0040cfd5,FUN_0040cfd5,unattributed/magic_core.c,unattributed
0040d009,FUN_0040d009,unattributed/magic_core.c,unattributed
0040d03d,FUN_0040d03d,unattributed/magic_core.c,unattributed
0040d06f,FUN_0040d06f,unattributed/magic_core.c,unattributed
0040d0a1,FUN_0040d0a1,unattributed/magic_core.c,unattributed
0040d0d3,FUN_0040d0d3,unattributed/magic_core.c,unattributed
0040d105,FUN_0040d105,unattributed/magic_core.c,unattributed
0040d137,FUN_0040d137,unattributed/magic_core.c,unattributed
0040d169,FUN_0040d169,unattributed/magic_core.c,unattributed
0040d19b,FUN_0040d19b,unattributed/magic_core.c,unattributed
0040d1cd,FUN_0040d1cd,unattributed/magic_core.c,unattributed
0040d201,FUN_0040d201,unattributed/magic_core.c,unattributed
0040d235,FUN_0040d235,unattributed/magic_core.c,unattributed
0040d269,FUN_0040d269,unattributed/magic_core.c,unattributed
0040d29d,FUN_0040d29d,unattributed/magic_core.c,unattributed
0040d2d1,FUN_0040d2d1,unattributed/magic_core.c,unattributed
0040d305,FUN_0040d305,unattributed/magic_core.c,unattributed
0040d339,FUN_0040d339,unattributed/magic_core.c,unattributed
0040d36d,FUN_0040d36d,unattributed/magic_core.c,unattributed
0040d39f,FUN_0040d39f,unattributed/magic_core.c,unattributed
0040d3d1,FUN_0040d3d1,unattributed/magic_core.c,unattributed
0040d403,FUN_0040d403,unattributed/magic_core.c,unattributed
0040d435,FUN_0040d435,unattributed/magic_core.c,unattributed
0040d469,FUN_0040d469,unattributed/magic_core.c,unattributed
0040d49d,FUN_0040d49d,unattributed/magic_core.c,unattributed
0040d4d1,FUN_0040d4d1,unattributed/magic_core.c,unattributed
0040d510,FUN_0040d510,unattributed/magic_core.c,unattributed
0040d552,FUN_0040d552,unattributed/magic_core.c,unattributed
0040d59c,FUN_0040d59c,unattributed/magic_core.c,unattributed
0040d64c,FUN_0040d64c,unattributed/magic_core.c,unattributed
0040d72b,FUN_0040d72b,unattributed/magic_core.c,unattributed
0040d7e9,FUN_0040d7e9,unattributed/magic_core.c,unattributed
0040d82b,FUN_0040d82b,unattributed/magic_core.c,unattributed
0040d875,FUN_0040d875,unattributed/magic_core.c,unattributed
0040d8b7,FUN_0040d8b7,unattributed/magic_core.c,unattributed
0040d901,FUN_0040d901,unattributed/magic_core.c,unattributed
0040d949,FUN_0040d949,unattributed/magic_core.c,unattributed
0040dcca,FUN_0040dcca,unattributed/magic_core.c,unattributed
0040de30,Sound_LoadWav_x_DuelSounds_artifact_0040de30,unattributed/magic_core.c,unattributed
0040eab1,FUN_0040eab1,unattributed/magic_core.c,unattributed
0040eb04,FUN_0040eb04,unattributed/magic_core.c,unattributed
0040eb5a,Pic_Load_winbak01_0040eb5a,unattributed/magic_core.c,unattributed
0040eea2,Mem_AllocOrFree_0040eea2,unattributed/magic_core.c,unattributed
0040eeb4,FUN_0040eeb4,unattributed/magic_core.c,unattributed
0040f514,FUN_0040f514,unattributed/magic_core.c,unattributed
0040f636,FUN_0040f636,unattributed/magic_core.c,unattributed
0040f681,FUN_0040f681,unattributed/magic_core.c,unattributed
0040f6e9,FUN_0040f6e9,unattributed/magic_core.c,unattributed
0040f78d,FUN_0040f78d,unattributed/magic_core.c,unattributed
0040f9b7,FUN_0040f9b7,unattributed/magic_core.c,unattributed
0040fa39,FUN_0040fa39,unattributed/magic_core.c,unattributed
0040fbe2,FUN_0040fbe2,unattributed/magic_core.c,unattributed
0040fc9a,FUN_0040fc9a,unattributed/magic_core.c,unattributed
0040fcf2,Mem_AllocOrFree_0040fcf2,unattributed/magic_core.c,unattributed
0040fcfd,Dungeon_Process_0040fcfd,unattributed/magic_core.c,unattributed
00410c7d,FUN_00410c7d,unattributed/magic_core.c,unattributed
00410cc0,FUN_00410cc0,unattributed/magic_core.c,unattributed
00410ef1,FUN_00410ef1,unattributed/magic_core.c,unattributed
0041115f,FUN_0041115f,unattributed/magic_core.c,unattributed
00411201,FUN_00411201,unattributed/magic_core.c,unattributed
0041130e,FUN_0041130e,unattributed/magic_core.c,unattributed
00411753,FUN_00411753,unattributed/magic_core.c,unattributed
004118a8,FUN_004118a8,unattributed/magic_core.c,unattributed
00411f98,FUN_00411f98,unattributed/magic_core.c,unattributed
0041214b,FUN_0041214b,unattributed/magic_core.c,unattributed
00412246,FUN_00412246,unattributed/magic_core.c,unattributed
00412413,FUN_00412413,unattributed/magic_core.c,unattributed
00412586,FUN_00412586,unattributed/magic_core.c,unattributed
0041268a,FUN_0041268a,unattributed/magic_core.c,unattributed
0041283f,FUN_0041283f,unattributed/magic_core.c,unattributed
00412f15,FUN_00412f15,unattributed/magic_core.c,unattributed
00413570,FUN_00413570,unattributed/magic_core.c,unattributed
00413869,FUN_00413869,unattributed/magic_core.c,unattributed
00413a32,FUN_00413a32,unattributed/magic_core.c,unattributed
00413baa,FUN_00413baa,unattributed/magic_core.c,unattributed
00413d01,FUN_00413d01,unattributed/magic_core.c,unattributed
00413d8d,FUN_00413d8d,unattributed/magic_core.c,unattributed
00413fb4,FUN_00413fb4,unattributed/magic_core.c,unattributed
00414270,FUN_00414270,unattributed/magic_core.c,unattributed
0041459d,FUN_0041459d,unattributed/magic_core.c,unattributed
004147a4,FUN_004147a4,unattributed/magic_core.c,unattributed
00414875,FUN_00414875,unattributed/magic_core.c,unattributed
00414947,FUN_00414947,unattributed/magic_core.c,unattributed
00414ac1,FUN_00414ac1,unattributed/magic_core.c,unattributed
00414d99,Prompts_Load_00414d99,unattributed/magic_core.c,unattributed
00414f59,FUN_00414f59,unattributed/magic_core.c,unattributed
00415080,FUN_00415080,unattributed/magic_core.c,unattributed
004150fe,Prompts_Load_004150fe,unattributed/magic_core.c,unattributed
0041529a,Prompts_Load_0041529a,unattributed/magic_core.c,unattributed
00415517,Prompts_Load_00415517,unattributed/magic_core.c,unattributed
004156c9,Prompts_Load_004156c9,unattributed/magic_core.c,unattributed
00415920,Prompts_Load_00415920,unattributed/magic_core.c,unattributed
00415d48,FUN_00415d48,unattributed/magic_core.c,unattributed
00415df8,Prompts_Load_00415df8,unattributed/magic_core.c,unattributed
00416059,FUN_00416059,unattributed/magic_core.c,unattributed
00416129,FUN_00416129,unattributed/magic_core.c,unattributed
00416222,Prompts_Load_00416222,unattributed/magic_core.c,unattributed
0041652b,Prompts_Load_0041652b,unattributed/magic_core.c,unattributed
004167ac,Prompts_Load_004167ac,unattributed/magic_core.c,unattributed
00416a6a,Prompts_Load_00416a6a,unattributed/magic_core.c,unattributed
00416cda,FUN_00416cda,unattributed/magic_core.c,unattributed
00416d36,Prompts_Load_00416d36,unattributed/magic_core.c,unattributed
00416f1a,Prompts_Load_00416f1a,unattributed/magic_core.c,unattributed
004172a6,Prompts_Load_004172a6,unattributed/magic_core.c,unattributed
0041765d,Prompts_Load_0041765d,unattributed/magic_core.c,unattributed
00417919,FUN_00417919,unattributed/magic_core.c,unattributed
004179a4,FUN_004179a4,unattributed/magic_core.c,unattributed
00417a57,FUN_00417a57,unattributed/magic_core.c,unattributed
00417b09,FUN_00417b09,unattributed/magic_core.c,unattributed
00417bb9,FUN_00417bb9,unattributed/magic_core.c,unattributed
00417c96,FUN_00417c96,unattributed/magic_core.c,unattributed
00417f38,Prompts_Load_00417f38,unattributed/magic_core.c,unattributed
00417ff5,Prompts_Load_00417ff5,unattributed/magic_core.c,unattributed
00418254,Prompts_Load_00418254,unattributed/magic_core.c,unattributed
004184e1,Prompts_Load_004184e1,unattributed/magic_core.c,unattributed
004186ac,FUN_004186ac,unattributed/magic_core.c,unattributed
0041872f,FUN_0041872f,unattributed/magic_core.c,unattributed
00418785,Prompts_Load_00418785,unattributed/magic_core.c,unattributed
00418c59,FUN_00418c59,unattributed/magic_core.c,unattributed
00418d2a,Prompts_Load_00418d2a,unattributed/magic_core.c,unattributed
004194cf,FUN_004194cf,unattributed/magic_core.c,unattributed
004195a4,Prompts_Load_004195a4,unattributed/magic_core.c,unattributed
00419d5e,Prompts_Load_00419d5e,unattributed/magic_core.c,unattributed
0041a245,FUN_0041a245,unattributed/magic_core.c,unattributed
0041a4c6,FUN_0041a4c6,unattributed/magic_core.c,unattributed
0041a782,FUN_0041a782,unattributed/magic_core.c,unattributed
0041adc1,FUN_0041adc1,unattributed/magic_core.c,unattributed
0041b1ae,Prompts_Load_0041b1ae,unattributed/magic_core.c,unattributed
0041b695,FUN_0041b695,unattributed/magic_core.c,unattributed
0041b89c,FUN_0041b89c,unattributed/magic_core.c,unattributed
0041b93a,Mem_AllocOrFree_0041b93a,unattributed/magic_core.c,unattributed
0041b964,Mem_AllocOrFree_0041b964,unattributed/magic_core.c,unattributed
0041b98a,Prompts_Load_0041b98a,unattributed/magic_core.c,unattributed
0041c22f,Prompts_Load_0041c22f,unattributed/magic_core.c,unattributed
0041c8e1,Prompts_Load_0041c8e1,unattributed/magic_core.c,unattributed
0041cb9a,FUN_0041cb9a,unattributed/magic_core.c,unattributed
0041cf9f,FUN_0041cf9f,unattributed/magic_core.c,unattributed
0041d019,FUN_0041d019,unattributed/magic_core.c,unattributed
0041d1ab,Prompts_Load_0041d1ab,unattributed/magic_core.c,unattributed
0041d411,FUN_0041d411,unattributed/magic_core.c,unattributed
0041d8a6,FUN_0041d8a6,unattributed/magic_core.c,unattributed
0041d942,Mem_AllocOrFree_0041d942,unattributed/magic_core.c,unattributed
0041d963,FUN_0041d963,unattributed/magic_core.c,unattributed
0041d9d2,FUN_0041d9d2,unattributed/magic_core.c,unattributed
0041da41,FUN_0041da41,unattributed/magic_core.c,unattributed
0041db67,FUN_0041db67,unattributed/magic_core.c,unattributed
0041df33,Mem_AllocOrFree_0041df33,unattributed/magic_core.c,unattributed
0041df60,UI_CreateWindow_0041df60,unattributed/magic_core.c,unattributed
0041dfe4,UI_WndProc_0041dfe4,unattributed/magic_core.c,unattributed
0041e370,FUN_0041e370,unattributed/magic_core.c,unattributed
0041e486,FUN_0041e486,unattributed/magic_core.c,unattributed
0041e682,FUN_0041e682,unattributed/magic_core.c,unattributed
0041e8b8,FUN_0041e8b8,unattributed/magic_core.c,unattributed
0041ec8d,FUN_0041ec8d,unattributed/magic_core.c,unattributed
0041ece4,FUN_0041ece4,unattributed/magic_core.c,unattributed
0041ed3a,FUN_0041ed3a,unattributed/magic_core.c,unattributed
0041ed86,Sound_LoadWav_x_sound_button2_0041ed86,unattributed/magic_core.c,unattributed
0041edd4,FUN_0041edd4,unattributed/magic_core.c,unattributed
0041f12b,Mem_AllocOrFree_0041f12b,unattributed/magic_core.c,unattributed
0041f159,Mem_AllocOrFree_0041f159,unattributed/magic_core.c,unattributed
0041f17e,FUN_0041f17e,unattributed/magic_core.c,unattributed
0041f213,FUN_0041f213,unattributed/magic_core.c,unattributed
0041f2af,FUN_0041f2af,unattributed/magic_core.c,unattributed
0041f354,FUN_0041f354,unattributed/magic_core.c,unattributed
0041f391,FUN_0041f391,unattributed/magic_core.c,unattributed
0041f3ea,FUN_0041f3ea,unattributed/magic_core.c,unattributed
0041fe70,Sound_LoadWav_x_sound_button2_0041fe70,unattributed/magic_core.c,unattributed
0041feab,Mem_AllocOrFree_0041feab,unattributed/magic_core.c,unattributed
0041fec7,FUN_0041fec7,unattributed/magic_core.c,unattributed
0041fffc,FUN_0041fffc,unattributed/magic_core.c,unattributed
0042024f,FUN_0042024f,unattributed/magic_core.c,unattributed
0042038c,FUN_0042038c,unattributed/magic_core.c,unattributed
004207a8,Save_ProcessGame_004207a8,unattributed/magic_core.c,unattributed
004211bd,FUN_004211bd,unattributed/magic_core.c,unattributed
004212b4,Sound_LoadWav_x_sound_button2_004212b4,unattributed/magic_core.c,unattributed
004212f0,FUN_004212f0,unattributed/magic_core.c,unattributed
004214cf,FUN_004214cf,unattributed/magic_core.c,unattributed
00421655,Sound_LoadWav_x_sound_button2_00421655,unattributed/magic_core.c,unattributed
004216e5,FUN_004216e5,unattributed/magic_core.c,unattributed
004217ea,FUN_004217ea,unattributed/magic_core.c,unattributed
0042192b,FUN_0042192b,unattributed/magic_core.c,unattributed
004219e1,FUN_004219e1,unattributed/magic_core.c,unattributed
00421a81,FUN_00421a81,unattributed/magic_core.c,unattributed
00421b32,Castle_Process_00421b32,unattributed/magic_core.c,unattributed
00422b04,FUN_00422b04,unattributed/magic_core.c,unattributed
00422f06,FUN_00422f06,unattributed/magic_core.c,unattributed
004230bd,Pic_Load_worlbak1_004230bd,unattributed/magic_core.c,unattributed
004232f0,FUN_004232f0,unattributed/magic_core.c,unattributed
0042351b,Pic_Load_0042351b,sidlib/Kimpic.c,sidlib
00423833,Pic_Load_00423833,sidlib/Kimpic.c,sidlib
004238ba,Pic_Subsystem_004238ba,sidlib/Kimpic.c,sidlib
004238ee,Pic_Subsystem_004238ee,sidlib/Kimpic.c,sidlib
00423919,Pic_Util_00423919,sidlib/Kimpic.c,sidlib
00423940,Pic_Subsystem_00423940,sidlib/Kimpic.c,sidlib
00423980,Pic_Subsystem_00423980,sidlib/Kimpic.c,sidlib
00423ae1,Pic_Subsystem_00423ae1,sidlib/Kimpic.c,sidlib
00423b57,Pic_Subsystem_00423b57,sidlib/Kimpic.c,sidlib
00423b93,Pic_Subsystem_00423b93,sidlib/Kimpic.c,sidlib
00423bc7,Pic_Subsystem_00423bc7,sidlib/Kimpic.c,sidlib
00423bf4,Pic_Subsystem_00423bf4,sidlib/Kimpic.c,sidlib
00423c39,Pic_Subsystem_00423c39,sidlib/Kimpic.c,sidlib
00423c82,Pic_Subsystem_00423c82,sidlib/Kimpic.c,sidlib
00423cc3,Pic_Subsystem_00423cc3,sidlib/Kimpic.c,sidlib
00423cf3,Pic_Subsystem_00423cf3,sidlib/Kimpic.c,sidlib
00423d38,Pic_Subsystem_00423d38,sidlib/Kimpic.c,sidlib
00423d7d,Pic_Subsystem_00423d7d,sidlib/Kimpic.c,sidlib
00423dc2,Pic_Subsystem_00423dc2,sidlib/Kimpic.c,sidlib
00423e07,Pic_Subsystem_00423e07,sidlib/Kimpic.c,sidlib
00423e4c,Pic_Subsystem_00423e4c,sidlib/Kimpic.c,sidlib
00423e91,Pic_Subsystem_00423e91,sidlib/Kimpic.c,sidlib
00423ed6,Pic_Subsystem_00423ed6,sidlib/Kimpic.c,sidlib
00423f10,Pic_Subsystem_00423f10,sidlib/Kimpic.c,sidlib
00423f55,Pic_Subsystem_00423f55,sidlib/Kimpic.c,sidlib
00423f9a,Pic_Subsystem_00423f9a,sidlib/Kimpic.c,sidlib
00423fdb,Pic_Subsystem_00423fdb,sidlib/Kimpic.c,sidlib
00424020,Pic_Subsystem_00424020,sidlib/Kimpic.c,sidlib
00424065,Pic_Subsystem_00424065,sidlib/Kimpic.c,sidlib
004240a7,Pic_Subsystem_004240a7,sidlib/Kimpic.c,sidlib
004240ec,Pic_Subsystem_004240ec,sidlib/Kimpic.c,sidlib
00424123,Pic_Subsystem_00424123,sidlib/Kimpic.c,sidlib
00424165,Pic_Subsystem_00424165,sidlib/Kimpic.c,sidlib
004241ae,Pic_Subsystem_004241ae,sidlib/Kimpic.c,sidlib
004241f0,Pic_Subsystem_004241f0,sidlib/Kimpic.c,sidlib
00424282,Pic_Subsystem_00424282,sidlib/Kimpic.c,sidlib
004244a0,Pic_Load_004244a0,sidlib/Kimpic.c,sidlib
00424500,Pic_Subsystem_00424500,sidlib/Kimpic.c,sidlib
0042475a,Pic_Subsystem_0042475a,sidlib/Kimpic.c,sidlib
004248b0,Pic_Load_004248b0,sidlib/Kimpic.c,sidlib
004249a8,Pic_Subsystem_004249a8,sidlib/Kimpic.c,sidlib
00424a1e,Pic_Load_00424a1e,sidlib/Kimpic.c,sidlib
00424aef,Pic_Subsystem_00424aef,sidlib/Kimpic.c,sidlib
00424b1f,Pic_Load_00424b1f,sidlib/Kimpic.c,sidlib
00425ee3,Pic_Subsystem_00425ee3,sidlib/Kimpic.c,sidlib
004262cf,Pic_Subsystem_004262cf,sidlib/Kimpic.c,sidlib
00426518,Pic_Subsystem_00426518,sidlib/Kimpic.c,sidlib
004267c5,Pic_Load_004267c5,sidlib/Kimpic.c,sidlib
0042784d,Pic_Subsystem_0042784d,sidlib/Kimpic.c,sidlib
00427a0a,Pic_Subsystem_00427a0a,sidlib/Kimpic.c,sidlib
00427bcb,Pic_Subsystem_00427bcb,sidlib/Kimpic.c,sidlib
00427e36,Pic_Draw_00427e36,sidlib/Kimpic.c,sidlib
004280cf,Pic_Util_004280cf,sidlib/Kimpic.c,sidlib
00428320,Pic_Subsystem_00428320,sidlib/Kimpic.c,sidlib
0042881e,Pic_Subsystem_0042881e,sidlib/Kimpic.c,sidlib
00428d5a,Pic_Subsystem_00428d5a,sidlib/Kimpic.c,sidlib
00429237,Pic_Subsystem_00429237,sidlib/Kimpic.c,sidlib
004297ed,Pic_Subsystem_004297ed,sidlib/Kimpic.c,sidlib
00429e7d,Pic_Subsystem_00429e7d,sidlib/Kimpic.c,sidlib
0042a0d6,Pic_Subsystem_0042a0d6,sidlib/Kimpic.c,sidlib
0042a1c9,Pic_Load_0042a1c9,sidlib/Kimpic.c,sidlib
0042ac1f,Pic_Subsystem_0042ac1f,sidlib/Kimpic.c,sidlib
0042ae1d,Pic_Subsystem_0042ae1d,sidlib/Kimpic.c,sidlib
0042b5f5,Pic_Subsystem_0042b5f5,sidlib/Kimpic.c,sidlib
0042baae,Pic_Subsystem_0042baae,sidlib/Kimpic.c,sidlib
0042baee,Pic_Subsystem_0042baee,sidlib/Kimpic.c,sidlib
0042bb2e,Pic_Subsystem_0042bb2e,sidlib/Kimpic.c,sidlib
0042bee5,Pic_Subsystem_0042bee5,sidlib/Kimpic.c,sidlib
0042bf45,Pic_Subsystem_0042bf45,sidlib/Kimpic.c,sidlib
0042bfa5,Pic_Subsystem_0042bfa5,sidlib/Kimpic.c,sidlib
0042c92f,Pic_Subsystem_0042c92f,sidlib/Kimpic.c,sidlib
0042ca53,Pic_Subsystem_0042ca53,sidlib/Kimpic.c,sidlib
0042ce63,Pic_Subsystem_0042ce63,sidlib/Kimpic.c,sidlib
0042d64f,Pic_Subsystem_0042d64f,sidlib/Kimpic.c,sidlib
0042db29,Pic_Subsystem_0042db29,sidlib/Kimpic.c,sidlib
0042dd1f,Pic_Subsystem_0042dd1f,sidlib/Kimpic.c,sidlib
0042e2d9,Pic_Subsystem_0042e2d9,sidlib/Kimpic.c,sidlib
0042e80e,Pic_Subsystem_0042e80e,sidlib/Kimpic.c,sidlib
0042e8c0,Pic_Subsystem_0042e8c0,sidlib/Kimpic.c,sidlib
0042ec65,Pic_Subsystem_0042ec65,sidlib/Kimpic.c,sidlib
0042ed9f,Pic_Subsystem_0042ed9f,sidlib/Kimpic.c,sidlib
0042f2f8,Pic_Subsystem_0042f2f8,sidlib/Kimpic.c,sidlib
0042f690,Pic_Subsystem_0042f690,sidlib/Kimpic.c,sidlib
0042f789,Pic_Subsystem_0042f789,sidlib/Kimpic.c,sidlib
0042f87b,Pic_Subsystem_0042f87b,sidlib/Kimpic.c,sidlib
0042fe9a,Pic_Subsystem_0042fe9a,sidlib/Kimpic.c,sidlib
0043001d,Pic_Subsystem_0043001d,sidlib/Kimpic.c,sidlib
004301b4,Pic_Subsystem_004301b4,sidlib/Kimpic.c,sidlib
00430252,Pic_Subsystem_00430252,sidlib/Kimpic.c,sidlib
004305f1,Pic_Subsystem_004305f1,sidlib/Kimpic.c,sidlib
0043070c,Pic_Subsystem_0043070c,sidlib/Kimpic.c,sidlib
00430f0a,Pic_Subsystem_00430f0a,sidlib/Kimpic.c,sidlib
0043143d,Pic_Subsystem_0043143d,sidlib/Kimpic.c,sidlib
004316cc,Pic_Subsystem_004316cc,sidlib/Kimpic.c,sidlib
004319c5,Pic_Subsystem_004319c5,sidlib/Kimpic.c,sidlib
00431ed3,Pic_Subsystem_00431ed3,sidlib/Kimpic.c,sidlib
004325fe,Pic_Subsystem_004325fe,sidlib/Kimpic.c,sidlib
00432b12,Pic_Subsystem_00432b12,sidlib/Kimpic.c,sidlib
00432f70,Pic_Subsystem_00432f70,sidlib/Kimpic.c,sidlib
00433057,Pic_Subsystem_00433057,sidlib/Kimpic.c,sidlib
00433232,Pic_Subsystem_00433232,sidlib/Kimpic.c,sidlib
00433334,Pic_Subsystem_00433334,sidlib/Kimpic.c,sidlib
00433466,Pic_Subsystem_00433466,sidlib/Kimpic.c,sidlib
0043361c,Pic_Subsystem_0043361c,sidlib/Kimpic.c,sidlib
004336f8,Pic_Subsystem_004336f8,sidlib/Kimpic.c,sidlib
00433a9e,Pic_Subsystem_00433a9e,sidlib/Kimpic.c,sidlib
00433b83,Pic_Subsystem_00433b83,sidlib/Kimpic.c,sidlib
00433c62,Pic_Subsystem_00433c62,sidlib/Kimpic.c,sidlib
00433fb5,Pic_Subsystem_00433fb5,sidlib/Kimpic.c,sidlib
0043452e,Pic_Subsystem_0043452e,sidlib/Kimpic.c,sidlib
004345a9,Pic_Subsystem_004345a9,sidlib/Kimpic.c,sidlib
00434b1f,Pic_Subsystem_00434b1f,sidlib/Kimpic.c,sidlib
00434f32,Pic_Subsystem_00434f32,sidlib/Kimpic.c,sidlib
004353b3,Pic_Subsystem_004353b3,sidlib/Kimpic.c,sidlib
00435abf,Pic_Subsystem_00435abf,sidlib/Kimpic.c,sidlib
00436500,Pic_Subsystem_00436500,sidlib/Kimpic.c,sidlib
00436f60,Pic_Subsystem_00436f60,sidlib/Kimpic.c,sidlib
0043793a,Pic_Subsystem_0043793a,sidlib/Kimpic.c,sidlib
00437ac2,Pic_Subsystem_00437ac2,sidlib/Kimpic.c,sidlib
00437df6,Pic_Subsystem_00437df6,sidlib/Kimpic.c,sidlib
0043812a,Pic_Subsystem_0043812a,sidlib/Kimpic.c,sidlib
0043841c,Pic_Subsystem_0043841c,sidlib/Kimpic.c,sidlib
00438893,Pic_Subsystem_00438893,sidlib/Kimpic.c,sidlib
00438995,Pic_Subsystem_00438995,sidlib/Kimpic.c,sidlib
00438ced,Pic_Subsystem_00438ced,sidlib/Kimpic.c,sidlib
00439408,Pic_Subsystem_00439408,sidlib/Kimpic.c,sidlib
004397e3,Pic_Subsystem_004397e3,sidlib/Kimpic.c,sidlib
00439b92,Pic_Subsystem_00439b92,sidlib/Kimpic.c,sidlib
00439d8b,Pic_Subsystem_00439d8b,sidlib/Kimpic.c,sidlib
00439e06,Pic_Subsystem_00439e06,sidlib/Kimpic.c,sidlib
0043a32c,Pic_Subsystem_0043a32c,sidlib/Kimpic.c,sidlib
0043ac68,Pic_Subsystem_0043ac68,sidlib/Kimpic.c,sidlib
0043af93,Pic_Subsystem_0043af93,sidlib/Kimpic.c,sidlib
0043b067,Pic_Subsystem_0043b067,sidlib/Kimpic.c,sidlib
0043b1d7,Pic_Subsystem_0043b1d7,sidlib/Kimpic.c,sidlib
0043b224,Pic_Subsystem_0043b224,sidlib/Kimpic.c,sidlib
0043b424,Pic_Subsystem_0043b424,sidlib/Kimpic.c,sidlib
0043b6eb,Pic_Subsystem_0043b6eb,sidlib/Kimpic.c,sidlib
0043b74e,Pic_Subsystem_0043b74e,sidlib/Kimpic.c,sidlib
0043b7c9,Pic_Subsystem_0043b7c9,sidlib/Kimpic.c,sidlib
0043ba6e,Pic_Subsystem_0043ba6e,sidlib/Kimpic.c,sidlib
0043bad0,Pic_Subsystem_0043bad0,sidlib/Kimpic.c,sidlib
0043bb32,Pic_Subsystem_0043bb32,sidlib/Kimpic.c,sidlib
0043bb94,Pic_Subsystem_0043bb94,sidlib/Kimpic.c,sidlib
0043bbf6,Pic_Subsystem_0043bbf6,sidlib/Kimpic.c,sidlib
0043bc58,Pic_Subsystem_0043bc58,sidlib/Kimpic.c,sidlib
0043bcba,Pic_Subsystem_0043bcba,sidlib/Kimpic.c,sidlib
0043c0b2,Pic_Subsystem_0043c0b2,sidlib/Kimpic.c,sidlib
0043c174,Pic_Subsystem_0043c174,sidlib/Kimpic.c,sidlib
0043c1ab,Pic_Subsystem_0043c1ab,sidlib/Kimpic.c,sidlib
0043c1e2,Pic_Subsystem_0043c1e2,sidlib/Kimpic.c,sidlib
0043c219,Pic_Subsystem_0043c219,sidlib/Kimpic.c,sidlib
0043c250,Pic_Subsystem_0043c250,sidlib/Kimpic.c,sidlib
0043c287,Pic_Subsystem_0043c287,sidlib/Kimpic.c,sidlib
0043c8f5,Pic_Subsystem_0043c8f5,sidlib/Kimpic.c,sidlib
0043d1c3,Pic_Subsystem_0043d1c3,sidlib/Kimpic.c,sidlib
0043da0f,Pic_Subsystem_0043da0f,sidlib/Kimpic.c,sidlib
0043dfbb,Pic_Subsystem_0043dfbb,sidlib/Kimpic.c,sidlib
0043e0f6,Pic_Subsystem_0043e0f6,sidlib/Kimpic.c,sidlib
0043e79c,Pic_Subsystem_0043e79c,sidlib/Kimpic.c,sidlib
0043ebbf,Pic_Subsystem_0043ebbf,sidlib/Kimpic.c,sidlib
0043f19e,Pic_Subsystem_0043f19e,sidlib/Kimpic.c,sidlib
0043f51d,Pic_Subsystem_0043f51d,sidlib/Kimpic.c,sidlib
0043faf7,Pic_Subsystem_0043faf7,sidlib/Kimpic.c,sidlib
0043fd7b,Pic_Subsystem_0043fd7b,sidlib/Kimpic.c,sidlib
0043fdb2,Pic_Subsystem_0043fdb2,sidlib/Kimpic.c,sidlib
0043fde9,Pic_Subsystem_0043fde9,sidlib/Kimpic.c,sidlib
0043fe20,Pic_Subsystem_0043fe20,sidlib/Kimpic.c,sidlib
0043fe57,Pic_Subsystem_0043fe57,sidlib/Kimpic.c,sidlib
0043fe8e,Pic_Subsystem_0043fe8e,sidlib/Kimpic.c,sidlib
00440289,Pic_Subsystem_00440289,sidlib/Kimpic.c,sidlib
0044068c,Pic_Subsystem_0044068c,sidlib/Kimpic.c,sidlib
00440b49,Pic_Subsystem_00440b49,sidlib/Kimpic.c,sidlib
00440db5,Pic_Subsystem_00440db5,sidlib/Kimpic.c,sidlib
00441167,Pic_Subsystem_00441167,sidlib/Kimpic.c,sidlib
004414dc,Pic_Subsystem_004414dc,sidlib/Kimpic.c,sidlib
0044178f,Pic_Subsystem_0044178f,sidlib/Kimpic.c,sidlib
00441a42,Pic_Subsystem_00441a42,sidlib/Kimpic.c,sidlib
00442010,Pic_Subsystem_00442010,sidlib/Kimpic.c,sidlib
004420a1,Pic_Load_004420a1,sidlib/Kimpic.c,sidlib
00443b0c,Pic_Subsystem_00443b0c,sidlib/Kimpic.c,sidlib
00443b63,Pic_Clip_00443b63,sidlib/Kimpic.c,sidlib
004441cc,Pic_Subsystem_004441cc,sidlib/Kimpic.c,sidlib
004450c3,Pic_Load_004450c3,sidlib/Kimpic.c,sidlib
0044559e,Pic_Subsystem_0044559e,sidlib/Kimpic.c,sidlib
004455e3,Pic_Subsystem_004455e3,sidlib/Kimpic.c,sidlib
004458b0,Pic_Subsystem_004458b0,sidlib/Kimpic.c,sidlib
004468dc,Pic_Subsystem_004468dc,sidlib/Kimpic.c,sidlib
00446d52,Pic_Subsystem_00446d52,sidlib/Kimpic.c,sidlib
0044724d,Pic_Subsystem_0044724d,sidlib/Kimpic.c,sidlib
004475a4,Pic_Subsystem_004475a4,sidlib/Kimpic.c,sidlib
00447a1a,Pic_Subsystem_00447a1a,sidlib/Kimpic.c,sidlib
00447b57,Pic_Subsystem_00447b57,sidlib/Kimpic.c,sidlib
004485d6,Pic_Subsystem_004485d6,sidlib/Kimpic.c,sidlib
0044867e,Pic_Subsystem_0044867e,sidlib/Kimpic.c,sidlib
004488a0,Pic_Subsystem_004488a0,sidlib/Kimpic.c,sidlib
0044895f,Pic_Subsystem_0044895f,sidlib/Kimpic.c,sidlib
00448e29,Pic_Subsystem_00448e29,sidlib/Kimpic.c,sidlib
0044913a,Pic_Subsystem_0044913a,sidlib/Kimpic.c,sidlib
00449223,Pic_Subsystem_00449223,sidlib/Kimpic.c,sidlib
0044929c,Pic_Subsystem_0044929c,sidlib/Kimpic.c,sidlib
00449340,Pic_Subsystem_00449340,sidlib/Kimpic.c,sidlib
004494d1,Pic_Subsystem_004494d1,sidlib/Kimpic.c,sidlib
004494ff,Pic_Subsystem_004494ff,sidlib/Kimpic.c,sidlib
00449fbb,Pic_Subsystem_00449fbb,sidlib/Kimpic.c,sidlib
0044a135,Pic_Subsystem_0044a135,sidlib/Kimpic.c,sidlib
0044a402,Pic_Subsystem_0044a402,sidlib/Kimpic.c,sidlib
0044a7cc,Pic_Util_0044a7cc,sidlib/Kimpic.c,sidlib
0044a7e1,Pic_Subsystem_0044a7e1,sidlib/Kimpic.c,sidlib
0044a839,Pic_Subsystem_0044a839,sidlib/Kimpic.c,sidlib
0044a862,Pic_Load_0044a862,sidlib/Kimpic.c,sidlib
0044b26c,Pic_Subsystem_0044b26c,sidlib/Kimpic.c,sidlib
0044b460,Pic_Subsystem_0044b460,sidlib/Kimpic.c,sidlib
0044b839,Pic_Util_0044b839,sidlib/Kimpic.c,sidlib
0044b84b,Pic_Subsystem_0044b84b,sidlib/Kimpic.c,sidlib
0044b8aa,Pic_Subsystem_0044b8aa,sidlib/Kimpic.c,sidlib
0044b8da,Pic_Subsystem_0044b8da,sidlib/Kimpic.c,sidlib
0044b90a,Pic_Subsystem_0044b90a,sidlib/Kimpic.c,sidlib
0044b943,Pic_Util_0044b943,sidlib/Kimpic.c,sidlib
0044b95a,Pic_Util_0044b95a,sidlib/Kimpic.c,sidlib
0044b96c,Pic_Subsystem_0044b96c,sidlib/Kimpic.c,sidlib
0044b9c0,Pic_Subsystem_0044b9c0,sidlib/Kimpic.c,sidlib
0044ba83,Pic_Subsystem_0044ba83,sidlib/Kimpic.c,sidlib
0044bad4,Pic_Subsystem_0044bad4,sidlib/Kimpic.c,sidlib
0044cfe4,Pic_Subsystem_0044cfe4,sidlib/Kimpic.c,sidlib
0044d31a,Pic_Subsystem_0044d31a,sidlib/Kimpic.c,sidlib
0044d58f,Pic_Subsystem_0044d58f,sidlib/Kimpic.c,sidlib
0044d61a,Pic_Subsystem_0044d61a,sidlib/Kimpic.c,sidlib
0044d680,Pic_Subsystem_0044d680,sidlib/Kimpic.c,sidlib
0044da1a,Pic_Util_0044da1a,sidlib/Kimpic.c,sidlib
0044da25,Pic_Subsystem_0044da25,sidlib/Kimpic.c,sidlib
0044e17e,Pic_Subsystem_0044e17e,sidlib/Kimpic.c,sidlib
0044e2e7,Pic_Subsystem_0044e2e7,sidlib/Kimpic.c,sidlib
0044e528,Pic_Subsystem_0044e528,sidlib/Kimpic.c,sidlib
0044e75d,Pic_Subsystem_0044e75d,sidlib/Kimpic.c,sidlib
0044e844,Pic_Util_0044e844,sidlib/Kimpic.c,sidlib
0044e864,Pic_Subsystem_0044e864,sidlib/Kimpic.c,sidlib
0044e9ac,Pic_Subsystem_0044e9ac,sidlib/Kimpic.c,sidlib
0044eb9d,Pic_Subsystem_0044eb9d,sidlib/Kimpic.c,sidlib
0044eca0,Pic_Subsystem_0044eca0,sidlib/Kimpic.c,sidlib
0044edf5,Pic_Subsystem_0044edf5,sidlib/Kimpic.c,sidlib
0044ef03,Pic_Subsystem_0044ef03,sidlib/Kimpic.c,sidlib
0044ef70,Pic_Load_0044ef70,sidlib/Kimpic.c,sidlib
0044f1de,Pic_Subsystem_0044f1de,sidlib/Kimpic.c,sidlib
00450711,Pic_Subsystem_00450711,sidlib/Kimpic.c,sidlib
0045083f,Pic_Subsystem_0045083f,sidlib/Kimpic.c,sidlib
00450975,Pic_Util_00450975,sidlib/Kimpic.c,sidlib
004509a1,Pic_Subsystem_004509a1,sidlib/Kimpic.c,sidlib
004509e8,Pic_Load_004509e8,sidlib/Kimpic.c,sidlib
00451291,Pic_Subsystem_00451291,sidlib/Kimpic.c,sidlib
0045134b,Pic_Subsystem_0045134b,sidlib/Kimpic.c,sidlib
00451a82,Pic_Subsystem_00451a82,sidlib/Kimpic.c,sidlib
00451b1c,Pic_Subsystem_00451b1c,sidlib/Kimpic.c,sidlib
00451cb2,Pic_Subsystem_00451cb2,sidlib/Kimpic.c,sidlib
00451d90,Pic_Subsystem_00451d90,sidlib/Kimpic.c,sidlib
00451e40,Pic_Subsystem_00451e40,sidlib/Kimpic.c,sidlib
0045200d,Pic_Subsystem_0045200d,sidlib/Kimpic.c,sidlib
00452065,Pic_Subsystem_00452065,sidlib/Kimpic.c,sidlib
004520b2,Pic_Subsystem_004520b2,sidlib/Kimpic.c,sidlib
004521a6,Pic_Subsystem_004521a6,sidlib/Kimpic.c,sidlib
00452276,Pic_Subsystem_00452276,sidlib/Kimpic.c,sidlib
004523fd,Pic_Subsystem_004523fd,sidlib/Kimpic.c,sidlib
0045245e,Pic_Subsystem_0045245e,sidlib/Kimpic.c,sidlib
004524db,Pic_Subsystem_004524db,sidlib/Kimpic.c,sidlib
00452551,Pic_Subsystem_00452551,sidlib/Kimpic.c,sidlib
0045268f,Pic_Subsystem_0045268f,sidlib/Kimpic.c,sidlib
00452708,Pic_Subsystem_00452708,sidlib/Kimpic.c,sidlib
0045275a,Pic_Subsystem_0045275a,sidlib/Kimpic.c,sidlib
00452793,Engine_ReportFatalError,sid/Minit.c,sid
004527bc,UI_DrawCombatBanner,sid/Minit.c,sid
0045280c,Minit_Util_0045280c,sid/Minit.c,sid
00452827,Minit_Subsystem_00452827,sid/Minit.c,sid
004528c0,Minit_Subsystem_004528c0,sid/Minit.c,sid
00452ab3,Minit_Subsystem_00452ab3,sid/Minit.c,sid
00452ad9,Minit_Subsystem_00452ad9,sid/Minit.c,sid
00452aff,Minit_Subsystem_00452aff,sid/Minit.c,sid
00452b25,Minit_Subsystem_00452b25,sid/Minit.c,sid
00452b4b,Minit_Subsystem_00452b4b,sid/Minit.c,sid
00452b71,Mana_Init_00452b71,sid/Minit.c,sid
00452e81,Minit_Subsystem_00452e81,sid/Minit.c,sid
00452eab,Minit_Subsystem_00452eab,sid/Minit.c,sid
00452ed5,Minit_Subsystem_00452ed5,sid/Minit.c,sid
00452eff,Minit_Subsystem_00452eff,sid/Minit.c,sid
00452f29,Minit_Subsystem_00452f29,sid/Minit.c,sid
00452f53,Minit_Subsystem_00452f53,sid/Minit.c,sid
00452f7d,Minit_Subsystem_00452f7d,sid/Minit.c,sid
00452fa7,Minit_Subsystem_00452fa7,sid/Minit.c,sid
00452fd1,Minit_Subsystem_00452fd1,sid/Minit.c,sid
00452ffb,Minit_Subsystem_00452ffb,sid/Minit.c,sid
00453025,Minit_Subsystem_00453025,sid/Minit.c,sid
004532f1,Mana_Init_004532f1,sid/Minit.c,sid
0045350d,Minit_Subsystem_0045350d,sid/Minit.c,sid
004537b0,Minit_Subsystem_004537b0,sid/Minit.c,sid
00453c60,Minit_Subsystem_00453c60,sid/Minit.c,sid
00453fdb,Mana_Init_00453fdb,sid/Minit.c,sid
004543d3,Minit_Subsystem_004543d3,sid/Minit.c,sid
004545c7,Minit_Subsystem_004545c7,sid/Minit.c,sid
00454702,Card_Setup_00454702,sid/Minit.c,sid
004549ea,Mana_Init_004549ea,sid/Minit.c,sid
004555c8,Mana_Init_004555c8,sid/Minit.c,sid
00456158,Minit_Subsystem_00456158,sid/Minit.c,sid
00456218,Minit_Subsystem_00456218,sid/Minit.c,sid
004563fa,Minit_Subsystem_004563fa,sid/Minit.c,sid
00456552,Minit_Subsystem_00456552,sid/Minit.c,sid
004565d7,Minit_Subsystem_004565d7,sid/Minit.c,sid
0045672f,Minit_Subsystem_0045672f,sid/Minit.c,sid
00456d10,Minit_Subsystem_00456d10,sid/Minit.c,sid
00456d36,Minit_Subsystem_00456d36,sid/Minit.c,sid
00456d5c,Minit_Subsystem_00456d5c,sid/Minit.c,sid
00456d82,Minit_Subsystem_00456d82,sid/Minit.c,sid
00456da8,Minit_Subsystem_00456da8,sid/Minit.c,sid
00456dce,Minit_Subsystem_00456dce,sid/Minit.c,sid
00456f29,Mana_Init_00456f29,sid/Minit.c,sid
004572aa,Minit_Subsystem_004572aa,sid/Minit.c,sid
00457747,Minit_Subsystem_00457747,sid/Minit.c,sid
00457979,Minit_Subsystem_00457979,sid/Minit.c,sid
00457baf,Minit_Subsystem_00457baf,sid/Minit.c,sid
00457d5b,Minit_Subsystem_00457d5b,sid/Minit.c,sid
00457e67,Minit_Subsystem_00457e67,sid/Minit.c,sid
00458596,Minit_Subsystem_00458596,sid/Minit.c,sid
004586d8,Minit_Subsystem_004586d8,sid/Minit.c,sid
00458895,Minit_Subsystem_00458895,sid/Minit.c,sid
00458c07,Minit_Subsystem_00458c07,sid/Minit.c,sid
00458c6f,Minit_Subsystem_00458c6f,sid/Minit.c,sid
00458cae,Minit_Subsystem_00458cae,sid/Minit.c,sid
004590b4,Card_Setup_004590b4,sid/Minit.c,sid
004592ae,Minit_Subsystem_004592ae,sid/Minit.c,sid
004594d8,Minit_Subsystem_004594d8,sid/Minit.c,sid
004597d4,Minit_Subsystem_004597d4,sid/Minit.c,sid
00459d0a,Minit_Subsystem_00459d0a,sid/Minit.c,sid
0045a120,Minit_Subsystem_0045a120,sid/Minit.c,sid
0045a252,Minit_Subsystem_0045a252,sid/Minit.c,sid
0045a42a,Minit_Subsystem_0045a42a,sid/Minit.c,sid
0045a575,Minit_Subsystem_0045a575,sid/Minit.c,sid
0045a789,Minit_Subsystem_0045a789,sid/Minit.c,sid
0045a825,Minit_Subsystem_0045a825,sid/Minit.c,sid
0045a9ff,Minit_Subsystem_0045a9ff,sid/Minit.c,sid
0045b156,Minit_Subsystem_0045b156,sid/Minit.c,sid
0045b502,Mana_Init_0045b502,sid/Minit.c,sid
0045b7d9,Mana_Init_0045b7d9,sid/Minit.c,sid
0045bc8b,Minit_Subsystem_0045bc8b,sid/Minit.c,sid
0045bd50,Minit_Subsystem_0045bd50,sid/Minit.c,sid
0045c59a,Minit_Subsystem_0045c59a,sid/Minit.c,sid
0045d028,Minit_Subsystem_0045d028,sid/Minit.c,sid
0045d1f0,Minit_Subsystem_0045d1f0,sid/Minit.c,sid
0045d842,Minit_Subsystem_0045d842,sid/Minit.c,sid
0045d88f,Minit_Subsystem_0045d88f,sid/Minit.c,sid
0045d8dc,Minit_Subsystem_0045d8dc,sid/Minit.c,sid
0045dda5,Minit_Subsystem_0045dda5,sid/Minit.c,sid
0045e071,Minit_Subsystem_0045e071,sid/Minit.c,sid
0045e1fc,Minit_Subsystem_0045e1fc,sid/Minit.c,sid
0045e2a5,Minit_Subsystem_0045e2a5,sid/Minit.c,sid
0045e350,Minit_Subsystem_0045e350,sid/Minit.c,sid
0045e372,Minit_Subsystem_0045e372,sid/Minit.c,sid
0045e398,Minit_Subsystem_0045e398,sid/Minit.c,sid
0045e3be,Minit_Subsystem_0045e3be,sid/Minit.c,sid
0045e3e4,Minit_Subsystem_0045e3e4,sid/Minit.c,sid
0045e40a,Minit_Subsystem_0045e40a,sid/Minit.c,sid
0045e430,Mana_Init_0045e430,sid/Minit.c,sid
0045ea5b,Minit_Subsystem_0045ea5b,sid/Minit.c,sid
0045ebe4,Minit_Subsystem_0045ebe4,sid/Minit.c,sid
0045f258,Minit_Subsystem_0045f258,sid/Minit.c,sid
0045f3cb,Minit_Subsystem_0045f3cb,sid/Minit.c,sid
0045f3f1,Minit_Subsystem_0045f3f1,sid/Minit.c,sid
0045f417,Minit_Subsystem_0045f417,sid/Minit.c,sid
0045f43d,Minit_Subsystem_0045f43d,sid/Minit.c,sid
0045f463,Minit_Subsystem_0045f463,sid/Minit.c,sid
0045f489,Minit_Subsystem_0045f489,sid/Minit.c,sid
0045f4af,Minit_Subsystem_0045f4af,sid/Minit.c,sid
0045f682,Minit_Subsystem_0045f682,sid/Minit.c,sid
0045f82b,Minit_Subsystem_0045f82b,sid/Minit.c,sid
0045fdb5,Minit_Subsystem_0045fdb5,sid/Minit.c,sid
0046007c,Minit_Subsystem_0046007c,sid/Minit.c,sid
004603b5,Minit_Subsystem_004603b5,sid/Minit.c,sid
004604e2,Minit_Subsystem_004604e2,sid/Minit.c,sid
004605e4,Minit_Subsystem_004605e4,sid/Minit.c,sid
00460a22,Minit_Subsystem_00460a22,sid/Minit.c,sid
00460bfa,Minit_Subsystem_00460bfa,sid/Minit.c,sid
00461041,Minit_Subsystem_00461041,sid/Minit.c,sid
004611f4,Minit_Subsystem_004611f4,sid/Minit.c,sid
00461390,Minit_Subsystem_00461390,sid/Minit.c,sid
004617ad,Minit_Subsystem_004617ad,sid/Minit.c,sid
00461ba1,Minit_Subsystem_00461ba1,sid/Minit.c,sid
00461f3e,Minit_Subsystem_00461f3e,sid/Minit.c,sid
004620c3,Minit_Subsystem_004620c3,sid/Minit.c,sid
0046228f,Minit_Subsystem_0046228f,sid/Minit.c,sid
004622d9,Minit_Subsystem_004622d9,sid/Minit.c,sid
004626d2,Minit_Subsystem_004626d2,sid/Minit.c,sid
00462a0a,Minit_Subsystem_00462a0a,sid/Minit.c,sid
00462d1e,Minit_Subsystem_00462d1e,sid/Minit.c,sid
00462f7e,Minit_Subsystem_00462f7e,sid/Minit.c,sid
00463723,Minit_Subsystem_00463723,sid/Minit.c,sid
00463c10,Minit_Subsystem_00463c10,sid/Minit.c,sid
00463cd1,Minit_Subsystem_00463cd1,sid/Minit.c,sid
00463ef0,Minit_Subsystem_00463ef0,sid/Minit.c,sid
0046410a,Minit_Subsystem_0046410a,sid/Minit.c,sid
0046458f,Minit_Subsystem_0046458f,sid/Minit.c,sid
00464723,Minit_Subsystem_00464723,sid/Minit.c,sid
00464b28,Minit_Subsystem_00464b28,sid/Minit.c,sid
00464b4e,Minit_Subsystem_00464b4e,sid/Minit.c,sid
00464b74,Minit_Subsystem_00464b74,sid/Minit.c,sid
00464fcd,Minit_Subsystem_00464fcd,sid/Minit.c,sid
00465165,Minit_Subsystem_00465165,sid/Minit.c,sid
00465602,Minit_Subsystem_00465602,sid/Minit.c,sid
004659d9,Minit_Subsystem_004659d9,sid/Minit.c,sid
00465a19,Minit_Subsystem_00465a19,sid/Minit.c,sid
00465a75,Minit_Subsystem_00465a75,sid/Minit.c,sid
00465e9c,Minit_Subsystem_00465e9c,sid/Minit.c,sid
004662e2,Minit_Subsystem_004662e2,sid/Minit.c,sid
00466541,Minit_Subsystem_00466541,sid/Minit.c,sid
0046695e,Card_Setup_0046695e,sid/Minit.c,sid
00466abb,Minit_Subsystem_00466abb,sid/Minit.c,sid
00466d29,Minit_Subsystem_00466d29,sid/Minit.c,sid
00466f5c,Minit_Subsystem_00466f5c,sid/Minit.c,sid
0046709c,Player_Init_0046709c,sid/Minit.c,sid
0046736a,Minit_Subsystem_0046736a,sid/Minit.c,sid
0046746c,Minit_Subsystem_0046746c,sid/Minit.c,sid
0046758c,Minit_Subsystem_0046758c,sid/Minit.c,sid
004677ae,Minit_Subsystem_004677ae,sid/Minit.c,sid
00467880,Minit_Subsystem_00467880,sid/Minit.c,sid
0046799f,Minit_Subsystem_0046799f,sid/Minit.c,sid
00467a68,Card_Setup_00467a68,sid/Minit.c,sid
0046aa75,FUN_0046aa75,unattributed/magic_core.c,unattributed
0046ab25,FUN_0046ab25,unattributed/magic_core.c,unattributed
0046ad4a,FUN_0046ad4a,unattributed/magic_core.c,unattributed
0046adbc,FUN_0046adbc,unattributed/magic_core.c,unattributed
0046b04a,FUN_0046b04a,unattributed/magic_core.c,unattributed
0046b3e6,FUN_0046b3e6,unattributed/magic_core.c,unattributed
0046b41c,FUN_0046b41c,unattributed/magic_core.c,unattributed
0046b4bb,Mem_AllocOrFree_0046b4bb,unattributed/magic_core.c,unattributed
0046b4db,FUN_0046b4db,unattributed/magic_core.c,unattributed
0046b887,FUN_0046b887,unattributed/magic_core.c,unattributed
0046b92b,Mem_AllocOrFree_0046b92b,unattributed/magic_core.c,unattributed
0046ba19,FUN_0046ba19,unattributed/magic_core.c,unattributed
0046bb29,FUN_0046bb29,unattributed/magic_core.c,unattributed
0046bbab,FUN_0046bbab,unattributed/magic_core.c,unattributed
0046bc2f,FUN_0046bc2f,unattributed/magic_core.c,unattributed
0046bc92,FUN_0046bc92,unattributed/magic_core.c,unattributed
0046bcc0,FUN_0046bcc0,unattributed/magic_core.c,unattributed
0046bf31,FUN_0046bf31,unattributed/magic_core.c,unattributed
0046bfc2,FUN_0046bfc2,unattributed/magic_core.c,unattributed
0046c09f,FUN_0046c09f,unattributed/magic_core.c,unattributed
0046c1b3,FUN_0046c1b3,unattributed/magic_core.c,unattributed
0046c203,FUN_0046c203,unattributed/magic_core.c,unattributed
0046c4b5,FUN_0046c4b5,unattributed/magic_core.c,unattributed
0046c54b,FUN_0046c54b,unattributed/magic_core.c,unattributed
0046c636,FUN_0046c636,unattributed/magic_core.c,unattributed
0046c6e5,FUN_0046c6e5,unattributed/magic_core.c,unattributed
0046c859,FUN_0046c859,unattributed/magic_core.c,unattributed
0046c8b0,Castle_Process_0046c8b0,unattributed/magic_core.c,unattributed
0046d333,Sprite_Load_BK_AMG_0046d333,unattributed/magic_core.c,unattributed
0046e70d,FUN_0046e70d,unattributed/magic_core.c,unattributed
0046e77a,FUN_0046e77a,unattributed/magic_core.c,unattributed
0046e922,FUN_0046e922,unattributed/magic_core.c,unattributed
0046e960,FUN_0046e960,unattributed/magic_core.c,unattributed
0046ed22,FUN_0046ed22,unattributed/magic_core.c,unattributed
0046f172,FUN_0046f172,unattributed/magic_core.c,unattributed
0046f21e,FUN_0046f21e,unattributed/magic_core.c,unattributed
0046f300,FUN_0046f300,unattributed/magic_core.c,unattributed
0046f5d1,FUN_0046f5d1,unattributed/magic_core.c,unattributed
0046fa40,Prompts_Load_0046fa40,unattributed/magic_core.c,unattributed
0046fe86,FUN_0046fe86,unattributed/magic_core.c,unattributed
0046ff50,FUN_0046ff50,unattributed/magic_core.c,unattributed
00470b36,FUN_00470b36,unattributed/magic_core.c,unattributed
00470ea3,FUN_00470ea3,unattributed/magic_core.c,unattributed
0047103b,FUN_0047103b,unattributed/magic_core.c,unattributed
00471971,FUN_00471971,unattributed/magic_core.c,unattributed
00471aba,FUN_00471aba,unattributed/magic_core.c,unattributed
00471bc0,FUN_00471bc0,unattributed/magic_core.c,unattributed
00471c32,FUN_00471c32,unattributed/magic_core.c,unattributed
00471ca4,FUN_00471ca4,unattributed/magic_core.c,unattributed
00471d16,FUN_00471d16,unattributed/magic_core.c,unattributed
00472616,FUN_00472616,unattributed/magic_core.c,unattributed
004726c5,FUN_004726c5,unattributed/magic_core.c,unattributed
004728c3,FUN_004728c3,unattributed/magic_core.c,unattributed
00472905,FUN_00472905,unattributed/magic_core.c,unattributed
00472a0a,FUN_00472a0a,unattributed/magic_core.c,unattributed
00472b91,FUN_00472b91,unattributed/magic_core.c,unattributed
00472c0c,FUN_00472c0c,unattributed/magic_core.c,unattributed
00472e08,FUN_00472e08,unattributed/magic_core.c,unattributed
00472f0c,FUN_00472f0c,unattributed/magic_core.c,unattributed
00472fae,FUN_00472fae,unattributed/magic_core.c,unattributed
00473179,FUN_00473179,unattributed/magic_core.c,unattributed
00473cc5,FUN_00473cc5,unattributed/magic_core.c,unattributed
00473d7e,Mem_AllocOrFree_00473d7e,unattributed/magic_core.c,unattributed
00473d98,FUN_00473d98,unattributed/magic_core.c,unattributed
00473e69,FUN_00473e69,unattributed/magic_core.c,unattributed
00473f06,Magic_ScanCards,sid/Magic.c,sid
00474266,Magic_TriggerCardEvent,sid/Magic.c,sid
00474389,Magic_ResolveSpellStack,sid/Magic.c,sid
00474428,Magic_PayManaCost,sid/Magic.c,sid
004744de,Magic_TapCardForMana,sid/Magic.c,sid
00474588,Magic_UntapTurnPhase,sid/Magic.c,sid
00474939,Magic_CheckTurnTriggers,sid/Magic.c,sid
0047496b,Magic_UpkeepPhase,sid/Magic.c,sid
00474c7f,Magic_DrawCardPhase,sid/Magic.c,sid
00474d0e,FUN_00474d0e,sid/Magic.c,sid
00474d1e,Mem_AllocOrFree_00474d1e,sid/Magic.c,sid
00474d4a,FUN_00474d4a,sid/Magic.c,sid
00474d7d,Magic_MainTurnPhase,sid/Magic.c,sid
004751d7,Magic_CombatPhase,sid/Magic.c,sid
004755fd,FUN_004755fd,sid/Magic.c,sid
004756a1,Magic_EndTurnPhase,sid/Magic.c,sid
00475bb0,Magic_DiscardToHandSize,sid/Magic.c,sid
00475c61,Mem_AllocOrFree_00475c61,sid/Magic.c,sid
00475c8a,FUN_00475c8a,sid/Magic.c,sid
00475d64,Magic_CleanupPhase,sid/Magic.c,sid
00476205,FUN_00476205,sid/Magic.c,sid
0047624f,FUN_0047624f,sid/Magic.c,sid
0047643e,FUN_0047643e,sid/Magic.c,sid
00476482,FUN_00476482,sid/Magic.c,sid
00476510,FUN_00476510,sid/Magic.c,sid
00476675,FUN_00476675,sid/Magic.c,sid
004767ee,FUN_004767ee,sid/Magic.c,sid
004769c4,FUN_004769c4,sid/Magic.c,sid
00476a80,FUN_00476a80,sid/Magic.c,sid
00476b0e,FUN_00476b0e,sid/Magic.c,sid
00476c77,FUN_00476c77,sid/Magic.c,sid
00476e60,Prompts_Load_00476e60,sid/Magic.c,sid
004770bc,FUN_004770bc,sid/Magic.c,sid
004771fa,UI_Register_WINBK_TellUser_004771fa,sid/Magic.c,sid
00477d73,FUN_00477d73,sid/Magic.c,sid
00478163,FUN_00478163,sid/Magic.c,sid
0047820f,FUN_0047820f,sid/Magic.c,sid
00478370,FUN_00478370,sid/Magic.c,sid
0047865c,FUN_0047865c,sid/Magic.c,sid
004786f3,FUN_004786f3,sid/Magic.c,sid
00478763,FUN_00478763,sid/Magic.c,sid
0047884f,FUN_0047884f,sid/Magic.c,sid
004788e0,FUN_004788e0,sid/Magic.c,sid
00478a56,FUN_00478a56,sid/Magic.c,sid
00478aa4,FUN_00478aa4,sid/Magic.c,sid
00478b20,UI_CreateWindow_00478b20,sid/Magic.c,sid
00478bd5,FUN_00478bd5,sid/Magic.c,sid
00478c08,UI_WndProc_00478c08,sid/Magic.c,sid
00479d16,FUN_00479d16,sid/Magic.c,sid
00479dac,FUN_00479dac,sid/Magic.c,sid
00479e3f,FUN_00479e3f,sid/Magic.c,sid
00479fb0,Mem_AllocOrFree_00479fb0,sid/Magic.c,sid
00479fdc,Mem_AllocOrFree_00479fdc,sid/Magic.c,sid
00479ff9,FUN_00479ff9,sid/Magic.c,sid
0047a2e6,Sprite_Load_begin_0047a2e6,sid/Magic.c,sid
0047a94c,FUN_0047a94c,sid/Magic.c,sid
0047aa4a,Sound_LoadWav_x_sound_button2_0047aa4a,sid/Magic.c,sid
0047aa7c,FUN_0047aa7c,sid/Magic.c,sid
0047abf1,Pic_Load_menu2_hi_0047abf1,sid/Magic.c,sid
0047afa2,FUN_0047afa2,sid/Magic.c,sid
0047b097,Sound_LoadWav_x_sound_button2_0047b097,sid/Magic.c,sid
0047b0c9,FUN_0047b0c9,sid/Magic.c,sid
0047b208,Pic_Load_menu3_but1_0047b208,sid/Magic.c,sid
0047b616,FUN_0047b616,sid/Magic.c,sid
0047b70b,Sound_LoadWav_x_sound_button2_0047b70b,sid/Magic.c,sid
0047b73d,FUN_0047b73d,sid/Magic.c,sid
0047b899,Sprite_Load__16faces_0047b899,sid/Magic.c,sid
0047bcf1,FUN_0047bcf1,sid/Magic.c,sid
0047be64,Pic_Load_namepick_0047be64,sid/Magic.c,sid
0047c080,FUN_0047c080,sid/Magic.c,sid
0047c175,Sound_LoadWav_x_sound_button2_0047c175,sid/Magic.c,sid
0047c1a7,Sprite_Load__16faces_0047c1a7,sid/Magic.c,sid
0047c1fe,Pic_Load_advfac64_0047c1fe,sid/Magic.c,sid
0047c2fd,FUN_0047c2fd,sid/Magic.c,sid
0047c360,FUN_0047c360,sid/Magic.c,sid
0047c640,UI_Register_sPoison_0047c640,sid/Magic.c,sid
0047c734,FUN_0047c734,sid/Magic.c,sid
0047c7aa,UI_WndProc_0047c7aa,sid/Magic.c,sid
0047d3cf,FUN_0047d3cf,sid/Magic.c,sid
0047d40e,FUN_0047d40e,sid/Magic.c,sid
0047d460,UI_Register_WINBK_Attack_0047d460,sid/Magic.c,sid
0047d85c,FUN_0047d85c,sid/Magic.c,sid
0047da80,UI_Register_MAGICGAME_CardClass_0047da80,sid/Magic.c,sid
00481491,FUN_00481491,unattributed/magic_core.c,unattributed
00481586,FUN_00481586,unattributed/magic_core.c,unattributed
0048201a,FUN_0048201a,unattributed/magic_core.c,unattributed
0048225c,FUN_0048225c,unattributed/magic_core.c,unattributed
004822b7,UI_WndProc_004822b7,unattributed/magic_core.c,unattributed
00482d6f,FUN_00482d6f,unattributed/magic_core.c,unattributed
00482dd6,UI_WndProc_00482dd6,unattributed/magic_core.c,unattributed
00483139,FUN_00483139,unattributed/magic_core.c,unattributed
004833e9,FUN_004833e9,unattributed/magic_core.c,unattributed
00483590,FUN_00483590,unattributed/magic_core.c,unattributed
0048365c,FUN_0048365c,unattributed/magic_core.c,unattributed
0048369c,Pic_Load_combat2_0048369c,unattributed/magic_core.c,unattributed
00484668,FUN_00484668,unattributed/magic_core.c,unattributed
00484691,FUN_00484691,unattributed/magic_core.c,unattributed
00484738,Sprite_Load_dungbutt_00484738,unattributed/magic_core.c,unattributed
00484c45,FUN_00484c45,unattributed/magic_core.c,unattributed
00484df9,FUN_00484df9,unattributed/magic_core.c,unattributed
00484e2d,FUN_00484e2d,unattributed/magic_core.c,unattributed
00484ebb,Mem_AllocOrFree_00484ebb,unattributed/magic_core.c,unattributed
00484ecd,FUN_00484ecd,unattributed/magic_core.c,unattributed
00485005,FUN_00485005,unattributed/magic_core.c,unattributed
00485040,FUN_00485040,unattributed/magic_core.c,unattributed
00485229,Mem_AllocOrFree_00485229,unattributed/magic_core.c,unattributed
00485234,FUN_00485234,unattributed/magic_core.c,unattributed
004853c2,FUN_004853c2,unattributed/magic_core.c,unattributed
004854a4,FUN_004854a4,unattributed/magic_core.c,unattributed
00485605,FUN_00485605,unattributed/magic_core.c,unattributed
004856b0,Dungeon_Process_004856b0,unattributed/magic_core.c,unattributed
00488f92,FUN_00488f92,unattributed/magic_core.c,unattributed
00488fdb,FUN_00488fdb,unattributed/magic_core.c,unattributed
00489188,Pic_Load_advfac64_00489188,unattributed/magic_core.c,unattributed
00489630,FUN_00489630,unattributed/magic_core.c,unattributed
00489690,Mem_AllocOrFree_00489690,unattributed/magic_core.c,unattributed
004896be,FUN_004896be,unattributed/magic_core.c,unattributed
00489710,FUN_00489710,unattributed/magic_core.c,unattributed
00489748,FUN_00489748,unattributed/magic_core.c,unattributed
00489c9c,FUN_00489c9c,unattributed/magic_core.c,unattributed
0048a1ba,FUN_0048a1ba,unattributed/magic_core.c,unattributed
0048a2a5,FUN_0048a2a5,unattributed/magic_core.c,unattributed
0048a338,FUN_0048a338,unattributed/magic_core.c,unattributed
0048a3cc,FUN_0048a3cc,unattributed/magic_core.c,unattributed
0048a6ef,FUN_0048a6ef,unattributed/magic_core.c,unattributed
0048ac2f,FUN_0048ac2f,unattributed/magic_core.c,unattributed
0048aee0,FUN_0048aee0,unattributed/magic_core.c,unattributed
0048b950,FUN_0048b950,unattributed/magic_core.c,unattributed
0048bba0,FUN_0048bba0,unattributed/magic_core.c,unattributed
0048bda1,FUN_0048bda1,unattributed/magic_core.c,unattributed
0048be80,FUN_0048be80,unattributed/magic_core.c,unattributed
0048c070,FUN_0048c070,unattributed/magic_core.c,unattributed
0048c6d0,FUN_0048c6d0,unattributed/magic_core.c,unattributed
0048c72a,FUN_0048c72a,unattributed/magic_core.c,unattributed
0048c8b2,FUN_0048c8b2,unattributed/magic_core.c,unattributed
0048c970,FUN_0048c970,unattributed/magic_core.c,unattributed
0048caaf,FUN_0048caaf,unattributed/magic_core.c,unattributed
0048caf4,FUN_0048caf4,unattributed/magic_core.c,unattributed
0048cb40,FUN_0048cb40,unattributed/magic_core.c,unattributed
0048cdf5,Mem_AllocOrFree_0048cdf5,unattributed/magic_core.c,unattributed
0048ce07,FUN_0048ce07,unattributed/magic_core.c,unattributed
0048d087,FUN_0048d087,unattributed/magic_core.c,unattributed
0048d259,FUN_0048d259,unattributed/magic_core.c,unattributed
0048e01d,FUN_0048e01d,unattributed/magic_core.c,unattributed
0048e0a1,FUN_0048e0a1,unattributed/magic_core.c,unattributed
0048e0ee,Mem_AllocOrFree_0048e0ee,unattributed/magic_core.c,unattributed
0048e108,Mem_AllocOrFree_0048e108,unattributed/magic_core.c,unattributed
0048e122,FUN_0048e122,unattributed/magic_core.c,unattributed
0048e1bf,FUN_0048e1bf,unattributed/magic_core.c,unattributed
0048e2b0,FUN_0048e2b0,unattributed/magic_core.c,unattributed
0048e306,FUN_0048e306,unattributed/magic_core.c,unattributed
0048ea81,FUN_0048ea81,unattributed/magic_core.c,unattributed
0048eadc,FUN_0048eadc,unattributed/magic_core.c,unattributed
0048ec68,Sound_LoadWav_x_sound_button2_0048ec68,unattributed/magic_core.c,unattributed
0048ec9a,FUN_0048ec9a,unattributed/magic_core.c,unattributed
0048ed04,FUN_0048ed04,unattributed/magic_core.c,unattributed
0048edeb,FUN_0048edeb,unattributed/magic_core.c,unattributed
0048ee42,FUN_0048ee42,unattributed/magic_core.c,unattributed
0048efc7,FUN_0048efc7,unattributed/magic_core.c,unattributed
0048f0ae,FUN_0048f0ae,unattributed/magic_core.c,unattributed
0048f224,FUN_0048f224,unattributed/magic_core.c,unattributed
0048f343,Sound_LoadWav_x_sound_button2_0048f343,unattributed/magic_core.c,unattributed
0048f375,FUN_0048f375,unattributed/magic_core.c,unattributed
0048f523,Castle_Process_0048f523,unattributed/magic_core.c,unattributed
0049094c,FUN_0049094c,unattributed/magic_core.c,unattributed
004909a0,FUN_004909a0,unattributed/magic_core.c,unattributed
004909d3,FUN_004909d3,unattributed/magic_core.c,unattributed
00490ae2,FUN_00490ae2,unattributed/magic_core.c,unattributed
00490c01,Sound_LoadWav_x_sound_button2_00490c01,unattributed/magic_core.c,unattributed
00490c33,FUN_00490c33,unattributed/magic_core.c,unattributed
00490d49,Sound_LoadWav_x_sound_button2_00490d49,unattributed/magic_core.c,unattributed
00490d7b,Town_Process_00490d7b,unattributed/magic_core.c,unattributed
00491d8f,Castle_Process_00491d8f,unattributed/magic_core.c,unattributed
004922dc,FUN_004922dc,unattributed/magic_core.c,unattributed
0049239e,Action_PromptTarget_0049239e,unattributed/magic_core.c,unattributed
00492cb1,FUN_00492cb1,unattributed/magic_core.c,unattributed
00492ddf,Castle_Process_00492ddf,unattributed/magic_core.c,unattributed
004938e0,Catalog_Open,NedCard/Catalog.c,NedCard
00493b2c,Catalog_Close,NedCard/Catalog.c,NedCard
00493bea,Catalog_CompareEntryHash,NedCard/Catalog.c,NedCard
00493c3a,Catalog_FindEntry,NedCard/Catalog.c,NedCard
00493cb6,Catalog_ReadFile,NedCard/Catalog.c,NedCard
00493d62,Catalog_ComputeFilenameHash,NedCard/Catalog.c,NedCard
00493e50,ColorOctree_AllocNode,NedCard/Catalog.c,NedCard
00493e70,Catalog_LoadPaletteMap,NedCard/Catalog.c,NedCard
00494080,Palette_InitSquareDistanceTable,NedCard/Catalog.c,NedCard
004940c0,ColorOctree_CollectLeaves,NedCard/Catalog.c,NedCard
00494120,ColorOctree_BuildClusters,NedCard/Catalog.c,NedCard
00494200,ColorOctree_InsertColor,NedCard/Catalog.c,NedCard
004942a0,ColorOctree_FreeTree,NedCard/Catalog.c,NedCard
00494310,Color_QuantizeRGBToPalette,NedCard/Catalog.c,NedCard
00494380,Palette_BuildFastColorLookup,NedCard/Catalog.c,NedCard
004943f0,Color_FindNearestRGB,NedCard/Catalog.c,NedCard
00494540,Color_FindNearestPaletteIndex,NedCard/Catalog.c,NedCard
00494690,ColorOctree_Flatten,NedCard/Catalog.c,NedCard
004946f0,Palette_RemapBitmapRGB,NedCard/Catalog.c,NedCard
00494820,Palette_DitherBitmapRGB,NedCard/Catalog.c,NedCard
00494c00,Palette_RotateDitherBuffers,NedCard/Catalog.c,NedCard
00494c30,Palette_AllocErrorDiffusionTable,NedCard/Palette.c,NedCard
004950b0,Palette_DitherScanline,NedCard/Palette.c,NedCard
00495410,Palette_Util_00495410,NedCard/Palette.c,NedCard
00495430,Palette_Color_00495430,NedCard/Palette.c,NedCard
00495829,Palette_Subsystem_00495829,NedCard/Palette.c,NedCard
004958b1,Palette_Subsystem_004958b1,NedCard/Palette.c,NedCard
00495958,Palette_Subsystem_00495958,NedCard/Palette.c,NedCard
00495cde,Palette_Subsystem_00495cde,NedCard/Palette.c,NedCard
00495eec,Palette_Subsystem_00495eec,NedCard/Palette.c,NedCard
0049608e,Palette_Subsystem_0049608e,NedCard/Palette.c,NedCard
00496230,Palette_Subsystem_00496230,NedCard/Palette.c,NedCard
00496332,Palette_Util_00496332,NedCard/Palette.c,NedCard
0049635c,Palette_Subsystem_0049635c,NedCard/Palette.c,NedCard
004963e7,Palette_Subsystem_004963e7,NedCard/Palette.c,NedCard
00496497,Palette_Subsystem_00496497,NedCard/Palette.c,NedCard
004966a0,Palette_Subsystem_004966a0,NedCard/Palette.c,NedCard
00496ccf,Palette_Subsystem_00496ccf,NedCard/Palette.c,NedCard
00496d20,Palette_Util_00496d20,NedCard/Palette.c,NedCard
00496d30,Palette_Subsystem_00496d30,NedCard/Palette.c,NedCard
00496eaf,Palette_Subsystem_00496eaf,NedCard/Palette.c,NedCard
00496f10,Palette_Subsystem_00496f10,NedCard/Palette.c,NedCard
00496f60,Palette_Subsystem_00496f60,NedCard/Palette.c,NedCard
00496fa4,Palette_Subsystem_00496fa4,NedCard/Palette.c,NedCard
0049713c,Palette_Subsystem_0049713c,NedCard/Palette.c,NedCard
0049716e,Palette_Color_0049716e,NedCard/Palette.c,NedCard
004981b5,Palette_Subsystem_004981b5,NedCard/Palette.c,NedCard
004989a9,Palette_Subsystem_004989a9,NedCard/Palette.c,NedCard
00498a18,Palette_Subsystem_00498a18,NedCard/Palette.c,NedCard
00499720,Palette_Subsystem_00499720,NedCard/Palette.c,NedCard
004997b8,Palette_Subsystem_004997b8,NedCard/Palette.c,NedCard
004997e6,Palette_Subsystem_004997e6,NedCard/Palette.c,NedCard
0049ae00,Palette_Color_0049ae00,NedCard/Palette.c,NedCard
0049b8f5,Palette_Subsystem_0049b8f5,NedCard/Palette.c,NedCard
0049c107,Palette_Subsystem_0049c107,NedCard/Palette.c,NedCard
0049c3ac,Palette_Subsystem_0049c3ac,NedCard/Palette.c,NedCard
0049c6cb,Palette_Subsystem_0049c6cb,NedCard/Palette.c,NedCard
0049c7c7,Palette_Subsystem_0049c7c7,NedCard/Palette.c,NedCard
0049d843,Palette_Subsystem_0049d843,NedCard/Palette.c,NedCard
0049da83,Palette_Subsystem_0049da83,NedCard/Palette.c,NedCard
0049dc11,Palette_Subsystem_0049dc11,NedCard/Palette.c,NedCard
0049dcd5,Palette_Subsystem_0049dcd5,NedCard/Palette.c,NedCard
0049ddaa,Palette_Subsystem_0049ddaa,NedCard/Palette.c,NedCard
0049dfb1,Palette_Subsystem_0049dfb1,NedCard/Palette.c,NedCard
0049e291,Palette_Subsystem_0049e291,NedCard/Palette.c,NedCard
0049e53b,Palette_Subsystem_0049e53b,NedCard/Palette.c,NedCard
0049e5bc,Palette_Subsystem_0049e5bc,NedCard/Palette.c,NedCard
0049ebf6,Palette_Subsystem_0049ebf6,NedCard/Palette.c,NedCard
0049eda9,Palette_Subsystem_0049eda9,NedCard/Palette.c,NedCard
0049f8cd,Palette_Subsystem_0049f8cd,NedCard/Palette.c,NedCard
0049fb63,Palette_Subsystem_0049fb63,NedCard/Palette.c,NedCard
0049fee7,Palette_Subsystem_0049fee7,NedCard/Palette.c,NedCard
004a00d1,Palette_Subsystem_004a00d1,NedCard/Palette.c,NedCard
004a023a,Palette_Subsystem_004a023a,NedCard/Palette.c,NedCard
004a0392,Palette_Subsystem_004a0392,NedCard/Palette.c,NedCard
004a0466,Palette_Subsystem_004a0466,NedCard/Palette.c,NedCard
004a068a,Palette_Subsystem_004a068a,NedCard/Palette.c,NedCard
004a080b,Palette_Subsystem_004a080b,NedCard/Palette.c,NedCard
004a09c9,Palette_Subsystem_004a09c9,NedCard/Palette.c,NedCard
004a0d00,Palette_Subsystem_004a0d00,NedCard/Palette.c,NedCard
004a0f97,Palette_Subsystem_004a0f97,NedCard/Palette.c,NedCard
004a11fa,Palette_Subsystem_004a11fa,NedCard/Palette.c,NedCard
004a13b7,Palette_Subsystem_004a13b7,NedCard/Palette.c,NedCard
004a155f,Palette_Subsystem_004a155f,NedCard/Palette.c,NedCard
004a1b64,Palette_Subsystem_004a1b64,NedCard/Palette.c,NedCard
004a1e09,Palette_Subsystem_004a1e09,NedCard/Palette.c,NedCard
004a2401,Palette_Subsystem_004a2401,NedCard/Palette.c,NedCard
004a26f8,Palette_Subsystem_004a26f8,NedCard/Palette.c,NedCard
004a277f,Palette_Subsystem_004a277f,NedCard/Palette.c,NedCard
004a2806,Palette_Subsystem_004a2806,NedCard/Palette.c,NedCard
004a289f,Palette_Subsystem_004a289f,NedCard/Palette.c,NedCard
004a29c5,Palette_Subsystem_004a29c5,NedCard/Palette.c,NedCard
004a2a5b,Palette_Subsystem_004a2a5b,NedCard/Palette.c,NedCard
004a2aa3,Palette_Subsystem_004a2aa3,NedCard/Palette.c,NedCard
004a2b7e,Palette_Subsystem_004a2b7e,NedCard/Palette.c,NedCard
004a2dce,Palette_Subsystem_004a2dce,NedCard/Palette.c,NedCard
004a2edc,Palette_Util_004a2edc,NedCard/Palette.c,NedCard
004a2ef0,Palette_Subsystem_004a2ef0,NedCard/Palette.c,NedCard
004a41fd,Palette_Subsystem_004a41fd,NedCard/Palette.c,NedCard
004a4760,Palette_Subsystem_004a4760,NedCard/Palette.c,NedCard
004a486f,Palette_Subsystem_004a486f,NedCard/Palette.c,NedCard
004a4a47,Palette_Subsystem_004a4a47,NedCard/Palette.c,NedCard
004a554b,Palette_Subsystem_004a554b,NedCard/Palette.c,NedCard
004a5586,Palette_Subsystem_004a5586,NedCard/Palette.c,NedCard
004a5603,Palette_Subsystem_004a5603,NedCard/Palette.c,NedCard
004a5722,Palette_Subsystem_004a5722,NedCard/Palette.c,NedCard
004a5e4c,Palette_Subsystem_004a5e4c,NedCard/Palette.c,NedCard
004a5f7c,Palette_Subsystem_004a5f7c,NedCard/Palette.c,NedCard
004a5fdc,Palette_Subsystem_004a5fdc,NedCard/Palette.c,NedCard
004a6018,Palette_Subsystem_004a6018,NedCard/Palette.c,NedCard
004a610e,Palette_Subsystem_004a610e,NedCard/Palette.c,NedCard
004a62a0,Palette_Subsystem_004a62a0,NedCard/Palette.c,NedCard
004a6370,Palette_Subsystem_004a6370,NedCard/Palette.c,NedCard
004a69c8,Palette_Subsystem_004a69c8,NedCard/Palette.c,NedCard
004a6d20,Palette_Subsystem_004a6d20,NedCard/Palette.c,NedCard
004a6eb8,Palette_Subsystem_004a6eb8,NedCard/Palette.c,NedCard
004a6fef,Palette_Subsystem_004a6fef,NedCard/Palette.c,NedCard
004a75bd,Palette_Subsystem_004a75bd,NedCard/Palette.c,NedCard
004a7650,Palette_Subsystem_004a7650,NedCard/Palette.c,NedCard
004a771b,Palette_Subsystem_004a771b,NedCard/Palette.c,NedCard
004a7814,Palette_Subsystem_004a7814,NedCard/Palette.c,NedCard
004a7a25,Palette_Subsystem_004a7a25,NedCard/Palette.c,NedCard
004a7bcd,Palette_Subsystem_004a7bcd,NedCard/Palette.c,NedCard
004a7d05,Palette_Subsystem_004a7d05,NedCard/Palette.c,NedCard
004a7e3c,Palette_Subsystem_004a7e3c,NedCard/Palette.c,NedCard
004a7f2a,Palette_Subsystem_004a7f2a,NedCard/Palette.c,NedCard
004a8111,Palette_Subsystem_004a8111,NedCard/Palette.c,NedCard
004a8d46,Palette_Subsystem_004a8d46,NedCard/Palette.c,NedCard
004a8fd8,Palette_Subsystem_004a8fd8,NedCard/Palette.c,NedCard
004a9137,Palette_Subsystem_004a9137,NedCard/Palette.c,NedCard
004a99a0,Palette_Subsystem_004a99a0,NedCard/Palette.c,NedCard
004aa830,Ai_SaveGameState,sid/Ai.c,sid
004aaaea,Ai_RestoreGameState,sid/Ai.c,sid
004aad61,Ai_PushBoardState,sid/Ai.c,sid
004aafa8,Ai_PopBoardState,sid/Ai.c,sid
004ab1ef,Ai_ResetEvaluationState,sid/Ai.c,sid
004ab214,Ai_GetActivePlayerScore,sid/Ai.c,sid
004ab28b,Ai_EvaluateCreaturePower,sid/Ai.c,sid
004ab35e,Ai_GetOpponentPlayerScore,sid/Ai.c,sid
004ab3a9,Ai_CalcLifeAdvantage,sid/Ai.c,sid
004ab3f3,Ai_CalcCardAdvantage,sid/Ai.c,sid
004ab45f,Ai_ScoreBoardPosition,sid/Ai.c,sid
004ab510,Ai_Score_ClearCache,sid/Ai.c,sid
004ab525,Ai_Score_SetValidityFlag,sid/Ai.c,sid
004ab552,Ai_SimulateCombatRound,sid/Ai.c,sid
004abff4,Ai_ChooseAttackers,sid/Ai.c,sid
004ac940,Ai_ChooseBlockers,sid/Ai.c,sid
004acb7f,Ai_FilterValidBlockers,sid/Ai.c,sid
004acc20,Ai_AssignCombatDamage,sid/Ai.c,sid
004ace3a,Ai_DuelDialogProc,sid/Ai.c,sid
004ad6c5,Ai_LoadStartDuel2Backdrop,sid/Ai.c,sid
004ad77b,Ai_StartDuel_InitContext,sid/Ai.c,sid
004ad7c8,Ai_StartDuelWndProc,sid/Ai.c,sid
004ae632,Ai_LoadStartDuelBackdrop,sid/Ai.c,sid
004ae716,Ai_Duel_ResetBuffers,sid/Ai.c,sid
004ae779,Ai_Duel_SetupSurfaces,sid/Ai.c,sid
004ae8a3,Ai_Duel_RenderBackdrop,sid/Ai.c,sid
004ae995,Ai_DuelMainWndProc,sid/Ai.c,sid
004af4fd,Ai_LoadEndDuelBackdrop,sid/Ai.c,sid
004af5e3,Ai_EndDuel_ShowResult,sid/Ai.c,sid
004af640,Ai_EndDuel_ProcessRewards,sid/Ai.c,sid
004af765,Ai_EndDuel_Cleanup,sid/Ai.c,sid
004afa46,Ai_Score_InitRegister,sid/Ai.c,sid
004afa69,Ai_ScoreCardPlay_Creature,sid/Ai.c,sid
004afc26,Ai_ScoreCardPlay_Spell,sid/Ai.c,sid
004b0d24,Ai_ScoreCardPlay_Enchantment,sid/Ai.c,sid
004b0e11,Ai_ScoreCardPlay_Artifact,sid/Ai.c,sid
004b0e80,Ai_ScoreDialog_WndProc,sid/Ai.c,sid
004b128e,Ai_CalcMana_ResetPool,sid/Ai.c,sid
004b137d,Ai_CalcMana_AddSource,sid/Ai.c,sid
004b1406,Ai_CalcMana_ClearAvailable,sid/Ai.c,sid
004b1416,Ai_ManaSelection_DialogProc,sid/Ai.c,sid
004b15df,Ai_TargetSelection_DialogProc,sid/Ai.c,sid
004b1974,Ai_Target_HighlightCandidate,sid/Ai.c,sid
004b19d0,Ai_AttackSelection_DialogProc,sid/Ai.c,sid
004b1b38,Ai_Attack_ToggleAttacker,sid/Ai.c,sid
004b1b9b,Ai_BlockSelection_DialogProc,sid/Ai.c,sid
004b20e5,Ai_Block_AssignPair,sid/Ai.c,sid
004b2183,Ai_LoadQuestPromptBackdrop,sid/Ai.c,sid
004b2260,Ai_Quest_FormatPromptText,sid/Ai.c,sid
004b22bd,Ai_Quest_ProcessChoice,sid/Ai.c,sid
004b257c,Ai_Quest_DialogProc,sid/Ai.c,sid
004b32d1,Ai_CalcManaRequirement_Black,sid/Ai.c,sid
004b34fe,Ai_CalcManaRequirement_Blue,sid/Ai.c,sid
004b35b4,Ai_CalcManaRequirement_Green,sid/Ai.c,sid
004b3777,Ai_CalcManaRequirement_Red,sid/Ai.c,sid
004b3847,Ai_CalcManaRequirement_White,sid/Ai.c,sid
004b4197,Ai_LoadChangeTextBackdrop,sid/Ai.c,sid
004b4274,Ai_ChangeText_FormatOptions,sid/Ai.c,sid
004b42d1,Ai_ChangeText_ResetState,sid/Ai.c,sid
004b42dc,Ai_ChangeText_ApplyWord,sid/Ai.c,sid
004b4a3f,Ai_EvalAttackCandidate_CombatTrade,sid/Ai.c,sid
004b53a1,Ai_Eval_ClearCandidateBuffer,sid/Ai.c,sid
004b53c6,Ai_Eval_GetCandidateScore,sid/Ai.c,sid
004b53ed,Ai_Eval_SetCandidateScore,sid/Ai.c,sid
004b542d,Ai_Eval_GetBestCandidate,sid/Ai.c,sid
004b543d,Ai_Eval_ResetBestCandidate,sid/Ai.c,sid
004b544d,Ai_Eval_SortCandidates,sid/Ai.c,sid
004b5501,Ai_EvalAbility_Flying,sid/Ai.c,sid
004b553f,Ai_EvalAbility_Trample,sid/Ai.c,sid
004b574d,Ai_EvalAbility_FirstStrike,sid/Ai.c,sid
004b584e,Ai_EvalAbility_Regeneration,sid/Ai.c,sid
004b58d9,Ai_EvalAbility_Protection,sid/Ai.c,sid
004b5919,Ai_EvalAbility_Landwalk,sid/Ai.c,sid
004b5967,Ai_EvalAbility_Deathtouch,sid/Ai.c,sid
004b59d9,Ai_EvalAbility_DirectDamage,sid/Ai.c,sid
004b5a46,Ai_EvalAbility_Removal,sid/Ai.c,sid
004b5ab8,Ai_EvalAbility_Counterspell,sid/Ai.c,sid
004b5b6f,Ai_EvalAbility_CardDraw,sid/Ai.c,sid
004b5bdd,Ai_EvalAbility_Displacement,sid/Ai.c,sid
004b5c4b,Ai_EvalAbility_LifeGain,sid/Ai.c,sid
004b5cbb,Ai_EvalAbility_Disenchant,sid/Ai.c,sid
004b5d2e,Ai_EvalAbility_BoardWipe,sid/Ai.c,sid
004b5de4,Ai_EvalAbility_LandDestruction,sid/Ai.c,sid
004b5f74,Ai_EvalAbility_ManaRamp,sid/Ai.c,sid
004b6023,Ai_EvalAbility_Tapping,sid/Ai.c,sid
004b613b,Ai_EvalAbility_Discard,sid/Ai.c,sid
004b61ac,Ai_EvalAbility_PumpSpell,sid/Ai.c,sid
004b621a,Ai_EvalAbility_Haste,sid/Ai.c,sid
004b6288,Ai_EvalAbility_Vigilance,sid/Ai.c,sid
004b6356,Ai_EvalAbility_Defender,sid/Ai.c,sid
004b63c4,Ai_EvalAbility_PingDamage,sid/Ai.c,sid
004b6432,Ai_EvalAbility_Recursion,sid/Ai.c,sid
004b649f,Ai_EvalAbility_TokenGeneration,sid/Ai.c,sid
004b650c,Ai_EvalAbility_SacrificeOutlet,sid/Ai.c,sid
004b65ad,Ai_Eval_ClearAbilityTable,sid/Ai.c,sid
004b65bf,Ai_EvalAbility_DamagePrevention,sid/Ai.c,sid
004b6623,Ai_EvalAbility_PowerMod,sid/Ai.c,sid
004b6696,Ai_EvalAbility_ToughnessMod,sid/Ai.c,sid
004b673e,Ai_EvalAbility_ColorIdentity,sid/Ai.c,sid
004b67ab,Ai_Subsystem_004b67ab,sid/Ai.c,sid
004b682f,Ai_EvalAbility_StealCreature,sid/Ai.c,sid
004b68b3,Ai_Subsystem_004b68b3,sid/Ai.c,sid
004b69ba,Ai_Subsystem_004b69ba,sid/Ai.c,sid
004b6ba8,Ai_Subsystem_004b6ba8,sid/Ai.c,sid
004b6c5b,Ai_Subsystem_004b6c5b,sid/Ai.c,sid
004b6cc8,Ai_Subsystem_004b6cc8,sid/Ai.c,sid
004b6d35,Ai_Subsystem_004b6d35,sid/Ai.c,sid
004b6da5,Ai_Subsystem_004b6da5,sid/Ai.c,sid
004b6e3b,Ai_Subsystem_004b6e3b,sid/Ai.c,sid
004b6eab,Ai_Subsystem_004b6eab,sid/Ai.c,sid
004b6f19,Ai_Util_004b6f19,sid/Ai.c,sid
004b6f49,Ai_Subsystem_004b6f49,sid/Ai.c,sid
004b6fa6,Ai_Subsystem_004b6fa6,sid/Ai.c,sid
004b700c,Ai_Subsystem_004b700c,sid/Ai.c,sid
004b7072,Ai_Subsystem_004b7072,sid/Ai.c,sid
004b70fe,Ai_Subsystem_004b70fe,sid/Ai.c,sid
004b718a,Ai_Subsystem_004b718a,sid/Ai.c,sid
004b722d,Ai_Subsystem_004b722d,sid/Ai.c,sid
004b72d0,Ai_Subsystem_004b72d0,sid/Ai.c,sid
004b7373,Ai_Subsystem_004b7373,sid/Ai.c,sid
004b73ce,Ai_Duel_CalculateLayout,sid/Ai.c,sid
004b74b1,Ai_Subsystem_004b74b1,sid/Ai.c,sid
004b74fa,Ai_Subsystem_004b74fa,sid/Ai.c,sid
004b756f,Ai_Subsystem_004b756f,sid/Ai.c,sid
004b75a4,Ai_Subsystem_004b75a4,sid/Ai.c,sid
004b75d8,Ai_Subsystem_004b75d8,sid/Ai.c,sid
004b7629,Ai_Subsystem_004b7629,sid/Ai.c,sid
004b765d,Ai_Subsystem_004b765d,sid/Ai.c,sid
004b76a6,Ai_Subsystem_004b76a6,sid/Ai.c,sid
004b784d,Ai_Subsystem_004b784d,sid/Ai.c,sid
004b7897,Ai_CalcManaRequirement_Colorless,sid/Ai.c,sid
004b7d38,Ai_Subsystem_004b7d38,sid/Ai.c,sid
004b7de8,Ai_WndProc_004b7de8,sid/Ai.c,sid
004b82ea,Ai_Util_004b82ea,sid/Ai.c,sid
004b830e,Ai_Util_004b830e,sid/Ai.c,sid
004b832d,Ai_Subsystem_004b832d,sid/Ai.c,sid
004b8421,Ai_WndProc_004b8421,sid/Ai.c,sid
004b8cc3,Ai_Subsystem_004b8cc3,sid/Ai.c,sid
004b8da0,Ai_Subsystem_004b8da0,sid/Ai.c,sid
004b8dfd,Ai_Subsystem_004b8dfd,sid/Ai.c,sid
004b8e4d,Ai_FormatCardScoreString,sid/Ai.c,sid
004b90de,Ai_Subsystem_004b90de,sid/Ai.c,sid
004b9120,Ai_CalcManaRequirement_MultiColor,sid/Ai.c,sid
004b920e,Ai_Subsystem_004b920e,sid/Ai.c,sid
004b9284,Ai_CalcManaRequirement_General,sid/Ai.c,sid
004ba6b6,Ai_WndProc_004ba6b6,sid/Ai.c,sid
004ba890,Ai_CalcManaRequirement_PayCost,sid/Ai.c,sid
004bb9f3,Ai_Subsystem_004bb9f3,sid/Ai.c,sid
004bbb99,Ai_Subsystem_004bbb99,sid/Ai.c,sid
004bbd93,Ai_Subsystem_004bbd93,sid/Ai.c,sid
004bbf8e,Ai_Subsystem_004bbf8e,sid/Ai.c,sid
004bc029,Ai_Subsystem_004bc029,sid/Ai.c,sid
004bc423,Ai_CalcMana_004bc423,sid/Ai.c,sid
004bc72e,Ai_Subsystem_004bc72e,sid/Ai.c,sid
004bd035,Ai_Subsystem_004bd035,sid/Ai.c,sid
004bd23f,Ai_Subsystem_004bd23f,sid/Ai.c,sid
004bd3e9,Ai_Subsystem_004bd3e9,sid/Ai.c,sid
004bd459,Ai_Subsystem_004bd459,sid/Ai.c,sid
004bd4f0,Ai_Subsystem_004bd4f0,sid/Ai.c,sid
004bd563,Ai_Subsystem_004bd563,sid/Ai.c,sid
004bd5af,Ai_Util_CheckTimer,sid/Ai.c,sid
004bd5e3,Ai_Subsystem_004bd5e3,sid/Ai.c,sid
004bd682,Ai_Subsystem_004bd682,sid/Ai.c,sid
004bd6f9,Ai_Subsystem_004bd6f9,sid/Ai.c,sid
004be192,Ai_Subsystem_004be192,sid/Ai.c,sid
004be240,Ai_Util_004be240,sid/Ai.c,sid
004be25f,Ai_Subsystem_004be25f,sid/Ai.c,sid
004be357,Ai_Subsystem_004be357,sid/Ai.c,sid
004be3c4,Ai_Subsystem_004be3c4,sid/Ai.c,sid
004be43f,Ai_Subsystem_004be43f,sid/Ai.c,sid
004be49b,Ai_Subsystem_004be49b,sid/Ai.c,sid
004be525,Ai_Subsystem_004be525,sid/Ai.c,sid
004be5ae,Ai_Subsystem_004be5ae,sid/Ai.c,sid
004be643,Ai_Subsystem_004be643,sid/Ai.c,sid
004bf23a,Ai_Subsystem_004bf23a,sid/Ai.c,sid
004bf4b3,Ai_CalcMana_004bf4b3,sid/Ai.c,sid
004c003d,Ai_CalcMana_004c003d,sid/Ai.c,sid
004c05ba,Ai_Subsystem_004c05ba,sid/Ai.c,sid
004c06df,Ai_Subsystem_004c06df,sid/Ai.c,sid
004c0efe,Ai_Subsystem_004c0efe,sid/Ai.c,sid
004c207a,Ai_Simulate_EvaluateMoveTree,sid/Ai.c,sid
004c2270,Ai_Subsystem_004c2270,sid/Ai.c,sid
004c22a2,Ai_Subsystem_004c22a2,sid/Ai.c,sid
004c2340,Ai_Subsystem_004c2340,sid/Ai.c,sid
004c24b3,Ai_Subsystem_004c24b3,sid/Ai.c,sid
004c3aa1,Ai_Subsystem_004c3aa1,sid/Ai.c,sid
004c3ad4,Ai_Subsystem_004c3ad4,sid/Ai.c,sid
004c3b19,Ai_Subsystem_004c3b19,sid/Ai.c,sid
004c3ba3,Ai_Util_004c3ba3,sid/Ai.c,sid
004c3bc4,Ai_Util_004c3bc4,sid/Ai.c,sid
004c3be5,Ai_Subsystem_004c3be5,sid/Ai.c,sid
004c3c5c,Ai_Subsystem_004c3c5c,sid/Ai.c,sid
004c4210,Ai_Subsystem_004c4210,sid/Ai.c,sid
004c4c84,Ai_Subsystem_004c4c84,sid/Ai.c,sid
004c5fc9,Ai_Subsystem_004c5fc9,sid/Ai.c,sid
004c7aa8,Ai_Subsystem_004c7aa8,sid/Ai.c,sid
004c7be5,Ai_Subsystem_004c7be5,sid/Ai.c,sid
004c7d69,Ai_Subsystem_004c7d69,sid/Ai.c,sid
004c864d,Ai_EvalAttackCandidate_General,sid/Ai.c,sid
004c9f3a,Ai_Subsystem_004c9f3a,sid/Ai.c,sid
004c9f88,Ai_Overworld_EvaluateEncounterThreat,sid/Ai.c,sid
004ca07b,Ai_Subsystem_004ca07b,sid/Ai.c,sid
004ca0d9,Ai_Subsystem_004ca0d9,sid/Ai.c,sid
004ca714,Ai_Subsystem_004ca714,sid/Ai.c,sid
004cab92,Ai_Subsystem_004cab92,sid/Ai.c,sid
004cad65,Ai_Subsystem_004cad65,sid/Ai.c,sid
004cadc5,Ai_Subsystem_004cadc5,sid/Ai.c,sid
004cae25,Ai_Util_004cae25,sid/Ai.c,sid
004cae47,Ai_Subsystem_004cae47,sid/Ai.c,sid
004cb04d,Ai_Subsystem_004cb04d,sid/Ai.c,sid
004cb1d6,Ai_Subsystem_004cb1d6,sid/Ai.c,sid
004cb2d0,Ai_Util_004cb2d0,sid/Ai.c,sid
004cbad0,Ai_Subsystem_004cbad0,sid/Ai.c,sid
004cbb04,Ai_Util_004cbb04,sid/Ai.c,sid
004cbb33,Ai_Subsystem_004cbb33,sid/Ai.c,sid
004cbba7,Ai_Util_004cbba7,sid/Ai.c,sid
004cbbd7,Ai_Util_004cbbd7,sid/Ai.c,sid
004cbc07,Ai_Util_004cbc07,sid/Ai.c,sid
004cbc36,Ai_Util_004cbc36,sid/Ai.c,sid
004cbc65,Ai_Subsystem_004cbc65,sid/Ai.c,sid
004cbcd9,Ai_Overworld_ChooseRoamDirection,sid/Ai.c,sid
004cbd67,Ai_Subsystem_004cbd67,sid/Ai.c,sid
004cbda9,Ai_Util_004cbda9,sid/Ai.c,sid
004cbdda,Ai_Subsystem_004cbdda,sid/Ai.c,sid
004cbe10,Ai_Subsystem_004cbe10,sid/Ai.c,sid
004cbe57,Ai_Subsystem_004cbe57,sid/Ai.c,sid
004cbf72,Ai_Subsystem_004cbf72,sid/Ai.c,sid
004cbfd0,Ai_Subsystem_004cbfd0,sid/Ai.c,sid
004cc053,Ai_Subsystem_004cc053,sid/Ai.c,sid
004cc0c7,Ai_Util_004cc0c7,sid/Ai.c,sid
004cc0f7,Ai_Util_004cc0f7,sid/Ai.c,sid
004cc127,Ai_Subsystem_004cc127,sid/Ai.c,sid
004cc188,Ai_Util_004cc188,sid/Ai.c,sid
004cc1b8,Ai_Util_004cc1b8,sid/Ai.c,sid
004cc1e8,Ai_Subsystem_004cc1e8,sid/Ai.c,sid
004cc25b,Ai_Subsystem_004cc25b,sid/Ai.c,sid
004cc2cc,Ai_Subsystem_004cc2cc,sid/Ai.c,sid
004cc33d,Ai_Subsystem_004cc33d,sid/Ai.c,sid
004cc3c4,Ai_Subsystem_004cc3c4,sid/Ai.c,sid
004cc3f8,Ai_Subsystem_004cc3f8,sid/Ai.c,sid
004cc42d,Ai_Overworld_LogAction,sid/Ai.c,sid
004cc455,Ai_Subsystem_004cc455,sid/Ai.c,sid
004cc49a,Ai_Subsystem_004cc49a,sid/Ai.c,sid
004cc4e1,Ai_Util_004cc4e1,sid/Ai.c,sid
004cc50a,Ai_Subsystem_004cc50a,sid/Ai.c,sid
004cc56d,Ai_Deck_SelectStartingHand,sid/Ai.c,sid
004cc7c5,Ai_Subsystem_004cc7c5,sid/Ai.c,sid
004cc814,Ai_Subsystem_004cc814,sid/Ai.c,sid
004cc87f,Ai_Subsystem_004cc87f,sid/Ai.c,sid
004cc8de,Ai_Subsystem_004cc8de,sid/Ai.c,sid
004cc93d,Ai_Subsystem_004cc93d,sid/Ai.c,sid
004cc97e,Ai_Subsystem_004cc97e,sid/Ai.c,sid
004cc9c5,Ai_Turn_ExecuteMainPhase,sid/Ai.c,sid
004ccca3,Ai_Subsystem_004ccca3,sid/Ai.c,sid
004cced8,Ai_Subsystem_004cced8,sid/Ai.c,sid
004cd14f,Ai_Subsystem_004cd14f,sid/Ai.c,sid
004cd198,Ai_Subsystem_004cd198,sid/Ai.c,sid
004cd1d1,Ai_Subsystem_004cd1d1,sid/Ai.c,sid
004cd20e,Ai_Subsystem_004cd20e,sid/Ai.c,sid
004cd3eb,Ai_Subsystem_004cd3eb,sid/Ai.c,sid
004cd63b,Timer_InitVxD,sid/glue.c,sid
004cd6e3,Timer_GetTicks,sid/glue.c,sid
004cd715,Timer_MarkStart,sid/glue.c,sid
004cd72a,Timer_GetElapsedFraction,sid/glue.c,sid
004cd760,SpellChain_RegisterClass,sid/glue.c,sid
004cda01,SpellChain_CleanupUI,sid/glue.c,sid
004cdb4f,SpellChain_WndProc,sid/glue.c,sid
004cf8b6,SpellChain_GetCardCount,sid/glue.c,sid
004cf965,SpellChain_UpdateTargetPositions,sid/glue.c,sid
004cfab2,SpellChain_HasActiveSpells,sid/glue.c,sid
004cfb2f,SpellChain_CreateCardSlot,sid/glue.c,sid
004cfd68,SpellChain_RemoveCardSlot,sid/glue.c,sid
004cfe4d,SpellChain_CreateTargetSlot,sid/glue.c,sid
004cffda,SpellChain_UpdateLayout,sid/glue.c,sid
004d05e8,SpellChain_SetWindowRect,sid/glue.c,sid
004d0602,SpellChain_MinimizedWndProc,sid/glue.c,sid
004d0965,SpellChain_IsVisible,sid/glue.c,sid
004d09bd,SpellChain_IsMinimized,sid/glue.c,sid
004d0a30,SpellChain_GetActiveCount,sid/glue.c,sid
004d0a42,SpellChain_ProcessTriggerEvent,sid/glue.c,sid
004d0cdb,Card_ColorWard_ChangeColor,sid/glue.c,sid
004d109a,Card_ChaosLace_ModifyAttributes,sid/glue.c,sid
004d1cc4,Card_Sinbad_Draw,sid/glue.c,sid
004d1e10,Card_Kudzu_LandDestruction,sid/glue.c,sid
004d212c,Card_BronzeTablets_AnteSwap,sid/glue.c,sid
004d2610,Card_XenicPoltergeist_AnimateArtifact,sid/glue.c,sid
004d29da,Card_VesuvanDoppelganger_Copy,sid/glue.c,sid
004d2c17,Card_VesuvanDoppelganger_Upkeep,sid/glue.c,sid
004d2d28,Card_Doppelganger_ClearMimic,sid/glue.c,sid
004d2e2a,Card_Doppelganger_ApplyMimicStats,sid/glue.c,sid
004d2f6c,Card_Doppelganger_SyncAbilities,sid/glue.c,sid
004d30ae,Card_Doppelganger_CheckState,sid/glue.c,sid
004d3144,Card_IslandSanctuary_SkipDraw,sid/glue.c,sid
004d31a9,Card_IslandSanctuary_AttackRestriction,sid/glue.c,sid
004d3229,Card_IslandSanctuary_Trigger,sid/glue.c,sid
004d328c,Card_IslandSanctuary_CheckActive,sid/glue.c,sid
004d332a,Card_IslandSanctuary_Prompt,sid/glue.c,sid
004d353d,Card_LivingLands_AnimateForests,sid/glue.c,sid
004d374d,Card_KormusBell_AnimateSwamps,sid/glue.c,sid
004d395d,Card_TitaniasSong_AnimateArtifacts,sid/glue.c,sid
004d3d1d,Card_TitaniasSong_RemoveAbilities,sid/glue.c,sid
004d3d82,Card_TitaniasSong_RestoreAbilities,sid/glue.c,sid
004d3dff,Card_TitaniasSong_UpdateStatus,sid/glue.c,sid
004d3fa1,Card_TitaniasSong_ClearFlags,sid/glue.c,sid
004d4099,Card_TitaniasSong_CheckTrigger,sid/glue.c,sid
004d420e,Card_PersonalIncarnation_RedirectDamage,sid/glue.c,sid
004d4762,Card_AliFromCairo_PreventLethalDamage,sid/glue.c,sid
004d4d1f,Card_AliFromCairo_ResetState,sid/glue.c,sid
004d4f73,Card_ShivanDragon_PumpFirebreathing,sid/glue.c,sid
004d5626,Card_DragonWhelp_PumpFirebreathing,sid/glue.c,sid
004d5c1e,Card_DragonWhelp_EndTurnCheck,sid/glue.c,sid
004d6391,Card_FrozenShade_ClearBoost,sid/glue.c,sid
004d6400,Card_FrozenShade_PumpBlack,sid/glue.c,sid
004d6706,Card_WaterElemental_PumpBlue,sid/glue.c,sid
004d683f,Card_ClockworkBeast_ResetCounters,sid/glue.c,sid
004d6ad4,Card_ClockworkBeast_CombatTrigger,sid/glue.c,sid
004d6c43,Card_ClockworkBeast_Rewind,sid/glue.c,sid
004d6d82,Card_ClockworkBeast_GetPower,sid/glue.c,sid
004d6e79,Card_ClockworkBeast_GetToughness,sid/glue.c,sid
004d7065,Card_GaeasLiege_TransformLand,sid/glue.c,sid
004d7724,Card_GaeasLiege_ResetLand,sid/glue.c,sid
004d777b,Card_GaeasLiege_CheckAttackRestriction,sid/glue.c,sid
004d788d,Card_GaeasLiege_IsForest,sid/glue.c,sid
004d78d2,Card_GaeasLiege_CombatCheck,sid/glue.c,sid
004d79a6,Card_SedgeTroll_CheckSwamp,sid/glue.c,sid
004d7a1b,Card_SedgeTroll_Regenerate,sid/glue.c,sid
004d7b68,Card_LivingWall_PromptRegenerate,sid/glue.c,sid
004d7bb5,Card_LivingWall_Regenerate,sid/glue.c,sid
004d7c60,Card_GenericCreature_Regenerate,sid/glue.c,sid
004d7e90,Card_GenericCreature_CanRegenerate,sid/glue.c,sid
004d80d3,Card_GenericCreature_TriggerRegen,sid/glue.c,sid
004d817b,Card_DrudgeSkeletons_Regenerate,sid/glue.c,sid
004d87cb,Card_UthdenTroll_Regenerate,sid/glue.c,sid
004d8e4c,Card_WillOTheWisp_Regenerate,sid/glue.c,sid
004d94e1,Card_MarrowThieves_Regenerate,sid/glue.c,sid
004d9afd,Card_HypnoticSpecter_RandomDiscard,sid/glue.c,sid
004d9f7e,Card_TimeElemental_BouncePermanent,sid/glue.c,sid
004da482,Card_NorthernPaladin_DestroyBlack,sid/glue.c,sid
004da858,Card_RoyalAssassin_DestroyTapped,sid/glue.c,sid
004daa50,Card_DwarvenDemolitionTeam_DestroyWall,sid/glue.c,sid
004dac11,Card_KingSuleiman_DestroyDjinn,sid/glue.c,sid
004dae76,Card_Targeting_PromptCreature,sid/glue.c,sid
004db024,Card_NettlingImp_ForceAttack,sid/glue.c,sid
004db401,Card_NettlingImp_CheckEndTurn,sid/glue.c,sid
004db8c9,Card_NettlingImp_IsTargetEligible,sid/glue.c,sid
004dba1c,Card_SorceressQueen_SetStats02,sid/glue.c,sid
004dbfdb,Card_SorceressQueen_ResetStats,sid/glue.c,sid
004dc2ca,Card_StoneGiant_Fling,sid/glue.c,sid
004dc6c7,Card_DwarvenWarriors_MakeUnblockable,sid/glue.c,sid
004dc9ed,Card_CavePeople_Mountainwalk,sid/glue.c,sid
004dce51,Card_PradeshGypsies_PreventAttack,sid/glue.c,sid
004dd33b,Card_PradeshGypsies_ResetRestriction,sid/glue.c,sid
004dd632,Card_SamiteHealer_PreventDamage,sid/glue.c,sid
004dd98f,Card_SamiteHealer_CalculateHealAdvantage,sid/glue.c,sid
004ddcf4,Card_AlabasterPotion_HealOrPrevent,sid/glue.c,sid
004dde51,Card_HealingSalve_DamagePrevention,sid/glue.c,sid
004ddefa,Card_DamagePrevention_ApplyBubble,sid/glue.c,sid
004ddf4b,Card_DamagePrevention_ReduceDamage,sid/glue.c,sid
004ddf98,Card_DamagePrevention_ClearAtCleanup,sid/glue.c,sid
004de05f,Card_DamagePrevention_QueryAmount,sid/glue.c,sid
004de0b3,Card_DamagePrevention_PromptTarget,sid/glue.c,sid
004de100,Card_DamagePrevention_CheckSource,sid/glue.c,sid
004de1c0,Card_ErgRaiders_UpkeepDamage,sid/glue.c,sid
004de35e,Card_ErgRaiders_MarkAttack,sid/glue.c,sid
004de492,Card_ErgRaiders_ClearTurnAttack,sid/glue.c,sid
004de83d,Card_Leviathan_SacrificeLands,sid/glue.c,sid
004dec09,Card_Leviathan_PromptLandSacrifice,sid/glue.c,sid
004dee6b,Card_Leviathan_SelectLand,sid/glue.c,sid
004defc2,Card_Leviathan_AttackTrigger,sid/glue.c,sid
004df04a,Card_BrothersOfFire_Ping,sid/glue.c,sid
004df20c,Card_BrothersOfFire_EvaluateTarget,sid/glue.c,sid
004df314,Card_CrimsonManticore_DamageTarget,sid/glue.c,sid
004df678,Card_ProdigalSorcerer_PingTarget,sid/glue.c,sid
004df8ba,Card_DirectDamage_EvaluateBestTarget,sid/glue.c,sid
004dfb23,Card_DirectDamage_PromptAndDealDamage,sid/glue.c,sid
004dfd39,Card_PirateShip_PingTarget,sid/glue.c,sid
004dfe94,Card_PirateShip_CheckIslandwalk,sid/glue.c,sid
004dff88,Card_PirateShip_HasIsland,sid/glue.c,sid
004e0037,Card_PirateShip_AttackTrigger,sid/glue.c,sid
004e00e7,Card_IslandFishJasconius_PayToUntap,sid/glue.c,sid
004e03b5,Card_IslandFishJasconius_CheckIslands,sid/glue.c,sid
004e04be,Card_IslandFishJasconius_DestroyIfNoIslands,sid/glue.c,sid
004e0580,Card_RodOfRuin_Ping,sid/glue.c,sid
004e07b5,Card_RodOfRuin_EvaluateAi,sid/glue.c,sid
004e08ac,Card_RodOfRuin_PayActivation,sid/glue.c,sid
004e095b,Card_RodOfRuin_SelectTarget,sid/glue.c,sid
004e0ab7,Card_OrcishArtillery_ShootTarget,sid/glue.c,sid
004e0c1c,Card_PsionicEntity_ShootTarget,sid/glue.c,sid
004e0e60,Card_PsionicEntity_EvaluateTarget,sid/glue.c,sid
004e0fd0,Card_PsionicEntity_SelfDamage,sid/glue.c,sid
004e114e,Card_KhabalGhoul_AddCounterOnDeath,sid/glue.c,sid
004e12cf,Card_KhabalGhoul_CheckCreatureDeath,sid/glue.c,sid
004e191d,Card_KhabalGhoul_ApplyCounterBonus,sid/glue.c,sid
004e1a2b,Card_KhabalGhoul_ResetCounterBonus,sid/glue.c,sid
004e1b38,Card_LordOfAtlantis_PayOrSacrifice,sid/glue.c,sid
004e1c8c,Card_LordOfAtlantis_ApplyMerfolkBuff,sid/glue.c,sid
004e1d96,Card_LordOfAtlantis_RemoveMerfolkBuff,sid/glue.c,sid
004e1e6c,Card_LordOfAtlantis_IslandwalkTrigger,sid/glue.c,sid
004e1f0d,Card_LordOfAtlantis_CheckMerfolkType,sid/glue.c,sid
004e1fcb,Card_ForceOfNature_PayUpkeep,sid/glue.c,sid
004e2101,Card_ForceOfNature_AiPayOrTakeDamage,sid/glue.c,sid
004e22b2,Card_BirdsOfParadise_TapForMana,sid/glue.c,sid
004e268e,Card_CosmicHorror_PayUpkeep,sid/glue.c,sid
004e2841,Card_LordOfThePit_SacrificeOrDamage,sid/glue.c,sid
004e2b99,Card_LordOfThePit_FindSacrificeCandidate,sid/glue.c,sid
004e2c7f,Card_KormusBell_PayLandUpkeep,sid/glue.c,sid
004e2fe8,Card_KormusBell_CheckSwampCreature,sid/glue.c,sid
004e3128,Card_NetherShadow_CheckGraveyard,sid/glue.c,sid
004e3185,Card_NetherShadow_CountCreaturesAbove,sid/glue.c,sid
004e32f3,Card_NetherShadow_ReturnFromGrave,sid/glue.c,sid
004e34e4,Card_RockHydra_DecrementHead,sid/glue.c,sid
004e3563,Card_RockHydra_DamageTrigger,sid/glue.c,sid
004e35e4,Card_RockHydra_UpdateStatsFromHeads,sid/glue.c,sid
004e3730,Card_RockHydra_InitHeads,sid/glue.c,sid
004e378b,Card_RockHydra_RegrowHead,sid/glue.c,sid
004e3b55,Card_AliBaba_TapWall,sid/glue.c,sid
004e3e46,Card_LeyDruid_UntapLand,sid/glue.c,sid
004e4144,Card_LeyDruid_AiEvaluateLand,sid/glue.c,sid
004e42ac,Card_LeyDruid_ExecuteUntap,sid/glue.c,sid
004e4508,Card_HurkylsRecall_PickArtifact,sid/glue.c,sid
004e474e,Card_HurkylsRecall_ReturnAllArtifacts,sid/glue.c,sid
004e4807,Card_Venom_DestroyCombatBlocker,sid/glue.c,sid
004e4fae,Card_Venom_AttachToCreature,sid/glue.c,sid
004e538e,Card_Venom_CombatDamageTrigger,sid/glue.c,sid
004e55d5,Card_Venom_DestroyAtEndOfCombat,sid/glue.c,sid
004e580d,Card_Venom_AiEvaluateAura,sid/glue.c,sid
004e592c,Card_Venom_AiCastScore,sid/glue.c,sid
004e5a39,Card_Venom_ClearAuraFlags,sid/glue.c,sid
004e5e3b,Card_RadjanSpirit_RemoveFlying,sid/glue.c,sid
004e61a6,Card_HurrJackal_GrantCombatAbility,sid/glue.c,sid
004e654a,CardQuery_PlayerControlsColor,sid/glue.c,sid
004e65e1,CardQuery_ForEachPermanent,sid/glue.c,sid
004e66b3,Card_IncrementCounter,sid/glue.c,sid
004e676b,Card_DecrementCounter,sid/glue.c,sid
004e67e1,Card_AddCounters,sid/glue.c,sid
004e689b,Card_RemoveCounters,sid/glue.c,sid
004e6913,Card_SetCounters,sid/glue.c,sid
004e6978,Card_GetCounters,sid/glue.c,sid
004e69ac,CardTarget_PromptTargetCreature,sid/glue.c,sid
004e6add,CardTarget_SetTargetCreature,sid/glue.c,sid
004e6bff,CardTarget_HasValidCreatureTarget,sid/glue.c,sid
004e6dcc,CardTarget_PromptTargetPermanent,sid/glue.c,sid
004e6efd,CardTarget_SetTargetPermanent,sid/glue.c,sid
004e701f,CardTarget_HasValidPermanentTarget,sid/glue.c,sid
004e70ad,CardTarget_PromptTargetPlayerOrCreature,sid/glue.c,sid
004e71de,CardTarget_SetTargetPlayerOrCreature,sid/glue.c,sid
004e7300,CardTarget_HasValidPlayerOrCreatureTarget,sid/glue.c,sid
004e73a0,Adventure_EnterTownLocation,sid/glue.c,sid
004e7936,Adventure_PromptLocationMenu,sid/glue.c,sid
004e7a6f,Adventure_HandleLocationMenuChoice,sid/glue.c,sid
004e7da1,Adventure_ExitTownLocation,sid/glue.c,sid
004e7f51,Adventure_PlayLocationMusic,sid/glue.c,sid
004e93df,Adventure_UpdateWorldMapLoop,sid/glue.c,sid
004ea7a6,Adventure_GetLocationEncounterIndex,sid/glue.c,sid
004ea8df,Adventure_SetLocationEncounterIndex,sid/glue.c,sid
004ea97c,Adventure_CheckMonsterEncounter,sid/glue.c,sid
004eaa19,Adventure_FormatNewsString,sid/glue.c,sid
004eaa9c,Adventure_AppendNewsDetails,sid/glue.c,sid
004eabb2,Adventure_PlayMonsterEncounterSound,sid/glue.c,sid
004ead33,Adventure_TriggerDuelFromEncounter,sid/glue.c,sid
004ead96,Adventure_ReloadWorldPalette,sid/glue.c,sid
004eadb7,Adventure_LoadFacePalette,sid/glue.c,sid
004eade5,Adventure_NewsFlash_EnemyAttack,sid/glue.c,sid
004eb2f9,Adventure_NewsFlash_Retaliation,sid/glue.c,sid
004eb824,Adventure_NewsFlash_DominionSpell,sid/glue.c,sid
004ebcdc,Adventure_Audio_PlayEffect,sid/glue.c,sid
004ebd62,Adventure_Audio_PlayEffectAtVolume,sid/glue.c,sid
004ebdca,Adventure_Audio_PlayEffectLooped,sid/glue.c,sid
004ebe1a,Adventure_Audio_StopEffectChannel,sid/glue.c,sid
004ebe61,Adventure_Audio_SetPlaybackPosition,sid/glue.c,sid
004ebebf,Adventure_Audio_StopAllTracks,sid/glue.c,sid
004ebeeb,Adventure_Audio_PlayCastleVictory,sid/glue.c,sid
004ebfef,Adventure_Audio_PlayDuelIntro,sid/glue.c,sid
004ec055,Adventure_Audio_PlayTerrainAmbience,sid/glue.c,sid
004ec32f,Adventure_Audio_PlayFootstep,sid/glue.c,sid
004ec439,Adventure_Audio_FindSoundOnDrives,sid/glue.c,sid
004ec4fc,Adventure_Audio_GetMusicDrivePath,sid/glue.c,sid
004ec572,Adventure_Audio_FreeSoundTrack,sid/glue.c,sid
004ec5be,Adventure_Audio_InitSoundTrack,sid/glue.c,sid
004ec65a,Adventure_Audio_GetTrackStatus,sid/glue.c,sid
004ec6ea,Adventure_Map_GetTerrainAtCoord,sid/glue.c,sid
004ec7f9,Adventure_Map_RedrawViewport,sid/glue.c,sid
004ec98e,Adventure_Map_UpdateLightingAndPalette,sid/glue.c,sid
004eccd7,Adventure_ShowDefeatScreen,sid/glue.c,sid
004ecee0,Adventure_PromptConfirmDialog,sid/glue.c,sid
004ecf94,Adventure_DestroyConfirmMenu,sid/glue.c,sid
004ecfe5,Duel_MainArena_WndProc,sid/glue.c,sid
004eed47,Duel_UpdateWindowScroll,sid/glue.c,sid
004eee4e,Duel_BringCardWindowToTop,sid/glue.c,sid
004ef05f,Duel_GetBattlefieldClientRect,sid/glue.c,sid
004ef15b,Duel_LayoutCardSlots,sid/glue.c,sid
004ef64b,Duel_ScrollLeftButton_Handler,sid/glue.c,sid
004ef740,Duel_ScrollRightButton_Handler,sid/glue.c,sid
004ef849,Duel_HitTestCardSlot,sid/glue.c,sid
004ef970,Duel_GetHoveredCardSlot,sid/glue.c,sid
004efa20,Duel_GetCardSlotWindowHandle,sid/glue.c,sid
004efaba,Duel_GetTargetSlotWindowHandle,sid/glue.c,sid
004efb3b,Duel_PaintBattlefieldBackground,sid/glue.c,sid
004efd50,Duel_LogActionStatusBanner,sid/glue.c,sid
004f04e0,Duel_RegisterChildCardWindowClass,sid/glue.c,sid
004f0597,Duel_UnregisterCardWindowClass,sid/glue.c,sid
004f05c5,Duel_ChildCard_WndProc,sid/glue.c,sid
004f09c0,Duel_GetCardDrawOriginX,sid/glue.c,sid
004f0a4a,Duel_GetCardDrawOriginY,sid/glue.c,sid
004f0af6,Duel_TriggerCardDrawAnimation,sid/glue.c,sid
004f0b50,Duel_UpdateCardMotionStep,sid/glue.c,sid
004f0d90,Duel_ResetCardAnimationState,sid/glue.c,sid
004f0de8,Bazaar_GetCardBaseValue,sid/glue.c,sid
004f0e47,Bazaar_SellCardsDialog,sid/glue.c,sid
004f15c0,Catalog_LoadWaveletCardArt,sid/glue.c,sid
004f1910,Catalog_ReleaseWaveletLock,sid/glue.c,sid
004f1920,Haar_DecompressWaveletImage,NedCard/haar.c,NedCard
004f1cfa,FUN_004f1cfa,NedCard/haar.c,NedCard
004f1e20,Mem_AllocOrFree_004f1e20,NedCard/haar.c,NedCard
004f1e50,Haar_Transform2D_Inverse,NedCard/haar.c,NedCard
004f1ec0,Mem_AllocOrFree_004f1ec0,NedCard/haar.c,NedCard
004f1ecb,FUN_004f1ecb,NedCard/haar.c,NedCard
004f207a,FUN_004f207a,NedCard/haar.c,NedCard
004f2110,Mem_AllocOrFree_004f2110,NedCard/haar.c,NedCard
004f211a,FUN_004f211a,NedCard/haar.c,NedCard
004f21d0,Mem_AllocOrFree_004f21d0,NedCard/haar.c,NedCard
004f21db,FUN_004f21db,NedCard/haar.c,NedCard
004f2400,Haar_DecompressHeader,NedCard/haar.c,NedCard
004f27c0,FUN_004f27c0,NedCard/haar.c,NedCard
004f2c50,FUN_004f2c50,NedCard/haar.c,NedCard
004f2d30,FUN_004f2d30,NedCard/haar.c,NedCard
004f2e60,UI_DialogProc_004f2e60,NedCard/haar.c,NedCard
004f2f56,UI_CreateWindow_004f2f56,NedCard/haar.c,NedCard
004f3579,FUN_004f3579,NedCard/haar.c,NedCard
004f3880,FUN_004f3880,NedCard/haar.c,NedCard
004f38dd,FUN_004f38dd,NedCard/haar.c,NedCard
004f391e,FUN_004f391e,NedCard/haar.c,NedCard
004f3955,FUN_004f3955,NedCard/haar.c,NedCard
004f39a4,FUN_004f39a4,NedCard/haar.c,NedCard
004f3b2c,FUN_004f3b2c,NedCard/haar.c,NedCard
004f3b5f,FUN_004f3b5f,NedCard/haar.c,NedCard
004f3bc7,FUN_004f3bc7,NedCard/haar.c,NedCard
004f3d11,FUN_004f3d11,NedCard/haar.c,NedCard
004f3e29,FUN_004f3e29,NedCard/haar.c,NedCard
004f3eaa,FUN_004f3eaa,NedCard/haar.c,NedCard
004f4025,FUN_004f4025,NedCard/haar.c,NedCard
004f40e6,FUN_004f40e6,NedCard/haar.c,NedCard
004f41e7,FUN_004f41e7,NedCard/haar.c,NedCard
004f4548,FUN_004f4548,NedCard/haar.c,NedCard
004f45da,FUN_004f45da,NedCard/haar.c,NedCard
004f48cb,FUN_004f48cb,NedCard/haar.c,NedCard
004f48f1,FUN_004f48f1,NedCard/haar.c,NedCard
004f4a92,FUN_004f4a92,NedCard/haar.c,NedCard
004f4ce1,FUN_004f4ce1,NedCard/haar.c,NedCard
004f4eb3,FUN_004f4eb3,NedCard/haar.c,NedCard
004f4fb8,UI_WndProc_004f4fb8,NedCard/haar.c,NedCard
004f5048,FUN_004f5048,NedCard/haar.c,NedCard
004f5107,FUN_004f5107,NedCard/haar.c,NedCard
004f54d5,FUN_004f54d5,NedCard/haar.c,NedCard
004f570c,FUN_004f570c,NedCard/haar.c,NedCard
004f5728,FUN_004f5728,NedCard/haar.c,NedCard
004f5769,FUN_004f5769,NedCard/haar.c,NedCard
004f589e,FUN_004f589e,NedCard/haar.c,NedCard
004f58eb,FUN_004f58eb,NedCard/haar.c,NedCard
004f59f7,FUN_004f59f7,NedCard/haar.c,NedCard
004f5b76,FUN_004f5b76,NedCard/haar.c,NedCard
004f5bf9,FUN_004f5bf9,NedCard/haar.c,NedCard
004f5cbc,FUN_004f5cbc,NedCard/haar.c,NedCard
004f5d1a,FUN_004f5d1a,NedCard/haar.c,NedCard
004f5ec4,FUN_004f5ec4,NedCard/haar.c,NedCard
004f5f20,FUN_004f5f20,NedCard/haar.c,NedCard
004f6060,FUN_004f6060,NedCard/haar.c,NedCard
004f6180,FUN_004f6180,NedCard/haar.c,NedCard
004f6b02,Mem_AllocOrFree_004f6b02,NedCard/haar.c,NedCard
004f6b33,FUN_004f6b33,NedCard/haar.c,NedCard
004f6d88,Mem_AllocOrFree_004f6d88,NedCard/haar.c,NedCard
004f6db9,FUN_004f6db9,NedCard/haar.c,NedCard
004f6e90,FUN_004f6e90,NedCard/haar.c,NedCard
004f714d,FUN_004f714d,NedCard/haar.c,NedCard
004f72b0,Prompts_Load_004f72b0,NedCard/haar.c,NedCard
004f7658,Prompts_Load_004f7658,NedCard/haar.c,NedCard
004f7869,FUN_004f7869,NedCard/haar.c,NedCard
004f7a7a,FUN_004f7a7a,NedCard/haar.c,NedCard
004f7bf6,FUN_004f7bf6,NedCard/haar.c,NedCard
004f7d11,FUN_004f7d11,NedCard/haar.c,NedCard
004f7eee,FUN_004f7eee,NedCard/haar.c,NedCard
004f8031,FUN_004f8031,NedCard/haar.c,NedCard
004f823a,FUN_004f823a,NedCard/haar.c,NedCard
004f8295,FUN_004f8295,NedCard/haar.c,NedCard
004f8321,Prompts_Load_004f8321,NedCard/haar.c,NedCard
004f8672,Prompts_Load_004f8672,NedCard/haar.c,NedCard
004f88ae,FUN_004f88ae,NedCard/haar.c,NedCard
004f899b,Prompts_Load_004f899b,NedCard/haar.c,NedCard
004f90d7,FUN_004f90d7,NedCard/haar.c,NedCard
004f92f3,FUN_004f92f3,NedCard/haar.c,NedCard
004f9510,FUN_004f9510,NedCard/haar.c,NedCard
004f95fd,FUN_004f95fd,NedCard/haar.c,NedCard
004f9737,Prompts_Load_004f9737,NedCard/haar.c,NedCard
004f9bbd,Prompts_Load_004f9bbd,NedCard/haar.c,NedCard
004f9e64,Prompts_Load_004f9e64,NedCard/haar.c,NedCard
004fa423,FUN_004fa423,NedCard/haar.c,NedCard
004fa4b8,FUN_004fa4b8,NedCard/haar.c,NedCard
004fa586,Prompts_Load_004fa586,NedCard/haar.c,NedCard
004fb1e4,Prompts_Load_004fb1e4,NedCard/haar.c,NedCard
004fb573,FUN_004fb573,NedCard/haar.c,NedCard
004fb6b5,Prompts_Load_004fb6b5,NedCard/haar.c,NedCard
004fbbd4,Prompts_Load_004fbbd4,NedCard/haar.c,NedCard
004fc023,FUN_004fc023,NedCard/haar.c,NedCard
004fc2e5,Prompts_Load_004fc2e5,NedCard/haar.c,NedCard
004fc65e,FUN_004fc65e,NedCard/haar.c,NedCard
004fc89e,Prompts_Load_004fc89e,NedCard/haar.c,NedCard
004fcb7a,Prompts_Load_004fcb7a,NedCard/haar.c,NedCard
004fceea,Prompts_Load_004fceea,NedCard/haar.c,NedCard
004fd11b,FUN_004fd11b,NedCard/haar.c,NedCard
004fd3cf,Prompts_Load_004fd3cf,NedCard/haar.c,NedCard
004fd5e4,FUN_004fd5e4,NedCard/haar.c,NedCard
004fd844,FUN_004fd844,NedCard/haar.c,NedCard
004fd9c0,FUN_004fd9c0,NedCard/haar.c,NedCard
004fdad2,FUN_004fdad2,NedCard/haar.c,NedCard
004fdc20,FUN_004fdc20,NedCard/haar.c,NedCard
004fdd4b,FUN_004fdd4b,NedCard/haar.c,NedCard
004fde38,FUN_004fde38,NedCard/haar.c,NedCard
004fdf72,FUN_004fdf72,NedCard/haar.c,NedCard
004fe05f,Prompts_Load_004fe05f,NedCard/haar.c,NedCard
004fe67f,Prompts_Load_004fe67f,NedCard/haar.c,NedCard
004fe901,FUN_004fe901,NedCard/haar.c,NedCard
004fe9b6,Prompts_Load_004fe9b6,NedCard/haar.c,NedCard
004fef61,Prompts_Load_004fef61,NedCard/haar.c,NedCard
004ff17f,Prompts_Load_004ff17f,NedCard/haar.c,NedCard
004ff36b,FUN_004ff36b,NedCard/haar.c,NedCard
004ff450,FUN_004ff450,NedCard/haar.c,NedCard
004ff5c6,UI_DialogProc_004ff5c6,NedCard/haar.c,NedCard
004ffd9c,Pic_Load_s_WINBK_Options_004ffd9c,NedCard/haar.c,NedCard
004ffe82,FUN_004ffe82,NedCard/haar.c,NedCard
004ffedf,Rules_ParseFilter_004ffedf,NedCard/haar.c,NedCard
0050065d,Rules_ParseFilter_0050065d,NedCard/haar.c,NedCard
00500a5b,FUN_00500a5b,NedCard/haar.c,NedCard
00500cd5,FUN_00500cd5,NedCard/haar.c,NedCard
00500e80,WinMain,sid/Test.c,sid
005013be,UI_WndProc_ShowPaletteClass_005013be,sid/Test.c,sid
00501671,FUN_00501671,sid/Test.c,sid
005016f9,Mem_AllocOrFree_005016f9,sid/Test.c,sid
00501721,Mem_AllocOrFree_00501721,sid/Test.c,sid
00501736,FUN_00501736,sid/Test.c,sid
0050176a,FUN_0050176a,sid/Test.c,sid
0050178d,FUN_0050178d,sid/Test.c,sid
005017a6,Sound_LoadWav_sound_locmus1_005017a6,sid/Test.c,sid
005017f0,FUN_005017f0,sid/Test.c,sid
00501870,AssertOrLog,sid/Test.c,sid
005019a0,Assert_Handler_005019a0,sid/Test.c,sid
00501ad0,UI_CreateWindow_00501ad0,sid/Test.c,sid
00501b54,UI_WndProc_00501b54,sid/Test.c,sid
00501f50,FUN_00501f50,sid/Test.c,sid
00505c74,FUN_00505c74,unattributed/magic_core.c,unattributed
00505d20,FUN_00505d20,unattributed/magic_core.c,unattributed
00505e3f,FUN_00505e3f,unattributed/magic_core.c,unattributed
00505ea7,FUN_00505ea7,unattributed/magic_core.c,unattributed
00506029,FUN_00506029,unattributed/magic_core.c,unattributed
00506102,FUN_00506102,unattributed/magic_core.c,unattributed
005062b1,FUN_005062b1,unattributed/magic_core.c,unattributed
0050638d,FUN_0050638d,unattributed/magic_core.c,unattributed
005063f6,FUN_005063f6,unattributed/magic_core.c,unattributed
005064e9,FUN_005064e9,unattributed/magic_core.c,unattributed
00506580,Town_Process_00506580,unattributed/magic_core.c,unattributed
00507b1a,Sound_LoadWav_x_sound_button2_00507b1a,unattributed/magic_core.c,unattributed
00507b44,FUN_00507b44,unattributed/magic_core.c,unattributed
00507c86,Town_Process_00507c86,unattributed/magic_core.c,unattributed
00508c3e,Town_Process_00508c3e,unattributed/magic_core.c,unattributed
00508cd7,Town_Process_00508cd7,unattributed/magic_core.c,unattributed
0050935e,FUN_0050935e,unattributed/magic_core.c,unattributed
00509517,Merchant_ProcessBuy_00509517,unattributed/magic_core.c,unattributed
00509fd4,Town_Process_00509fd4,unattributed/magic_core.c,unattributed
0050a065,Town_Process_0050a065,unattributed/magic_core.c,unattributed
0050a0fd,Town_Process_0050a0fd,unattributed/magic_core.c,unattributed
0050a17b,Town_Process_0050a17b,unattributed/magic_core.c,unattributed
0050a1f9,Town_Process_0050a1f9,unattributed/magic_core.c,unattributed
0050a262,Town_Process_0050a262,unattributed/magic_core.c,unattributed
0050a2e0,FUN_0050a2e0,unattributed/magic_core.c,unattributed
0050a73e,FUN_0050a73e,unattributed/magic_core.c,unattributed
0050a8ae,SellPrice,unattributed/magic_core.c,unattributed
0050a9bf,FUN_0050a9bf,unattributed/magic_core.c,unattributed
0050aef6,FUN_0050aef6,unattributed/magic_core.c,unattributed
0050afbd,FUN_0050afbd,unattributed/magic_core.c,unattributed
0050b00c,FUN_0050b00c,unattributed/magic_core.c,unattributed
0050b0fc,FUN_0050b0fc,unattributed/magic_core.c,unattributed
0050b1a0,FUN_0050b1a0,unattributed/magic_core.c,unattributed
0050b206,FUN_0050b206,unattributed/magic_core.c,unattributed
0050b3de,FUN_0050b3de,unattributed/magic_core.c,unattributed
0050b5be,FUN_0050b5be,unattributed/magic_core.c,unattributed
0050b65f,FUN_0050b65f,unattributed/magic_core.c,unattributed
0050b9d5,FUN_0050b9d5,unattributed/magic_core.c,unattributed
0050bba0,UI_CreateWindow_0050bba0,unattributed/magic_core.c,unattributed
0050bcd6,FUN_0050bcd6,unattributed/magic_core.c,unattributed
0050bd27,UI_CreateWindow_0050bd27,unattributed/magic_core.c,unattributed
0050c82b,Mem_AllocOrFree_0050c82b,unattributed/magic_core.c,unattributed
0050c854,UI_WndProc_0050c854,unattributed/magic_core.c,unattributed
0050ce18,GetSaveFileNameA,unattributed/magic_core.c,unattributed
0050ce66,MCIWndCreateA,unattributed/magic_core.c,unattributed
0050ce6c,DeckBuilderMain,unattributed/magic_core.c,unattributed
0050ce80,Mem_AllocOrFree_0050ce80,unattributed/magic_core.c,unattributed
0050ce90,Mem_AllocOrFree_0050ce90,unattributed/magic_core.c,unattributed
0050ceb0,thunk_FUN_0050cef0,unattributed/magic_core.c,unattributed
0050cec0,Mem_AllocOrFree_0050cec0,unattributed/magic_core.c,unattributed
0050cef0,FUN_0050cef0,unattributed/magic_core.c,unattributed
0050d0b0,FUN_0050d0b0,sidlib/lib.c,sidlib
0050d2a0,FUN_0050d2a0,sidlib/lib.c,sidlib
0050d370,FUN_0050d370,sidlib/lib.c,sidlib
0050d4a0,FUN_0050d4a0,sidlib/lib.c,sidlib
0050d4e0,FUN_0050d4e0,sidlib/lib.c,sidlib
0050d520,FUN_0050d520,sidlib/lib.c,sidlib
0050d560,FUN_0050d560,sidlib/lib.c,sidlib
0050d6f0,Surface_GetPixel,sidlib/lib.c,sidlib
0050da40,Surface_GetPixelPtr,sidlib/lib.c,sidlib
0050db10,Surface_DrawLine,sidlib/lib.c,sidlib
0050dbb0,Surface_PutPixel,sidlib/lib.c,sidlib
0050dc30,Surface_FillRect,sidlib/lib.c,sidlib
0050dce0,FUN_0050dce0,sidlib/lib.c,sidlib
0050e040,FUN_0050e040,sidlib/lib.c,sidlib
0050e290,Surface_StretchBlt,sidlib/lib.c,sidlib
0050e2f0,FUN_0050e2f0,sidlib/lib.c,sidlib
0050e6f0,FUN_0050e6f0,sidlib/lib.c,sidlib
0050e760,Surface_PutLine,sidlib/lib.c,sidlib
0050e850,Surface_GetLine,sidlib/lib.c,sidlib
0050e8b0,FUN_0050e8b0,sidlib/lib.c,sidlib
0050eb90,FUN_0050eb90,sidlib/lib.c,sidlib
0050ec20,FUN_0050ec20,sidlib/lib.c,sidlib
0050ec90,FUN_0050ec90,sidlib/lib.c,sidlib
0050ed10,Mem_AllocOrFree_0050ed10,sidlib/lib.c,sidlib
0050edf0,FUN_0050edf0,sidlib/text.c,sidlib
0050eef0,FUN_0050eef0,sidlib/text.c,sidlib
0050f0f0,FUN_0050f0f0,sidlib/text.c,sidlib
0050f1e0,FUN_0050f1e0,sidlib/text.c,sidlib
0050f2e0,FUN_0050f2e0,sidlib/text.c,sidlib
0050f350,FUN_0050f350,sidlib/text.c,sidlib
0050f390,FUN_0050f390,sidlib/text.c,sidlib
0050f440,FUN_0050f440,sidlib/text.c,sidlib
0050f610,FUN_0050f610,sidlib/text.c,sidlib
0050f740,Mem_AllocOrFree_0050f740,sidlib/text.c,sidlib
0050f760,FUN_0050f760,sidlib/text.c,sidlib
0050f820,FUN_0050f820,sidlib/text.c,sidlib
0050fc00,Mem_AllocOrFree_0050fc00,sidlib/text.c,sidlib
0050fc20,FUN_0050fc20,sidlib/text.c,sidlib
0050fc50,Mem_AllocOrFree_0050fc50,sidlib/text.c,sidlib
0050fc70,FUN_0050fc70,sidlib/text.c,sidlib
0050fcc0,Sprite_LoadAll,sidlib/sprite.c,sidlib
0050fd50,Sprite_LoadCount,sidlib/sprite.c,sidlib
0050fdf0,Sprite_ScanRunLength,sidlib/sprite.c,sidlib
0050fe90,Sprite_EncodeFromSurface,sidlib/sprite.c,sidlib
005101e0,Sprite_DrawDirect,sidlib/sprite.c,sidlib
00510360,Sprite_DrawClipped,sidlib/sprite.c,sidlib
00510650,Sprite_DrawScaled,sidlib/sprite.c,sidlib
00510b70,FUN_00510b70,sidlib/Fileio.c,sidlib
00510de0,Mem_AllocOrFree_00510de0,sidlib/Fileio.c,sidlib
00510e20,Mem_AllocOrFree_00510e20,sidlib/Fileio.c,sidlib
00510e40,LoadPalNoPic,sidlib/Fileio.c,sidlib
00510e60,Mem_AllocOrFree_00510e60,sidlib/Fileio.c,sidlib
00510fc0,FUN_00510fc0,sidlib/Fileio.c,sidlib
00511120,FUN_00511120,sidlib/Fileio.c,sidlib
005112b0,FUN_005112b0,sidlib/Fileio.c,sidlib
005115a0,FUN_005115a0,sidlib/Fileio.c,sidlib
00511930,FUN_00511930,sidlib/Fileio.c,sidlib
005119e0,FUN_005119e0,sidlib/Fileio.c,sidlib
00511b90,FUN_00511b90,sidlib/Fileio.c,sidlib
00511d60,FUN_00511d60,sidlib/Fileio.c,sidlib
00511e20,FUN_00511e20,sidlib/Fileio.c,sidlib
005121d0,Mem_AllocOrFree_005121d0,sidlib/Fileio.c,sidlib
005121e0,Mem_AllocOrFree_005121e0,sidlib/Fileio.c,sidlib
005121f0,FUN_005121f0,sidlib/Fileio.c,sidlib
00512200,FUN_00512200,sidlib/Fileio.c,sidlib
00512210,Mem_AllocOrFree_00512210,sidlib/Fileio.c,sidlib
00512220,Mem_AllocOrFree_00512220,sidlib/Fileio.c,sidlib
00512230,FUN_00512230,sidlib/Pcxw.c,sidlib
00512500,FUN_00512500,sidlib/Pcxw.c,sidlib
005126b0,FUN_005126b0,sidlib/Pcxw.c,sidlib
00512740,FUN_00512740,sidlib/Pcxw.c,sidlib
005129a0,FUN_005129a0,sidlib/Pcxw.c,sidlib
00512b50,FUN_00512b50,sidlib/Pcxw.c,sidlib
00512ba0,FUN_00512ba0,sidlib/Pcxw.c,sidlib
00512c00,FUN_00512c00,sidlib/Pcxw.c,sidlib
00512c90,Mem_AllocOrFree_00512c90,sidlib/Pcxw.c,sidlib
00512c9d,FUN_00512c9d,sidlib/Pcxw.c,sidlib
00513200,FUN_00513200,sidlib/Pcxw.c,sidlib
005134a0,FUN_005134a0,sidlib/Pcxw.c,sidlib
00513510,FUN_00513510,sidlib/Pcxw.c,sidlib
005135e0,FUN_005135e0,sidlib/Pcxw.c,sidlib
00513820,UI_Register_ShowPaletteClass_00513820,sidlib/Pcxw.c,sidlib
005138b0,UI_Register_ShowPaletteClass_005138b0,sidlib/Pcxw.c,sidlib
00513a70,FUN_00513a70,sidlib/Pcxw.c,sidlib
00513afc,strlen,sidlib/Pcxw.c,sidlib
00513b02,sprintf,sidlib/Pcxw.c,sidlib
00513b08,abs,sidlib/Pcxw.c,sidlib
00513b0e,strcat,sidlib/Pcxw.c,sidlib
00513b14,strcpy,sidlib/Pcxw.c,sidlib
00513b2c,strcmp,sidlib/Pcxw.c,sidlib
00513b80,memcpy,sidlib/Pcxw.c,sidlib
00513b98,_vsnprintf,sidlib/Pcxw.c,sidlib
00513b9e,memset,sidlib/Pcxw.c,sidlib
00513bbc,clock,sidlib/Pcxw.c,sidlib
00513bd0,Mem_AllocOrFree_00513bd0,sidlib/Pcxw.c,sidlib
00513c00,memcmp,sidlib/Pcxw.c,sidlib
00513c50,__allshl,sidlib/Pcxw.c,sidlib
00513c80,__onexit,sidlib/Pcxw.c,sidlib
00513d50,_atexit,sidlib/Pcxw.c,sidlib
00513da0,entry,sidlib/Pcxw.c,sidlib
00513fde,_write,sidlib/Pcxw.c,sidlib
00514008,__dllonexit,sidlib/Pcxw.c,sidlib
00514022,initterm,sidlib/Pcxw.c,sidlib
00514030,__setdefaultprecision,sidlib/Pcxw.c,sidlib
00514060,Mem_AllocOrFree_00514060,sidlib/Pcxw.c,sidlib
00514080,__setargv,sidlib/Pcxw.c,sidlib
005140a4,_controlfp,sidlib/Pcxw.c,sidlib
00514128,_chdir,sidlib/Pcxw.c,sidlib
0070d000,FUN_0070d000,unattributed/magic_core.c,unattributed
0070d245,FUN_0070d245,unattributed/magic_core.c,unattributed
0070d2b5,FUN_0070d2b5,unattributed/magic_core.c,unattributed
0070d300,FUN_0070d300,unattributed/magic_core.c,unattributed
0070d392,FUN_0070d392,unattributed/magic_core.c,unattributed
0070d484,Mem_AllocOrFree_0070d484,unattributed/magic_core.c,unattributed
